[
    {
        "color": 4294967295,
        "name": "Generic Point 0",
        "x": -6359.131,
        "y": 250.985,
        "z": -2799.59
    },
    {
        "color": 4294967295,
        "name": "Generic Point 1",
        "x": -6474.309,
        "y": 247.123,
        "z": -2599.585
    },
    {
        "color": 4294967295,
        "name": "Generic Point 10",
        "x": -6141.578,
        "y": 204.823,
        "z": -2712.902
    },
    {
        "color": 4294967295,
        "name": "Generic Point 11",
        "x": -6371.297,
        "y": 253.073,
        "z": -2788.954
    },
    {
        "color": 4294967295,
        "name": "Generic Point 12",
        "x": -6106.026,
        "y": 205.921,
        "z": -2697.721
    },
    {
        "color": 4294967295,
        "name": "Generic Point 13",
        "x": -6066.042,
        "y": 204.551,
        "z": -2632.982
    },
    {
        "color": 4294967295,
        "name": "Generic Point 14",
        "x": -5989.976,
        "y": 203.848,
        "z": -2638.466
    },
    {
        "color": 4294967295,
        "name": "Generic Point 15",
        "x": -5958.789,
        "y": 184.004,
        "z": -2542.988
    },
    {
        "color": 4294967295,
        "name": "Generic Point 16",
        "x": -5969.243,
        "y": 181.596,
        "z": -2571.391
    },
    {
        "color": 4294967295,
        "name": "Generic Point 17",
        "x": -5966.133,
        "y": 181.757,
        "z": -2584.659
    },
    {
        "color": 4294967295,
        "name": "Generic Point 18",
        "x": -5928.242,
        "y": 172.635,
        "z": -2618.378
    },
    {
        "color": 4294967295,
        "name": "Generic Point 19",
        "x": -5970.223,
        "y": 173.107,
        "z": -2678.647
    },
    {
        "color": 4294967295,
        "name": "Generic Point 2",
        "x": -6436.401,
        "y": 247.768,
        "z": -2574.187
    },
    {
        "color": 4294967295,
        "name": "Generic Point 20",
        "x": -5959.565,
        "y": 175.584,
        "z": -2697.845
    },
    {
        "color": 4294967295,
        "name": "Generic Point 21",
        "x": -6011.327,
        "y": 168.15,
        "z": -2771.177
    },
    {
        "color": 4294967295,
        "name": "Generic Point 22",
        "x": -6331.223,
        "y": 254.795,
        "z": -2768.956
    },
    {
        "color": 4294967295,
        "name": "Generic Point 23",
        "x": -6063.989,
        "y": 211.483,
        "z": -2873.651
    },
    {
        "color": 4294967295,
        "name": "Generic Point 24",
        "x": -6125.672,
        "y": 208.084,
        "z": -2882.283
    },
    {
        "color": 4294967295,
        "name": "Generic Point 25",
        "x": -6268.151,
        "y": 224.657,
        "z": -2912.705
    },
    {
        "color": 4294967295,
        "name": "Generic Point 26",
        "x": -6264.246,
        "y": 231.923,
        "z": -2932.422
    },
    {
        "color": 4294967295,
        "name": "Generic Point 27",
        "x": -6289.789,
        "y": 226.057,
        "z": -2904.362
    },
    {
        "color": 4294967295,
        "name": "Generic Point 28",
        "x": -6289.102,
        "y": 219.313,
        "z": -2979.52
    },
    {
        "color": 4294967295,
        "name": "Generic Point 29",
        "x": -6364.637,
        "y": 208.977,
        "z": -2731.428
    },
    {
        "color": 4294967295,
        "name": "Generic Point 3",
        "x": -6418.327,
        "y": 260.081,
        "z": -2565.313
    },
    {
        "color": 4294967295,
        "name": "Generic Point 30",
        "x": -6325.352,
        "y": 211.361,
        "z": -2709.592
    },
    {
        "color": 4294967295,
        "name": "Generic Point 31",
        "x": -6331.03,
        "y": 222.819,
        "z": -2664.595
    },
    {
        "color": 4294967295,
        "name": "Generic Point 32",
        "x": -6355.761,
        "y": 218.138,
        "z": -2679.312
    },
    {
        "color": 4294967295,
        "name": "Generic Point 33",
        "x": -6422.823,
        "y": 229.76,
        "z": -2662.18
    },
    {
        "color": 4294967295,
        "name": "Generic Point 34",
        "x": -6425.758,
        "y": 232.665,
        "z": -2645.147
    },
    {
        "color": 4294967295,
        "name": "Generic Point 4",
        "x": -6412.971,
        "y": 254.939,
        "z": -2557.035
    },
    {
        "color": 4294967295,
        "name": "Generic Point 5",
        "x": -6383.626,
        "y": 256.685,
        "z": -2574.182
    },
    {
        "color": 4294967295,
        "name": "Generic Point 6",
        "x": -6232.876,
        "y": 252.224,
        "z": -2609.888
    },
    {
        "color": 4294967295,
        "name": "Generic Point 7",
        "x": -6120.467,
        "y": 204.808,
        "z": -2539.273
    },
    {
        "color": 4294967295,
        "name": "Generic Point 8",
        "x": -6122.857,
        "y": 204.833,
        "z": -2580.59
    },
    {
        "color": 4294967295,
        "name": "Generic Point 9",
        "x": -6183.045,
        "y": 204.101,
        "z": -2735.398
    }
]