[
    {
        "color": 4294967295,
        "name": "Generic Point 0",
        "x": -139.175476,
        "y": 204.88028,
        "z": 431.401947
    },
    {
        "color": 4294967295,
        "name": "Generic Point 1",
        "x": 593.10907,
        "y": 219.679916,
        "z": 642.464661
    },
    {
        "color": 4294967295,
        "name": "Generic Point 10",
        "x": 499.175415,
        "y": 181.388641,
        "z": 458.5383
    },
    {
        "color": 4294967295,
        "name": "Generic Point 100",
        "x": 172.07150268554688,
        "y": 207.90179443359375,
        "z": -405.7818298339844
    },
    {
        "color": 4294967295,
        "name": "Generic Point 101",
        "x": 139.51870727539062,
        "y": 197.2117462158203,
        "z": -427.1354064941406
    },
    {
        "color": 4294967295,
        "name": "Generic Point 102",
        "x": 246.27000427246094,
        "y": 197.4769287109375,
        "z": -448.7913818359375
    },
    {
        "color": 4294967295,
        "name": "Generic Point 103",
        "x": -8.752830505371094,
        "y": 204.3544921875,
        "z": 1381.77490234375
    },
    {
        "color": 4294967295,
        "name": "Generic Point 104",
        "x": -65.72162628173828,
        "y": 168.85031127929688,
        "z": 35.385498046875
    },
    {
        "color": 4294967295,
        "name": "Generic Point 105",
        "x": -53.35805130004883,
        "y": 168.10104370117188,
        "z": 51.54899215698242
    },
    {
        "color": 4294967295,
        "name": "Generic Point 106",
        "x": -119.91802215576172,
        "y": 187.1360321044922,
        "z": 101.96427917480469
    },
    {
        "color": 4294967295,
        "name": "Generic Point 107",
        "x": -240.26953125,
        "y": 192.57957458496094,
        "z": 104.45520782470703
    },
    {
        "color": 4294967295,
        "name": "Generic Point 108",
        "x": -267.21478271484375,
        "y": 208.7227325439453,
        "z": 127.84954071044922
    },
    {
        "color": 4294967295,
        "name": "Generic Point 109",
        "x": -231.14328002929688,
        "y": 247.54708862304688,
        "z": 154.18817138671875
    },
    {
        "color": 4294967295,
        "name": "Generic Point 11",
        "x": 294.055847,
        "y": 154.005661,
        "z": 857.002625
    },
    {
        "color": 4294967295,
        "name": "Generic Point 110",
        "x": -111.39341735839844,
        "y": 241.57838439941406,
        "z": 157.12796020507812
    },
    {
        "color": 4294967295,
        "name": "Generic Point 111",
        "x": -120.42178344726562,
        "y": 164.98585510253906,
        "z": 220.00831604003906
    },
    {
        "color": 4294967295,
        "name": "Generic Point 112",
        "x": -134.98780822753906,
        "y": 235.45249938964844,
        "z": 311.0406799316406
    },
    {
        "color": 4294967295,
        "name": "Generic Point 113",
        "x": -245.16448974609375,
        "y": 229.3890838623047,
        "z": 331.6940002441406
    },
    {
        "color": 4294967295,
        "name": "Generic Point 114",
        "x": 87.30306243896484,
        "y": 200.3899383544922,
        "z": 1324.1015625
    },
    {
        "color": 4294967295,
        "name": "Generic Point 115",
        "x": -212.3158416748047,
        "y": 243.48455810546875,
        "z": 456.7079772949219
    },
    {
        "color": 4294967295,
        "name": "Generic Point 116",
        "x": -292.3607177734375,
        "y": 254.11700439453125,
        "z": 406.9403076171875
    },
    {
        "color": 4294967295,
        "name": "Generic Point 117",
        "x": -328.4493408203125,
        "y": 264.35223388671875,
        "z": 385.47357177734375
    },
    {
        "color": 4294967295,
        "name": "Generic Point 118",
        "x": -293.0247802734375,
        "y": 257.7254333496094,
        "z": 311.91656494140625
    },
    {
        "color": 4294967295,
        "name": "Generic Point 119",
        "x": -330.7149658203125,
        "y": 216.09120178222656,
        "z": 373.24786376953125
    },
    {
        "color": 4294967295,
        "name": "Generic Point 12",
        "x": 471.941833,
        "y": 223.447571,
        "z": 280.544495
    },
    {
        "color": 4294967295,
        "name": "Generic Point 120",
        "x": -182.76283264160156,
        "y": 186.11465454101562,
        "z": 424.78765869140625
    },
    {
        "color": 4294967295,
        "name": "Generic Point 121",
        "x": -142.96621704101562,
        "y": 253.53933715820312,
        "z": 497.2636413574219
    },
    {
        "color": 4294967295,
        "name": "Generic Point 122",
        "x": -536.9786376953125,
        "y": 233.4100799560547,
        "z": 476.4156494140625
    },
    {
        "color": 4294967295,
        "name": "Generic Point 123",
        "x": -481.029296875,
        "y": 223.6840362548828,
        "z": 527.7164916992188
    },
    {
        "color": 4294967295,
        "name": "Generic Point 124",
        "x": -564.9591674804688,
        "y": 217.8851776123047,
        "z": 550.4678955078125
    },
    {
        "color": 4294967295,
        "name": "Generic Point 125",
        "x": 658.274902,
        "y": 242.43779,
        "z": 713.610291
    },
    {
        "color": 4294967295,
        "name": "Generic Point 126",
        "x": 680.713013,
        "y": 186.690491,
        "z": 631.663208
    },
    {
        "color": 4294967295,
        "name": "Generic Point 127",
        "x": 654.585449,
        "y": 264.798065,
        "z": 572.912292
    },
    {
        "color": 4294967295,
        "name": "Generic Point 128",
        "x": 601.081665,
        "y": 235.704987,
        "z": 510.744019
    },
    {
        "color": 4294967295,
        "name": "Generic Point 129",
        "x": 549.721313,
        "y": 191.699799,
        "z": 543.428467
    },
    {
        "color": 4294967295,
        "name": "Generic Point 13",
        "x": 413.876282,
        "y": 221.980164,
        "z": 267.886444
    },
    {
        "color": 4294967295,
        "name": "Generic Point 130",
        "x": 286.647827,
        "y": 338.042938,
        "z": 146.456863
    },
    {
        "color": 4294967295,
        "name": "Generic Point 131",
        "x": 236.309235,
        "y": 325.545685,
        "z": 208.994202
    },
    {
        "color": 4294967295,
        "name": "Generic Point 132",
        "x": 230.689362,
        "y": 325.610138,
        "z": 289.328857
    },
    {
        "color": 4294967295,
        "name": "Generic Point 133",
        "x": 163.311081,
        "y": 268.774811,
        "z": 365.335571
    },
    {
        "color": 4294967295,
        "name": "Generic Point 134",
        "x": 165.720001,
        "y": 268.436218,
        "z": 371.796509
    },
    {
        "color": 4294967295,
        "name": "Generic Point 135",
        "x": 107.559669,
        "y": 257.101654,
        "z": 316.638397
    },
    {
        "color": 4294967295,
        "name": "Generic Point 136",
        "x": -216.024933,
        "y": 237.498276,
        "z": 336.866791
    },
    {
        "color": 4294967295,
        "name": "Generic Point 137",
        "x": -156.170471,
        "y": 242.747269,
        "z": 340.082825
    },
    {
        "color": 4294967295,
        "name": "Generic Point 138",
        "x": -154.973038,
        "y": 193.541489,
        "z": 398.000397
    },
    {
        "color": 4294967295,
        "name": "Generic Point 139",
        "x": -159.166397,
        "y": 255.105484,
        "z": 465.987915
    },
    {
        "color": 4294967295,
        "name": "Generic Point 14",
        "x": 569.067261,
        "y": 228.542282,
        "z": 247.457794
    },
    {
        "color": 4294967295,
        "name": "Generic Point 140",
        "x": -217.573135,
        "y": 205.321442,
        "z": 210.941925
    },
    {
        "color": 4294967295,
        "name": "Generic Point 141",
        "x": -506.859436,
        "y": 249.321762,
        "z": 485.960815
    },
    {
        "color": 4294967295,
        "name": "Generic Point 142",
        "x": -546.162842,
        "y": 218.508179,
        "z": 505.768341
    },
    {
        "color": 4294967295,
        "name": "Generic Point 143",
        "x": -469.559021,
        "y": 210.534286,
        "z": 466.118958
    },
    {
        "color": 4294967295,
        "name": "Generic Point 144",
        "x": -737.234253,
        "y": 159.112656,
        "z": -171.77066
    },
    {
        "color": 4294967295,
        "name": "Generic Point 145",
        "x": -745.514465,
        "y": 159.043671,
        "z": -175.075897
    },
    {
        "color": 4294967295,
        "name": "Generic Point 146",
        "x": 466.024292,
        "y": 168.495468,
        "z": -224.660095
    },
    {
        "color": 4294967295,
        "name": "Generic Point 147",
        "x": 540.306763,
        "y": 190.474503,
        "z": -424.173065
    },
    {
        "color": 4294967295,
        "name": "Generic Point 148",
        "x": 497.860291,
        "y": 133.298233,
        "z": -329.934143
    },
    {
        "color": 4294967295,
        "name": "Generic Point 149",
        "x": 190.334747,
        "y": 251.142838,
        "z": -376.83374
    },
    {
        "color": 4294967295,
        "name": "Generic Point 15",
        "x": 443.766968,
        "y": 141.253784,
        "z": -186.343307
    },
    {
        "color": 4294967295,
        "name": "Generic Point 150",
        "x": 125.621048,
        "y": 207.396988,
        "z": -411.474976
    },
    {
        "color": 4294967295,
        "name": "Generic Point 151",
        "x": 116.624207,
        "y": 191.455002,
        "z": -380.151031
    },
    {
        "color": 4294967295,
        "name": "Generic Point 152",
        "x": 170.337311,
        "y": 208.265137,
        "z": -358.866943
    },
    {
        "color": 4294967295,
        "name": "Generic Point 153",
        "x": 155.52977,
        "y": 220.090195,
        "z": -259.458252
    },
    {
        "color": 4294967295,
        "name": "Generic Point 154",
        "x": 220.123611,
        "y": 215.357147,
        "z": -222.805054
    },
    {
        "color": 4294967295,
        "name": "Generic Point 155",
        "x": 309.937561,
        "y": 146.924393,
        "z": -314.092712
    },
    {
        "color": 4294967295,
        "name": "Generic Point 156",
        "x": 336.006714,
        "y": 168.195679,
        "z": -367.611023
    },
    {
        "color": 4294967295,
        "name": "Generic Point 157",
        "x": 198.204926,
        "y": 146.487091,
        "z": -303.129791
    },
    {
        "color": 4294967295,
        "name": "Generic Point 158",
        "x": 199.288422,
        "y": 197.172729,
        "z": -449.084778
    },
    {
        "color": 4294967295,
        "name": "Generic Point 159",
        "x": 230.597595,
        "y": 199.982117,
        "z": -471.902405
    },
    {
        "color": 4294967295,
        "name": "Generic Point 16",
        "x": 405.953888,
        "y": 143.570633,
        "z": -199.85437
    },
    {
        "color": 4294967295,
        "name": "Generic Point 160",
        "x": 886.827087,
        "y": 216.915985,
        "z": 125.544388
    },
    {
        "color": 4294967295,
        "name": "Generic Point 161",
        "x": 852.88855,
        "y": 215.914291,
        "z": 163.835785
    },
    {
        "color": 4294967295,
        "name": "Generic Point 162",
        "x": 851.309814,
        "y": 228.157272,
        "z": 141.328278
    },
    {
        "color": 4294967295,
        "name": "Generic Point 163",
        "x": 878.625549,
        "y": 225.649216,
        "z": 185.414795
    },
    {
        "color": 4294967295,
        "name": "Generic Point 164",
        "x": 1329.67334,
        "y": 216.528275,
        "z": 796.045349
    },
    {
        "color": 4294967295,
        "name": "Generic Point 165",
        "x": 1312.477173,
        "y": 186.54451,
        "z": 818.506226
    },
    {
        "color": 4294967295,
        "name": "Generic Point 166",
        "x": 1311.254883,
        "y": 180.536514,
        "z": 825.58252
    },
    {
        "color": 4294967295,
        "name": "Generic Point 167",
        "x": 1268.082275,
        "y": 180.442978,
        "z": 854.216919
    },
    {
        "color": 4294967295,
        "name": "Generic Point 168",
        "x": 1333.780762,
        "y": 252.124237,
        "z": -759.459229
    },
    {
        "color": 4294967295,
        "name": "Generic Point 169",
        "x": 1298.794434,
        "y": 263.630859,
        "z": -784.622375
    },
    {
        "color": 4294967295,
        "name": "Generic Point 17",
        "x": 347.956055,
        "y": 120.221542,
        "z": 870.663879
    },
    {
        "color": 4294967295,
        "name": "Generic Point 170",
        "x": 1285.922119,
        "y": 261.329437,
        "z": -787.140076
    },
    {
        "color": 4294967295,
        "name": "Generic Point 171",
        "x": 878.489136,
        "y": 216.876251,
        "z": 24.366871
    },
    {
        "color": 4294967295,
        "name": "Generic Point 172",
        "x": -34.792198,
        "y": 229.351089,
        "z": 263.028687
    },
    {
        "color": 4294967295,
        "name": "Generic Point 173",
        "x": 594.351074,
        "y": 1930.90271,
        "z": 622.230347
    },
    {
        "color": 4294967295,
        "name": "Generic Point 174",
        "x": -171.978027,
        "y": 209.364304,
        "z": 184.302689
    },
    {
        "color": 4294967295,
        "name": "Generic Point 18",
        "x": 309.188599,
        "y": 121.309525,
        "z": 888.25354
    },
    {
        "color": 4294967295,
        "name": "Generic Point 19",
        "x": 466.929749,
        "y": 168.076431,
        "z": 883.554443
    },
    {
        "color": 4294967295,
        "name": "Generic Point 2",
        "x": 522.18396,
        "y": 173.708221,
        "z": 644.601318
    },
    {
        "color": 4294967295,
        "name": "Generic Point 20",
        "x": 467.677673,
        "y": 195.121048,
        "z": 815.307861
    },
    {
        "color": 4294967295,
        "name": "Generic Point 21",
        "x": 536.474731,
        "y": 216.494568,
        "z": 808.999756
    },
    {
        "color": 4294967295,
        "name": "Generic Point 22",
        "x": 492.682678,
        "y": 187.668488,
        "z": 727.352356
    },
    {
        "color": 4294967295,
        "name": "Generic Point 23",
        "x": 565.694214,
        "y": 196.807632,
        "z": 639.240662
    },
    {
        "color": 4294967295,
        "name": "Generic Point 24",
        "x": -442.2398986816406,
        "y": 190.58642578125,
        "z": 1518.0987548828125
    },
    {
        "color": 4294967295,
        "name": "Generic Point 25",
        "x": 272.7353820800781,
        "y": 145.9661865234375,
        "z": 917.9474487304688
    },
    {
        "color": 4294967295,
        "name": "Generic Point 26",
        "x": -482.5390625,
        "y": 218.02890014648438,
        "z": 374.9878845214844
    },
    {
        "color": 4294967295,
        "name": "Generic Point 27",
        "x": -161.7903289794922,
        "y": 236.66604614257812,
        "z": 244.2078857421875
    },
    {
        "color": 4294967295,
        "name": "Generic Point 28",
        "x": 312.435791015625,
        "y": 145.90399169921875,
        "z": 886.4034423828125
    },
    {
        "color": 4294967295,
        "name": "Generic Point 29",
        "x": 294.61932373046875,
        "y": 157.3472900390625,
        "z": 840.9359741210938
    },
    {
        "color": 4294967295,
        "name": "Generic Point 3",
        "x": 649.748291,
        "y": 171.424103,
        "z": 778.470581
    },
    {
        "color": 4294967295,
        "name": "Generic Point 30",
        "x": 367.1370849609375,
        "y": 146.82977294921875,
        "z": 925.51220703125
    },
    {
        "color": 4294967295,
        "name": "Generic Point 31",
        "x": 380.9317321777344,
        "y": 123.20530700683594,
        "z": 858.8428344726562
    },
    {
        "color": 4294967295,
        "name": "Generic Point 32",
        "x": 443.6125183105469,
        "y": 136.72950744628906,
        "z": 1003.6084594726562
    },
    {
        "color": 4294967295,
        "name": "Generic Point 33",
        "x": 490.38848876953125,
        "y": 147.3898468017578,
        "z": 924.7402954101562
    },
    {
        "color": 4294967295,
        "name": "Generic Point 34",
        "x": 565.42822265625,
        "y": 218.96237182617188,
        "z": 860.11328125
    },
    {
        "color": 4294967295,
        "name": "Generic Point 35",
        "x": 467.4735412597656,
        "y": 189.7931671142578,
        "z": 766.9036254882812
    },
    {
        "color": 4294967295,
        "name": "Generic Point 36",
        "x": 479.5299377441406,
        "y": 191.18521118164062,
        "z": 721.0927124023438
    },
    {
        "color": 4294967295,
        "name": "Generic Point 37",
        "x": -386.69268798828125,
        "y": 185.41665649414062,
        "z": 1614.765380859375
    },
    {
        "color": 4294967295,
        "name": "Generic Point 38",
        "x": 513.6253051757812,
        "y": 190.4746856689453,
        "z": 786.7557373046875
    },
    {
        "color": 4294967295,
        "name": "Generic Point 39",
        "x": 647.3212280273438,
        "y": 171.20457458496094,
        "z": 750.1842651367188
    },
    {
        "color": 4294967295,
        "name": "Generic Point 4",
        "x": 331.636383,
        "y": 157.762009,
        "z": 924.792786
    },
    {
        "color": 4294967295,
        "name": "Generic Point 40",
        "x": 469.363037109375,
        "y": 189.95147705078125,
        "z": 768.1832885742188
    },
    {
        "color": 4294967295,
        "name": "Generic Point 41",
        "x": 587.4136962890625,
        "y": 223.2136688232422,
        "z": 730.9039306640625
    },
    {
        "color": 4294967295,
        "name": "Generic Point 42",
        "x": 506.67852783203125,
        "y": 185.23094177246094,
        "z": 643.5472412109375
    },
    {
        "color": 4294967295,
        "name": "Generic Point 43",
        "x": 537.918701171875,
        "y": 214.7872314453125,
        "z": 610.6592407226562
    },
    {
        "color": 4294967295,
        "name": "Generic Point 44",
        "x": 495.6235046386719,
        "y": 207.07928466796875,
        "z": 582.7328491210938
    },
    {
        "color": 4294967295,
        "name": "Generic Point 45",
        "x": 539.795654296875,
        "y": 190.61962890625,
        "z": 536.482666015625
    },
    {
        "color": 4294967295,
        "name": "Generic Point 46",
        "x": 661.1976928710938,
        "y": 261.8276062011719,
        "z": 637.7947998046875
    },
    {
        "color": 4294967295,
        "name": "Generic Point 47",
        "x": 755.635986328125,
        "y": 211.9715118408203,
        "z": 618.8551025390625
    },
    {
        "color": 4294967295,
        "name": "Generic Point 48",
        "x": -384.5628662109375,
        "y": 181.3476104736328,
        "z": 1497.6275634765625
    },
    {
        "color": 4294967295,
        "name": "Generic Point 49",
        "x": 780.3980102539062,
        "y": 216.5933837890625,
        "z": 589.5721435546875
    },
    {
        "color": 4294967295,
        "name": "Generic Point 5",
        "x": 508.082031,
        "y": 158.412842,
        "z": 882.331055
    },
    {
        "color": 4294967295,
        "name": "Generic Point 50",
        "x": 708.6134033203125,
        "y": 243.2785186767578,
        "z": 552.0258178710938
    },
    {
        "color": 4294967295,
        "name": "Generic Point 51",
        "x": 603.9686889648438,
        "y": 251.78030395507812,
        "z": 567.5287475585938
    },
    {
        "color": 4294967295,
        "name": "Generic Point 52",
        "x": 668.4430541992188,
        "y": 260.33831787109375,
        "z": 520.9725952148438
    },
    {
        "color": 4294967295,
        "name": "Generic Point 53",
        "x": 636.2265625,
        "y": 192.9646759033203,
        "z": 496.08856201171875
    },
    {
        "color": 4294967295,
        "name": "Generic Point 54",
        "x": 553.0944213867188,
        "y": 203.67173767089844,
        "z": 477.3671875
    },
    {
        "color": 4294967295,
        "name": "Generic Point 55",
        "x": 603.1984252929688,
        "y": 194.58892822265625,
        "z": 280.6885070800781
    },
    {
        "color": 4294967295,
        "name": "Generic Point 56",
        "x": 457.8457336425781,
        "y": 229.0197296142578,
        "z": 239.76779174804688
    },
    {
        "color": 4294967295,
        "name": "Generic Point 57",
        "x": 423.9238586425781,
        "y": 214.37484741210938,
        "z": 316.71331787109375
    },
    {
        "color": 4294967295,
        "name": "Generic Point 58",
        "x": 359.00628662109375,
        "y": 190.2245330810547,
        "z": 52.353816986083984
    },
    {
        "color": 4294967295,
        "name": "Generic Point 59",
        "x": -256.81280517578125,
        "y": 197.53773498535156,
        "z": 1587.6676025390625
    },
    {
        "color": 4294967295,
        "name": "Generic Point 6",
        "x": 505.680481,
        "y": 158.743698,
        "z": 882.234619
    },
    {
        "color": 4294967295,
        "name": "Generic Point 60",
        "x": 370.6622314453125,
        "y": 209.77511596679688,
        "z": 86.560791015625
    },
    {
        "color": 4294967295,
        "name": "Generic Point 61",
        "x": 323.6894226074219,
        "y": 222.8980712890625,
        "z": 83.89845275878906
    },
    {
        "color": 4294967295,
        "name": "Generic Point 62",
        "x": 331.3427429199219,
        "y": 188.38035583496094,
        "z": 117.64918518066406
    },
    {
        "color": 4294967295,
        "name": "Generic Point 63",
        "x": 244.3439483642578,
        "y": 341.98193359375,
        "z": 152.9495391845703
    },
    {
        "color": 4294967295,
        "name": "Generic Point 64",
        "x": 276.6902160644531,
        "y": 352.4608459472656,
        "z": 103.22782135009766
    },
    {
        "color": 4294967295,
        "name": "Generic Point 65",
        "x": 403.156494140625,
        "y": 307.6593322753906,
        "z": 274.6715393066406
    },
    {
        "color": 4294967295,
        "name": "Generic Point 66",
        "x": 349.88446044921875,
        "y": 289.91070556640625,
        "z": 360.9664306640625
    },
    {
        "color": 4294967295,
        "name": "Generic Point 67",
        "x": 290.27716064453125,
        "y": 277.13250732421875,
        "z": 387.7816162109375
    },
    {
        "color": 4294967295,
        "name": "Generic Point 68",
        "x": 297.43438720703125,
        "y": 326.2057800292969,
        "z": 319.5955505371094
    },
    {
        "color": 4294967295,
        "name": "Generic Point 69",
        "x": 276.5653991699219,
        "y": 337.83038330078125,
        "z": 279.2024230957031
    },
    {
        "color": 4294967295,
        "name": "Generic Point 7",
        "x": 575.798096,
        "y": 220.008072,
        "z": 778.929932
    },
    {
        "color": 4294967295,
        "name": "Generic Point 70",
        "x": -183.06378173828125,
        "y": 207.9400177001953,
        "z": 1630.187255859375
    },
    {
        "color": 4294967295,
        "name": "Generic Point 71",
        "x": 234.15872192382812,
        "y": 337.0392150878906,
        "z": 277.15533447265625
    },
    {
        "color": 4294967295,
        "name": "Generic Point 72",
        "x": 227.789794921875,
        "y": 276.6375427246094,
        "z": 433.0225524902344
    },
    {
        "color": 4294967295,
        "name": "Generic Point 73",
        "x": 194.48057556152344,
        "y": 301.4065856933594,
        "z": 347.375244140625
    },
    {
        "color": 4294967295,
        "name": "Generic Point 74",
        "x": 194.28111267089844,
        "y": 289.7793273925781,
        "z": 353.38848876953125
    },
    {
        "color": 4294967295,
        "name": "Generic Point 75",
        "x": 145.73291015625,
        "y": 263.66534423828125,
        "z": 368.64373779296875
    },
    {
        "color": 4294967295,
        "name": "Generic Point 76",
        "x": 145.68646240234375,
        "y": 306.61749267578125,
        "z": 301.4888916015625
    },
    {
        "color": 4294967295,
        "name": "Generic Point 77",
        "x": 131.62843322753906,
        "y": 300.26287841796875,
        "z": 212.63555908203125
    },
    {
        "color": 4294967295,
        "name": "Generic Point 78",
        "x": 125.34515380859375,
        "y": 260.31524658203125,
        "z": 231.5232696533203
    },
    {
        "color": 4294967295,
        "name": "Generic Point 79",
        "x": 321.08941650390625,
        "y": 339.0718078613281,
        "z": 259.3923645019531
    },
    {
        "color": 4294967295,
        "name": "Generic Point 8",
        "x": 555.085693,
        "y": 195.978546,
        "z": 796.590698
    },
    {
        "color": 4294967295,
        "name": "Generic Point 80",
        "x": 369.8786315917969,
        "y": 330.5622863769531,
        "z": 267.7108154296875
    },
    {
        "color": 4294967295,
        "name": "Generic Point 81",
        "x": 36.7061653137207,
        "y": 202.4862060546875,
        "z": 1571.461669921875
    },
    {
        "color": 4294967295,
        "name": "Generic Point 82",
        "x": 346.8890075683594,
        "y": 335.0335388183594,
        "z": 179.92681884765625
    },
    {
        "color": 4294967295,
        "name": "Generic Point 83",
        "x": 453.99774169921875,
        "y": 176.5076904296875,
        "z": -193.7242889404297
    },
    {
        "color": 4294967295,
        "name": "Generic Point 84",
        "x": 530.5049438476562,
        "y": 165.3404541015625,
        "z": -222.75250244140625
    },
    {
        "color": 4294967295,
        "name": "Generic Point 85",
        "x": 517.2562866210938,
        "y": 130.8522491455078,
        "z": -293.7922668457031
    },
    {
        "color": 4294967295,
        "name": "Generic Point 86",
        "x": 513.535888671875,
        "y": 198.2091827392578,
        "z": -425.6300964355469
    },
    {
        "color": 4294967295,
        "name": "Generic Point 87",
        "x": 539.2742919921875,
        "y": 175.7714080810547,
        "z": -376.0111999511719
    },
    {
        "color": 4294967295,
        "name": "Generic Point 88",
        "x": 284.2431335449219,
        "y": 135.14784240722656,
        "z": -314.08740234375
    },
    {
        "color": 4294967295,
        "name": "Generic Point 89",
        "x": 314.74554443359375,
        "y": 135.1654510498047,
        "z": -270.7106628417969
    },
    {
        "color": 4294967295,
        "name": "Generic Point 9",
        "x": 649.418335,
        "y": 262.92395,
        "z": 658.264587
    },
    {
        "color": 4294967295,
        "name": "Generic Point 90",
        "x": 391.2058410644531,
        "y": 136.06234741210938,
        "z": -242.71495056152344
    },
    {
        "color": 4294967295,
        "name": "Generic Point 91",
        "x": 414.0038757324219,
        "y": 168.0430908203125,
        "z": -167.1135711669922
    },
    {
        "color": 4294967295,
        "name": "Generic Point 92",
        "x": -8.966360092163086,
        "y": 199.01197814941406,
        "z": 1440.2086181640625
    },
    {
        "color": 4294967295,
        "name": "Generic Point 93",
        "x": 368.7904357910156,
        "y": 165.96336364746094,
        "z": -202.3595733642578
    },
    {
        "color": 4294967295,
        "name": "Generic Point 94",
        "x": 266.9916687011719,
        "y": 205.04087829589844,
        "z": -201.8394775390625
    },
    {
        "color": 4294967295,
        "name": "Generic Point 95",
        "x": 126.08421325683594,
        "y": 218.9373779296875,
        "z": -292.20452880859375
    },
    {
        "color": 4294967295,
        "name": "Generic Point 96",
        "x": 246.47879028320312,
        "y": 205.98715209960938,
        "z": -336.7392578125
    },
    {
        "color": 4294967295,
        "name": "Generic Point 97",
        "x": 290.53472900390625,
        "y": 172.62049865722656,
        "z": -312.9639587402344
    },
    {
        "color": 4294967295,
        "name": "Generic Point 98",
        "x": 398.025390625,
        "y": 189.89935302734375,
        "z": -278.203125
    },
    {
        "color": 4294967295,
        "name": "Generic Point 99",
        "x": 252.96035766601562,
        "y": 142.77186584472656,
        "z": -227.91831970214844
    }
]