[
    {
        "color": 4294967295,
        "name": "Generic Point 0",
        "x": -462.08917236328125,
        "y": 188.85009765625,
        "z": 1406.7666015625
    },
    {
        "color": 4294967295,
        "name": "Generic Point 1",
        "x": -112.24101257324219,
        "y": 221.05075073242188,
        "z": 1579.365478515625
    },
    {
        "color": 4294967295,
        "name": "Generic Point 10",
        "x": 235.45828247070312,
        "y": 245.85745239257812,
        "z": -369.08477783203125
    },
    {
        "color": 4294967295,
        "name": "Generic Point 11",
        "x": 425.99530029296875,
        "y": 184.96112060546875,
        "z": -306.771484375
    },
    {
        "color": 4294967295,
        "name": "Generic Point 12",
        "x": 472.154296875,
        "y": 150.25230407714844,
        "z": -135.53695678710938
    },
    {
        "color": 4294967295,
        "name": "Generic Point 13",
        "x": 257.65020751953125,
        "y": 348.94140625,
        "z": 101.74224853515625
    },
    {
        "color": 4294967295,
        "name": "Generic Point 14",
        "x": 423.98394775390625,
        "y": 219.51385498046875,
        "z": 282.7570495605469
    },
    {
        "color": 4294967295,
        "name": "Generic Point 15",
        "x": 371.442138671875,
        "y": 294.4985046386719,
        "z": 378.728271484375
    },
    {
        "color": 4294967295,
        "name": "Generic Point 16",
        "x": 278.20294189453125,
        "y": 348.13360595703125,
        "z": 289.559326171875
    },
    {
        "color": 4294967295,
        "name": "Generic Point 17",
        "x": 106.63397216796875,
        "y": 257.9932556152344,
        "z": 371.80291748046875
    },
    {
        "color": 4294967295,
        "name": "Generic Point 18",
        "x": -97.34532165527344,
        "y": 186.39804077148438,
        "z": 27.67868423461914
    },
    {
        "color": 4294967295,
        "name": "Generic Point 19",
        "x": -187.46798706054688,
        "y": 247.21238708496094,
        "z": 195.565673828125
    },
    {
        "color": 4294967295,
        "name": "Generic Point 2",
        "x": 138.40957641601562,
        "y": 214.83157348632812,
        "z": 1129.9805908203125
    },
    {
        "color": 4294967295,
        "name": "Generic Point 20",
        "x": -118.62274169921875,
        "y": 265.854736328125,
        "z": 453.87664794921875
    },
    {
        "color": 4294967295,
        "name": "Generic Point 21",
        "x": -336.75946044921875,
        "y": 275.3239440917969,
        "z": 387.75762939453125
    },
    {
        "color": 4294967295,
        "name": "Generic Point 22",
        "x": -537.0471801757812,
        "y": 244.47821044921875,
        "z": 479.2420654296875
    },
    {
        "color": 4294967295,
        "name": "Generic Point 23",
        "x": -789.988525390625,
        "y": 149.5447998046875,
        "z": -40.53120422363281
    },
    {
        "color": 4294967295,
        "name": "Generic Point 3",
        "x": 338.3236389160156,
        "y": 150.52906799316406,
        "z": 847.4571533203125
    },
    {
        "color": 4294967295,
        "name": "Generic Point 4",
        "x": 565.745849609375,
        "y": 229.96485900878906,
        "z": 854.56640625
    },
    {
        "color": 4294967295,
        "name": "Generic Point 5",
        "x": 475.16632080078125,
        "y": 190.26449584960938,
        "z": 721.3414306640625
    },
    {
        "color": 4294967295,
        "name": "Generic Point 6",
        "x": 627.2696533203125,
        "y": 263.5025329589844,
        "z": 633.8658447265625
    },
    {
        "color": 4294967295,
        "name": "Generic Point 7",
        "x": 1511.656494140625,
        "y": 194.53042602539062,
        "z": 861.150146484375
    },
    {
        "color": 4294967295,
        "name": "Generic Point 8",
        "x": 1081.5673828125,
        "y": 197.82589721679688,
        "z": -697.9654541015625
    },
    {
        "color": 4294967295,
        "name": "Generic Point 9",
        "x": 581.2154541015625,
        "y": 214.6664581298828,
        "z": -401.9428405761719
    }
]