[
    {
        "color": 4294967295,
        "name": "Generic Point 0",
        "x": 2424.353271484375,
        "y": 488.8229064941406,
        "z": 3897.7578125
    },
    {
        "color": 4294967295,
        "name": "Generic Point 1",
        "x": 3360.43994140625,
        "y": 384.16143798828125,
        "z": 2997.382568359375
    },
    {
        "color": 4294967295,
        "name": "Generic Point 2",
        "x": 2644.239013671875,
        "y": 301.6746520996094,
        "z": 3724.94482421875
    },
    {
        "color": 4294967295,
        "name": "Generic Point 3",
        "x": 2909.563720703125,
        "y": 454.8038024902344,
        "z": 3429.88623046875
    },
    {
        "color": 4294967295,
        "name": "Generic Point 4",
        "x": 2917.096923828125,
        "y": 385.4001770019531,
        "z": 3344.319091796875
    },
    {
        "color": 4294967295,
        "name": "Generic Point 5",
        "x": 2839.296142578125,
        "y": 423.3399658203125,
        "z": 3806.864501953125
    },
    {
        "color": 4294967295,
        "name": "Generic Point 6",
        "x": 2748.138671875,
        "y": 437.379638671875,
        "z": 3903.848876953125
    },
    {
        "color": 4294967295,
        "name": "Generic Point 7",
        "x": 2750.527587890625,
        "y": 393.6497802734375,
        "z": 3811.08642578125
    },
    {
        "color": 4294967295,
        "name": "Generic Point 8",
        "x": 3878.940673828125,
        "y": 498.4657897949219,
        "z": 3470.391357421875
    },
    {
        "color": 4294967295,
        "name": "Generic Point 9",
        "x": 3325.303466796875,
        "y": 377.6097717285156,
        "z": 3000.340576171875
    }
]