[
    {
        "color": 4294967295,
        "name": "Generic Point 0",
        "x": -554.87548828125,
        "y": 219.0861053466797,
        "z": 521.315673828125
    },
    {
        "color": 4294967295,
        "name": "Generic Point 1",
        "x": -488.57318115234375,
        "y": 218.11741638183594,
        "z": 479.0015869140625
    },
    {
        "color": 4294967295,
        "name": "Generic Point 10",
        "x": -122.20758819580078,
        "y": 266.58953857421875,
        "z": 408.9731750488281
    },
    {
        "color": 4294967295,
        "name": "Generic Point 11",
        "x": -151.9551239013672,
        "y": 267.0420227050781,
        "z": 441.13739013671875
    },
    {
        "color": 4294967295,
        "name": "Generic Point 12",
        "x": -145.8519287109375,
        "y": 267.07330322265625,
        "z": 416.9224853515625
    },
    {
        "color": 4294967295,
        "name": "Generic Point 13",
        "x": -133.5206298828125,
        "y": 266.927001953125,
        "z": 425.1469421386719
    },
    {
        "color": 4294967295,
        "name": "Generic Point 14",
        "x": 572.7486572265625,
        "y": 179.46009826660156,
        "z": -416.36602783203125
    },
    {
        "color": 4294967295,
        "name": "Generic Point 15",
        "x": 566.1113891601562,
        "y": 179.3808135986328,
        "z": -423.23931884765625
    },
    {
        "color": 4294967295,
        "name": "Generic Point 16",
        "x": 555.6016845703125,
        "y": 179.2538299560547,
        "z": -424.08941650390625
    },
    {
        "color": 4294967295,
        "name": "Generic Point 17",
        "x": 570.221435546875,
        "y": 179.3668670654297,
        "z": -415.92388916015625
    },
    {
        "color": 4294967295,
        "name": "Generic Point 18",
        "x": 592.79638671875,
        "y": 145.8025665283203,
        "z": -456.65936279296875
    },
    {
        "color": 4294967295,
        "name": "Generic Point 19",
        "x": 594.566162109375,
        "y": 145.71572875976562,
        "z": -488.71746826171875
    },
    {
        "color": 4294967295,
        "name": "Generic Point 2",
        "x": 216.95570373535156,
        "y": 314.7108154296875,
        "z": 312.962646484375
    },
    {
        "color": 4294967295,
        "name": "Generic Point 20",
        "x": 563.8440551757812,
        "y": 145.52935791015625,
        "z": -471.0307922363281
    },
    {
        "color": 4294967295,
        "name": "Generic Point 21",
        "x": 611.9076538085938,
        "y": 213.99893188476562,
        "z": 630.2733764648438
    },
    {
        "color": 4294967295,
        "name": "Generic Point 22",
        "x": 553.1566162109375,
        "y": 145.64694213867188,
        "z": -451.5011291503906
    },
    {
        "color": 4294967295,
        "name": "Generic Point 23",
        "x": 573.5087890625,
        "y": 132.90504455566406,
        "z": -471.93798828125
    },
    {
        "color": 4294967295,
        "name": "Generic Point 24",
        "x": 570.5125732421875,
        "y": 133.15431213378906,
        "z": -481.3354187011719
    },
    {
        "color": 4294967295,
        "name": "Generic Point 25",
        "x": -132.3999481201172,
        "y": 233.62416076660156,
        "z": 186.19520568847656
    },
    {
        "color": 4294967295,
        "name": "Generic Point 26",
        "x": -167.0415802001953,
        "y": 210.5842742919922,
        "z": 183.98753356933594
    },
    {
        "color": 4294967295,
        "name": "Generic Point 27",
        "x": -158.11874389648438,
        "y": 211.99928283691406,
        "z": 184.1420135498047
    },
    {
        "color": 4294967295,
        "name": "Generic Point 28",
        "x": -141.75511169433594,
        "y": 211.14517211914062,
        "z": 163.50404357910156
    },
    {
        "color": 4294967295,
        "name": "Generic Point 29",
        "x": -158.0923309326172,
        "y": 211.99859619140625,
        "z": 184.2210693359375
    },
    {
        "color": 4294967295,
        "name": "Generic Point 3",
        "x": 219.256103515625,
        "y": 314.8218688964844,
        "z": 300.2713623046875
    },
    {
        "color": 4294967295,
        "name": "Generic Point 30",
        "x": -124.95110321044922,
        "y": 211.99598693847656,
        "z": 185.251708984375
    },
    {
        "color": 4294967295,
        "name": "Generic Point 31",
        "x": -141.2250518798828,
        "y": 211.17025756835938,
        "z": 205.69508361816406
    },
    {
        "color": 4294967295,
        "name": "Generic Point 32",
        "x": -3011.524658203125,
        "y": 225.49229431152344,
        "z": -4402.287109375
    },
    {
        "color": 4294967295,
        "name": "Generic Point 33",
        "x": -124.99191284179688,
        "y": 211.99899291992188,
        "z": 184.8176727294922
    },
    {
        "color": 4294967295,
        "name": "Generic Point 34",
        "x": -141.48855590820312,
        "y": 211.13438415527344,
        "z": 163.1998748779297
    },
    {
        "color": 4294967295,
        "name": "Generic Point 35",
        "x": -166.8231201171875,
        "y": 210.568359375,
        "z": 183.7916259765625
    },
    {
        "color": 4294967295,
        "name": "Generic Point 36",
        "x": 568.7943725585938,
        "y": 133.27198791503906,
        "z": -482.0629577636719
    },
    {
        "color": 4294967295,
        "name": "Generic Point 37",
        "x": 572.7996215820312,
        "y": 122.65086364746094,
        "z": -502.44921875
    },
    {
        "color": 4294967295,
        "name": "Generic Point 38",
        "x": 612.1192016601562,
        "y": 214.0777130126953,
        "z": 630.8047485351562
    },
    {
        "color": 4294967295,
        "name": "Generic Point 39",
        "x": 587.380126953125,
        "y": 211.57989501953125,
        "z": 623.1238403320312
    },
    {
        "color": 4294967295,
        "name": "Generic Point 4",
        "x": 187.99624633789062,
        "y": 301.4087219238281,
        "z": 337.5184326171875
    },
    {
        "color": 4294967295,
        "name": "Generic Point 40",
        "x": 911.7613525390625,
        "y": 207.02085876464844,
        "z": 210.4746856689453
    },
    {
        "color": 4294967295,
        "name": "Generic Point 41",
        "x": 895.7044067382812,
        "y": 217.2344512939453,
        "z": 153.90835571289062
    },
    {
        "color": 4294967295,
        "name": "Generic Point 42",
        "x": 897.721435546875,
        "y": 217.80709838867188,
        "z": 134.4512939453125
    },
    {
        "color": 4294967295,
        "name": "Generic Point 43",
        "x": 142.0242919921875,
        "y": 237.88980102539062,
        "z": 413.2759094238281
    },
    {
        "color": 4294967295,
        "name": "Generic Point 44",
        "x": 136.6428680419922,
        "y": 238.43710327148438,
        "z": 413.4570007324219
    },
    {
        "color": 4294967295,
        "name": "Generic Point 45",
        "x": -489.18133544921875,
        "y": 218.02029418945312,
        "z": 478.65130615234375
    },
    {
        "color": 4294967295,
        "name": "Generic Point 5",
        "x": 233.4927978515625,
        "y": 314.80169677734375,
        "z": 300.73052978515625
    },
    {
        "color": 4294967295,
        "name": "Generic Point 6",
        "x": 188.221435546875,
        "y": 301.3979797363281,
        "z": 337.0477600097656
    },
    {
        "color": 4294967295,
        "name": "Generic Point 7",
        "x": 243.47137451171875,
        "y": 317.31671142578125,
        "z": 280.751708984375
    },
    {
        "color": 4294967295,
        "name": "Generic Point 8",
        "x": -156.4984893798828,
        "y": 266.2096252441406,
        "z": 427.3929138183594
    },
    {
        "color": 4294967295,
        "name": "Generic Point 9",
        "x": -136.83743286132812,
        "y": 267.0566711425781,
        "z": 440.68902587890625
    }
]