[
    {
        "color": 4294967295,
        "name": "Generic Point 0",
        "x": 4671.47705078125,
        "y": 353.38482666015625,
        "z": 4840.46923828125
    },
    {
        "color": 4294967295,
        "name": "Generic Point 1",
        "x": 4193.443359375,
        "y": 528.1881713867188,
        "z": 5018.82373046875
    },
    {
        "color": 4294967295,
        "name": "Generic Point 10",
        "x": 4280.474609375,
        "y": 444.58221435546875,
        "z": 4680.86181640625
    },
    {
        "color": 4294967295,
        "name": "Generic Point 11",
        "x": 4320.658203125,
        "y": 418.0044250488281,
        "z": 4783.95703125
    },
    {
        "color": 4294967295,
        "name": "Generic Point 12",
        "x": 4163.18408203125,
        "y": 536.2254028320312,
        "z": 4837.27685546875
    },
    {
        "color": 4294967295,
        "name": "Generic Point 13",
        "x": 4259.86572265625,
        "y": 443.737060546875,
        "z": 4386.67626953125
    },
    {
        "color": 4294967295,
        "name": "Generic Point 14",
        "x": 4169.54736328125,
        "y": 424.94805908203125,
        "z": 4380.3056640625
    },
    {
        "color": 4294967295,
        "name": "Generic Point 15",
        "x": 4413.4853515625,
        "y": 492.1966857910156,
        "z": 4160.35791015625
    },
    {
        "color": 4294967295,
        "name": "Generic Point 16",
        "x": 4367.08935546875,
        "y": 537.3876342773438,
        "z": 4084.66064453125
    },
    {
        "color": 4294967295,
        "name": "Generic Point 17",
        "x": 4338.89501953125,
        "y": 583.5084838867188,
        "z": 3691.031494140625
    },
    {
        "color": 4294967295,
        "name": "Generic Point 18",
        "x": 4520.76123046875,
        "y": 391.93902587890625,
        "z": 4556.04736328125
    },
    {
        "color": 4294967295,
        "name": "Generic Point 19",
        "x": 4521.13818359375,
        "y": 345.7573547363281,
        "z": 4606.24365234375
    },
    {
        "color": 4294967295,
        "name": "Generic Point 2",
        "x": 4299.96533203125,
        "y": 440.92279052734375,
        "z": 4835.189453125
    },
    {
        "color": 4294967295,
        "name": "Generic Point 20",
        "x": 4830.6826171875,
        "y": 341.4051513671875,
        "z": 4960.75927734375
    },
    {
        "color": 4294967295,
        "name": "Generic Point 21",
        "x": 4872.88525390625,
        "y": 366.05377197265625,
        "z": 5055.9541015625
    },
    {
        "color": 4294967295,
        "name": "Generic Point 22",
        "x": 4729.63623046875,
        "y": 420.9165344238281,
        "z": 4683.60986328125
    },
    {
        "color": 4294967295,
        "name": "Generic Point 23",
        "x": 4408.30126953125,
        "y": 491.2923278808594,
        "z": 4159.68701171875
    },
    {
        "color": 4294967295,
        "name": "Generic Point 24",
        "x": 4622.60791015625,
        "y": 523.8145751953125,
        "z": 3648.14990234375
    },
    {
        "color": 4294967295,
        "name": "Generic Point 25",
        "x": 4828.5966796875,
        "y": 440.06146240234375,
        "z": 3626.90673828125
    },
    {
        "color": 4294967295,
        "name": "Generic Point 26",
        "x": 4635.001953125,
        "y": 571.865478515625,
        "z": 4069.81201171875
    },
    {
        "color": 4294967295,
        "name": "Generic Point 27",
        "x": 4791.6416015625,
        "y": 555.7723999023438,
        "z": 3916.14697265625
    },
    {
        "color": 4294967295,
        "name": "Generic Point 28",
        "x": 4722.6787109375,
        "y": 646.6124267578125,
        "z": 3902.988037109375
    },
    {
        "color": 4294967295,
        "name": "Generic Point 29",
        "x": 4852.21728515625,
        "y": 532.7584228515625,
        "z": 4025.411865234375
    },
    {
        "color": 4294967295,
        "name": "Generic Point 3",
        "x": 4668.55419921875,
        "y": 556.7321166992188,
        "z": 5205.0185546875
    },
    {
        "color": 4294967295,
        "name": "Generic Point 30",
        "x": 4858.853515625,
        "y": 490.975830078125,
        "z": 3959.3369140625
    },
    {
        "color": 4294967295,
        "name": "Generic Point 31",
        "x": 5009.91748046875,
        "y": 455.6319885253906,
        "z": 4664.11083984375
    },
    {
        "color": 4294967295,
        "name": "Generic Point 32",
        "x": 4781.2666015625,
        "y": 439.8289489746094,
        "z": 4613.080078125
    },
    {
        "color": 4294967295,
        "name": "Generic Point 33",
        "x": 4915.2001953125,
        "y": 533.4158325195312,
        "z": 4436.080078125
    },
    {
        "color": 4294967295,
        "name": "Generic Point 34",
        "x": 4537.15576171875,
        "y": 440.10137939453125,
        "z": 4193.61376953125
    },
    {
        "color": 4294967295,
        "name": "Generic Point 35",
        "x": 4343.982421875,
        "y": 567.0722045898438,
        "z": 3942.867919921875
    },
    {
        "color": 4294967295,
        "name": "Generic Point 36",
        "x": 4398.095703125,
        "y": 540.2827758789062,
        "z": 3720.002197265625
    },
    {
        "color": 4294967295,
        "name": "Generic Point 37",
        "x": 4463.34326171875,
        "y": 541.610107421875,
        "z": 3869.830810546875
    },
    {
        "color": 4294967295,
        "name": "Generic Point 4",
        "x": 4724.3427734375,
        "y": 417.1780090332031,
        "z": 4678.9873046875
    },
    {
        "color": 4294967295,
        "name": "Generic Point 5",
        "x": 4042.55908203125,
        "y": 410.00469970703125,
        "z": 4413.73486328125
    },
    {
        "color": 4294967295,
        "name": "Generic Point 6",
        "x": 4756.6484375,
        "y": 502.9541320800781,
        "z": 4432.03564453125
    },
    {
        "color": 4294967295,
        "name": "Generic Point 7",
        "x": 4737.73876953125,
        "y": 544.6288452148438,
        "z": 4298.00830078125
    },
    {
        "color": 4294967295,
        "name": "Generic Point 8",
        "x": 4666.50927734375,
        "y": 569.6007080078125,
        "z": 4045.853515625
    },
    {
        "color": 4294967295,
        "name": "Generic Point 9",
        "x": 4743.04296875,
        "y": 557.7918701171875,
        "z": 4012.23779296875
    }
]