[
    {
        "color": 4294967295,
        "name": "Generic Point 0",
        "x": 1378.9249267578125,
        "y": 277.77178955078125,
        "z": -1114.9371337890625
    },
    {
        "color": 4294967295,
        "name": "Generic Point 1",
        "x": 1039.41455078125,
        "y": 447.83441162109375,
        "z": -810.3245849609375
    },
    {
        "color": 4294967295,
        "name": "Generic Point 10",
        "x": 842.732421875,
        "y": 326.0896301269531,
        "z": -656.6259765625
    },
    {
        "color": 4294967295,
        "name": "Generic Point 2",
        "x": 1107.2347412109375,
        "y": 383.5719299316406,
        "z": -1002.7213745117188
    },
    {
        "color": 4294967295,
        "name": "Generic Point 3",
        "x": 1340.0989990234375,
        "y": 269.2762451171875,
        "z": -1171.9598388671875
    },
    {
        "color": 4294967295,
        "name": "Generic Point 4",
        "x": 1225.2708740234375,
        "y": 386.86419677734375,
        "z": -713.9644775390625
    },
    {
        "color": 4294967295,
        "name": "Generic Point 5",
        "x": 1196.41064453125,
        "y": 418.3086853027344,
        "z": -684.7076416015625
    },
    {
        "color": 4294967295,
        "name": "Generic Point 6",
        "x": 1149.71728515625,
        "y": 271.0437927246094,
        "z": -529.9690551757812
    },
    {
        "color": 4294967295,
        "name": "Generic Point 7",
        "x": 933.8970336914062,
        "y": 366.3258056640625,
        "z": -684.4619140625
    },
    {
        "color": 4294967295,
        "name": "Generic Point 8",
        "x": 1011.3025512695312,
        "y": 408.680419921875,
        "z": -1022.6116333007812
    },
    {
        "color": 4294967295,
        "name": "Generic Point 9",
        "x": 904.146484375,
        "y": 420.59454345703125,
        "z": -852.3462524414062
    }
]