[
    {
        "color": 4294967295,
        "name": "Generic Point 0",
        "x": 1079.3602294921875,
        "y": 339.6773681640625,
        "z": -511.96356201171875
    },
    {
        "color": 4294967295,
        "name": "Generic Point 1",
        "x": 889.8031005859375,
        "y": 282.291259765625,
        "z": -332.2989501953125
    },
    {
        "color": 4294967295,
        "name": "Generic Point 2",
        "x": 914.4581909179688,
        "y": 387.18292236328125,
        "z": -727.052734375
    },
    {
        "color": 4294967295,
        "name": "Generic Point 3",
        "x": 935.9830322265625,
        "y": 342.16424560546875,
        "z": -831.938232421875
    },
    {
        "color": 4294967295,
        "name": "Generic Point 4",
        "x": 823.5820922851562,
        "y": 299.8213806152344,
        "z": -952.484130859375
    },
    {
        "color": 4294967295,
        "name": "Generic Point 5",
        "x": 965.0237426757812,
        "y": 616.7872924804688,
        "z": -878.1155395507812
    },
    {
        "color": 4294967295,
        "name": "Generic Point 6",
        "x": 1073.912109375,
        "y": 532.7669677734375,
        "z": -935.241943359375
    },
    {
        "color": 4294967295,
        "name": "Generic Point 7",
        "x": 584.5437622070312,
        "y": 200.39004516601562,
        "z": -1204.3133544921875
    }
]