[
    {
        "color": 4294967295,
        "name": "Generic Point 0",
        "x": -339.8721008300781,
        "y": 152.2011260986328,
        "z": 6065.90673828125
    },
    {
        "color": 4294967295,
        "name": "Generic Point 1",
        "x": 654.708251953125,
        "y": 331.3643493652344,
        "z": 6146.70849609375
    },
    {
        "color": 4294967295,
        "name": "Generic Point 10",
        "x": 521.6259765625,
        "y": 378.86376953125,
        "z": 6141.580078125
    },
    {
        "color": 4294967295,
        "name": "Generic Point 11",
        "x": 505.42791748046875,
        "y": 352.5340270996094,
        "z": 6200.88330078125
    },
    {
        "color": 4294967295,
        "name": "Generic Point 12",
        "x": 507.248779296875,
        "y": 335.50274658203125,
        "z": 6195.939453125
    },
    {
        "color": 4294967295,
        "name": "Generic Point 13",
        "x": 499.428955078125,
        "y": 271.13031005859375,
        "z": 6309.38134765625
    },
    {
        "color": 4294967295,
        "name": "Generic Point 14",
        "x": 569.5994873046875,
        "y": 294.0459289550781,
        "z": 6600.93603515625
    },
    {
        "color": 4294967295,
        "name": "Generic Point 15",
        "x": 583.9119262695312,
        "y": 322.2146301269531,
        "z": 6648.8564453125
    },
    {
        "color": 4294967295,
        "name": "Generic Point 16",
        "x": 667.2821655273438,
        "y": 171.23260498046875,
        "z": 6620.44580078125
    },
    {
        "color": 4294967295,
        "name": "Generic Point 17",
        "x": 668.4513549804688,
        "y": 170.91854858398438,
        "z": 6621.01123046875
    },
    {
        "color": 4294967295,
        "name": "Generic Point 18",
        "x": -191.52505493164062,
        "y": 182.84230041503906,
        "z": 6156.3876953125
    },
    {
        "color": 4294967295,
        "name": "Generic Point 19",
        "x": 619.797607421875,
        "y": 390.7048645019531,
        "z": 6579.80859375
    },
    {
        "color": 4294967295,
        "name": "Generic Point 2",
        "x": 479.5599060058594,
        "y": 417.0549011230469,
        "z": 5941.22265625
    },
    {
        "color": 4294967295,
        "name": "Generic Point 20",
        "x": 828.861572265625,
        "y": 409.380126953125,
        "z": 6229.57275390625
    },
    {
        "color": 4294967295,
        "name": "Generic Point 21",
        "x": 772.444091796875,
        "y": 401.86932373046875,
        "z": 6328.3271484375
    },
    {
        "color": 4294967295,
        "name": "Generic Point 22",
        "x": 745.7615966796875,
        "y": 392.4126892089844,
        "z": 6370.9365234375
    },
    {
        "color": 4294967295,
        "name": "Generic Point 23",
        "x": 663.0886840820312,
        "y": 363.1646423339844,
        "z": 6358.72021484375
    },
    {
        "color": 4294967295,
        "name": "Generic Point 24",
        "x": 661.0476684570312,
        "y": 327.7705078125,
        "z": 6316.75390625
    },
    {
        "color": 4294967295,
        "name": "Generic Point 25",
        "x": 801.9292602539062,
        "y": 295.0244445800781,
        "z": 6250.6513671875
    },
    {
        "color": 4294967295,
        "name": "Generic Point 26",
        "x": 372.7045593261719,
        "y": 325.2283935546875,
        "z": 6847.2314453125
    },
    {
        "color": 4294967295,
        "name": "Generic Point 27",
        "x": 324.4007263183594,
        "y": 275.2908630371094,
        "z": 6745.8984375
    },
    {
        "color": 4294967295,
        "name": "Generic Point 28",
        "x": 542.0667724609375,
        "y": 252.41786193847656,
        "z": 6005.2509765625
    },
    {
        "color": 4294967295,
        "name": "Generic Point 29",
        "x": 261.162353515625,
        "y": 254.96910095214844,
        "z": 6672.52783203125
    },
    {
        "color": 4294967295,
        "name": "Generic Point 3",
        "x": 495.13531494140625,
        "y": 570.8076171875,
        "z": 5461.65234375
    },
    {
        "color": 4294967295,
        "name": "Generic Point 30",
        "x": 200.76089477539062,
        "y": 256.19940185546875,
        "z": 6750.43359375
    },
    {
        "color": 4294967295,
        "name": "Generic Point 31",
        "x": 364.1737365722656,
        "y": 353.99224853515625,
        "z": 6895.19140625
    },
    {
        "color": 4294967295,
        "name": "Generic Point 32",
        "x": 418.8856201171875,
        "y": 304.0433044433594,
        "z": 6889.7021484375
    },
    {
        "color": 4294967295,
        "name": "Generic Point 33",
        "x": 453.0361633300781,
        "y": 350.6297302246094,
        "z": 6869.82421875
    },
    {
        "color": 4294967295,
        "name": "Generic Point 34",
        "x": 523.5155639648438,
        "y": 309.6339111328125,
        "z": 6806.703125
    },
    {
        "color": 4294967295,
        "name": "Generic Point 35",
        "x": 661.9588012695312,
        "y": 286.6347351074219,
        "z": 6780.17333984375
    },
    {
        "color": 4294967295,
        "name": "Generic Point 36",
        "x": 544.6686401367188,
        "y": 414.7442321777344,
        "z": 6919.62890625
    },
    {
        "color": 4294967295,
        "name": "Generic Point 37",
        "x": 507.05291748046875,
        "y": 405.3794250488281,
        "z": 6903.71923828125
    },
    {
        "color": 4294967295,
        "name": "Generic Point 38",
        "x": 326.4571228027344,
        "y": 206.43666076660156,
        "z": 6176.62109375
    },
    {
        "color": 4294967295,
        "name": "Generic Point 39",
        "x": 462.25286865234375,
        "y": 393.6511535644531,
        "z": 6940.95068359375
    },
    {
        "color": 4294967295,
        "name": "Generic Point 4",
        "x": 408.8919372558594,
        "y": 344.4786376953125,
        "z": 5661.19580078125
    },
    {
        "color": 4294967295,
        "name": "Generic Point 40",
        "x": 419.9569091796875,
        "y": 279.3622741699219,
        "z": 6745.54736328125
    },
    {
        "color": 4294967295,
        "name": "Generic Point 41",
        "x": 431.56793212890625,
        "y": 252.92376708984375,
        "z": 6665.5458984375
    },
    {
        "color": 4294967295,
        "name": "Generic Point 42",
        "x": 566.11181640625,
        "y": 216.3592071533203,
        "z": 6770.20849609375
    },
    {
        "color": 4294967295,
        "name": "Generic Point 43",
        "x": 307.581298828125,
        "y": 258.49090576171875,
        "z": 6545.892578125
    },
    {
        "color": 4294967295,
        "name": "Generic Point 44",
        "x": 72.48422241210938,
        "y": 219.20852661132812,
        "z": 6229.8349609375
    },
    {
        "color": 4294967295,
        "name": "Generic Point 45",
        "x": 136.62477111816406,
        "y": 257.3624572753906,
        "z": 6285.044921875
    },
    {
        "color": 4294967295,
        "name": "Generic Point 46",
        "x": 329.6208801269531,
        "y": 270.806396484375,
        "z": 6438.4267578125
    },
    {
        "color": 4294967295,
        "name": "Generic Point 47",
        "x": 285.2576904296875,
        "y": 269.5566711425781,
        "z": 6300.47216796875
    },
    {
        "color": 4294967295,
        "name": "Generic Point 48",
        "x": 243.07115173339844,
        "y": 299.8067932128906,
        "z": 6254.9287109375
    },
    {
        "color": 4294967295,
        "name": "Generic Point 49",
        "x": 202.00250244140625,
        "y": 326.3962707519531,
        "z": 6086.9794921875
    },
    {
        "color": 4294967295,
        "name": "Generic Point 5",
        "x": 444.1859130859375,
        "y": 338.9767150878906,
        "z": 5583.40478515625
    },
    {
        "color": 4294967295,
        "name": "Generic Point 50",
        "x": 357.68548583984375,
        "y": 279.1243896484375,
        "z": 6275.591796875
    },
    {
        "color": 4294967295,
        "name": "Generic Point 51",
        "x": 386.1372985839844,
        "y": 230.1289520263672,
        "z": 6404.6904296875
    },
    {
        "color": 4294967295,
        "name": "Generic Point 52",
        "x": 430.31298828125,
        "y": 330.2229309082031,
        "z": 6217.0400390625
    },
    {
        "color": 4294967295,
        "name": "Generic Point 53",
        "x": 455.2930908203125,
        "y": 213.43463134765625,
        "z": 6443.431640625
    },
    {
        "color": 4294967295,
        "name": "Generic Point 54",
        "x": 510.41522216796875,
        "y": 140.93258666992188,
        "z": 6651.36376953125
    },
    {
        "color": 4294967295,
        "name": "Generic Point 55",
        "x": 496.4020690917969,
        "y": 138.3777313232422,
        "z": 6647.01123046875
    },
    {
        "color": 4294967295,
        "name": "Generic Point 56",
        "x": 559.9674072265625,
        "y": 146.77664184570312,
        "z": 6564.7939453125
    },
    {
        "color": 4294967295,
        "name": "Generic Point 57",
        "x": 465.1655578613281,
        "y": -26.971012115478516,
        "z": 6249.2724609375
    },
    {
        "color": 4294967295,
        "name": "Generic Point 58",
        "x": 265.9173278808594,
        "y": 269.80975341796875,
        "z": 6142.34130859375
    },
    {
        "color": 4294967295,
        "name": "Generic Point 59",
        "x": 480.82080078125,
        "y": -8.809203147888184,
        "z": 6116.67529296875
    },
    {
        "color": 4294967295,
        "name": "Generic Point 6",
        "x": 698.729736328125,
        "y": 386.2105712890625,
        "z": 5406.9384765625
    },
    {
        "color": 4294967295,
        "name": "Generic Point 60",
        "x": 420.7008972167969,
        "y": 60.7086067199707,
        "z": 6016.279296875
    },
    {
        "color": 4294967295,
        "name": "Generic Point 61",
        "x": 346.57733154296875,
        "y": 123.74381256103516,
        "z": 6326.09375
    },
    {
        "color": 4294967295,
        "name": "Generic Point 62",
        "x": 377.6151428222656,
        "y": 118.94511413574219,
        "z": 6283.6220703125
    },
    {
        "color": 4294967295,
        "name": "Generic Point 63",
        "x": 387.417236328125,
        "y": 151.08900451660156,
        "z": 6281.63427734375
    },
    {
        "color": 4294967295,
        "name": "Generic Point 64",
        "x": 533.7979736328125,
        "y": 126.25418853759766,
        "z": 6299.404296875
    },
    {
        "color": 4294967295,
        "name": "Generic Point 65",
        "x": 541.46875,
        "y": 121.58353424072266,
        "z": 6313.49072265625
    },
    {
        "color": 4294967295,
        "name": "Generic Point 66",
        "x": 557.3564453125,
        "y": 147.2062530517578,
        "z": 6257.869140625
    },
    {
        "color": 4294967295,
        "name": "Generic Point 67",
        "x": 586.4891357421875,
        "y": 121.1947021484375,
        "z": 6316.9931640625
    },
    {
        "color": 4294967295,
        "name": "Generic Point 68",
        "x": 573.593505859375,
        "y": 110.45024871826172,
        "z": 6322.31298828125
    },
    {
        "color": 4294967295,
        "name": "Generic Point 69",
        "x": 136.33436584472656,
        "y": 251.330322265625,
        "z": 6134.6650390625
    },
    {
        "color": 4294967295,
        "name": "Generic Point 7",
        "x": 663.5255737304688,
        "y": 369.3993835449219,
        "z": 6163.09814453125
    },
    {
        "color": 4294967295,
        "name": "Generic Point 70",
        "x": 592.2952270507812,
        "y": 131.6277618408203,
        "z": 6356.73095703125
    },
    {
        "color": 4294967295,
        "name": "Generic Point 71",
        "x": 1076.9000244140625,
        "y": 139.69467163085938,
        "z": 6374.3701171875
    },
    {
        "color": 4294967295,
        "name": "Generic Point 72",
        "x": 966.466796875,
        "y": 136.9966583251953,
        "z": 6413.48388671875
    },
    {
        "color": 4294967295,
        "name": "Generic Point 73",
        "x": 916.2661743164062,
        "y": 115.44002532958984,
        "z": 6499.091796875
    },
    {
        "color": 4294967295,
        "name": "Generic Point 74",
        "x": 913.9132080078125,
        "y": 100.33726501464844,
        "z": 6474.77197265625
    },
    {
        "color": 4294967295,
        "name": "Generic Point 75",
        "x": 897.3704833984375,
        "y": 125.94380187988281,
        "z": 6485.98876953125
    },
    {
        "color": 4294967295,
        "name": "Generic Point 76",
        "x": 1142.3040771484375,
        "y": 92.85540008544922,
        "z": 6504.1396484375
    },
    {
        "color": 4294967295,
        "name": "Generic Point 77",
        "x": 1217.619384765625,
        "y": 104.33586120605469,
        "z": 6572.9052734375
    },
    {
        "color": 4294967295,
        "name": "Generic Point 78",
        "x": 830.4227294921875,
        "y": 340.84881591796875,
        "z": 6496.98388671875
    },
    {
        "color": 4294967295,
        "name": "Generic Point 79",
        "x": 340.226318359375,
        "y": 360.9280090332031,
        "z": 6094.48388671875
    },
    {
        "color": 4294967295,
        "name": "Generic Point 8",
        "x": 563.7633056640625,
        "y": 317.3354187011719,
        "z": 5861.248046875
    },
    {
        "color": 4294967295,
        "name": "Generic Point 80",
        "x": 795.3299560546875,
        "y": 313.4599609375,
        "z": 6619.22509765625
    },
    {
        "color": 4294967295,
        "name": "Generic Point 81",
        "x": 881.0573120117188,
        "y": 210.74063110351562,
        "z": 6721.43310546875
    },
    {
        "color": 4294967295,
        "name": "Generic Point 82",
        "x": 802.5573120117188,
        "y": 294.912841796875,
        "z": 6250.00927734375
    },
    {
        "color": 4294967295,
        "name": "Generic Point 83",
        "x": 1128.558837890625,
        "y": 203.77825927734375,
        "z": 6816.8857421875
    },
    {
        "color": 4294967295,
        "name": "Generic Point 84",
        "x": 784.4065551757812,
        "y": 244.82191467285156,
        "z": 6058.0087890625
    },
    {
        "color": 4294967295,
        "name": "Generic Point 85",
        "x": 947.3414306640625,
        "y": 185.2022247314453,
        "z": 6047.89306640625
    },
    {
        "color": 4294967295,
        "name": "Generic Point 86",
        "x": 876.482421875,
        "y": 186.9694061279297,
        "z": 6022.6279296875
    },
    {
        "color": 4294967295,
        "name": "Generic Point 87",
        "x": 535.9793701171875,
        "y": 354.9974670410156,
        "z": 6131.72412109375
    },
    {
        "color": 4294967295,
        "name": "Generic Point 88",
        "x": 800.2256469726562,
        "y": 205.80628967285156,
        "z": 5989.30810546875
    },
    {
        "color": 4294967295,
        "name": "Generic Point 89",
        "x": 934.1852416992188,
        "y": 312.40509033203125,
        "z": 5509.5546875
    },
    {
        "color": 4294967295,
        "name": "Generic Point 9",
        "x": 580.2090454101562,
        "y": 278.8407897949219,
        "z": 5662.65576171875
    },
    {
        "color": 4294967295,
        "name": "Generic Point 90",
        "x": 905.96337890625,
        "y": 363.8185729980469,
        "z": 5758.53515625
    },
    {
        "color": 4294967295,
        "name": "Generic Point 91",
        "x": 1035.6292724609375,
        "y": 509.2362365722656,
        "z": 5816.521484375
    },
    {
        "color": 4294967295,
        "name": "Generic Point 92",
        "x": 936.5137939453125,
        "y": 422.9902648925781,
        "z": 5914.79248046875
    },
    {
        "color": 4294967295,
        "name": "Generic Point 93",
        "x": 956.9188842773438,
        "y": 356.7212219238281,
        "z": 5952.7587890625
    },
    {
        "color": 4294967295,
        "name": "Generic Point 94",
        "x": 678.3353881835938,
        "y": 228.27796936035156,
        "z": 6464.51513671875
    },
    {
        "color": 4294967295,
        "name": "Generic Point 95",
        "x": 418.20257568359375,
        "y": 378.53338623046875,
        "z": 5840.65625
    }
]