[
    {
        "color": 4294967295,
        "name": "Generic Point 0",
        "x": -1959.9364013671875,
        "y": 224.30027770996094,
        "z": 3265.52099609375
    },
    {
        "color": 4294967295,
        "name": "Generic Point 1",
        "x": -994.5010375976562,
        "y": 214.87109375,
        "z": 3768.787353515625
    },
    {
        "color": 4294967295,
        "name": "Generic Point 10",
        "x": -1484.442138671875,
        "y": 221.86863708496094,
        "z": 3133.8857421875
    },
    {
        "color": 4294967295,
        "name": "Generic Point 11",
        "x": -1289.2860107421875,
        "y": 184.8698272705078,
        "z": 3307.295166015625
    },
    {
        "color": 4294967295,
        "name": "Generic Point 2",
        "x": -919.5338745117188,
        "y": 312.4134826660156,
        "z": 3325.624755859375
    },
    {
        "color": 4294967295,
        "name": "Generic Point 3",
        "x": -692.7400512695312,
        "y": 218.79945373535156,
        "z": 3522.71435546875
    },
    {
        "color": 4294967295,
        "name": "Generic Point 4",
        "x": -425.9612121582031,
        "y": 215.03773498535156,
        "z": 3764.31689453125
    },
    {
        "color": 4294967295,
        "name": "Generic Point 5",
        "x": -1148.6851806640625,
        "y": 262.7185974121094,
        "z": 2505.151123046875
    },
    {
        "color": 4294967295,
        "name": "Generic Point 6",
        "x": 531.7005615234375,
        "y": 98.31605529785156,
        "z": 2502.95947265625
    },
    {
        "color": 4294967295,
        "name": "Generic Point 7",
        "x": -1836.997802734375,
        "y": 359.1706237792969,
        "z": 3542.82080078125
    },
    {
        "color": 4294967295,
        "name": "Generic Point 8",
        "x": -1656.386474609375,
        "y": 199.03060913085938,
        "z": 3478.38232421875
    },
    {
        "color": 4294967295,
        "name": "Generic Point 9",
        "x": -1409.270751953125,
        "y": 256.841552734375,
        "z": 3829.608154296875
    }
]