[
    {
        "color": 4294967295,
        "name": "Generic Point 0",
        "x": 285.45,
        "y": 227.44,
        "z": 918.15
    },
    {
        "color": 4294967295,
        "name": "Generic Point 1",
        "x": 337.83,
        "y": 220.53,
        "z": 967.67
    },
    {
        "color": 4294967295,
        "name": "Generic Point 2",
        "x": 397.17,
        "y": 198.52,
        "z": 957.46
    },
    {
        "color": 4294967295,
        "name": "Generic Point 3",
        "x": 342.94,
        "y": 215.91,
        "z": 820.01
    },
    {
        "color": 4294967295,
        "name": "Generic Point 4",
        "x": 402.94,
        "y": 190.28,
        "z": 809.14
    },
    {
        "color": 4294967295,
        "name": "Generic Point 5",
        "x": 440.83,
        "y": 186.98,
        "z": 854.99
    },
    {
        "color": 4294967295,
        "name": "Generic Point 6",
        "x": 452.5,
        "y": 217.17,
        "z": 893.25
    },
    {
        "color": 4294967295,
        "name": "Generic Point 7",
        "x": 457.13,
        "y": 207.63,
        "z": 810.97
    },
    {
        "color": 4294967295,
        "name": "Generic Point 8",
        "x": 296.65,
        "y": 202.83,
        "z": 856.58
    },
    {
        "color": 4294967295,
        "name": "Generic Point 9",
        "x": 397.33,
        "y": 181.68,
        "z": 882.18
    }
]