[
    {
        "color": 4294967295,
        "name": "Generic Point 0",
        "x": -2596.737548828125,
        "y": 202.60552978515625,
        "z": -3703.250244140625
    },
    {
        "color": 4294967295,
        "name": "Generic Point 1",
        "x": -6300.166015625,
        "y": 232.18882751464844,
        "z": -2961.09130859375
    },
    {
        "color": 4294967295,
        "name": "Generic Point 10",
        "x": -6092.720703125,
        "y": 213.0059356689453,
        "z": -2878.9248046875
    },
    {
        "color": 4294967295,
        "name": "Generic Point 11",
        "x": -6269.31494140625,
        "y": 205.93212890625,
        "z": -3058.366943359375
    },
    {
        "color": 4294967295,
        "name": "Generic Point 12",
        "x": -6054.1298828125,
        "y": 208.34640502929688,
        "z": -2907.25732421875
    },
    {
        "color": 4294967295,
        "name": "Generic Point 13",
        "x": -6003.859375,
        "y": 216.69834899902344,
        "z": -2917.2470703125
    },
    {
        "color": 4294967295,
        "name": "Generic Point 14",
        "x": -6223.79248046875,
        "y": 237.4933624267578,
        "z": -2457.96923828125
    },
    {
        "color": 4294967295,
        "name": "Generic Point 15",
        "x": -6216.6513671875,
        "y": 230.79769897460938,
        "z": -2476.898681640625
    },
    {
        "color": 4294967295,
        "name": "Generic Point 16",
        "x": -6209.8447265625,
        "y": 224.6131134033203,
        "z": -2504.90576171875
    },
    {
        "color": 4294967295,
        "name": "Generic Point 17",
        "x": -6239.8984375,
        "y": 235.87271118164062,
        "z": -2476.001953125
    },
    {
        "color": 4294967295,
        "name": "Generic Point 18",
        "x": -6268.40771484375,
        "y": 240.80520629882812,
        "z": -2480.740966796875
    },
    {
        "color": 4294967295,
        "name": "Generic Point 19",
        "x": -6197.60400390625,
        "y": 226.78836059570312,
        "z": -2458.87060546875
    },
    {
        "color": 4294967295,
        "name": "Generic Point 2",
        "x": -6308.56689453125,
        "y": 220.90451049804688,
        "z": -2961.210693359375
    },
    {
        "color": 4294967295,
        "name": "Generic Point 20",
        "x": -6166.80419921875,
        "y": 224.1943359375,
        "z": -2450.75927734375
    },
    {
        "color": 4294967295,
        "name": "Generic Point 21",
        "x": -6223.00341796875,
        "y": 237.67495727539062,
        "z": -2457.33740234375
    },
    {
        "color": 4294967295,
        "name": "Generic Point 22",
        "x": -6266.85791015625,
        "y": 209.8065948486328,
        "z": -3019.63818359375
    },
    {
        "color": 4294967295,
        "name": "Generic Point 23",
        "x": -5978.85205078125,
        "y": 216.41250610351562,
        "z": -2559.410400390625
    },
    {
        "color": 4294967295,
        "name": "Generic Point 24",
        "x": -5985.46435546875,
        "y": 214.121337890625,
        "z": -2570.92529296875
    },
    {
        "color": 4294967295,
        "name": "Generic Point 25",
        "x": -5976.82421875,
        "y": 194.78350830078125,
        "z": -2593.446533203125
    },
    {
        "color": 4294967295,
        "name": "Generic Point 26",
        "x": -5953.71923828125,
        "y": 196.87123107910156,
        "z": -2578.23388671875
    },
    {
        "color": 4294967295,
        "name": "Generic Point 27",
        "x": -5993.48779296875,
        "y": 189.5021514892578,
        "z": -2582.28662109375
    },
    {
        "color": 4294967295,
        "name": "Generic Point 28",
        "x": -5987.658203125,
        "y": 179.49526977539062,
        "z": -2566.626708984375
    },
    {
        "color": 4294967295,
        "name": "Generic Point 29",
        "x": -5980.01220703125,
        "y": 216.3208770751953,
        "z": -2560.19677734375
    },
    {
        "color": 4294967295,
        "name": "Generic Point 3",
        "x": -6311.69091796875,
        "y": 217.4490203857422,
        "z": -2972.431640625
    },
    {
        "color": 4294967295,
        "name": "Generic Point 30",
        "x": -5976.28271484375,
        "y": 179.59310913085938,
        "z": -2582.0029296875
    },
    {
        "color": 4294967295,
        "name": "Generic Point 31",
        "x": -6352.56787109375,
        "y": 249.61538696289062,
        "z": -2783.837646484375
    },
    {
        "color": 4294967295,
        "name": "Generic Point 32",
        "x": -6276.96533203125,
        "y": 211.6600341796875,
        "z": -3001.476318359375
    },
    {
        "color": 4294967295,
        "name": "Generic Point 33",
        "x": -3111.030517578125,
        "y": 246.8873748779297,
        "z": -4508.41748046875
    },
    {
        "color": 4294967295,
        "name": "Generic Point 34",
        "x": -6269.80029296875,
        "y": 222.43350219726562,
        "z": -2951.766845703125
    },
    {
        "color": 4294967295,
        "name": "Generic Point 35",
        "x": -6237.0322265625,
        "y": 235.9925537109375,
        "z": -2944.755615234375
    },
    {
        "color": 4294967295,
        "name": "Generic Point 36",
        "x": -6237.51025390625,
        "y": 238.7220458984375,
        "z": -2933.84130859375
    },
    {
        "color": 4294967295,
        "name": "Generic Point 37",
        "x": -6249.38037109375,
        "y": 232.718017578125,
        "z": -2948.807861328125
    },
    {
        "color": 4294967295,
        "name": "Generic Point 38",
        "x": -6253.71435546875,
        "y": 232.51747131347656,
        "z": -2955.43505859375
    },
    {
        "color": 4294967295,
        "name": "Generic Point 39",
        "x": -6278.16015625,
        "y": 222.8878631591797,
        "z": -2946.46630859375
    },
    {
        "color": 4294967295,
        "name": "Generic Point 4",
        "x": -6237.35498046875,
        "y": 239.2400665283203,
        "z": -2933.447998046875
    },
    {
        "color": 4294967295,
        "name": "Generic Point 5",
        "x": -6002.42724609375,
        "y": 216.74771118164062,
        "z": -2917.239013671875
    },
    {
        "color": 4294967295,
        "name": "Generic Point 6",
        "x": -6015.6865234375,
        "y": 211.8955078125,
        "z": -2909.452392578125
    },
    {
        "color": 4294967295,
        "name": "Generic Point 7",
        "x": -6034.208984375,
        "y": 206.98696899414062,
        "z": -2894.85693359375
    },
    {
        "color": 4294967295,
        "name": "Generic Point 8",
        "x": -6052.2724609375,
        "y": 208.3290557861328,
        "z": -2878.1396484375
    },
    {
        "color": 4294967295,
        "name": "Generic Point 9",
        "x": -6051.54150390625,
        "y": 219.58265686035156,
        "z": -2857.809326171875
    }
]