[
    {
        "color": 4294967295,
        "name": "Generic Point 0",
        "x": 1595.3643798828125,
        "y": 289.18060302734375,
        "z": -1136.508544921875
    },
    {
        "color": 4294967295,
        "name": "Generic Point 1",
        "x": -622.7130737304688,
        "y": 366.688720703125,
        "z": 523.808837890625
    },
    {
        "color": 4294967295,
        "name": "Generic Point 10",
        "x": 1459.2218017578125,
        "y": 268.96844482421875,
        "z": -573.686279296875
    },
    {
        "color": 4294967295,
        "name": "Generic Point 11",
        "x": 657.550048828125,
        "y": 205.486328125,
        "z": -57.158172607421875
    },
    {
        "color": 4294967295,
        "name": "Generic Point 12",
        "x": 1235.8631591796875,
        "y": 294.9049377441406,
        "z": -556.3049926757812
    },
    {
        "color": 4294967295,
        "name": "Generic Point 13",
        "x": 1161.9356689453125,
        "y": 271.1497497558594,
        "z": -410.53253173828125
    },
    {
        "color": 4294967295,
        "name": "Generic Point 14",
        "x": 860.8408203125,
        "y": 326.7720642089844,
        "z": -486.1957702636719
    },
    {
        "color": 4294967295,
        "name": "Generic Point 15",
        "x": 1766.8099365234375,
        "y": 256.6588134765625,
        "z": 547.35302734375
    },
    {
        "color": 4294967295,
        "name": "Generic Point 16",
        "x": 926.3286743164062,
        "y": 381.3418884277344,
        "z": -705.2353515625
    },
    {
        "color": 4294967295,
        "name": "Generic Point 17",
        "x": 1037.0860595703125,
        "y": 473.3934326171875,
        "z": -795.8040771484375
    },
    {
        "color": 4294967295,
        "name": "Generic Point 18",
        "x": -680.5052490234375,
        "y": 239.06002807617188,
        "z": 1998.619873046875
    },
    {
        "color": 4294967295,
        "name": "Generic Point 19",
        "x": -785.0403442382812,
        "y": 163.511962890625,
        "z": 2017.997314453125
    },
    {
        "color": 4294967295,
        "name": "Generic Point 2",
        "x": -87.35891723632812,
        "y": 204.4780731201172,
        "z": -665.1369018554688
    },
    {
        "color": 4294967295,
        "name": "Generic Point 20",
        "x": 629.9125366210938,
        "y": 331.6734619140625,
        "z": -255.24896240234375
    },
    {
        "color": 4294967295,
        "name": "Generic Point 21",
        "x": -760.2628784179688,
        "y": 144.18043518066406,
        "z": 1918.180908203125
    },
    {
        "color": 4294967295,
        "name": "Generic Point 22",
        "x": 442.49267578125,
        "y": 201.13748168945312,
        "z": -473.770751953125
    },
    {
        "color": 4294967295,
        "name": "Generic Point 23",
        "x": -870.932861328125,
        "y": 128.10464477539062,
        "z": 1760.9754638671875
    },
    {
        "color": 4294967295,
        "name": "Generic Point 24",
        "x": -728.0130615234375,
        "y": 210.03228759765625,
        "z": 1470.0826416015625
    },
    {
        "color": 4294967295,
        "name": "Generic Point 25",
        "x": -581.7351684570312,
        "y": 141.94528198242188,
        "z": 1701.7501220703125
    },
    {
        "color": 4294967295,
        "name": "Generic Point 26",
        "x": -283.5804443359375,
        "y": 295.0008239746094,
        "z": 1657.09130859375
    },
    {
        "color": 4294967295,
        "name": "Generic Point 27",
        "x": 1444.0660400390625,
        "y": 252.68638610839844,
        "z": 483.11785888671875
    },
    {
        "color": 4294967295,
        "name": "Generic Point 28",
        "x": -11.939010620117188,
        "y": 272.1202392578125,
        "z": 255.72906494140625
    },
    {
        "color": 4294967295,
        "name": "Generic Point 29",
        "x": 1595.3594970703125,
        "y": 289.1738586425781,
        "z": -1136.533935546875
    },
    {
        "color": 4294967295,
        "name": "Generic Point 3",
        "x": 2915.51318359375,
        "y": 210.30535888671875,
        "z": 265.9466857910156
    },
    {
        "color": 4294967295,
        "name": "Generic Point 30",
        "x": 1463.361083984375,
        "y": 259.2713317871094,
        "z": -1437.111328125
    },
    {
        "color": 4294967295,
        "name": "Generic Point 31",
        "x": 2381.4638671875,
        "y": 228.17991638183594,
        "z": 37.0947265625
    },
    {
        "color": 4294967295,
        "name": "Generic Point 32",
        "x": 2581.84033203125,
        "y": 208.11561584472656,
        "z": 338.5721435546875
    },
    {
        "color": 4294967295,
        "name": "Generic Point 33",
        "x": 1176.28369140625,
        "y": 408.0119934082031,
        "z": -1023.5777587890625
    },
    {
        "color": 4294967295,
        "name": "Generic Point 34",
        "x": 1528.45751953125,
        "y": 211.63401794433594,
        "z": 844.79736328125
    },
    {
        "color": 4294967295,
        "name": "Generic Point 35",
        "x": 1558.8660888671875,
        "y": 228.4263916015625,
        "z": 1273.267578125
    },
    {
        "color": 4294967295,
        "name": "Generic Point 36",
        "x": 620.3204345703125,
        "y": 187.40896606445312,
        "z": 1185.765869140625
    },
    {
        "color": 4294967295,
        "name": "Generic Point 37",
        "x": 584.1614990234375,
        "y": 214.8952178955078,
        "z": 898.1046142578125
    },
    {
        "color": 4294967295,
        "name": "Generic Point 38",
        "x": 968.9008178710938,
        "y": 260.6750793457031,
        "z": -189.17799377441406
    },
    {
        "color": 4294967295,
        "name": "Generic Point 39",
        "x": 222.85516357421875,
        "y": 233.2507781982422,
        "z": 489.66119384765625
    },
    {
        "color": 4294967295,
        "name": "Generic Point 4",
        "x": 826.36376953125,
        "y": 200.36093139648438,
        "z": -1334.3692626953125
    },
    {
        "color": 4294967295,
        "name": "Generic Point 40",
        "x": 240.7872772216797,
        "y": 238.0945587158203,
        "z": 835.404541015625
    },
    {
        "color": 4294967295,
        "name": "Generic Point 41",
        "x": -247.1322021484375,
        "y": 265.7645263671875,
        "z": 295.5944519042969
    },
    {
        "color": 4294967295,
        "name": "Generic Point 42",
        "x": -505.25775146484375,
        "y": 229.2032470703125,
        "z": 369.8311767578125
    },
    {
        "color": 4294967295,
        "name": "Generic Point 43",
        "x": -665.009521484375,
        "y": 221.33758544921875,
        "z": 267.9181213378906
    },
    {
        "color": 4294967295,
        "name": "Generic Point 5",
        "x": 860.1179809570312,
        "y": 294.2455749511719,
        "z": -1006.6589965820312
    },
    {
        "color": 4294967295,
        "name": "Generic Point 6",
        "x": 1029.0137939453125,
        "y": 344.47552490234375,
        "z": -1013.1013793945312
    },
    {
        "color": 4294967295,
        "name": "Generic Point 7",
        "x": 764.8818969726562,
        "y": 409.83074951171875,
        "z": 1473.751708984375
    },
    {
        "color": 4294967295,
        "name": "Generic Point 8",
        "x": 1334.6435546875,
        "y": 298.2497863769531,
        "z": -1009.7954711914062
    },
    {
        "color": 4294967295,
        "name": "Generic Point 9",
        "x": 1268.3277587890625,
        "y": 381.7061767578125,
        "z": -844.2529296875
    }
]