[
    {
        "color": 4294967295,
        "name": "Generic Point 0",
        "x": -1904.943603515625,
        "y": 136.25498962402344,
        "z": 5314.919921875
    },
    {
        "color": 4294967295,
        "name": "Generic Point 1",
        "x": -2018.7393798828125,
        "y": 123.30513763427734,
        "z": 4873.130859375
    },
    {
        "color": 4294967295,
        "name": "Generic Point 10",
        "x": -2824.729736328125,
        "y": 76.3627700805664,
        "z": 5814.3173828125
    },
    {
        "color": 4294967295,
        "name": "Generic Point 11",
        "x": -1695.84228515625,
        "y": 277.6672058105469,
        "z": 3979.113037109375
    },
    {
        "color": 4294967295,
        "name": "Generic Point 12",
        "x": -2994.650390625,
        "y": 218.97836303710938,
        "z": 5635.43359375
    },
    {
        "color": 4294967295,
        "name": "Generic Point 13",
        "x": -2083.934814453125,
        "y": -24.797752380371094,
        "z": 5601.498046875
    },
    {
        "color": 4294967295,
        "name": "Generic Point 14",
        "x": -2511.33447265625,
        "y": -52.610416412353516,
        "z": 5703.54931640625
    },
    {
        "color": 4294967295,
        "name": "Generic Point 15",
        "x": -2144.5595703125,
        "y": -45.54907989501953,
        "z": 5919.61474609375
    },
    {
        "color": 4294967295,
        "name": "Generic Point 16",
        "x": -2181.026611328125,
        "y": 328.023193359375,
        "z": 4199.56884765625
    },
    {
        "color": 4294967295,
        "name": "Generic Point 17",
        "x": -2160.86376953125,
        "y": 40.822811126708984,
        "z": 5903.30859375
    },
    {
        "color": 4294967295,
        "name": "Generic Point 18",
        "x": -2628.047607421875,
        "y": 140.4795684814453,
        "z": 5014.0009765625
    },
    {
        "color": 4294967295,
        "name": "Generic Point 19",
        "x": -2591.3212890625,
        "y": 203.92654418945312,
        "z": 4661.5595703125
    },
    {
        "color": 4294967295,
        "name": "Generic Point 2",
        "x": -2200.71044921875,
        "y": -5.693105220794678,
        "z": 5257.15380859375
    },
    {
        "color": 4294967295,
        "name": "Generic Point 20",
        "x": -2920.720947265625,
        "y": 257.8125,
        "z": 4513.791015625
    },
    {
        "color": 4294967295,
        "name": "Generic Point 21",
        "x": -2949.20263671875,
        "y": 51.75117492675781,
        "z": 4566.55029296875
    },
    {
        "color": 4294967295,
        "name": "Generic Point 22",
        "x": -3045.852294921875,
        "y": 157.4151153564453,
        "z": 4632.59130859375
    },
    {
        "color": 4294967295,
        "name": "Generic Point 23",
        "x": -3294.78271484375,
        "y": 216.6187286376953,
        "z": 4587.15478515625
    },
    {
        "color": 4294967295,
        "name": "Generic Point 24",
        "x": -2794.865234375,
        "y": 43.927303314208984,
        "z": 4433.5986328125
    },
    {
        "color": 4294967295,
        "name": "Generic Point 25",
        "x": -3009.8466796875,
        "y": 14.810035705566406,
        "z": 4412.52294921875
    },
    {
        "color": 4294967295,
        "name": "Generic Point 26",
        "x": -3187.0341796875,
        "y": 74.27053833007812,
        "z": 4411.5703125
    },
    {
        "color": 4294967295,
        "name": "Generic Point 27",
        "x": -3166.49072265625,
        "y": 257.6405029296875,
        "z": 4777.388671875
    },
    {
        "color": 4294967295,
        "name": "Generic Point 28",
        "x": -3208.252685546875,
        "y": 262.98321533203125,
        "z": 4797.54345703125
    },
    {
        "color": 4294967295,
        "name": "Generic Point 29",
        "x": -3043.200439453125,
        "y": 261.53826904296875,
        "z": 4870.42236328125
    },
    {
        "color": 4294967295,
        "name": "Generic Point 3",
        "x": -2635.925048828125,
        "y": -60.77893829345703,
        "z": 5370.04736328125
    },
    {
        "color": 4294967295,
        "name": "Generic Point 30",
        "x": -2291.905517578125,
        "y": 75.9555892944336,
        "z": 4298.52978515625
    },
    {
        "color": 4294967295,
        "name": "Generic Point 31",
        "x": -2242.1025390625,
        "y": 61.20329666137695,
        "z": 4544.84521484375
    },
    {
        "color": 4294967295,
        "name": "Generic Point 32",
        "x": -2220.984619140625,
        "y": 67.04914093017578,
        "z": 4250.67333984375
    },
    {
        "color": 4294967295,
        "name": "Generic Point 33",
        "x": -1572.9627685546875,
        "y": 88.08879089355469,
        "z": 4951.103515625
    },
    {
        "color": 4294967295,
        "name": "Generic Point 34",
        "x": -2589.63330078125,
        "y": 234.2130126953125,
        "z": 4399.71630859375
    },
    {
        "color": 4294967295,
        "name": "Generic Point 35",
        "x": -2293.4130859375,
        "y": 71.59638977050781,
        "z": 4300.46484375
    },
    {
        "color": 4294967295,
        "name": "Generic Point 36",
        "x": -1981.97705078125,
        "y": 266.48095703125,
        "z": 4036.496826171875
    },
    {
        "color": 4294967295,
        "name": "Generic Point 37",
        "x": -2103.816162109375,
        "y": 193.4822998046875,
        "z": 4551.23046875
    },
    {
        "color": 4294967295,
        "name": "Generic Point 38",
        "x": -2221.234619140625,
        "y": 236.95542907714844,
        "z": 4585.50048828125
    },
    {
        "color": 4294967295,
        "name": "Generic Point 39",
        "x": -1954.5814208984375,
        "y": 296.20855712890625,
        "z": 4012.740966796875
    },
    {
        "color": 4294967295,
        "name": "Generic Point 4",
        "x": -2596.85546875,
        "y": 27.195419311523438,
        "z": 5302.6474609375
    },
    {
        "color": 4294967295,
        "name": "Generic Point 40",
        "x": -1764.8076171875,
        "y": 368.1279602050781,
        "z": 4225.3955078125
    },
    {
        "color": 4294967295,
        "name": "Generic Point 41",
        "x": -1681.74365234375,
        "y": 290.02264404296875,
        "z": 4202.12109375
    },
    {
        "color": 4294967295,
        "name": "Generic Point 5",
        "x": -2349.96337890625,
        "y": 24.654733657836914,
        "z": 5408.83984375
    },
    {
        "color": 4294967295,
        "name": "Generic Point 6",
        "x": -2617.461181640625,
        "y": 19.36704444885254,
        "z": 5612.93310546875
    },
    {
        "color": 4294967295,
        "name": "Generic Point 7",
        "x": -2597.54541015625,
        "y": -16.885887145996094,
        "z": 5566.5791015625
    },
    {
        "color": 4294967295,
        "name": "Generic Point 8",
        "x": -2200.2529296875,
        "y": 289.28704833984375,
        "z": 4047.242431640625
    },
    {
        "color": 4294967295,
        "name": "Generic Point 9",
        "x": -2311.977294921875,
        "y": 191.2239532470703,
        "z": 5825.9599609375
    }
]