[
    {
        "color": 4294967295,
        "name": "Generic Point 0",
        "x": -2796.7866210938,
        "y": 310.02581787109,
        "z": 10180.955078125
    },
    {
        "color": 4294967295,
        "name": "Generic Point 1",
        "x": -2680.8425292969,
        "y": 280.26126098633,
        "z": 10255.568359375
    },
    {
        "color": 4294967295,
        "name": "Generic Point 2",
        "x": -2694.7749023438,
        "y": 312.49124145508,
        "z": 10259.743164062
    },
    {
        "color": 4294967295,
        "name": "Generic Point 3",
        "x": -3321.97265625,
        "y": 241.51834106445,
        "z": 10487.563476562
    }
]