[
    {
        "color": 4294967295,
        "name": "Generic Point 0",
        "x": -243.19207763671875,
        "y": 277.7435302734375,
        "z": 3475.18408203125
    },
    {
        "color": 4294967295,
        "name": "Generic Point 1",
        "x": -1180.36279296875,
        "y": 196.38858032226562,
        "z": 2448.104248046875
    },
    {
        "color": 4294967295,
        "name": "Generic Point 10",
        "x": -1127.1824951171875,
        "y": 202.05931091308594,
        "z": 3792.4794921875
    },
    {
        "color": 4294967295,
        "name": "Generic Point 11",
        "x": -1147.876220703125,
        "y": 210.67625427246094,
        "z": 3845.261474609375
    },
    {
        "color": 4294967295,
        "name": "Generic Point 12",
        "x": -1080.198974609375,
        "y": 259.0576171875,
        "z": 3878.025390625
    },
    {
        "color": 4294967295,
        "name": "Generic Point 13",
        "x": -1112.1195068359375,
        "y": 279.01947021484375,
        "z": 3945.368896484375
    },
    {
        "color": 4294967295,
        "name": "Generic Point 14",
        "x": -977.621826171875,
        "y": 212.59457397460938,
        "z": 2771.400634765625
    },
    {
        "color": 4294967295,
        "name": "Generic Point 15",
        "x": -949.2789306640625,
        "y": 218.984375,
        "z": 2880.775390625
    },
    {
        "color": 4294967295,
        "name": "Generic Point 16",
        "x": -863.6573486328125,
        "y": 208.395751953125,
        "z": 3036.218017578125
    },
    {
        "color": 4294967295,
        "name": "Generic Point 17",
        "x": -792.0426025390625,
        "y": 192.80313110351562,
        "z": 3139.66162109375
    },
    {
        "color": 4294967295,
        "name": "Generic Point 18",
        "x": -1081.865966796875,
        "y": 268.91168212890625,
        "z": 3381.892333984375
    },
    {
        "color": 4294967295,
        "name": "Generic Point 19",
        "x": -1025.1580810546875,
        "y": 247.4986114501953,
        "z": 3424.72021484375
    },
    {
        "color": 4294967295,
        "name": "Generic Point 2",
        "x": -776.9876708984375,
        "y": 152.2060546875,
        "z": 2486.302001953125
    },
    {
        "color": 4294967295,
        "name": "Generic Point 20",
        "x": -585.633544921875,
        "y": 166.13900756835938,
        "z": 3359.2568359375
    },
    {
        "color": 4294967295,
        "name": "Generic Point 21",
        "x": -746.9853515625,
        "y": 131.5380096435547,
        "z": 3439.381591796875
    },
    {
        "color": 4294967295,
        "name": "Generic Point 22",
        "x": -358.8885803222656,
        "y": 225.90745544433594,
        "z": 3179.512939453125
    },
    {
        "color": 4294967295,
        "name": "Generic Point 23",
        "x": -357.3304748535156,
        "y": 217.3505401611328,
        "z": 3234.11279296875
    },
    {
        "color": 4294967295,
        "name": "Generic Point 24",
        "x": -1077.6024169921875,
        "y": 217.00096130371094,
        "z": 2262.895263671875
    },
    {
        "color": 4294967295,
        "name": "Generic Point 25",
        "x": -385.129150390625,
        "y": 212.7895050048828,
        "z": 3423.05322265625
    },
    {
        "color": 4294967295,
        "name": "Generic Point 26",
        "x": -358.4882507324219,
        "y": 224.14210510253906,
        "z": 3457.04833984375
    },
    {
        "color": 4294967295,
        "name": "Generic Point 27",
        "x": -360.55731201171875,
        "y": 213.9871826171875,
        "z": 3797.902099609375
    },
    {
        "color": 4294967295,
        "name": "Generic Point 28",
        "x": -314.15325927734375,
        "y": 201.5024871826172,
        "z": 3860.81494140625
    },
    {
        "color": 4294967295,
        "name": "Generic Point 29",
        "x": -170.90411376953125,
        "y": 260.69140625,
        "z": 3334.90576171875
    },
    {
        "color": 4294967295,
        "name": "Generic Point 3",
        "x": -684.5339965820312,
        "y": 135.09719848632812,
        "z": 2589.483642578125
    },
    {
        "color": 4294967295,
        "name": "Generic Point 30",
        "x": -242.11212158203125,
        "y": 248.2542266845703,
        "z": 3437.5029296875
    },
    {
        "color": 4294967295,
        "name": "Generic Point 31",
        "x": -212.26734924316406,
        "y": 235.33506774902344,
        "z": 3787.4130859375
    },
    {
        "color": 4294967295,
        "name": "Generic Point 32",
        "x": -270.85870361328125,
        "y": 272.5971984863281,
        "z": 3711.039794921875
    },
    {
        "color": 4294967295,
        "name": "Generic Point 33",
        "x": -163.90447998046875,
        "y": 202.32373046875,
        "z": 3057.895263671875
    },
    {
        "color": 4294967295,
        "name": "Generic Point 34",
        "x": -14.757164001464844,
        "y": 248.5049591064453,
        "z": 3030.120849609375
    },
    {
        "color": 4294967295,
        "name": "Generic Point 35",
        "x": -107.30476379394531,
        "y": 252.01950073242188,
        "z": 2971.397705078125
    },
    {
        "color": 4294967295,
        "name": "Generic Point 36",
        "x": -17.87921905517578,
        "y": 276.5351257324219,
        "z": 2998.52587890625
    },
    {
        "color": 4294967295,
        "name": "Generic Point 37",
        "x": 86.32074737548828,
        "y": 270.4896545410156,
        "z": 2981.53662109375
    },
    {
        "color": 4294967295,
        "name": "Generic Point 38",
        "x": 153.9183349609375,
        "y": 195.75863647460938,
        "z": 2789.630615234375
    },
    {
        "color": 4294967295,
        "name": "Generic Point 39",
        "x": -179.59759521484375,
        "y": 210.04208374023438,
        "z": 2612.9853515625
    },
    {
        "color": 4294967295,
        "name": "Generic Point 4",
        "x": -1140.223876953125,
        "y": 253.56539916992188,
        "z": 3105.982421875
    },
    {
        "color": 4294967295,
        "name": "Generic Point 40",
        "x": -77.26425170898438,
        "y": 203.10433959960938,
        "z": 2589.849365234375
    },
    {
        "color": 4294967295,
        "name": "Generic Point 41",
        "x": -353.5349426269531,
        "y": 109.04847717285156,
        "z": 2252.610107421875
    },
    {
        "color": 4294967295,
        "name": "Generic Point 42",
        "x": -353.6397399902344,
        "y": 107.7851791381836,
        "z": 2258.459228515625
    },
    {
        "color": 4294967295,
        "name": "Generic Point 43",
        "x": -1462.4637451171875,
        "y": 135.22525024414062,
        "z": 2504.72119140625
    },
    {
        "color": 4294967295,
        "name": "Generic Point 44",
        "x": -1471.6829833984375,
        "y": 112.85720825195312,
        "z": 2445.57666015625
    },
    {
        "color": 4294967295,
        "name": "Generic Point 45",
        "x": -403.50726318359375,
        "y": 195.25144958496094,
        "z": 2419.922607421875
    },
    {
        "color": 4294967295,
        "name": "Generic Point 46",
        "x": -347.0523986816406,
        "y": 209.13262939453125,
        "z": 2511.4296875
    },
    {
        "color": 4294967295,
        "name": "Generic Point 47",
        "x": -352.8337097167969,
        "y": 144.08062744140625,
        "z": 2425.799560546875
    },
    {
        "color": 4294967295,
        "name": "Generic Point 48",
        "x": -285.54034423828125,
        "y": 158.26783752441406,
        "z": 2504.841552734375
    },
    {
        "color": 4294967295,
        "name": "Generic Point 49",
        "x": -168.19125366210938,
        "y": 204.3650665283203,
        "z": 2423.593017578125
    },
    {
        "color": 4294967295,
        "name": "Generic Point 5",
        "x": -1080.3486328125,
        "y": 264.71728515625,
        "z": 3079.918701171875
    },
    {
        "color": 4294967295,
        "name": "Generic Point 50",
        "x": -84.75811767578125,
        "y": 224.816162109375,
        "z": 2480.486572265625
    },
    {
        "color": 4294967295,
        "name": "Generic Point 51",
        "x": 20.532939910888672,
        "y": 238.3397216796875,
        "z": 2433.824462890625
    },
    {
        "color": 4294967295,
        "name": "Generic Point 52",
        "x": 39.29706573486328,
        "y": 253.42808532714844,
        "z": 2332.033447265625
    },
    {
        "color": 4294967295,
        "name": "Generic Point 53",
        "x": -83.92619323730469,
        "y": 271.9835205078125,
        "z": 2388.141845703125
    },
    {
        "color": 4294967295,
        "name": "Generic Point 54",
        "x": 42.40052032470703,
        "y": 292.4171142578125,
        "z": 2313.8994140625
    },
    {
        "color": 4294967295,
        "name": "Generic Point 55",
        "x": -282.2500915527344,
        "y": 306.8951721191406,
        "z": 2078.63037109375
    },
    {
        "color": 4294967295,
        "name": "Generic Point 56",
        "x": -362.84161376953125,
        "y": 275.834228515625,
        "z": 2175.116943359375
    },
    {
        "color": 4294967295,
        "name": "Generic Point 57",
        "x": 238.7271270751953,
        "y": 326.4813232421875,
        "z": 2553.88330078125
    },
    {
        "color": 4294967295,
        "name": "Generic Point 58",
        "x": 298.83349609375,
        "y": 398.8139343261719,
        "z": 2494.8125
    },
    {
        "color": 4294967295,
        "name": "Generic Point 59",
        "x": 181.2023468017578,
        "y": 233.73092651367188,
        "z": 2433.6689453125
    },
    {
        "color": 4294967295,
        "name": "Generic Point 6",
        "x": -1519.9998779296875,
        "y": 239.54554748535156,
        "z": 3608.9052734375
    },
    {
        "color": 4294967295,
        "name": "Generic Point 60",
        "x": 181.2023468017578,
        "y": 233.73092651367188,
        "z": 2433.6689453125
    },
    {
        "color": 4294967295,
        "name": "Generic Point 61",
        "x": 270.0129699707031,
        "y": 232.15838623046875,
        "z": 2488.46337890625
    },
    {
        "color": 4294967295,
        "name": "Generic Point 62",
        "x": 474.88873291015625,
        "y": 211.5797882080078,
        "z": 2285.778076171875
    },
    {
        "color": 4294967295,
        "name": "Generic Point 63",
        "x": 449.3447265625,
        "y": 191.0001220703125,
        "z": 2213.35205078125
    },
    {
        "color": 4294967295,
        "name": "Generic Point 64",
        "x": -1783.9871826171875,
        "y": 293.6735534667969,
        "z": 2838.804931640625
    },
    {
        "color": 4294967295,
        "name": "Generic Point 65",
        "x": -1847.2122802734375,
        "y": 262.43255615234375,
        "z": 2837.34130859375
    },
    {
        "color": 4294967295,
        "name": "Generic Point 66",
        "x": -1375.438232421875,
        "y": 252.4167022705078,
        "z": 2750.296630859375
    },
    {
        "color": 4294967295,
        "name": "Generic Point 67",
        "x": -1453.7886962890625,
        "y": 231.92489624023438,
        "z": 2776.9111328125
    },
    {
        "color": 4294967295,
        "name": "Generic Point 68",
        "x": -1761.256103515625,
        "y": 202.19070434570312,
        "z": 3623.537109375
    },
    {
        "color": 4294967295,
        "name": "Generic Point 69",
        "x": -1754.8125,
        "y": 210.90843200683594,
        "z": 3593.5400390625
    },
    {
        "color": 4294967295,
        "name": "Generic Point 7",
        "x": -1500.13720703125,
        "y": 243.31167602539062,
        "z": 3718.38916015625
    },
    {
        "color": 4294967295,
        "name": "Generic Point 70",
        "x": -1832.46240234375,
        "y": 91.84205627441406,
        "z": 3487.3486328125
    },
    {
        "color": 4294967295,
        "name": "Generic Point 71",
        "x": -1808.2696533203125,
        "y": 92.32427215576172,
        "z": 3454.46142578125
    },
    {
        "color": 4294967295,
        "name": "Generic Point 72",
        "x": -1906.6939697265625,
        "y": 15.070906639099121,
        "z": 3256.430419921875
    },
    {
        "color": 4294967295,
        "name": "Generic Point 73",
        "x": -1655.451904296875,
        "y": 111.50469207763672,
        "z": 3334.924072265625
    },
    {
        "color": 4294967295,
        "name": "Generic Point 74",
        "x": -1729.9566650390625,
        "y": 118.96661376953125,
        "z": 3261.708251953125
    },
    {
        "color": 4294967295,
        "name": "Generic Point 8",
        "x": -1474.5465087890625,
        "y": 252.021240234375,
        "z": 3768.0791015625
    },
    {
        "color": 4294967295,
        "name": "Generic Point 9",
        "x": -1384.33349609375,
        "y": 295.50677490234375,
        "z": 3711.108154296875
    }
]