[
    {
        "color": 4294967295,
        "name": "Generic Point 0",
        "x": -2431.08056640625,
        "y": 304.81402587890625,
        "z": -4421.38134765625
    },
    {
        "color": 4294967295,
        "name": "Generic Point 1",
        "x": -1846.9591064453125,
        "y": 206.88824462890625,
        "z": -4214.56982421875
    },
    {
        "color": 4294967295,
        "name": "Generic Point 10",
        "x": -4012.433837890625,
        "y": 225.89857482910156,
        "z": -648.0057373046875
    },
    {
        "color": 4294967295,
        "name": "Generic Point 100",
        "x": -3811.109130859375,
        "y": 238.47216796875,
        "z": -2121.626708984375
    },
    {
        "color": 4294967295,
        "name": "Generic Point 101",
        "x": -3704.82080078125,
        "y": 251.61019897460938,
        "z": -2357.103759765625
    },
    {
        "color": 4294967295,
        "name": "Generic Point 102",
        "x": -3733.324462890625,
        "y": 240.7003173828125,
        "z": -2453.232421875
    },
    {
        "color": 4294967295,
        "name": "Generic Point 103",
        "x": -3806.1083984375,
        "y": 239.1385498046875,
        "z": -2485.67138671875
    },
    {
        "color": 4294967295,
        "name": "Generic Point 104",
        "x": -3809.3173828125,
        "y": 218.20384216308594,
        "z": -2576.17919921875
    },
    {
        "color": 4294967295,
        "name": "Generic Point 105",
        "x": -3886.87109375,
        "y": 240.1087646484375,
        "z": -2541.5478515625
    },
    {
        "color": 4294967295,
        "name": "Generic Point 106",
        "x": -3830.591552734375,
        "y": 294.2724304199219,
        "z": -2353.258544921875
    },
    {
        "color": 4294967295,
        "name": "Generic Point 107",
        "x": -3894.844970703125,
        "y": 201.52049255371094,
        "z": -2281.215087890625
    },
    {
        "color": 4294967295,
        "name": "Generic Point 108",
        "x": -1902.423095703125,
        "y": 200.7657928466797,
        "z": -4286.15234375
    },
    {
        "color": 4294967295,
        "name": "Generic Point 109",
        "x": -3980.349365234375,
        "y": 256.4842834472656,
        "z": -2303.974853515625
    },
    {
        "color": 4294967295,
        "name": "Generic Point 11",
        "x": -3994.410400390625,
        "y": 200.90011596679688,
        "z": -630.83056640625
    },
    {
        "color": 4294967295,
        "name": "Generic Point 110",
        "x": -3984.34521484375,
        "y": 256.4139709472656,
        "z": -2364.26953125
    },
    {
        "color": 4294967295,
        "name": "Generic Point 111",
        "x": -4026.6591796875,
        "y": 233.7878875732422,
        "z": -2462.90185546875
    },
    {
        "color": 4294967295,
        "name": "Generic Point 112",
        "x": -4003.1767578125,
        "y": 201.5187225341797,
        "z": -2576.80517578125
    },
    {
        "color": 4294967295,
        "name": "Generic Point 113",
        "x": -4122.96240234375,
        "y": 202.0620880126953,
        "z": -2352.003662109375
    },
    {
        "color": 4294967295,
        "name": "Generic Point 114",
        "x": -4072.181884765625,
        "y": 201.63800048828125,
        "z": -2155.132568359375
    },
    {
        "color": 4294967295,
        "name": "Generic Point 115",
        "x": -4071.1474609375,
        "y": 201.53453063964844,
        "z": -2128.293212890625
    },
    {
        "color": 4294967295,
        "name": "Generic Point 116",
        "x": -3897.414794921875,
        "y": 212.30392456054688,
        "z": -2079.631103515625
    },
    {
        "color": 4294967295,
        "name": "Generic Point 117",
        "x": -3857.58349609375,
        "y": 201.0413055419922,
        "z": -2039.16552734375
    },
    {
        "color": 4294967295,
        "name": "Generic Point 118",
        "x": -3851.33447265625,
        "y": 201.1967315673828,
        "z": -2053.783447265625
    },
    {
        "color": 4294967295,
        "name": "Generic Point 119",
        "x": -1954.8824462890625,
        "y": 200.93374633789062,
        "z": -4228.8056640625
    },
    {
        "color": 4294967295,
        "name": "Generic Point 12",
        "x": -4364.81640625,
        "y": 212.482177734375,
        "z": -4147.61376953125
    },
    {
        "color": 4294967295,
        "name": "Generic Point 120",
        "x": -3809.963623046875,
        "y": 238.28147888183594,
        "z": -2121.7265625
    },
    {
        "color": 4294967295,
        "name": "Generic Point 121",
        "x": -3766.19482421875,
        "y": 201.58497619628906,
        "z": -1380.99755859375
    },
    {
        "color": 4294967295,
        "name": "Generic Point 122",
        "x": -3899.315185546875,
        "y": 201.8232879638672,
        "z": -1198.326416015625
    },
    {
        "color": 4294967295,
        "name": "Generic Point 123",
        "x": -3457.2392578125,
        "y": 201.1621856689453,
        "z": -727.1406860351562
    },
    {
        "color": 4294967295,
        "name": "Generic Point 124",
        "x": -3593.67724609375,
        "y": 219.8253936767578,
        "z": -629.8818359375
    },
    {
        "color": 4294967295,
        "name": "Generic Point 125",
        "x": -3659.825439453125,
        "y": 185.52792358398438,
        "z": -586.0994873046875
    },
    {
        "color": 4294967295,
        "name": "Generic Point 126",
        "x": -3606.9912109375,
        "y": 122.9592056274414,
        "z": -712.1979370117188
    },
    {
        "color": 4294967295,
        "name": "Generic Point 127",
        "x": -3610.079833984375,
        "y": 124.57037353515625,
        "z": -701.28955078125
    },
    {
        "color": 4294967295,
        "name": "Generic Point 128",
        "x": -3647.7255859375,
        "y": 121.75496673583984,
        "z": -739.3630981445312
    },
    {
        "color": 4294967295,
        "name": "Generic Point 129",
        "x": -3674.027099609375,
        "y": 125.05492401123047,
        "z": -759.8565673828125
    },
    {
        "color": 4294967295,
        "name": "Generic Point 13",
        "x": -2318.51513671875,
        "y": 200.69422912597656,
        "z": -3568.58984375
    },
    {
        "color": 4294967295,
        "name": "Generic Point 14",
        "x": -4359.5712890625,
        "y": 208.8017578125,
        "z": -4357.03662109375
    },
    {
        "color": 4294967295,
        "name": "Generic Point 15",
        "x": -4166.03759765625,
        "y": 200.93458557128906,
        "z": -4335.00048828125
    },
    {
        "color": 4294967295,
        "name": "Generic Point 16",
        "x": -4269.9462890625,
        "y": 200.6755828857422,
        "z": -4421.7197265625
    },
    {
        "color": 4294967295,
        "name": "Generic Point 17",
        "x": -4244.3134765625,
        "y": 201.42251586914062,
        "z": -4500.5244140625
    },
    {
        "color": 4294967295,
        "name": "Generic Point 18",
        "x": -4309.2109375,
        "y": 201.27511596679688,
        "z": -4493.56201171875
    },
    {
        "color": 4294967295,
        "name": "Generic Point 19",
        "x": -4270.35546875,
        "y": 201.1497344970703,
        "z": -4486.26318359375
    },
    {
        "color": 4294967295,
        "name": "Generic Point 2",
        "x": -2298.538818359375,
        "y": 211.68650817871094,
        "z": -3598.015380859375
    },
    {
        "color": 4294967295,
        "name": "Generic Point 20",
        "x": -4488.98828125,
        "y": 201.34814453125,
        "z": -4314.12646484375
    },
    {
        "color": 4294967295,
        "name": "Generic Point 21",
        "x": -4531.35693359375,
        "y": 201.4120330810547,
        "z": -4240.3896484375
    },
    {
        "color": 4294967295,
        "name": "Generic Point 22",
        "x": -4540.5478515625,
        "y": 204.97512817382812,
        "z": -4272.18408203125
    },
    {
        "color": 4294967295,
        "name": "Generic Point 23",
        "x": -4540.7705078125,
        "y": 202.2611541748047,
        "z": -4582.15673828125
    },
    {
        "color": 4294967295,
        "name": "Generic Point 24",
        "x": -2306.65576171875,
        "y": 200.46458435058594,
        "z": -3632.46923828125
    },
    {
        "color": 4294967295,
        "name": "Generic Point 25",
        "x": -4622.1728515625,
        "y": 202.00772094726562,
        "z": -4619.02001953125
    },
    {
        "color": 4294967295,
        "name": "Generic Point 26",
        "x": -4668.21484375,
        "y": 203.43548583984375,
        "z": -4510.98779296875
    },
    {
        "color": 4294967295,
        "name": "Generic Point 27",
        "x": -4686.90869140625,
        "y": 201.3415985107422,
        "z": -3958.913330078125
    },
    {
        "color": 4294967295,
        "name": "Generic Point 28",
        "x": -4620.498046875,
        "y": 200.7930450439453,
        "z": -4001.583251953125
    },
    {
        "color": 4294967295,
        "name": "Generic Point 29",
        "x": -4416.5556640625,
        "y": 160.31727600097656,
        "z": -3804.7138671875
    },
    {
        "color": 4294967295,
        "name": "Generic Point 3",
        "x": -3723.038330078125,
        "y": 113.02918243408203,
        "z": -861.784423828125
    },
    {
        "color": 4294967295,
        "name": "Generic Point 30",
        "x": -4387.44091796875,
        "y": 160.5497589111328,
        "z": -3797.538818359375
    },
    {
        "color": 4294967295,
        "name": "Generic Point 31",
        "x": -3338.99609375,
        "y": 200.6467742919922,
        "z": -3589.312255859375
    },
    {
        "color": 4294967295,
        "name": "Generic Point 32",
        "x": -3434.47314453125,
        "y": 200.86888122558594,
        "z": -2685.532958984375
    },
    {
        "color": 4294967295,
        "name": "Generic Point 33",
        "x": -2270.47705078125,
        "y": 200.8299560546875,
        "z": -3612.024169921875
    },
    {
        "color": 4294967295,
        "name": "Generic Point 34",
        "x": -2336.252685546875,
        "y": 212.54592895507812,
        "z": -4402.701171875
    },
    {
        "color": 4294967295,
        "name": "Generic Point 35",
        "x": -2466.07666015625,
        "y": 200.90716552734375,
        "z": -4683.41259765625
    },
    {
        "color": 4294967295,
        "name": "Generic Point 36",
        "x": -2431.08056640625,
        "y": 304.81402587890625,
        "z": -4421.38134765625
    },
    {
        "color": 4294967295,
        "name": "Generic Point 37",
        "x": -2514.60498046875,
        "y": 202.1258544921875,
        "z": -4117.21875
    },
    {
        "color": 4294967295,
        "name": "Generic Point 38",
        "x": -2563.78515625,
        "y": 227.68722534179688,
        "z": -4347.30224609375
    },
    {
        "color": 4294967295,
        "name": "Generic Point 39",
        "x": -2621.171142578125,
        "y": 231.08372497558594,
        "z": -4403.529296875
    },
    {
        "color": 4294967295,
        "name": "Generic Point 4",
        "x": -3723.07958984375,
        "y": 113.49565124511719,
        "z": -861.1506958007812
    },
    {
        "color": 4294967295,
        "name": "Generic Point 40",
        "x": -1872.6015625,
        "y": 201.2816162109375,
        "z": -4258.93359375
    },
    {
        "color": 4294967295,
        "name": "Generic Point 41",
        "x": -2639.531494140625,
        "y": 207.80458068847656,
        "z": -4111.880859375
    },
    {
        "color": 4294967295,
        "name": "Generic Point 42",
        "x": -2684.166015625,
        "y": 207.6605987548828,
        "z": -4166.9287109375
    },
    {
        "color": 4294967295,
        "name": "Generic Point 43",
        "x": -2660.939453125,
        "y": 211.25161743164062,
        "z": -4206.03125
    },
    {
        "color": 4294967295,
        "name": "Generic Point 44",
        "x": -2828.8974609375,
        "y": 201.43325805664062,
        "z": -4568.1767578125
    },
    {
        "color": 4294967295,
        "name": "Generic Point 45",
        "x": -2816.015869140625,
        "y": 201.04429626464844,
        "z": -4576.96826171875
    },
    {
        "color": 4294967295,
        "name": "Generic Point 46",
        "x": -2826.4111328125,
        "y": 201.07711791992188,
        "z": -4549.3818359375
    },
    {
        "color": 4294967295,
        "name": "Generic Point 47",
        "x": -2766.939697265625,
        "y": 217.82005310058594,
        "z": -4234.95166015625
    },
    {
        "color": 4294967295,
        "name": "Generic Point 48",
        "x": -2703.492431640625,
        "y": 210.1290283203125,
        "z": -4042.110107421875
    },
    {
        "color": 4294967295,
        "name": "Generic Point 49",
        "x": -2830.917236328125,
        "y": 204.86199951171875,
        "z": -4119.30126953125
    },
    {
        "color": 4294967295,
        "name": "Generic Point 5",
        "x": -3731.812744140625,
        "y": 128.20590209960938,
        "z": -917.7567138671875
    },
    {
        "color": 4294967295,
        "name": "Generic Point 50",
        "x": -2969.40673828125,
        "y": 201.86886596679688,
        "z": -4119.50390625
    },
    {
        "color": 4294967295,
        "name": "Generic Point 51",
        "x": -3130.480224609375,
        "y": 201.78648376464844,
        "z": -3258.1640625
    },
    {
        "color": 4294967295,
        "name": "Generic Point 52",
        "x": -3309.6396484375,
        "y": 202.65792846679688,
        "z": -3268.8095703125
    },
    {
        "color": 4294967295,
        "name": "Generic Point 53",
        "x": -1820.3231201171875,
        "y": 201.09974670410156,
        "z": -4270.57275390625
    },
    {
        "color": 4294967295,
        "name": "Generic Point 54",
        "x": -3194.666259765625,
        "y": 209.08670043945312,
        "z": -3392.427734375
    },
    {
        "color": 4294967295,
        "name": "Generic Point 55",
        "x": -3222.031982421875,
        "y": 200.86146545410156,
        "z": -3344.86767578125
    },
    {
        "color": 4294967295,
        "name": "Generic Point 56",
        "x": -3316.797607421875,
        "y": 200.89813232421875,
        "z": -3373.26025390625
    },
    {
        "color": 4294967295,
        "name": "Generic Point 57",
        "x": -3395.640869140625,
        "y": 203.47645568847656,
        "z": -3429.80078125
    },
    {
        "color": 4294967295,
        "name": "Generic Point 58",
        "x": -3304.62060546875,
        "y": 209.56138610839844,
        "z": -3564.495361328125
    },
    {
        "color": 4294967295,
        "name": "Generic Point 59",
        "x": -3284.393798828125,
        "y": 205.4937744140625,
        "z": -3587.644775390625
    },
    {
        "color": 4294967295,
        "name": "Generic Point 6",
        "x": -3861.882568359375,
        "y": 121.8824234008789,
        "z": -1002.4821166992188
    },
    {
        "color": 4294967295,
        "name": "Generic Point 60",
        "x": -3321.408935546875,
        "y": 200.75401306152344,
        "z": -3648.600341796875
    },
    {
        "color": 4294967295,
        "name": "Generic Point 61",
        "x": -3365.74462890625,
        "y": 201.12539672851562,
        "z": -3660.0380859375
    },
    {
        "color": 4294967295,
        "name": "Generic Point 62",
        "x": -3587.299072265625,
        "y": 250.63088989257812,
        "z": -3233.464599609375
    },
    {
        "color": 4294967295,
        "name": "Generic Point 63",
        "x": -3555.89990234375,
        "y": 223.88485717773438,
        "z": -3266.532958984375
    },
    {
        "color": 4294967295,
        "name": "Generic Point 64",
        "x": -1862.5894775390625,
        "y": 208.02896118164062,
        "z": -4184.4287109375
    },
    {
        "color": 4294967295,
        "name": "Generic Point 65",
        "x": -3570.509033203125,
        "y": 212.3131103515625,
        "z": -3289.093994140625
    },
    {
        "color": 4294967295,
        "name": "Generic Point 66",
        "x": -3564.56591796875,
        "y": 207.15573120117188,
        "z": -3302.703369140625
    },
    {
        "color": 4294967295,
        "name": "Generic Point 67",
        "x": -3636.228271484375,
        "y": 207.84176635742188,
        "z": -3200.57275390625
    },
    {
        "color": 4294967295,
        "name": "Generic Point 68",
        "x": -3721.878662109375,
        "y": 301.6836242675781,
        "z": -3073.899658203125
    },
    {
        "color": 4294967295,
        "name": "Generic Point 69",
        "x": -3658.0927734375,
        "y": 282.8751525878906,
        "z": -3089.764892578125
    },
    {
        "color": 4294967295,
        "name": "Generic Point 7",
        "x": -3863.881591796875,
        "y": 123.16334533691406,
        "z": -934.4305419921875
    },
    {
        "color": 4294967295,
        "name": "Generic Point 70",
        "x": -3622.59814453125,
        "y": 237.3472442626953,
        "z": -3043.39013671875
    },
    {
        "color": 4294967295,
        "name": "Generic Point 71",
        "x": -3744.615234375,
        "y": 200.7544708251953,
        "z": -3415.372802734375
    },
    {
        "color": 4294967295,
        "name": "Generic Point 72",
        "x": -3748.548095703125,
        "y": 200.4583282470703,
        "z": -3359.03564453125
    },
    {
        "color": 4294967295,
        "name": "Generic Point 73",
        "x": -3833.789306640625,
        "y": 201.0921173095703,
        "z": -3281.585693359375
    },
    {
        "color": 4294967295,
        "name": "Generic Point 74",
        "x": -3932.657958984375,
        "y": 201.90760803222656,
        "z": -3320.111572265625
    },
    {
        "color": 4294967295,
        "name": "Generic Point 75",
        "x": -1888.268798828125,
        "y": 201.10557556152344,
        "z": -4200.42529296875
    },
    {
        "color": 4294967295,
        "name": "Generic Point 76",
        "x": -3967.619384765625,
        "y": 200.94195556640625,
        "z": -3233.242431640625
    },
    {
        "color": 4294967295,
        "name": "Generic Point 77",
        "x": -4027.921630859375,
        "y": 201.06675720214844,
        "z": -3188.309326171875
    },
    {
        "color": 4294967295,
        "name": "Generic Point 78",
        "x": -4036.45849609375,
        "y": 201.74740600585938,
        "z": -3136.898193359375
    },
    {
        "color": 4294967295,
        "name": "Generic Point 79",
        "x": -3580.213623046875,
        "y": 201.0210418701172,
        "z": -2882.954345703125
    },
    {
        "color": 4294967295,
        "name": "Generic Point 8",
        "x": -3878.90478515625,
        "y": 114.8805160522461,
        "z": -946.019775390625
    },
    {
        "color": 4294967295,
        "name": "Generic Point 80",
        "x": -3554.343017578125,
        "y": 203.21266174316406,
        "z": -2803.937744140625
    },
    {
        "color": 4294967295,
        "name": "Generic Point 81",
        "x": -3573.175048828125,
        "y": 200.7026824951172,
        "z": -2478.216796875
    },
    {
        "color": 4294967295,
        "name": "Generic Point 82",
        "x": -3589.022216796875,
        "y": 200.8333740234375,
        "z": -2421.63427734375
    },
    {
        "color": 4294967295,
        "name": "Generic Point 83",
        "x": -3591.21630859375,
        "y": 210.26927185058594,
        "z": -2378.545654296875
    },
    {
        "color": 4294967295,
        "name": "Generic Point 84",
        "x": -3554.016845703125,
        "y": 238.4844970703125,
        "z": -2329.4375
    },
    {
        "color": 4294967295,
        "name": "Generic Point 85",
        "x": -3503.01171875,
        "y": 201.18556213378906,
        "z": -2337.687744140625
    },
    {
        "color": 4294967295,
        "name": "Generic Point 86",
        "x": -1873.4012451171875,
        "y": 224.72833251953125,
        "z": -4225.6181640625
    },
    {
        "color": 4294967295,
        "name": "Generic Point 87",
        "x": -3470.95703125,
        "y": 201.3201446533203,
        "z": -2404.1416015625
    },
    {
        "color": 4294967295,
        "name": "Generic Point 88",
        "x": -3456.094970703125,
        "y": 208.29421997070312,
        "z": -2161.10107421875
    },
    {
        "color": 4294967295,
        "name": "Generic Point 89",
        "x": -3409.54052734375,
        "y": 201.8545684814453,
        "z": -2171.71484375
    },
    {
        "color": 4294967295,
        "name": "Generic Point 9",
        "x": -3847.908203125,
        "y": 128.10179138183594,
        "z": -693.1774291992188
    },
    {
        "color": 4294967295,
        "name": "Generic Point 90",
        "x": -3605.461669921875,
        "y": 216.18226623535156,
        "z": -1972.7845458984375
    },
    {
        "color": 4294967295,
        "name": "Generic Point 91",
        "x": -3701.0546875,
        "y": 202.63380432128906,
        "z": -2094.763916015625
    },
    {
        "color": 4294967295,
        "name": "Generic Point 92",
        "x": -3701.0546875,
        "y": 202.63381958007812,
        "z": -2094.763916015625
    },
    {
        "color": 4294967295,
        "name": "Generic Point 93",
        "x": -3716.39453125,
        "y": 202.8348388671875,
        "z": -2105.35986328125
    },
    {
        "color": 4294967295,
        "name": "Generic Point 94",
        "x": -3660.259521484375,
        "y": 233.63958740234375,
        "z": -2265.82958984375
    },
    {
        "color": 4294967295,
        "name": "Generic Point 95",
        "x": -3669.0576171875,
        "y": 205.0040740966797,
        "z": -2246.040771484375
    },
    {
        "color": 4294967295,
        "name": "Generic Point 96",
        "x": -3768.152587890625,
        "y": 241.32516479492188,
        "z": -2160.5712890625
    },
    {
        "color": 4294967295,
        "name": "Generic Point 97",
        "x": -1859.50048828125,
        "y": 233.39747619628906,
        "z": -4195.1943359375
    },
    {
        "color": 4294967295,
        "name": "Generic Point 98",
        "x": -3750.715087890625,
        "y": 243.82461547851562,
        "z": -2160.658447265625
    },
    {
        "color": 4294967295,
        "name": "Generic Point 99",
        "x": -3762.14453125,
        "y": 243.33975219726562,
        "z": -2150.030517578125
    }
]