[
    {
        "color": 4294967295,
        "name": "Generic Point 0",
        "x": -2839.103515625,
        "y": 203.20852661132812,
        "z": 8760.4765625
    },
    {
        "color": 4294967295,
        "name": "Generic Point 1",
        "x": -1835.18017578125,
        "y": 263.7832336425781,
        "z": 7724.47021484375
    },
    {
        "color": 4294967295,
        "name": "Generic Point 2",
        "x": -1528.734375,
        "y": 124.45938873291016,
        "z": 8456.2314453125
    },
    {
        "color": 4294967295,
        "name": "Generic Point 3",
        "x": -1504.337890625,
        "y": 249.91969299316406,
        "z": 9067.3720703125
    }
]