[
    {
        "color": 4294967295,
        "name": "Generic Point 0",
        "x": -151.37669372558594,
        "y": 238.40512084960938,
        "z": 3462.279296875
    },
    {
        "color": 4294967295,
        "name": "Generic Point 1",
        "x": -1052.794921875,
        "y": 216.31324768066406,
        "z": 2243.111572265625
    },
    {
        "color": 4294967295,
        "name": "Generic Point 10",
        "x": -489.21112060546875,
        "y": 182.60594177246094,
        "z": 3324.798828125
    },
    {
        "color": 4294967295,
        "name": "Generic Point 11",
        "x": -808.9940185546875,
        "y": 174.53170776367188,
        "z": 2469.831298828125
    },
    {
        "color": 4294967295,
        "name": "Generic Point 12",
        "x": -791.237060546875,
        "y": 210.71177673339844,
        "z": 2241.65673828125
    },
    {
        "color": 4294967295,
        "name": "Generic Point 13",
        "x": -790.4682006835938,
        "y": 210.77005004882812,
        "z": 2242.36474609375
    },
    {
        "color": 4294967295,
        "name": "Generic Point 14",
        "x": -1292.767333984375,
        "y": 125.89311981201172,
        "z": 3425.48486328125
    },
    {
        "color": 4294967295,
        "name": "Generic Point 15",
        "x": -1319.000732421875,
        "y": 172.96669006347656,
        "z": 3434.762451171875
    },
    {
        "color": 4294967295,
        "name": "Generic Point 16",
        "x": -1322.1748046875,
        "y": 173.5246124267578,
        "z": 3433.82568359375
    },
    {
        "color": 4294967295,
        "name": "Generic Point 2",
        "x": -1087.2222900390625,
        "y": 221.00938415527344,
        "z": 2290.91455078125
    },
    {
        "color": 4294967295,
        "name": "Generic Point 3",
        "x": -153.40740966796875,
        "y": 238.5276336669922,
        "z": 3459.073486328125
    },
    {
        "color": 4294967295,
        "name": "Generic Point 4",
        "x": -487.74786376953125,
        "y": 182.49574279785156,
        "z": 3323.125732421875
    },
    {
        "color": 4294967295,
        "name": "Generic Point 5",
        "x": -555.4999389648438,
        "y": 165.45303344726562,
        "z": 3376.076171875
    },
    {
        "color": 4294967295,
        "name": "Generic Point 6",
        "x": -601.9081420898438,
        "y": 165.73464965820312,
        "z": 3350.00390625
    },
    {
        "color": 4294967295,
        "name": "Generic Point 7",
        "x": -677.9739379882812,
        "y": 131.01904296875,
        "z": 3390.906005859375
    },
    {
        "color": 4294967295,
        "name": "Generic Point 8",
        "x": -664.5863037109375,
        "y": 131.1824951171875,
        "z": 3380.980712890625
    },
    {
        "color": 4294967295,
        "name": "Generic Point 9",
        "x": -664.0458984375,
        "y": 131.6998748779297,
        "z": 3380.996826171875
    }
]