[
    {
        "color": 4294967295,
        "name": "Generic Point 0",
        "x": -96.353,
        "y": 56.103,
        "z": 3854.261
    },
    {
        "color": 4294967295,
        "name": "Generic Point 1",
        "x": -64.691,
        "y": 287.602,
        "z": 3192.193
    },
    {
        "color": 4294967295,
        "name": "Generic Point 10",
        "x": 2571.071,
        "y": 182.82,
        "z": 396.753
    },
    {
        "color": 4294967295,
        "name": "Generic Point 100",
        "x": 267.737,
        "y": 202.56,
        "z": 725.17
    },
    {
        "color": 4294967295,
        "name": "Generic Point 101",
        "x": 274.214,
        "y": 203.234,
        "z": 673.971
    },
    {
        "color": 4294967295,
        "name": "Generic Point 102",
        "x": 216.876,
        "y": 203.024,
        "z": 541.314
    },
    {
        "color": 4294967295,
        "name": "Generic Point 103",
        "x": -1845.119,
        "y": 146.962,
        "z": 3284.668
    },
    {
        "color": 4294967295,
        "name": "Generic Point 104",
        "x": 190.949,
        "y": 204.036,
        "z": 422.09
    },
    {
        "color": 4294967295,
        "name": "Generic Point 105",
        "x": 422.755,
        "y": 203.017,
        "z": 522.262
    },
    {
        "color": 4294967295,
        "name": "Generic Point 106",
        "x": 480.17,
        "y": 202.814,
        "z": 102.824
    },
    {
        "color": 4294967295,
        "name": "Generic Point 107",
        "x": 492.563,
        "y": 202.928,
        "z": -19.152
    },
    {
        "color": 4294967295,
        "name": "Generic Point 108",
        "x": 535.437,
        "y": 203.238,
        "z": -125.764
    },
    {
        "color": 4294967295,
        "name": "Generic Point 109",
        "x": 406.373,
        "y": 202.528,
        "z": -141.625
    },
    {
        "color": 4294967295,
        "name": "Generic Point 11",
        "x": 2552.317,
        "y": 183.532,
        "z": 388.855
    },
    {
        "color": 4294967295,
        "name": "Generic Point 110",
        "x": 149.615,
        "y": 203.477,
        "z": -40.389
    },
    {
        "color": 4294967295,
        "name": "Generic Point 111",
        "x": -241.978,
        "y": 203.0,
        "z": 177.872
    },
    {
        "color": 4294967295,
        "name": "Generic Point 112",
        "x": -64.739,
        "y": 203.02,
        "z": -95.51
    },
    {
        "color": 4294967295,
        "name": "Generic Point 113",
        "x": -130.285,
        "y": 202.803,
        "z": -416.25
    },
    {
        "color": 4294967295,
        "name": "Generic Point 114",
        "x": -1486.31,
        "y": 274.597,
        "z": 2863.838
    },
    {
        "color": 4294967295,
        "name": "Generic Point 115",
        "x": -379.743,
        "y": 203.0,
        "z": -634.146
    },
    {
        "color": 4294967295,
        "name": "Generic Point 116",
        "x": -295.623,
        "y": 203.337,
        "z": -727.341
    },
    {
        "color": 4294967295,
        "name": "Generic Point 117",
        "x": -40.403,
        "y": 205.237,
        "z": -651.082
    },
    {
        "color": 4294967295,
        "name": "Generic Point 118",
        "x": -38.319,
        "y": 203.941,
        "z": -636.95
    },
    {
        "color": 4294967295,
        "name": "Generic Point 119",
        "x": 433.112,
        "y": 202.781,
        "z": -343.178
    },
    {
        "color": 4294967295,
        "name": "Generic Point 12",
        "x": -188.29,
        "y": 203.012,
        "z": 2931.226
    },
    {
        "color": 4294967295,
        "name": "Generic Point 120",
        "x": 495.333,
        "y": 202.802,
        "z": -378.652
    },
    {
        "color": 4294967295,
        "name": "Generic Point 121",
        "x": 536.565,
        "y": 205.787,
        "z": -338.108
    },
    {
        "color": 4294967295,
        "name": "Generic Point 122",
        "x": 561.032,
        "y": 204.343,
        "z": -173.8
    },
    {
        "color": 4294967295,
        "name": "Generic Point 123",
        "x": 752.568,
        "y": 278.92,
        "z": -113.338
    },
    {
        "color": 4294967295,
        "name": "Generic Point 124",
        "x": 591.438,
        "y": 203.0,
        "z": 124.074
    },
    {
        "color": 4294967295,
        "name": "Generic Point 125",
        "x": -834.299,
        "y": -38.8,
        "z": 3162.805
    },
    {
        "color": 4294967295,
        "name": "Generic Point 126",
        "x": 579.782,
        "y": 201.696,
        "z": 293.486
    },
    {
        "color": 4294967295,
        "name": "Generic Point 127",
        "x": 740.314,
        "y": 203.006,
        "z": 409.258
    },
    {
        "color": 4294967295,
        "name": "Generic Point 128",
        "x": 714.486,
        "y": 203.0,
        "z": 526.043
    },
    {
        "color": 4294967295,
        "name": "Generic Point 129",
        "x": 628.984,
        "y": 202.765,
        "z": 573.716
    },
    {
        "color": 4294967295,
        "name": "Generic Point 13",
        "x": 2533.857,
        "y": 219.086,
        "z": 368.753
    },
    {
        "color": 4294967295,
        "name": "Generic Point 130",
        "x": 535.121,
        "y": 203.0,
        "z": 666.346
    },
    {
        "color": 4294967295,
        "name": "Generic Point 131",
        "x": 532.788,
        "y": 203.0,
        "z": 670.805
    },
    {
        "color": 4294967295,
        "name": "Generic Point 132",
        "x": 530.199,
        "y": 203.103,
        "z": 690.39
    },
    {
        "color": 4294967295,
        "name": "Generic Point 133",
        "x": 536.913,
        "y": 202.877,
        "z": 713.321
    },
    {
        "color": 4294967295,
        "name": "Generic Point 134",
        "x": 509.571,
        "y": 202.865,
        "z": 743.417
    },
    {
        "color": 4294967295,
        "name": "Generic Point 135",
        "x": 508.851,
        "y": 238.967,
        "z": 901.8
    },
    {
        "color": 4294967295,
        "name": "Generic Point 136",
        "x": -566.405,
        "y": 167.14,
        "z": 3360.063
    },
    {
        "color": 4294967295,
        "name": "Generic Point 137",
        "x": 660.153,
        "y": 168.293,
        "z": 1134.079
    },
    {
        "color": 4294967295,
        "name": "Generic Point 138",
        "x": 810.872,
        "y": 258.815,
        "z": 1270.235
    },
    {
        "color": 4294967295,
        "name": "Generic Point 139",
        "x": 1012.029,
        "y": 306.515,
        "z": 1248.147
    },
    {
        "color": 4294967295,
        "name": "Generic Point 14",
        "x": 2477.91,
        "y": 229.483,
        "z": 347.019
    },
    {
        "color": 4294967295,
        "name": "Generic Point 140",
        "x": 1037.24,
        "y": 313.273,
        "z": 1377.94
    },
    {
        "color": 4294967295,
        "name": "Generic Point 141",
        "x": 1358.891,
        "y": 272.283,
        "z": 1533.241
    },
    {
        "color": 4294967295,
        "name": "Generic Point 142",
        "x": 1539.944,
        "y": 230.2,
        "z": 1419.412
    },
    {
        "color": 4294967295,
        "name": "Generic Point 143",
        "x": 1375.218,
        "y": 212.222,
        "z": 1104.036
    },
    {
        "color": 4294967295,
        "name": "Generic Point 144",
        "x": 1398.684,
        "y": 211.958,
        "z": 1106.868
    },
    {
        "color": 4294967295,
        "name": "Generic Point 145",
        "x": 1847.373,
        "y": 208.883,
        "z": 848.928
    },
    {
        "color": 4294967295,
        "name": "Generic Point 146",
        "x": 1647.513,
        "y": 281.83,
        "z": 501.188
    },
    {
        "color": 4294967295,
        "name": "Generic Point 147",
        "x": -70.756,
        "y": 287.41,
        "z": 3213.077
    },
    {
        "color": 4294967295,
        "name": "Generic Point 148",
        "x": 1485.105,
        "y": 221.97,
        "z": 515.14
    },
    {
        "color": 4294967295,
        "name": "Generic Point 149",
        "x": 1231.482,
        "y": 204.325,
        "z": 934.122
    },
    {
        "color": 4294967295,
        "name": "Generic Point 15",
        "x": 2566.977,
        "y": 219.047,
        "z": 180.652
    },
    {
        "color": 4294967295,
        "name": "Generic Point 150",
        "x": 1051.749,
        "y": 215.589,
        "z": 849.582
    },
    {
        "color": 4294967295,
        "name": "Generic Point 151",
        "x": 1192.774,
        "y": 202.833,
        "z": 476.015
    },
    {
        "color": 4294967295,
        "name": "Generic Point 152",
        "x": 1022.816,
        "y": 202.505,
        "z": 216.212
    },
    {
        "color": 4294967295,
        "name": "Generic Point 153",
        "x": 1182.479,
        "y": 203.051,
        "z": 217.465
    },
    {
        "color": 4294967295,
        "name": "Generic Point 154",
        "x": 1249.356,
        "y": 203.0,
        "z": 185.312
    },
    {
        "color": 4294967295,
        "name": "Generic Point 155",
        "x": 1152.981,
        "y": 203.15,
        "z": -51.89
    },
    {
        "color": 4294967295,
        "name": "Generic Point 156",
        "x": 1022.698,
        "y": 245.217,
        "z": -270.641
    },
    {
        "color": 4294967295,
        "name": "Generic Point 157",
        "x": 1217.373,
        "y": 202.964,
        "z": -186.908
    },
    {
        "color": 4294967295,
        "name": "Generic Point 16",
        "x": 2492.24,
        "y": 209.45,
        "z": 49.57
    },
    {
        "color": 4294967295,
        "name": "Generic Point 17",
        "x": 2298.27,
        "y": 247.726,
        "z": -27.153
    },
    {
        "color": 4294967295,
        "name": "Generic Point 18",
        "x": 2280.657,
        "y": 233.343,
        "z": -94.871
    },
    {
        "color": 4294967295,
        "name": "Generic Point 19",
        "x": 2499.135,
        "y": 264.366,
        "z": -283.451
    },
    {
        "color": 4294967295,
        "name": "Generic Point 2",
        "x": 1286.955,
        "y": 202.637,
        "z": -139.26
    },
    {
        "color": 4294967295,
        "name": "Generic Point 20",
        "x": 2489.813,
        "y": 265.231,
        "z": -295.692
    },
    {
        "color": 4294967295,
        "name": "Generic Point 21",
        "x": 2522.547,
        "y": 205.197,
        "z": -465.203
    },
    {
        "color": 4294967295,
        "name": "Generic Point 22",
        "x": 2202.624,
        "y": 205.4,
        "z": -525.647
    },
    {
        "color": 4294967295,
        "name": "Generic Point 23",
        "x": -209.444,
        "y": 203.0,
        "z": 2922.549
    },
    {
        "color": 4294967295,
        "name": "Generic Point 24",
        "x": 2126.328,
        "y": 215.311,
        "z": -551.478
    },
    {
        "color": 4294967295,
        "name": "Generic Point 25",
        "x": 1821.451,
        "y": 203.0,
        "z": -21.472
    },
    {
        "color": 4294967295,
        "name": "Generic Point 26",
        "x": 1768.659,
        "y": 203.0,
        "z": 30.077
    },
    {
        "color": 4294967295,
        "name": "Generic Point 27",
        "x": 1680.728,
        "y": 227.189,
        "z": -4.421
    },
    {
        "color": 4294967295,
        "name": "Generic Point 28",
        "x": 1674.213,
        "y": 227.28,
        "z": -16.604
    },
    {
        "color": 4294967295,
        "name": "Generic Point 29",
        "x": 1692.286,
        "y": 227.28,
        "z": -22.864
    },
    {
        "color": 4294967295,
        "name": "Generic Point 3",
        "x": 1326.474,
        "y": 202.794,
        "z": 243.515
    },
    {
        "color": 4294967295,
        "name": "Generic Point 30",
        "x": 1859.123,
        "y": 204.41,
        "z": -175.491
    },
    {
        "color": 4294967295,
        "name": "Generic Point 31",
        "x": 1788.835,
        "y": 221.967,
        "z": -462.077
    },
    {
        "color": 4294967295,
        "name": "Generic Point 32",
        "x": 1973.629,
        "y": 256.398,
        "z": -473.224
    },
    {
        "color": 4294967295,
        "name": "Generic Point 33",
        "x": 1990.99,
        "y": 222.34,
        "z": -545.806
    },
    {
        "color": 4294967295,
        "name": "Generic Point 34",
        "x": -210.425,
        "y": 203.0,
        "z": 2946.686
    },
    {
        "color": 4294967295,
        "name": "Generic Point 35",
        "x": 1808.968,
        "y": 253.172,
        "z": -693.678
    },
    {
        "color": 4294967295,
        "name": "Generic Point 36",
        "x": 1733.622,
        "y": 255.152,
        "z": -694.795
    },
    {
        "color": 4294967295,
        "name": "Generic Point 37",
        "x": 1838.595,
        "y": 236.2,
        "z": -904.809
    },
    {
        "color": 4294967295,
        "name": "Generic Point 38",
        "x": 1978.564,
        "y": 197.522,
        "z": -1154.92
    },
    {
        "color": 4294967295,
        "name": "Generic Point 39",
        "x": 2388.971,
        "y": 263.559,
        "z": -1242.86
    },
    {
        "color": 4294967295,
        "name": "Generic Point 4",
        "x": 1406.788,
        "y": 203.0,
        "z": 366.043
    },
    {
        "color": 4294967295,
        "name": "Generic Point 40",
        "x": 2677.063,
        "y": 234.88,
        "z": -1137.473
    },
    {
        "color": 4294967295,
        "name": "Generic Point 41",
        "x": 2687.693,
        "y": 247.12,
        "z": -1282.022
    },
    {
        "color": 4294967295,
        "name": "Generic Point 42",
        "x": 2806.869,
        "y": 273.134,
        "z": -1475.802
    },
    {
        "color": 4294967295,
        "name": "Generic Point 43",
        "x": 2209.414,
        "y": 238.842,
        "z": -1405.634
    },
    {
        "color": 4294967295,
        "name": "Generic Point 44",
        "x": 2003.344,
        "y": 199.128,
        "z": -1633.37
    },
    {
        "color": 4294967295,
        "name": "Generic Point 45",
        "x": -666.177,
        "y": 248.047,
        "z": 3058.886
    },
    {
        "color": 4294967295,
        "name": "Generic Point 46",
        "x": 1681.575,
        "y": 197.389,
        "z": -1564.727
    },
    {
        "color": 4294967295,
        "name": "Generic Point 47",
        "x": 1150.171,
        "y": 301.909,
        "z": -1568.97
    },
    {
        "color": 4294967295,
        "name": "Generic Point 48",
        "x": -2974.329,
        "y": 203.116,
        "z": -3248.096
    },
    {
        "color": 4294967295,
        "name": "Generic Point 49",
        "x": -2976.392,
        "y": 203.155,
        "z": -3262.435
    },
    {
        "color": 4294967295,
        "name": "Generic Point 5",
        "x": 1522.276,
        "y": 202.857,
        "z": 231.611
    },
    {
        "color": 4294967295,
        "name": "Generic Point 50",
        "x": -2921.977,
        "y": 203.158,
        "z": -3963.641
    },
    {
        "color": 4294967295,
        "name": "Generic Point 51",
        "x": -2934.199,
        "y": 203.004,
        "z": -4017.558
    },
    {
        "color": 4294967295,
        "name": "Generic Point 52",
        "x": -4709.595,
        "y": 203.0,
        "z": -3794.209
    },
    {
        "color": 4294967295,
        "name": "Generic Point 53",
        "x": -4111.034,
        "y": 202.918,
        "z": -3138.1
    },
    {
        "color": 4294967295,
        "name": "Generic Point 54",
        "x": -3796.025,
        "y": 282.795,
        "z": -2407.76
    },
    {
        "color": 4294967295,
        "name": "Generic Point 55",
        "x": -4126.954,
        "y": 213.121,
        "z": -2322.019
    },
    {
        "color": 4294967295,
        "name": "Generic Point 56",
        "x": -669.407,
        "y": 202.506,
        "z": 2903.578
    },
    {
        "color": 4294967295,
        "name": "Generic Point 57",
        "x": -3507.487,
        "y": 221.545,
        "z": -2228.247
    },
    {
        "color": 4294967295,
        "name": "Generic Point 58",
        "x": -3621.26,
        "y": 123.97,
        "z": -732.919
    },
    {
        "color": 4294967295,
        "name": "Generic Point 59",
        "x": -3634.374,
        "y": 123.974,
        "z": -722.451
    },
    {
        "color": 4294967295,
        "name": "Generic Point 6",
        "x": 2704.183,
        "y": 218.628,
        "z": 49.074
    },
    {
        "color": 4294967295,
        "name": "Generic Point 60",
        "x": -3554.864,
        "y": 212.697,
        "z": -582.731
    },
    {
        "color": 4294967295,
        "name": "Generic Point 61",
        "x": -3570.091,
        "y": 216.335,
        "z": -570.859
    },
    {
        "color": 4294967295,
        "name": "Generic Point 62",
        "x": -3754.995,
        "y": 123.661,
        "z": -644.966
    },
    {
        "color": 4294967295,
        "name": "Generic Point 63",
        "x": -3969.272,
        "y": 203.099,
        "z": -410.027
    },
    {
        "color": 4294967295,
        "name": "Generic Point 64",
        "x": -3991.803,
        "y": 202.607,
        "z": -559.585
    },
    {
        "color": 4294967295,
        "name": "Generic Point 65",
        "x": -4083.169,
        "y": 202.334,
        "z": -735.893
    },
    {
        "color": 4294967295,
        "name": "Generic Point 66",
        "x": -973.502,
        "y": 150.69,
        "z": 2782.924
    },
    {
        "color": 4294967295,
        "name": "Generic Point 67",
        "x": 284.376,
        "y": 203.0,
        "z": 2512.672
    },
    {
        "color": 4294967295,
        "name": "Generic Point 68",
        "x": 305.078,
        "y": 203.0,
        "z": 2504.74
    },
    {
        "color": 4294967295,
        "name": "Generic Point 69",
        "x": 201.448,
        "y": 203.0,
        "z": 2461.63
    },
    {
        "color": 4294967295,
        "name": "Generic Point 7",
        "x": 2863.32,
        "y": 212.927,
        "z": 139.865
    },
    {
        "color": 4294967295,
        "name": "Generic Point 70",
        "x": -717.239,
        "y": 127.271,
        "z": 3451.461
    },
    {
        "color": 4294967295,
        "name": "Generic Point 71",
        "x": -124.965,
        "y": 177.13,
        "z": 2134.032
    },
    {
        "color": 4294967295,
        "name": "Generic Point 72",
        "x": -99.171,
        "y": 178.172,
        "z": 2148.876
    },
    {
        "color": 4294967295,
        "name": "Generic Point 73",
        "x": -86.804,
        "y": 177.177,
        "z": 2118.468
    },
    {
        "color": 4294967295,
        "name": "Generic Point 74",
        "x": -52.781,
        "y": 175.805,
        "z": 2059.152
    },
    {
        "color": 4294967295,
        "name": "Generic Point 75",
        "x": -122.808,
        "y": 194.191,
        "z": 2029.882
    },
    {
        "color": 4294967295,
        "name": "Generic Point 76",
        "x": -114.529,
        "y": 192.994,
        "z": 2019.084
    },
    {
        "color": 4294967295,
        "name": "Generic Point 77",
        "x": -525.299,
        "y": 274.408,
        "z": 1519.338
    },
    {
        "color": 4294967295,
        "name": "Generic Point 78",
        "x": -501.304,
        "y": 288.07,
        "z": 1453.373
    },
    {
        "color": 4294967295,
        "name": "Generic Point 79",
        "x": -500.691,
        "y": 227.656,
        "z": 1320.894
    },
    {
        "color": 4294967295,
        "name": "Generic Point 8",
        "x": 2768.099,
        "y": 243.803,
        "z": 152.896
    },
    {
        "color": 4294967295,
        "name": "Generic Point 80",
        "x": -911.451,
        "y": 158.257,
        "z": 1361.029
    },
    {
        "color": 4294967295,
        "name": "Generic Point 81",
        "x": -744.931,
        "y": 135.027,
        "z": 3448.667
    },
    {
        "color": 4294967295,
        "name": "Generic Point 82",
        "x": -751.539,
        "y": 168.464,
        "z": 898.209
    },
    {
        "color": 4294967295,
        "name": "Generic Point 83",
        "x": -666.508,
        "y": 263.486,
        "z": 619.765
    },
    {
        "color": 4294967295,
        "name": "Generic Point 84",
        "x": -577.493,
        "y": 169.125,
        "z": 1073.887
    },
    {
        "color": 4294967295,
        "name": "Generic Point 85",
        "x": -409.652,
        "y": 187.63,
        "z": 1216.182
    },
    {
        "color": 4294967295,
        "name": "Generic Point 86",
        "x": 245.878,
        "y": 188.62,
        "z": 1389.921
    },
    {
        "color": 4294967295,
        "name": "Generic Point 87",
        "x": 230.819,
        "y": 201.189,
        "z": 1409.107
    },
    {
        "color": 4294967295,
        "name": "Generic Point 88",
        "x": 42.715,
        "y": 259.007,
        "z": 1679.674
    },
    {
        "color": 4294967295,
        "name": "Generic Point 89",
        "x": 266.507,
        "y": 233.7,
        "z": 1660.005
    },
    {
        "color": 4294967295,
        "name": "Generic Point 9",
        "x": 2605.705,
        "y": 220.801,
        "z": 429.572
    },
    {
        "color": 4294967295,
        "name": "Generic Point 90",
        "x": 287.144,
        "y": 233.7,
        "z": 1685.173
    },
    {
        "color": 4294967295,
        "name": "Generic Point 91",
        "x": 540.951,
        "y": 233.831,
        "z": 1689.109
    },
    {
        "color": 4294967295,
        "name": "Generic Point 92",
        "x": -1400.145,
        "y": 129.596,
        "z": 3387.086
    },
    {
        "color": 4294967295,
        "name": "Generic Point 93",
        "x": 800.202,
        "y": 315.535,
        "z": 1382.459
    },
    {
        "color": 4294967295,
        "name": "Generic Point 94",
        "x": 460.896,
        "y": 236.058,
        "z": 1054.72
    },
    {
        "color": 4294967295,
        "name": "Generic Point 95",
        "x": 423.048,
        "y": 226.421,
        "z": 990.205
    },
    {
        "color": 4294967295,
        "name": "Generic Point 96",
        "x": 465.071,
        "y": 221.303,
        "z": 908.147
    },
    {
        "color": 4294967295,
        "name": "Generic Point 97",
        "x": 438.651,
        "y": 183.591,
        "z": 847.957
    },
    {
        "color": 4294967295,
        "name": "Generic Point 98",
        "x": 410.969,
        "y": 184.499,
        "z": 797.535
    },
    {
        "color": 4294967295,
        "name": "Generic Point 99",
        "x": 193.758,
        "y": 202.672,
        "z": 746.786
    }
]