[
    {
        "color": 4294967295,
        "name": "Generic Point 0",
        "x": 507.244384765625,
        "y": 173.29774475097656,
        "z": 655.126953125
    },
    {
        "color": 4294967295,
        "name": "Generic Point 1",
        "x": 525.9993286132812,
        "y": 184.0482940673828,
        "z": 633.4486694335938
    },
    {
        "color": 4294967295,
        "name": "Generic Point 2",
        "x": 515.251220703125,
        "y": 184.6810760498047,
        "z": 638.7848510742188
    },
    {
        "color": 4294967295,
        "name": "Generic Point 3",
        "x": 520.093505859375,
        "y": 184.3139190673828,
        "z": 645.9864501953125
    }
]