[
    {
        "color": 4294967295,
        "name": "Generic Point 0",
        "x": 2814.83154296875,
        "y": 311.5229797363281,
        "z": -1584.71875
    },
    {
        "color": 4294967295,
        "name": "Generic Point 1",
        "x": 2958.107177734375,
        "y": 228.85043334960938,
        "z": -1804.3897705078125
    },
    {
        "color": 4294967295,
        "name": "Generic Point 10",
        "x": 2011.69384765625,
        "y": 209.93896484375,
        "z": -1403.4130859375
    },
    {
        "color": 4294967295,
        "name": "Generic Point 11",
        "x": 1861.205322265625,
        "y": 202.81246948242188,
        "z": -1347.732666015625
    },
    {
        "color": 4294967295,
        "name": "Generic Point 12",
        "x": 1888.340576171875,
        "y": 221.63494873046875,
        "z": -1256.728271484375
    },
    {
        "color": 4294967295,
        "name": "Generic Point 13",
        "x": 1824.96533203125,
        "y": 213.03102111816406,
        "z": -1224.84228515625
    },
    {
        "color": 4294967295,
        "name": "Generic Point 14",
        "x": 1929.8671875,
        "y": 222.34068298339844,
        "z": -1105.5120849609375
    },
    {
        "color": 4294967295,
        "name": "Generic Point 15",
        "x": 1737.776123046875,
        "y": 261.4440002441406,
        "z": -1111.64111328125
    },
    {
        "color": 4294967295,
        "name": "Generic Point 16",
        "x": 1769.0928955078125,
        "y": 276.8855285644531,
        "z": -1027.36474609375
    },
    {
        "color": 4294967295,
        "name": "Generic Point 17",
        "x": 1680.450439453125,
        "y": 283.155029296875,
        "z": -1123.77197265625
    },
    {
        "color": 4294967295,
        "name": "Generic Point 18",
        "x": 1560.85546875,
        "y": 303.1232604980469,
        "z": -1176.49072265625
    },
    {
        "color": 4294967295,
        "name": "Generic Point 19",
        "x": 1526.83349609375,
        "y": 255.14869689941406,
        "z": -1387.6773681640625
    },
    {
        "color": 4294967295,
        "name": "Generic Point 2",
        "x": 2770.091796875,
        "y": 276.6770324707031,
        "z": -1195.522216796875
    },
    {
        "color": 4294967295,
        "name": "Generic Point 20",
        "x": 1630.5826416015625,
        "y": 261.4288024902344,
        "z": -1420.9979248046875
    },
    {
        "color": 4294967295,
        "name": "Generic Point 21",
        "x": 1666.0137939453125,
        "y": 258.20623779296875,
        "z": -1433.94873046875
    },
    {
        "color": 4294967295,
        "name": "Generic Point 22",
        "x": 1729.6787109375,
        "y": 282.060791015625,
        "z": -1373.094482421875
    },
    {
        "color": 4294967295,
        "name": "Generic Point 23",
        "x": 1471.67041015625,
        "y": 263.22418212890625,
        "z": -1597.87890625
    },
    {
        "color": 4294967295,
        "name": "Generic Point 24",
        "x": 1373.3497314453125,
        "y": 253.9578399658203,
        "z": -1570.4100341796875
    },
    {
        "color": 4294967295,
        "name": "Generic Point 25",
        "x": 1332.620361328125,
        "y": 281.0291748046875,
        "z": -1691.950439453125
    },
    {
        "color": 4294967295,
        "name": "Generic Point 26",
        "x": 1488.904052734375,
        "y": 209.21591186523438,
        "z": -1922.209228515625
    },
    {
        "color": 4294967295,
        "name": "Generic Point 27",
        "x": 1213.66259765625,
        "y": 263.5273742675781,
        "z": -1452.9765625
    },
    {
        "color": 4294967295,
        "name": "Generic Point 28",
        "x": 1638.50244140625,
        "y": 205.76719665527344,
        "z": -2668.20458984375
    },
    {
        "color": 4294967295,
        "name": "Generic Point 29",
        "x": 2623.2509765625,
        "y": 205.74758911132812,
        "z": -2395.103271484375
    },
    {
        "color": 4294967295,
        "name": "Generic Point 3",
        "x": 2901.341064453125,
        "y": 229.9207305908203,
        "z": -1105.0819091796875
    },
    {
        "color": 4294967295,
        "name": "Generic Point 30",
        "x": 1931.4969482421875,
        "y": 262.9990234375,
        "z": -840.0170288085938
    },
    {
        "color": 4294967295,
        "name": "Generic Point 31",
        "x": 1932.5635986328125,
        "y": 235.87916564941406,
        "z": -951.4286499023438
    },
    {
        "color": 4294967295,
        "name": "Generic Point 32",
        "x": 1850.177001953125,
        "y": 275.94281005859375,
        "z": -693.9754638671875
    },
    {
        "color": 4294967295,
        "name": "Generic Point 33",
        "x": 2087.226318359375,
        "y": 205.0641326904297,
        "z": -746.9186401367188
    },
    {
        "color": 4294967295,
        "name": "Generic Point 34",
        "x": 1986.6517333984375,
        "y": 255.4376678466797,
        "z": -548.2928466796875
    },
    {
        "color": 4294967295,
        "name": "Generic Point 35",
        "x": 2092.093505859375,
        "y": 251.9038543701172,
        "z": -459.39111328125
    },
    {
        "color": 4294967295,
        "name": "Generic Point 36",
        "x": 2198.086669921875,
        "y": 255.2627410888672,
        "z": -417.91778564453125
    },
    {
        "color": 4294967295,
        "name": "Generic Point 37",
        "x": 2266.983642578125,
        "y": 241.05001831054688,
        "z": -491.1749267578125
    },
    {
        "color": 4294967295,
        "name": "Generic Point 38",
        "x": 2343.822509765625,
        "y": 286.8303527832031,
        "z": -420.977294921875
    },
    {
        "color": 4294967295,
        "name": "Generic Point 39",
        "x": 2391.039794921875,
        "y": 287.54541015625,
        "z": -327.7587890625
    },
    {
        "color": 4294967295,
        "name": "Generic Point 4",
        "x": 2238.39697265625,
        "y": 273.77606201171875,
        "z": -1560.787353515625
    },
    {
        "color": 4294967295,
        "name": "Generic Point 40",
        "x": 2528.046142578125,
        "y": 316.60205078125,
        "z": -356.2996826171875
    },
    {
        "color": 4294967295,
        "name": "Generic Point 41",
        "x": 2481.982421875,
        "y": 230.54600524902344,
        "z": -427.5704040527344
    },
    {
        "color": 4294967295,
        "name": "Generic Point 42",
        "x": 2552.423583984375,
        "y": 218.329833984375,
        "z": -433.09814453125
    },
    {
        "color": 4294967295,
        "name": "Generic Point 43",
        "x": 2640.244873046875,
        "y": 250.9012908935547,
        "z": -494.0062255859375
    },
    {
        "color": 4294967295,
        "name": "Generic Point 44",
        "x": 2630.0693359375,
        "y": 260.10498046875,
        "z": -385.4197998046875
    },
    {
        "color": 4294967295,
        "name": "Generic Point 45",
        "x": 2690.342041015625,
        "y": 251.9749755859375,
        "z": -374.1219482421875
    },
    {
        "color": 4294967295,
        "name": "Generic Point 46",
        "x": 2594.146240234375,
        "y": 227.41720581054688,
        "z": -726.2627563476562
    },
    {
        "color": 4294967295,
        "name": "Generic Point 47",
        "x": 2651.490234375,
        "y": 284.66162109375,
        "z": -679.0137939453125
    },
    {
        "color": 4294967295,
        "name": "Generic Point 48",
        "x": 2430.80908203125,
        "y": 296.91998291015625,
        "z": -201.32687377929688
    },
    {
        "color": 4294967295,
        "name": "Generic Point 49",
        "x": 2315.177001953125,
        "y": 259.22314453125,
        "z": -58.43531799316406
    },
    {
        "color": 4294967295,
        "name": "Generic Point 5",
        "x": 2331.326416015625,
        "y": 312.78460693359375,
        "z": -1762.40771484375
    },
    {
        "color": 4294967295,
        "name": "Generic Point 50",
        "x": 2183.24462890625,
        "y": 272.1381530761719,
        "z": 21.861988067626953
    },
    {
        "color": 4294967295,
        "name": "Generic Point 51",
        "x": 1777.060791015625,
        "y": 237.2102508544922,
        "z": -403.5235595703125
    },
    {
        "color": 4294967295,
        "name": "Generic Point 52",
        "x": 1626.89697265625,
        "y": 265.5059814453125,
        "z": -440.80230712890625
    },
    {
        "color": 4294967295,
        "name": "Generic Point 53",
        "x": 1683.894775390625,
        "y": 202.84234619140625,
        "z": -279.486083984375
    },
    {
        "color": 4294967295,
        "name": "Generic Point 54",
        "x": 2593.88818359375,
        "y": 252.95724487304688,
        "z": 339.4797058105469
    },
    {
        "color": 4294967295,
        "name": "Generic Point 55",
        "x": 2558.264404296875,
        "y": 188.96144104003906,
        "z": 389.97979736328125
    },
    {
        "color": 4294967295,
        "name": "Generic Point 56",
        "x": 2479.80712890625,
        "y": 226.1591339111328,
        "z": 272.35504150390625
    },
    {
        "color": 4294967295,
        "name": "Generic Point 57",
        "x": 2652.4169921875,
        "y": 327.8525695800781,
        "z": 131.8272705078125
    },
    {
        "color": 4294967295,
        "name": "Generic Point 58",
        "x": 2686.4736328125,
        "y": 235.75572204589844,
        "z": 182.96934509277344
    },
    {
        "color": 4294967295,
        "name": "Generic Point 59",
        "x": 2743.800537109375,
        "y": 221.74136352539062,
        "z": 172.04689025878906
    },
    {
        "color": 4294967295,
        "name": "Generic Point 6",
        "x": 2503.217041015625,
        "y": 308.0576171875,
        "z": -1633.0870361328125
    },
    {
        "color": 4294967295,
        "name": "Generic Point 60",
        "x": 2700.284423828125,
        "y": 214.8578338623047,
        "z": 232.12539672851562
    },
    {
        "color": 4294967295,
        "name": "Generic Point 61",
        "x": 2882.9111328125,
        "y": 246.2194366455078,
        "z": 299.53167724609375
    },
    {
        "color": 4294967295,
        "name": "Generic Point 62",
        "x": 2863.9501953125,
        "y": 222.22064208984375,
        "z": 87.03656005859375
    },
    {
        "color": 4294967295,
        "name": "Generic Point 63",
        "x": 2824.00146484375,
        "y": 252.97364807128906,
        "z": -24.930023193359375
    },
    {
        "color": 4294967295,
        "name": "Generic Point 64",
        "x": 2930.904052734375,
        "y": 217.9095001220703,
        "z": -35.624114990234375
    },
    {
        "color": 4294967295,
        "name": "Generic Point 65",
        "x": 2643.51123046875,
        "y": 294.51837158203125,
        "z": -189.55673217773438
    },
    {
        "color": 4294967295,
        "name": "Generic Point 7",
        "x": 2311.564697265625,
        "y": 253.1172332763672,
        "z": -1261.947265625
    },
    {
        "color": 4294967295,
        "name": "Generic Point 8",
        "x": 2071.113037109375,
        "y": 207.7484588623047,
        "z": -1264.380126953125
    },
    {
        "color": 4294967295,
        "name": "Generic Point 9",
        "x": 1978.489013671875,
        "y": 197.940185546875,
        "z": -1266.3760986328125
    }
]