[
    {
        "color": 4294967295,
        "name": "Generic Point 0",
        "x": -256.19842529296875,
        "y": 287.2250671386719,
        "z": 3688.008544921875
    },
    {
        "color": 4294967295,
        "name": "Generic Point 1",
        "x": -1475.7200927734375,
        "y": 354.9809265136719,
        "z": 2110.902099609375
    },
    {
        "color": 4294967295,
        "name": "Generic Point 10",
        "x": -2484.5634765625,
        "y": 115.06285858154297,
        "z": 4777.8720703125
    },
    {
        "color": 4294967295,
        "name": "Generic Point 100",
        "x": -14.519073486328125,
        "y": 173.04661560058594,
        "z": 2635.14697265625
    },
    {
        "color": 4294967295,
        "name": "Generic Point 101",
        "x": 93.48593139648438,
        "y": 163.43861389160156,
        "z": 2718.718994140625
    },
    {
        "color": 4294967295,
        "name": "Generic Point 102",
        "x": -567.3829956054688,
        "y": 131.13339233398438,
        "z": 2265.38330078125
    },
    {
        "color": 4294967295,
        "name": "Generic Point 103",
        "x": -545.514892578125,
        "y": 103.75221252441406,
        "z": 2277.72607421875
    },
    {
        "color": 4294967295,
        "name": "Generic Point 104",
        "x": -553.9580078125,
        "y": 103.64817810058594,
        "z": 2333.325439453125
    },
    {
        "color": 4294967295,
        "name": "Generic Point 105",
        "x": -505.2030029296875,
        "y": 135.3011016845703,
        "z": 2505.03369140625
    },
    {
        "color": 4294967295,
        "name": "Generic Point 106",
        "x": -506.93487548828125,
        "y": 182.08282470703125,
        "z": 2417.1591796875
    },
    {
        "color": 4294967295,
        "name": "Generic Point 107",
        "x": -538.1046752929688,
        "y": 218.8831024169922,
        "z": 2344.73486328125
    },
    {
        "color": 4294967295,
        "name": "Generic Point 108",
        "x": -714.5357055664062,
        "y": 225.92498779296875,
        "z": 2252.847900390625
    },
    {
        "color": 4294967295,
        "name": "Generic Point 109",
        "x": -601.7013549804688,
        "y": 312.2379150390625,
        "z": 2173.71337890625
    },
    {
        "color": 4294967295,
        "name": "Generic Point 11",
        "x": -2466.331787109375,
        "y": 254.06732177734375,
        "z": 4160.1962890625
    },
    {
        "color": 4294967295,
        "name": "Generic Point 110",
        "x": -378.9635009765625,
        "y": 200.04934692382812,
        "z": 2342.932861328125
    },
    {
        "color": 4294967295,
        "name": "Generic Point 111",
        "x": -207.2729949951172,
        "y": 234.70208740234375,
        "z": 2300.383056640625
    },
    {
        "color": 4294967295,
        "name": "Generic Point 112",
        "x": -244.14389038085938,
        "y": 214.15936279296875,
        "z": 2359.595458984375
    },
    {
        "color": 4294967295,
        "name": "Generic Point 113",
        "x": 144.6553955078125,
        "y": 260.27490234375,
        "z": 2302.638916015625
    },
    {
        "color": 4294967295,
        "name": "Generic Point 114",
        "x": -1148.3033447265625,
        "y": 301.4411926269531,
        "z": 2463.796142578125
    },
    {
        "color": 4294967295,
        "name": "Generic Point 115",
        "x": 102.01011657714844,
        "y": 247.94744873046875,
        "z": 2263.323974609375
    },
    {
        "color": 4294967295,
        "name": "Generic Point 116",
        "x": -339.41912841796875,
        "y": 283.5669250488281,
        "z": 2112.57080078125
    },
    {
        "color": 4294967295,
        "name": "Generic Point 117",
        "x": -40.33392333984375,
        "y": 306.15277099609375,
        "z": 2256.647705078125
    },
    {
        "color": 4294967295,
        "name": "Generic Point 118",
        "x": 235.08840942382812,
        "y": 313.1333312988281,
        "z": 2115.3857421875
    },
    {
        "color": 4294967295,
        "name": "Generic Point 119",
        "x": 167.5734405517578,
        "y": 382.6731262207031,
        "z": 2145.10205078125
    },
    {
        "color": 4294967295,
        "name": "Generic Point 12",
        "x": -752.0595703125,
        "y": 221.8957977294922,
        "z": 3033.073974609375
    },
    {
        "color": 4294967295,
        "name": "Generic Point 120",
        "x": 135.36143493652344,
        "y": 286.2169189453125,
        "z": 2447.864501953125
    },
    {
        "color": 4294967295,
        "name": "Generic Point 121",
        "x": 314.1346435546875,
        "y": 270.50921630859375,
        "z": 2221.009033203125
    },
    {
        "color": 4294967295,
        "name": "Generic Point 122",
        "x": 346.39691162109375,
        "y": 184.1080322265625,
        "z": 2286.914794921875
    },
    {
        "color": 4294967295,
        "name": "Generic Point 123",
        "x": -1045.1944580078125,
        "y": 253.39089965820312,
        "z": 2178.01220703125
    },
    {
        "color": 4294967295,
        "name": "Generic Point 124",
        "x": -1166.7288818359375,
        "y": 178.44329833984375,
        "z": 2091.45849609375
    },
    {
        "color": 4294967295,
        "name": "Generic Point 125",
        "x": -1105.14208984375,
        "y": 199.96385192871094,
        "z": 2108.930908203125
    },
    {
        "color": 4294967295,
        "name": "Generic Point 126",
        "x": -1051.59521484375,
        "y": 175.43380737304688,
        "z": 2172.81591796875
    },
    {
        "color": 4294967295,
        "name": "Generic Point 127",
        "x": -1203.1190185546875,
        "y": 152.7336883544922,
        "z": 2177.481201171875
    },
    {
        "color": 4294967295,
        "name": "Generic Point 128",
        "x": -1644.9775390625,
        "y": 457.830078125,
        "z": 2113.417236328125
    },
    {
        "color": 4294967295,
        "name": "Generic Point 129",
        "x": -1301.198974609375,
        "y": 255.16946411132812,
        "z": 1864.9521484375
    },
    {
        "color": 4294967295,
        "name": "Generic Point 13",
        "x": -2985.939453125,
        "y": 2.8555052280426025,
        "z": 4272.0185546875
    },
    {
        "color": 4294967295,
        "name": "Generic Point 130",
        "x": -1232.657958984375,
        "y": 306.26202392578125,
        "z": 2070.027099609375
    },
    {
        "color": 4294967295,
        "name": "Generic Point 131",
        "x": -1406.7353515625,
        "y": 304.57952880859375,
        "z": 2184.883056640625
    },
    {
        "color": 4294967295,
        "name": "Generic Point 132",
        "x": -1576.3985595703125,
        "y": 357.2968444824219,
        "z": 2291.4384765625
    },
    {
        "color": 4294967295,
        "name": "Generic Point 133",
        "x": -1706.580810546875,
        "y": 203.81582641601562,
        "z": 2512.37841796875
    },
    {
        "color": 4294967295,
        "name": "Generic Point 134",
        "x": -1603.35986328125,
        "y": 218.86410522460938,
        "z": 2481.55859375
    },
    {
        "color": 4294967295,
        "name": "Generic Point 135",
        "x": -1613.297607421875,
        "y": 201.78125,
        "z": 2590.568359375
    },
    {
        "color": 4294967295,
        "name": "Generic Point 136",
        "x": -1420.997314453125,
        "y": 204.91651916503906,
        "z": 2519.77783203125
    },
    {
        "color": 4294967295,
        "name": "Generic Point 137",
        "x": -1191.44384765625,
        "y": 174.9755859375,
        "z": 2439.901123046875
    },
    {
        "color": 4294967295,
        "name": "Generic Point 138",
        "x": -1206.4810791015625,
        "y": 193.3688507080078,
        "z": 2356.466552734375
    },
    {
        "color": 4294967295,
        "name": "Generic Point 139",
        "x": -1255.640625,
        "y": 105.36002349853516,
        "z": 2339.9912109375
    },
    {
        "color": 4294967295,
        "name": "Generic Point 14",
        "x": -918.0833740234375,
        "y": 197.1590118408203,
        "z": 3623.476806640625
    },
    {
        "color": 4294967295,
        "name": "Generic Point 140",
        "x": -1667.353515625,
        "y": 97.05531311035156,
        "z": 2106.5478515625
    },
    {
        "color": 4294967295,
        "name": "Generic Point 141",
        "x": -1705.84130859375,
        "y": 139.3369140625,
        "z": 2128.857421875
    },
    {
        "color": 4294967295,
        "name": "Generic Point 142",
        "x": -1733.8431396484375,
        "y": 196.48541259765625,
        "z": 2155.103759765625
    },
    {
        "color": 4294967295,
        "name": "Generic Point 143",
        "x": -1733.8431396484375,
        "y": 196.48541259765625,
        "z": 2155.103759765625
    },
    {
        "color": 4294967295,
        "name": "Generic Point 144",
        "x": -1669.54248046875,
        "y": 122.11402130126953,
        "z": 2284.17236328125
    },
    {
        "color": 4294967295,
        "name": "Generic Point 145",
        "x": -1576.0780029296875,
        "y": 261.7608337402344,
        "z": 2345.524658203125
    },
    {
        "color": 4294967295,
        "name": "Generic Point 146",
        "x": -1546.57373046875,
        "y": 272.0156555175781,
        "z": 2302.62255859375
    },
    {
        "color": 4294967295,
        "name": "Generic Point 147",
        "x": -1476.206787109375,
        "y": 135.72671508789062,
        "z": 2560.363037109375
    },
    {
        "color": 4294967295,
        "name": "Generic Point 148",
        "x": -1709.9786376953125,
        "y": 131.3316650390625,
        "z": 2704.78662109375
    },
    {
        "color": 4294967295,
        "name": "Generic Point 149",
        "x": -1836.0791015625,
        "y": 265.27056884765625,
        "z": 2845.03076171875
    },
    {
        "color": 4294967295,
        "name": "Generic Point 15",
        "x": -1158.3720703125,
        "y": 266.44439697265625,
        "z": 3344.126220703125
    },
    {
        "color": 4294967295,
        "name": "Generic Point 150",
        "x": -1857.8314208984375,
        "y": 217.9490509033203,
        "z": 2955.983154296875
    },
    {
        "color": 4294967295,
        "name": "Generic Point 151",
        "x": -1782.3560791015625,
        "y": 232.8470001220703,
        "z": 2965.639892578125
    },
    {
        "color": 4294967295,
        "name": "Generic Point 152",
        "x": -1745.466064453125,
        "y": 185.58990478515625,
        "z": 3040.87890625
    },
    {
        "color": 4294967295,
        "name": "Generic Point 153",
        "x": -1577.3961181640625,
        "y": 217.57272338867188,
        "z": 2761.80224609375
    },
    {
        "color": 4294967295,
        "name": "Generic Point 154",
        "x": -1525.599609375,
        "y": 203.9698486328125,
        "z": 2746.28271484375
    },
    {
        "color": 4294967295,
        "name": "Generic Point 155",
        "x": -1475.6376953125,
        "y": 232.645751953125,
        "z": 2954.870361328125
    },
    {
        "color": 4294967295,
        "name": "Generic Point 156",
        "x": -1468.789306640625,
        "y": 266.61871337890625,
        "z": 2997.84912109375
    },
    {
        "color": 4294967295,
        "name": "Generic Point 157",
        "x": -1611.0662841796875,
        "y": 163.94540405273438,
        "z": 3165.57275390625
    },
    {
        "color": 4294967295,
        "name": "Generic Point 158",
        "x": -1486.1978759765625,
        "y": 177.50112915039062,
        "z": 3212.486572265625
    },
    {
        "color": 4294967295,
        "name": "Generic Point 159",
        "x": -1294.978515625,
        "y": 199.82733154296875,
        "z": 3163.433837890625
    },
    {
        "color": 4294967295,
        "name": "Generic Point 16",
        "x": -1370.7037353515625,
        "y": 326.979248046875,
        "z": 3669.07861328125
    },
    {
        "color": 4294967295,
        "name": "Generic Point 160",
        "x": -1235.2772216796875,
        "y": 284.4029235839844,
        "z": 2861.38525390625
    },
    {
        "color": 4294967295,
        "name": "Generic Point 161",
        "x": -1294.919677734375,
        "y": 201.53033447265625,
        "z": 2693.393310546875
    },
    {
        "color": 4294967295,
        "name": "Generic Point 162",
        "x": -1268.7396240234375,
        "y": 237.92831420898438,
        "z": 2708.414794921875
    },
    {
        "color": 4294967295,
        "name": "Generic Point 163",
        "x": -794.5088500976562,
        "y": 212.9022674560547,
        "z": 2679.879638671875
    },
    {
        "color": 4294967295,
        "name": "Generic Point 164",
        "x": -830.897216796875,
        "y": 182.0742950439453,
        "z": 2535.80517578125
    },
    {
        "color": 4294967295,
        "name": "Generic Point 165",
        "x": -369.99114990234375,
        "y": 247.47439575195312,
        "z": 2629.3115234375
    },
    {
        "color": 4294967295,
        "name": "Generic Point 166",
        "x": -1737.56640625,
        "y": 403.2617492675781,
        "z": 2167.3603515625
    },
    {
        "color": 4294967295,
        "name": "Generic Point 167",
        "x": -570.5704956054688,
        "y": 215.44700622558594,
        "z": 3091.273681640625
    },
    {
        "color": 4294967295,
        "name": "Generic Point 168",
        "x": -295.3822937011719,
        "y": 200.86573791503906,
        "z": 2555.13818359375
    },
    {
        "color": 4294967295,
        "name": "Generic Point 169",
        "x": -905.8485717773438,
        "y": 47.767784118652344,
        "z": 3132.48828125
    },
    {
        "color": 4294967295,
        "name": "Generic Point 17",
        "x": -1243.2125244140625,
        "y": 226.24293518066406,
        "z": 3792.469970703125
    },
    {
        "color": 4294967295,
        "name": "Generic Point 170",
        "x": 218.30490112304688,
        "y": 297.29888916015625,
        "z": 2467.486083984375
    },
    {
        "color": 4294967295,
        "name": "Generic Point 171",
        "x": -1638.2943115234375,
        "y": 500.791259765625,
        "z": 2166.2294921875
    },
    {
        "color": 4294967295,
        "name": "Generic Point 172",
        "x": -1210.0799560546875,
        "y": 145.5657196044922,
        "z": 2331.183349609375
    },
    {
        "color": 4294967295,
        "name": "Generic Point 173",
        "x": -1745.179443359375,
        "y": 94.39684295654297,
        "z": 2242.6708984375
    },
    {
        "color": 4294967295,
        "name": "Generic Point 174",
        "x": -1237.375,
        "y": 241.23387145996094,
        "z": 3307.57958984375
    },
    {
        "color": 4294967295,
        "name": "Generic Point 175",
        "x": -1483.1654052734375,
        "y": 276.6563720703125,
        "z": 3636.8095703125
    },
    {
        "color": 4294967295,
        "name": "Generic Point 176",
        "x": -1227.337890625,
        "y": 244.52626037597656,
        "z": 3585.093994140625
    },
    {
        "color": 4294967295,
        "name": "Generic Point 177",
        "x": -837.6189575195312,
        "y": 204.5173797607422,
        "z": 3018.119873046875
    },
    {
        "color": 4294967295,
        "name": "Generic Point 178",
        "x": -939.939453125,
        "y": 203.31045532226562,
        "z": 3273.92626953125
    },
    {
        "color": 4294967295,
        "name": "Generic Point 18",
        "x": -1662.490234375,
        "y": 220.94078063964844,
        "z": 2918.53369140625
    },
    {
        "color": 4294967295,
        "name": "Generic Point 19",
        "x": -1716.927734375,
        "y": 321.9276428222656,
        "z": 2370.755859375
    },
    {
        "color": 4294967295,
        "name": "Generic Point 2",
        "x": -1987.917236328125,
        "y": 135.21298217773438,
        "z": 5169.2509765625
    },
    {
        "color": 4294967295,
        "name": "Generic Point 20",
        "x": -256.19842529296875,
        "y": 287.2250671386719,
        "z": 3688.008544921875
    },
    {
        "color": 4294967295,
        "name": "Generic Point 21",
        "x": -1840.95947265625,
        "y": -3.758574962615967,
        "z": 3300.611572265625
    },
    {
        "color": 4294967295,
        "name": "Generic Point 22",
        "x": -1732.203125,
        "y": 125.3849105834961,
        "z": 3313.6962890625
    },
    {
        "color": 4294967295,
        "name": "Generic Point 23",
        "x": -1388.79736328125,
        "y": 270.41552734375,
        "z": 2830.7841796875
    },
    {
        "color": 4294967295,
        "name": "Generic Point 24",
        "x": -1315.7596435546875,
        "y": 276.2171630859375,
        "z": 2866.52099609375
    },
    {
        "color": 4294967295,
        "name": "Generic Point 25",
        "x": -1956.6246337890625,
        "y": 375.9248352050781,
        "z": 3494.700927734375
    },
    {
        "color": 4294967295,
        "name": "Generic Point 26",
        "x": -1878.70703125,
        "y": 367.5688171386719,
        "z": 3753.115966796875
    },
    {
        "color": 4294967295,
        "name": "Generic Point 27",
        "x": -1770.61962890625,
        "y": 308.3611145019531,
        "z": 3751.7138671875
    },
    {
        "color": 4294967295,
        "name": "Generic Point 28",
        "x": -1774.609619140625,
        "y": 266.722900390625,
        "z": 3689.53076171875
    },
    {
        "color": 4294967295,
        "name": "Generic Point 29",
        "x": -1772.347412109375,
        "y": 166.666748046875,
        "z": 3593.417236328125
    },
    {
        "color": 4294967295,
        "name": "Generic Point 3",
        "x": -990.9176635742188,
        "y": 226.73483276367188,
        "z": 2504.800048828125
    },
    {
        "color": 4294967295,
        "name": "Generic Point 30",
        "x": -1810.03515625,
        "y": 187.1118621826172,
        "z": 3636.3583984375
    },
    {
        "color": 4294967295,
        "name": "Generic Point 31",
        "x": -1694.8896484375,
        "y": 138.15924072265625,
        "z": 3386.249267578125
    },
    {
        "color": 4294967295,
        "name": "Generic Point 32",
        "x": -1795.23876953125,
        "y": 123.9421615600586,
        "z": 3479.896728515625
    },
    {
        "color": 4294967295,
        "name": "Generic Point 33",
        "x": -1774.536376953125,
        "y": 150.7317352294922,
        "z": 3548.19970703125
    },
    {
        "color": 4294967295,
        "name": "Generic Point 34",
        "x": -1774.1265869140625,
        "y": 150.45248413085938,
        "z": 3538.976318359375
    },
    {
        "color": 4294967295,
        "name": "Generic Point 35",
        "x": -1919.7110595703125,
        "y": 14.62313175201416,
        "z": 3239.1708984375
    },
    {
        "color": 4294967295,
        "name": "Generic Point 36",
        "x": -1802.891845703125,
        "y": 89.03589630126953,
        "z": 3375.185302734375
    },
    {
        "color": 4294967295,
        "name": "Generic Point 37",
        "x": -1711.0963134765625,
        "y": 192.27938842773438,
        "z": 3379.12060546875
    },
    {
        "color": 4294967295,
        "name": "Generic Point 38",
        "x": -1659.9847412109375,
        "y": 95.74938201904297,
        "z": 3302.167724609375
    },
    {
        "color": 4294967295,
        "name": "Generic Point 39",
        "x": -1815.0775146484375,
        "y": 128.75021362304688,
        "z": 3328.074462890625
    },
    {
        "color": 4294967295,
        "name": "Generic Point 4",
        "x": -670.8914184570312,
        "y": 218.59616088867188,
        "z": 2418.34423828125
    },
    {
        "color": 4294967295,
        "name": "Generic Point 40",
        "x": -1897.0819091796875,
        "y": 296.5377502441406,
        "z": 3196.480224609375
    },
    {
        "color": 4294967295,
        "name": "Generic Point 41",
        "x": -1868.902099609375,
        "y": 182.06312561035156,
        "z": 3147.14599609375
    },
    {
        "color": 4294967295,
        "name": "Generic Point 42",
        "x": -1456.3616943359375,
        "y": 277.9906311035156,
        "z": 3459.767333984375
    },
    {
        "color": 4294967295,
        "name": "Generic Point 43",
        "x": -1323.16845703125,
        "y": 177.79344177246094,
        "z": 3441.875244140625
    },
    {
        "color": 4294967295,
        "name": "Generic Point 44",
        "x": -1229.66552734375,
        "y": 205.21751403808594,
        "z": 3398.906494140625
    },
    {
        "color": 4294967295,
        "name": "Generic Point 45",
        "x": -1199.25048828125,
        "y": 207.18994140625,
        "z": 3489.02197265625
    },
    {
        "color": 4294967295,
        "name": "Generic Point 46",
        "x": -1323.0697021484375,
        "y": 189.84860229492188,
        "z": 3481.635009765625
    },
    {
        "color": 4294967295,
        "name": "Generic Point 47",
        "x": -1531.0616455078125,
        "y": 194.250244140625,
        "z": 3490.86328125
    },
    {
        "color": 4294967295,
        "name": "Generic Point 48",
        "x": -1493.1522216796875,
        "y": 128.67080688476562,
        "z": 3371.7109375
    },
    {
        "color": 4294967295,
        "name": "Generic Point 49",
        "x": -1340.4853515625,
        "y": 152.2674102783203,
        "z": 3412.1435546875
    },
    {
        "color": 4294967295,
        "name": "Generic Point 5",
        "x": -2120.290771484375,
        "y": 149.72421264648438,
        "z": 4792.26123046875
    },
    {
        "color": 4294967295,
        "name": "Generic Point 50",
        "x": -1642.5166015625,
        "y": 285.7028503417969,
        "z": 3801.934326171875
    },
    {
        "color": 4294967295,
        "name": "Generic Point 51",
        "x": -1403.2618408203125,
        "y": 284.95703125,
        "z": 3729.264404296875
    },
    {
        "color": 4294967295,
        "name": "Generic Point 52",
        "x": -1286.1912841796875,
        "y": 260.5552673339844,
        "z": 3639.453369140625
    },
    {
        "color": 4294967295,
        "name": "Generic Point 53",
        "x": -1104.111572265625,
        "y": 177.17161560058594,
        "z": 3712.71484375
    },
    {
        "color": 4294967295,
        "name": "Generic Point 54",
        "x": -1218.626708984375,
        "y": 254.28953552246094,
        "z": 3977.293701171875
    },
    {
        "color": 4294967295,
        "name": "Generic Point 55",
        "x": -1223.701171875,
        "y": 228.80555725097656,
        "z": 3898.953369140625
    },
    {
        "color": 4294967295,
        "name": "Generic Point 56",
        "x": -1173.14453125,
        "y": 255.57774353027344,
        "z": 3928.65771484375
    },
    {
        "color": 4294967295,
        "name": "Generic Point 57",
        "x": -1090.4718017578125,
        "y": 341.8090515136719,
        "z": 4002.54833984375
    },
    {
        "color": 4294967295,
        "name": "Generic Point 58",
        "x": -690.77294921875,
        "y": 227.88694763183594,
        "z": 3142.362548828125
    },
    {
        "color": 4294967295,
        "name": "Generic Point 59",
        "x": -834.412353515625,
        "y": 177.86781311035156,
        "z": 3766.363037109375
    },
    {
        "color": 4294967295,
        "name": "Generic Point 6",
        "x": -218.71133422851562,
        "y": 221.1588897705078,
        "z": 3633.111572265625
    },
    {
        "color": 4294967295,
        "name": "Generic Point 60",
        "x": -792.8276977539062,
        "y": 181.0901336669922,
        "z": 3736.87255859375
    },
    {
        "color": 4294967295,
        "name": "Generic Point 61",
        "x": -594.9764404296875,
        "y": 230.82257080078125,
        "z": 2954.3515625
    },
    {
        "color": 4294967295,
        "name": "Generic Point 62",
        "x": -649.5811157226562,
        "y": 201.12828063964844,
        "z": 2861.238525390625
    },
    {
        "color": 4294967295,
        "name": "Generic Point 63",
        "x": -708.7196044921875,
        "y": 202.98458862304688,
        "z": 2934.991943359375
    },
    {
        "color": 4294967295,
        "name": "Generic Point 64",
        "x": -937.1073608398438,
        "y": 212.43759155273438,
        "z": 2761.944580078125
    },
    {
        "color": 4294967295,
        "name": "Generic Point 65",
        "x": -868.0258178710938,
        "y": 219.4586944580078,
        "z": 3200.84912109375
    },
    {
        "color": 4294967295,
        "name": "Generic Point 66",
        "x": -832.4685668945312,
        "y": 139.8968048095703,
        "z": 3190.739501953125
    },
    {
        "color": 4294967295,
        "name": "Generic Point 67",
        "x": -830.8112182617188,
        "y": -41.37424087524414,
        "z": 3164.88330078125
    },
    {
        "color": 4294967295,
        "name": "Generic Point 68",
        "x": -899.0142822265625,
        "y": 333.6201477050781,
        "z": 3367.679931640625
    },
    {
        "color": 4294967295,
        "name": "Generic Point 69",
        "x": -1038.5740966796875,
        "y": 293.7095642089844,
        "z": 3284.423583984375
    },
    {
        "color": 4294967295,
        "name": "Generic Point 7",
        "x": -296.6266174316406,
        "y": 292.9043884277344,
        "z": 3321.042236328125
    },
    {
        "color": 4294967295,
        "name": "Generic Point 70",
        "x": -854.5327758789062,
        "y": 237.19325256347656,
        "z": 3503.994384765625
    },
    {
        "color": 4294967295,
        "name": "Generic Point 71",
        "x": -943.8002319335938,
        "y": 221.4293212890625,
        "z": 3510.598388671875
    },
    {
        "color": 4294967295,
        "name": "Generic Point 72",
        "x": -825.599853515625,
        "y": 106.75907135009766,
        "z": 3349.368408203125
    },
    {
        "color": 4294967295,
        "name": "Generic Point 73",
        "x": -592.5416870117188,
        "y": 31.93643569946289,
        "z": 3707.99853515625
    },
    {
        "color": 4294967295,
        "name": "Generic Point 74",
        "x": -568.8319702148438,
        "y": -37.40957260131836,
        "z": 3822.40380859375
    },
    {
        "color": 4294967295,
        "name": "Generic Point 75",
        "x": -483.68927001953125,
        "y": 188.5348358154297,
        "z": 3306.501220703125
    },
    {
        "color": 4294967295,
        "name": "Generic Point 76",
        "x": -583.1256713867188,
        "y": 127.17970275878906,
        "z": 3404.674072265625
    },
    {
        "color": 4294967295,
        "name": "Generic Point 77",
        "x": -409.6258850097656,
        "y": 248.98802185058594,
        "z": 3398.1572265625
    },
    {
        "color": 4294967295,
        "name": "Generic Point 78",
        "x": -518.8099975585938,
        "y": 159.31015014648438,
        "z": 3613.80078125
    },
    {
        "color": 4294967295,
        "name": "Generic Point 79",
        "x": -480.8346252441406,
        "y": 265.18182373046875,
        "z": 3720.629150390625
    },
    {
        "color": 4294967295,
        "name": "Generic Point 8",
        "x": -2464.2724609375,
        "y": 337.5735778808594,
        "z": 3966.31494140625
    },
    {
        "color": 4294967295,
        "name": "Generic Point 80",
        "x": -391.45391845703125,
        "y": 207.49411010742188,
        "z": 3654.738525390625
    },
    {
        "color": 4294967295,
        "name": "Generic Point 81",
        "x": -353.999267578125,
        "y": 220.7264404296875,
        "z": 3841.4609375
    },
    {
        "color": 4294967295,
        "name": "Generic Point 82",
        "x": -221.53732299804688,
        "y": 227.18104553222656,
        "z": 3914.5078125
    },
    {
        "color": 4294967295,
        "name": "Generic Point 83",
        "x": -181.11929321289062,
        "y": 235.0690460205078,
        "z": 3476.254150390625
    },
    {
        "color": 4294967295,
        "name": "Generic Point 84",
        "x": -53.10565185546875,
        "y": 271.7204895019531,
        "z": 3440.6640625
    },
    {
        "color": 4294967295,
        "name": "Generic Point 85",
        "x": -15.075759887695312,
        "y": 246.98414611816406,
        "z": 3438.243408203125
    },
    {
        "color": 4294967295,
        "name": "Generic Point 86",
        "x": -221.75001525878906,
        "y": 250.61647033691406,
        "z": 3334.8212890625
    },
    {
        "color": 4294967295,
        "name": "Generic Point 87",
        "x": -172.0846405029297,
        "y": 244.2852325439453,
        "z": 3525.220947265625
    },
    {
        "color": 4294967295,
        "name": "Generic Point 88",
        "x": -191.7165985107422,
        "y": 246.2943115234375,
        "z": 3641.3974609375
    },
    {
        "color": 4294967295,
        "name": "Generic Point 89",
        "x": -259.9033203125,
        "y": 257.27667236328125,
        "z": 3750.97412109375
    },
    {
        "color": 4294967295,
        "name": "Generic Point 9",
        "x": -2386.464599609375,
        "y": -51.76371383666992,
        "z": 5922.7431640625
    },
    {
        "color": 4294967295,
        "name": "Generic Point 90",
        "x": -19.41088104248047,
        "y": 275.2421875,
        "z": 2980.523193359375
    },
    {
        "color": 4294967295,
        "name": "Generic Point 91",
        "x": 186.35708618164062,
        "y": 250.322998046875,
        "z": 2967.1640625
    },
    {
        "color": 4294967295,
        "name": "Generic Point 92",
        "x": 107.15200805664062,
        "y": 94.77352142333984,
        "z": 2969.497802734375
    },
    {
        "color": 4294967295,
        "name": "Generic Point 93",
        "x": 201.96078491210938,
        "y": 86.52986145019531,
        "z": 3014.796142578125
    },
    {
        "color": 4294967295,
        "name": "Generic Point 94",
        "x": -22.78329086303711,
        "y": 299.38885498046875,
        "z": 2825.588134765625
    },
    {
        "color": 4294967295,
        "name": "Generic Point 95",
        "x": 131.89382934570312,
        "y": 151.6737518310547,
        "z": 2938.473876953125
    },
    {
        "color": 4294967295,
        "name": "Generic Point 96",
        "x": -72.59918975830078,
        "y": 227.95626831054688,
        "z": 2566.485595703125
    },
    {
        "color": 4294967295,
        "name": "Generic Point 97",
        "x": -222.08013916015625,
        "y": 223.99058532714844,
        "z": 2545.959716796875
    },
    {
        "color": 4294967295,
        "name": "Generic Point 98",
        "x": -128.27374267578125,
        "y": 202.59825134277344,
        "z": 2646.16015625
    },
    {
        "color": 4294967295,
        "name": "Generic Point 99",
        "x": -84.50057983398438,
        "y": 202.92498779296875,
        "z": 2586.78955078125
    }
]