[
    {
        "color": 4294967295,
        "name": "Generic Point 0",
        "x": 362.154,
        "y": 161.397,
        "z": 1073.803
    },
    {
        "color": 4294967295,
        "name": "Generic Point 1",
        "x": 377.073,
        "y": 160.421,
        "z": 1060.827
    },
    {
        "color": 4294967295,
        "name": "Generic Point 2",
        "x": 705.632,
        "y": 401.973,
        "z": 744.9
    },
    {
        "color": 4294967295,
        "name": "Generic Point 3",
        "x": 998.493,
        "y": 741.345,
        "z": 400.12
    },
    {
        "color": 4294967295,
        "name": "Generic Point 4",
        "x": 962.576,
        "y": 722.791,
        "z": 317.554
    },
    {
        "color": 4294967295,
        "name": "Generic Point 5",
        "x": 915.745,
        "y": 711.477,
        "z": 256.732
    },
    {
        "color": 4294967295,
        "name": "Generic Point 6",
        "x": 902.086,
        "y": 710.187,
        "z": 228.825
    },
    {
        "color": 4294967295,
        "name": "Generic Point 7",
        "x": 796.125,
        "y": 709.227,
        "z": 235.465
    },
    {
        "color": 4294967295,
        "name": "Generic Point 8",
        "x": 800.807,
        "y": 709.212,
        "z": 228.733
    }
]