[
    {
        "color": 4294967295,
        "name": "Generic Point 0",
        "x": 806.389,
        "y": 709.262,
        "z": 224.425
    },
    {
        "color": 4294967295,
        "name": "Generic Point 1",
        "x": 986.483,
        "y": 1022.413,
        "z": 833.807
    },
    {
        "color": 4294967295,
        "name": "Generic Point 10",
        "x": 311.254,
        "y": 374.728,
        "z": 349.954
    },
    {
        "color": 4294967295,
        "name": "Generic Point 11",
        "x": 794.358,
        "y": 709.2,
        "z": 234.208
    },
    {
        "color": 4294967295,
        "name": "Generic Point 12",
        "x": 212.419,
        "y": 304.473,
        "z": 428.167
    },
    {
        "color": 4294967295,
        "name": "Generic Point 13",
        "x": 97.785,
        "y": 309.594,
        "z": 346.241
    },
    {
        "color": 4294967295,
        "name": "Generic Point 14",
        "x": 59.507,
        "y": 315.539,
        "z": 412.374
    },
    {
        "color": 4294967295,
        "name": "Generic Point 15",
        "x": 72.623,
        "y": 320.949,
        "z": 425.729
    },
    {
        "color": 4294967295,
        "name": "Generic Point 16",
        "x": 900.937,
        "y": 710.011,
        "z": 236.087
    },
    {
        "color": 4294967295,
        "name": "Generic Point 17",
        "x": 919.539,
        "y": 711.639,
        "z": 259.915
    },
    {
        "color": 4294967295,
        "name": "Generic Point 18",
        "x": 966.804,
        "y": 725.544,
        "z": 327.186
    },
    {
        "color": 4294967295,
        "name": "Generic Point 19",
        "x": 986.479,
        "y": 740.71,
        "z": 403.465
    },
    {
        "color": 4294967295,
        "name": "Generic Point 2",
        "x": 968.986,
        "y": 1024.2820000000002,
        "z": 847.469
    },
    {
        "color": 4294967295,
        "name": "Generic Point 20",
        "x": 1001.261,
        "y": 740.389,
        "z": 417.732
    },
    {
        "color": 4294967295,
        "name": "Generic Point 21",
        "x": 1030.584,
        "y": 845.454,
        "z": 544.834
    },
    {
        "color": 4294967295,
        "name": "Generic Point 22",
        "x": 1032.222,
        "y": 845.977,
        "z": 566.21
    },
    {
        "color": 4294967295,
        "name": "Generic Point 3",
        "x": 716.273,
        "y": 407.325,
        "z": 733.139
    },
    {
        "color": 4294967295,
        "name": "Generic Point 4",
        "x": 698.307,
        "y": 400.197,
        "z": 741.663
    },
    {
        "color": 4294967295,
        "name": "Generic Point 5",
        "x": 588.88,
        "y": 381.683,
        "z": 706.125
    },
    {
        "color": 4294967295,
        "name": "Generic Point 6",
        "x": 509.913,
        "y": 380.374,
        "z": 695.976
    },
    {
        "color": 4294967295,
        "name": "Generic Point 7",
        "x": 414.579,
        "y": 386.255,
        "z": 652.65
    },
    {
        "color": 4294967295,
        "name": "Generic Point 8",
        "x": 390.943,
        "y": 393.452,
        "z": 647.602
    },
    {
        "color": 4294967295,
        "name": "Generic Point 9",
        "x": 353.541,
        "y": 381.139,
        "z": 380.163
    }
]