[
    {
        "color": 4294967295,
        "name": "Generic Point 0",
        "x": -2475.02978515625,
        "y": 114.9688491821289,
        "z": 4788.79541015625
    },
    {
        "color": 4294967295,
        "name": "Generic Point 1",
        "x": -2350.608642578125,
        "y": 98.8733139038086,
        "z": 5223.9453125
    },
    {
        "color": 4294967295,
        "name": "Generic Point 10",
        "x": -2351.01025390625,
        "y": 105.12132263183594,
        "z": 5268.51953125
    },
    {
        "color": 4294967295,
        "name": "Generic Point 11",
        "x": -2534.02587890625,
        "y": 165.297119140625,
        "z": 4901.60595703125
    },
    {
        "color": 4294967295,
        "name": "Generic Point 12",
        "x": -2350.891845703125,
        "y": 68.87579345703125,
        "z": 5214.1708984375
    },
    {
        "color": 4294967295,
        "name": "Generic Point 13",
        "x": -2351.069580078125,
        "y": 74.93932342529297,
        "z": 5179.3603515625
    },
    {
        "color": 4294967295,
        "name": "Generic Point 14",
        "x": -2350.489990234375,
        "y": 158.82545471191406,
        "z": 5178.79541015625
    },
    {
        "color": 4294967295,
        "name": "Generic Point 15",
        "x": -2349.704833984375,
        "y": 174.7469940185547,
        "z": 5329.189453125
    },
    {
        "color": 4294967295,
        "name": "Generic Point 16",
        "x": -2348.883056640625,
        "y": 182.12147521972656,
        "z": 5423.36767578125
    },
    {
        "color": 4294967295,
        "name": "Generic Point 17",
        "x": -2349.54638671875,
        "y": 187.2172088623047,
        "z": 5528.83154296875
    },
    {
        "color": 4294967295,
        "name": "Generic Point 18",
        "x": -2292.569580078125,
        "y": 193.0096435546875,
        "z": 5539.1025390625
    },
    {
        "color": 4294967295,
        "name": "Generic Point 19",
        "x": -2310.782958984375,
        "y": 204.42539978027344,
        "z": 5513.81640625
    },
    {
        "color": 4294967295,
        "name": "Generic Point 2",
        "x": -2351.05419921875,
        "y": 98.87306213378906,
        "z": 5187.23779296875
    },
    {
        "color": 4294967295,
        "name": "Generic Point 20",
        "x": -2308.925048828125,
        "y": 204.59707641601562,
        "z": 5574.98193359375
    },
    {
        "color": 4294967295,
        "name": "Generic Point 21",
        "x": -2387.514892578125,
        "y": 204.7394256591797,
        "z": 5513.3779296875
    },
    {
        "color": 4294967295,
        "name": "Generic Point 22",
        "x": -2502.235595703125,
        "y": 115.36578369140625,
        "z": 4803.6142578125
    },
    {
        "color": 4294967295,
        "name": "Generic Point 23",
        "x": -2389.627685546875,
        "y": 204.50697326660156,
        "z": 5574.10986328125
    },
    {
        "color": 4294967295,
        "name": "Generic Point 24",
        "x": -2349.41845703125,
        "y": 195.52877807617188,
        "z": 5561.30615234375
    },
    {
        "color": 4294967295,
        "name": "Generic Point 25",
        "x": -2349.75390625,
        "y": 239.3069305419922,
        "z": 5547.33740234375
    },
    {
        "color": 4294967295,
        "name": "Generic Point 26",
        "x": -2442.83447265625,
        "y": -23.804405212402344,
        "z": 5660.11962890625
    },
    {
        "color": 4294967295,
        "name": "Generic Point 27",
        "x": -2435.456298828125,
        "y": -25.565519332885742,
        "z": 5663.19287109375
    },
    {
        "color": 4294967295,
        "name": "Generic Point 28",
        "x": -2330.656494140625,
        "y": -62.53682327270508,
        "z": 5704.978515625
    },
    {
        "color": 4294967295,
        "name": "Generic Point 29",
        "x": -2205.461181640625,
        "y": -41.118186950683594,
        "z": 5671.27001953125
    },
    {
        "color": 4294967295,
        "name": "Generic Point 3",
        "x": -2286.138671875,
        "y": 107.48336029052734,
        "z": 5267.5810546875
    },
    {
        "color": 4294967295,
        "name": "Generic Point 30",
        "x": -2172.573486328125,
        "y": -57.40015411376953,
        "z": 5780.1474609375
    },
    {
        "color": 4294967295,
        "name": "Generic Point 31",
        "x": -2141.53369140625,
        "y": -51.00628662109375,
        "z": 5807.15087890625
    },
    {
        "color": 4294967295,
        "name": "Generic Point 32",
        "x": -2046.5762939453125,
        "y": -21.43829345703125,
        "z": 5788.3603515625
    },
    {
        "color": 4294967295,
        "name": "Generic Point 33",
        "x": -2352.029541015625,
        "y": 119.87311553955078,
        "z": 5013.11181640625
    },
    {
        "color": 4294967295,
        "name": "Generic Point 34",
        "x": -2051.939453125,
        "y": 14.530375480651855,
        "z": 5709.1669921875
    },
    {
        "color": 4294967295,
        "name": "Generic Point 35",
        "x": -2027.19482421875,
        "y": 8.338603973388672,
        "z": 5647.24365234375
    },
    {
        "color": 4294967295,
        "name": "Generic Point 36",
        "x": -2051.546142578125,
        "y": -4.161920547485352,
        "z": 5539.9453125
    },
    {
        "color": 4294967295,
        "name": "Generic Point 37",
        "x": -2088.558837890625,
        "y": -42.34040069580078,
        "z": 5561.783203125
    },
    {
        "color": 4294967295,
        "name": "Generic Point 38",
        "x": -2180.936767578125,
        "y": -20.890382766723633,
        "z": 5571.29052734375
    },
    {
        "color": 4294967295,
        "name": "Generic Point 39",
        "x": -2255.295166015625,
        "y": 3.1772663593292236,
        "z": 5581.888671875
    },
    {
        "color": 4294967295,
        "name": "Generic Point 4",
        "x": -2286.01611328125,
        "y": 122.10433959960938,
        "z": 5291.34716796875
    },
    {
        "color": 4294967295,
        "name": "Generic Point 40",
        "x": -2280.587158203125,
        "y": 3.1771883964538574,
        "z": 5581.3212890625
    },
    {
        "color": 4294967295,
        "name": "Generic Point 41",
        "x": -2268.37841796875,
        "y": 3.1769614219665527,
        "z": 5618.5322265625
    },
    {
        "color": 4294967295,
        "name": "Generic Point 42",
        "x": -2269.14990234375,
        "y": 3.3337550163269043,
        "z": 5609.9990234375
    },
    {
        "color": 4294967295,
        "name": "Generic Point 43",
        "x": -2186.63427734375,
        "y": 9.19581413269043,
        "z": 5541.3310546875
    },
    {
        "color": 4294967295,
        "name": "Generic Point 44",
        "x": -2149.333984375,
        "y": 9.177338600158691,
        "z": 5567.79296875
    },
    {
        "color": 4294967295,
        "name": "Generic Point 45",
        "x": -2161.14453125,
        "y": 12.633996963500977,
        "z": 5580.5087890625
    },
    {
        "color": 4294967295,
        "name": "Generic Point 46",
        "x": -2158.300537109375,
        "y": 9.316061019897461,
        "z": 5549.47021484375
    },
    {
        "color": 4294967295,
        "name": "Generic Point 47",
        "x": -2154.71337890625,
        "y": 9.177042961120605,
        "z": 5554.91748046875
    },
    {
        "color": 4294967295,
        "name": "Generic Point 48",
        "x": -2377.249755859375,
        "y": 119.90726470947266,
        "z": 5101.65087890625
    },
    {
        "color": 4294967295,
        "name": "Generic Point 49",
        "x": -2158.01416015625,
        "y": 9.323573112487793,
        "z": 5569.15478515625
    },
    {
        "color": 4294967295,
        "name": "Generic Point 5",
        "x": -2312.357666015625,
        "y": 98.96411895751953,
        "z": 5262.13916015625
    },
    {
        "color": 4294967295,
        "name": "Generic Point 50",
        "x": -2258.626708984375,
        "y": 47.87728500366211,
        "z": 5568.69091796875
    },
    {
        "color": 4294967295,
        "name": "Generic Point 51",
        "x": -2372.806396484375,
        "y": 95.86444091796875,
        "z": 5078.63330078125
    },
    {
        "color": 4294967295,
        "name": "Generic Point 52",
        "x": -2324.120849609375,
        "y": 119.87327575683594,
        "z": 5096.095703125
    },
    {
        "color": 4294967295,
        "name": "Generic Point 53",
        "x": -2330.444580078125,
        "y": 96.53448486328125,
        "z": 5091.87548828125
    },
    {
        "color": 4294967295,
        "name": "Generic Point 54",
        "x": -2330.242919921875,
        "y": 95.9734878540039,
        "z": 5079.15966796875
    },
    {
        "color": 4294967295,
        "name": "Generic Point 6",
        "x": -2418.632080078125,
        "y": 132.93243408203125,
        "z": 5269.0615234375
    },
    {
        "color": 4294967295,
        "name": "Generic Point 7",
        "x": -2423.806396484375,
        "y": 126.8362808227539,
        "z": 5268.79052734375
    },
    {
        "color": 4294967295,
        "name": "Generic Point 8",
        "x": -2427.1328125,
        "y": 98.84838104248047,
        "z": 5238.57421875
    },
    {
        "color": 4294967295,
        "name": "Generic Point 9",
        "x": -2388.800537109375,
        "y": 98.88959503173828,
        "z": 5257.275390625
    }
]