[
    {
        "color": 4294967295,
        "name": "Generic Point 0",
        "x": -2640.78515625,
        "y": 219.7335662841797,
        "z": -4134.8115234375
    },
    {
        "color": 4294967295,
        "name": "Generic Point 1",
        "x": -2610.685791015625,
        "y": 230.24224853515625,
        "z": -4278.92578125
    },
    {
        "color": 4294967295,
        "name": "Generic Point 2",
        "x": -3011.451171875,
        "y": 209.31289672851562,
        "z": -3935.90478515625
    },
    {
        "color": 4294967295,
        "name": "Generic Point 3",
        "x": -2804.6474609375,
        "y": 200.8889923095703,
        "z": -4694.13623046875
    },
    {
        "color": 4294967295,
        "name": "Generic Point 4",
        "x": -2699.97998046875,
        "y": 231.5539093017578,
        "z": -4443.86181640625
    },
    {
        "color": 4294967295,
        "name": "Generic Point 5",
        "x": -2786.05712890625,
        "y": 206.1179962158203,
        "z": -4203.22998046875
    },
    {
        "color": 4294967295,
        "name": "Generic Point 6",
        "x": -2573.231689453125,
        "y": 320.8385925292969,
        "z": -4541.52099609375
    }
]