[
    {
        "color": 4294967295,
        "name": "fred0211 0",
        "x": -1425.2769775390625,
        "y": 63.104949951171875,
        "z": 9777.1220703125
    },
    {
        "color": 4294967295,
        "name": "fred0211 1",
        "x": -992.6932373046875,
        "y": 210.15744018554688,
        "z": 9750.2353515625
    },
    {
        "color": 4294967295,
        "name": "fred0211 2",
        "x": -1588.69384765625,
        "y": 37.54768753051758,
        "z": 9457.8056640625
    },
    {
        "color": 4294967295,
        "name": "fred0211 3",
        "x": -48.26904296875,
        "y": 690.0127563476562,
        "z": 9184.4404296875
    },
    {
        "color": 4294967295,
        "name": "fred0211 4",
        "x": -1204.671875,
        "y": 306.7552185058594,
        "z": 9457.427734375
    },
    {
        "color": 4294967295,
        "name": "fred0211 5",
        "x": 223.34423828125,
        "y": 244.2413787841797,
        "z": 9645.9609375
    },
    {
        "color": 4294967295,
        "name": "fred0211 6",
        "x": -106.0264892578125,
        "y": 377.10687255859375,
        "z": 10128.373046875
    },
    {
        "color": 4294967295,
        "name": "fred0211 7",
        "x": -1682.59912109375,
        "y": 15.168368339538574,
        "z": 9685.7900390625
    }
]