[
    {
        "color": 4294967295,
        "name": "Generic Point 0",
        "x": 279.65008544921875,
        "y": 175.89645385742188,
        "z": 854.5281982421875
    },
    {
        "color": 4294967295,
        "name": "Generic Point 1",
        "x": 520.052490234375,
        "y": 189.8011932373047,
        "z": 632.6083984375
    },
    {
        "color": 4294967295,
        "name": "Generic Point 10",
        "x": 210.2352752685547,
        "y": 342.6550598144531,
        "z": 256.3695983886719
    },
    {
        "color": 4294967295,
        "name": "Generic Point 11",
        "x": 476.99444580078125,
        "y": 155.7145233154297,
        "z": 939.4697265625
    },
    {
        "color": 4294967295,
        "name": "Generic Point 12",
        "x": 166.78607177734375,
        "y": 356.63043212890625,
        "z": 286.6560363769531
    },
    {
        "color": 4294967295,
        "name": "Generic Point 13",
        "x": 335.41644287109375,
        "y": 332.7683410644531,
        "z": 300.74481201171875
    },
    {
        "color": 4294967295,
        "name": "Generic Point 14",
        "x": 337.18524169921875,
        "y": 342.9962463378906,
        "z": 242.63963317871094
    },
    {
        "color": 4294967295,
        "name": "Generic Point 15",
        "x": 164.50930786132812,
        "y": 271.6435241699219,
        "z": 365.383544921875
    },
    {
        "color": 4294967295,
        "name": "Generic Point 16",
        "x": 242.20822143554688,
        "y": 275.37933349609375,
        "z": 433.7233581542969
    },
    {
        "color": 4294967295,
        "name": "Generic Point 17",
        "x": 546.3515014648438,
        "y": 180.22824096679688,
        "z": -423.8025207519531
    },
    {
        "color": 4294967295,
        "name": "Generic Point 18",
        "x": 583.3131713867188,
        "y": 126.97368621826172,
        "z": -512.4022216796875
    },
    {
        "color": 4294967295,
        "name": "Generic Point 19",
        "x": 549.306396484375,
        "y": 157.85418701171875,
        "z": -328.9214172363281
    },
    {
        "color": 4294967295,
        "name": "Generic Point 2",
        "x": 507.9792175292969,
        "y": 206.40243530273438,
        "z": 548.00537109375
    },
    {
        "color": 4294967295,
        "name": "Generic Point 20",
        "x": 470.7770080566406,
        "y": 173.9909210205078,
        "z": -293.348876953125
    },
    {
        "color": 4294967295,
        "name": "Generic Point 21",
        "x": 400.1874694824219,
        "y": 140.91836547851562,
        "z": -224.5391845703125
    },
    {
        "color": 4294967295,
        "name": "Generic Point 22",
        "x": 359.7552185058594,
        "y": 121.36306762695312,
        "z": 955.6588745117188
    },
    {
        "color": 4294967295,
        "name": "Generic Point 23",
        "x": 366.4609375,
        "y": 147.71359252929688,
        "z": -187.53823852539062
    },
    {
        "color": 4294967295,
        "name": "Generic Point 24",
        "x": 336.07061767578125,
        "y": 164.59844970703125,
        "z": -219.46983337402344
    },
    {
        "color": 4294967295,
        "name": "Generic Point 25",
        "x": 236.73736572265625,
        "y": 202.825927734375,
        "z": -312.47137451171875
    },
    {
        "color": 4294967295,
        "name": "Generic Point 26",
        "x": 189.1316375732422,
        "y": 114.9852523803711,
        "z": -304.2822570800781
    },
    {
        "color": 4294967295,
        "name": "Generic Point 27",
        "x": 180.8375244140625,
        "y": 194.44143676757812,
        "z": -316.79217529296875
    },
    {
        "color": 4294967295,
        "name": "Generic Point 28",
        "x": 186.23385620117188,
        "y": 262.9858703613281,
        "z": -375.96923828125
    },
    {
        "color": 4294967295,
        "name": "Generic Point 29",
        "x": 197.60476684570312,
        "y": 208.39828491210938,
        "z": -455.22906494140625
    },
    {
        "color": 4294967295,
        "name": "Generic Point 3",
        "x": 561.7550659179688,
        "y": 252.7480926513672,
        "z": 482.2591857910156
    },
    {
        "color": 4294967295,
        "name": "Generic Point 30",
        "x": 893.3577880859375,
        "y": 218.4412841796875,
        "z": 130.01991271972656
    },
    {
        "color": 4294967295,
        "name": "Generic Point 31",
        "x": 901.1202392578125,
        "y": 223.11636352539062,
        "z": 40.454959869384766
    },
    {
        "color": 4294967295,
        "name": "Generic Point 32",
        "x": -31.41300392150879,
        "y": 209.0123748779297,
        "z": 2.211388349533081
    },
    {
        "color": 4294967295,
        "name": "Generic Point 33",
        "x": 508.58563232421875,
        "y": 176.0494384765625,
        "z": 873.7144775390625
    },
    {
        "color": 4294967295,
        "name": "Generic Point 34",
        "x": -125.02657318115234,
        "y": 241.0025634765625,
        "z": 201.54872131347656
    },
    {
        "color": 4294967295,
        "name": "Generic Point 35",
        "x": -156.24671936035156,
        "y": 206.8212432861328,
        "z": 133.86595153808594
    },
    {
        "color": 4294967295,
        "name": "Generic Point 36",
        "x": -285.12884521484375,
        "y": 227.0014190673828,
        "z": 158.02621459960938
    },
    {
        "color": 4294967295,
        "name": "Generic Point 37",
        "x": -204.87393188476562,
        "y": 199.04360961914062,
        "z": 216.1791534423828
    },
    {
        "color": 4294967295,
        "name": "Generic Point 38",
        "x": -211.34954833984375,
        "y": 193.83395385742188,
        "z": 302.80133056640625
    },
    {
        "color": 4294967295,
        "name": "Generic Point 39",
        "x": -179.9558868408203,
        "y": 258.26873779296875,
        "z": 450.9742431640625
    },
    {
        "color": 4294967295,
        "name": "Generic Point 4",
        "x": 629.7647094726562,
        "y": 207.9341278076172,
        "z": 488.9942626953125
    },
    {
        "color": 4294967295,
        "name": "Generic Point 40",
        "x": -132.99334716796875,
        "y": 187.21994018554688,
        "z": 509.7217102050781
    },
    {
        "color": 4294967295,
        "name": "Generic Point 41",
        "x": -102.34976196289062,
        "y": 247.45864868164062,
        "z": 348.2380676269531
    },
    {
        "color": 4294967295,
        "name": "Generic Point 42",
        "x": -221.6060333251953,
        "y": 181.39154052734375,
        "z": 452.6869812011719
    },
    {
        "color": 4294967295,
        "name": "Generic Point 43",
        "x": -322.7611083984375,
        "y": 263.49749755859375,
        "z": 367.340087890625
    },
    {
        "color": 4294967295,
        "name": "Generic Point 44",
        "x": 603.9828491210938,
        "y": 216.3822021484375,
        "z": 648.0855712890625
    },
    {
        "color": 4294967295,
        "name": "Generic Point 45",
        "x": -352.738037109375,
        "y": 219.64447021484375,
        "z": 428.93231201171875
    },
    {
        "color": 4294967295,
        "name": "Generic Point 46",
        "x": -524.306884765625,
        "y": 237.33609008789062,
        "z": 433.0542907714844
    },
    {
        "color": 4294967295,
        "name": "Generic Point 47",
        "x": -486.0033874511719,
        "y": 219.29266357421875,
        "z": 358.188232421875
    },
    {
        "color": 4294967295,
        "name": "Generic Point 48",
        "x": 1310.171875,
        "y": 205.51171875,
        "z": 816.491455078125
    },
    {
        "color": 4294967295,
        "name": "Generic Point 49",
        "x": 1346.0833740234375,
        "y": 190.271728515625,
        "z": 791.034423828125
    },
    {
        "color": 4294967295,
        "name": "Generic Point 5",
        "x": 717.2400512695312,
        "y": 259.70379638671875,
        "z": 522.5020751953125
    },
    {
        "color": 4294967295,
        "name": "Generic Point 50",
        "x": 1169.7781982421875,
        "y": 228.68641662597656,
        "z": -634.5676879882812
    },
    {
        "color": 4294967295,
        "name": "Generic Point 51",
        "x": 1277.79443359375,
        "y": 263.6607971191406,
        "z": -791.1351928710938
    },
    {
        "color": 4294967295,
        "name": "Generic Point 52",
        "x": -841.1600341796875,
        "y": 163.1622772216797,
        "z": -219.5297393798828
    },
    {
        "color": 4294967295,
        "name": "Generic Point 53",
        "x": -739.9332885742188,
        "y": 160.83935546875,
        "z": -173.38720703125
    },
    {
        "color": 4294967295,
        "name": "Generic Point 54",
        "x": 604.0091552734375,
        "y": 1942.764892578125,
        "z": 648.3341674804688
    },
    {
        "color": 4294967295,
        "name": "Generic Point 55",
        "x": 628.52001953125,
        "y": 243.7506561279297,
        "z": 689.8375854492188
    },
    {
        "color": 4294967295,
        "name": "Generic Point 56",
        "x": 680.3292236328125,
        "y": 278.0026550292969,
        "z": 661.7898559570312
    },
    {
        "color": 4294967295,
        "name": "Generic Point 57",
        "x": 681.5762939453125,
        "y": 187.55868530273438,
        "z": 634.8492431640625
    },
    {
        "color": 4294967295,
        "name": "Generic Point 58",
        "x": 670.8887939453125,
        "y": 254.7667694091797,
        "z": 627.5155029296875
    },
    {
        "color": 4294967295,
        "name": "Generic Point 6",
        "x": 437.82861328125,
        "y": 324.65740966796875,
        "z": 294.9206237792969
    },
    {
        "color": 4294967295,
        "name": "Generic Point 7",
        "x": 181.23379516601562,
        "y": 150.8956298828125,
        "z": 78.65874481201172
    },
    {
        "color": 4294967295,
        "name": "Generic Point 8",
        "x": 255.77879333496094,
        "y": 370.2609558105469,
        "z": 89.3426284790039
    },
    {
        "color": 4294967295,
        "name": "Generic Point 9",
        "x": 192.57205200195312,
        "y": 345.5788269042969,
        "z": 175.70310974121094
    }
]