[
    {
        "color": 4294967295,
        "name": "Generic Point 0",
        "x": -1332.9112548828125,
        "y": 151.08932495117188,
        "z": 4358.93310546875
    },
    {
        "color": 4294967295,
        "name": "Generic Point 1",
        "x": -2340.90087890625,
        "y": 49.875282287597656,
        "z": 4286.09326171875
    },
    {
        "color": 4294967295,
        "name": "Generic Point 10",
        "x": -2842.251953125,
        "y": 190.88937377929688,
        "z": 5826.24267578125
    },
    {
        "color": 4294967295,
        "name": "Generic Point 11",
        "x": -1307.65673828125,
        "y": 73.28425598144531,
        "z": 4530.78271484375
    },
    {
        "color": 4294967295,
        "name": "Generic Point 12",
        "x": -2839.089599609375,
        "y": 75.75049591064453,
        "z": 5804.24853515625
    },
    {
        "color": 4294967295,
        "name": "Generic Point 13",
        "x": -2715.380126953125,
        "y": 0.34402981400489807,
        "z": 5763.591796875
    },
    {
        "color": 4294967295,
        "name": "Generic Point 14",
        "x": -2677.76806640625,
        "y": -20.99077796936035,
        "z": 5839.9052734375
    },
    {
        "color": 4294967295,
        "name": "Generic Point 15",
        "x": -2596.047119140625,
        "y": 16.42120933532715,
        "z": 5688.1865234375
    },
    {
        "color": 4294967295,
        "name": "Generic Point 16",
        "x": -2614.809814453125,
        "y": 45.85707092285156,
        "z": 5588.2529296875
    },
    {
        "color": 4294967295,
        "name": "Generic Point 17",
        "x": -2757.26806640625,
        "y": -50.17238235473633,
        "z": 5326.71875
    },
    {
        "color": 4294967295,
        "name": "Generic Point 18",
        "x": -2704.5166015625,
        "y": 25.62124252319336,
        "z": 5389.0810546875
    },
    {
        "color": 4294967295,
        "name": "Generic Point 19",
        "x": -2582.083251953125,
        "y": 42.621822357177734,
        "z": 5365.50390625
    },
    {
        "color": 4294967295,
        "name": "Generic Point 2",
        "x": -2465.8759765625,
        "y": 25.905067443847656,
        "z": 4325.90478515625
    },
    {
        "color": 4294967295,
        "name": "Generic Point 20",
        "x": -2513.717041015625,
        "y": 142.20167541503906,
        "z": 5175.703125
    },
    {
        "color": 4294967295,
        "name": "Generic Point 21",
        "x": -2413.18994140625,
        "y": 120.02523803710938,
        "z": 5043.2880859375
    },
    {
        "color": 4294967295,
        "name": "Generic Point 22",
        "x": -1426.63525390625,
        "y": 2.5179147720336914,
        "z": 4729.72021484375
    },
    {
        "color": 4294967295,
        "name": "Generic Point 23",
        "x": -2318.0,
        "y": 136.21395874023438,
        "z": 4974.60009765625
    },
    {
        "color": 4294967295,
        "name": "Generic Point 24",
        "x": -2265.801025390625,
        "y": 75.30886840820312,
        "z": 5149.77099609375
    },
    {
        "color": 4294967295,
        "name": "Generic Point 25",
        "x": -2366.40234375,
        "y": 68.13121795654297,
        "z": 5231.1279296875
    },
    {
        "color": 4294967295,
        "name": "Generic Point 26",
        "x": -2359.925537109375,
        "y": 50.71635055541992,
        "z": 5337.98291015625
    },
    {
        "color": 4294967295,
        "name": "Generic Point 27",
        "x": -2323.53515625,
        "y": 165.28868103027344,
        "z": 5298.318359375
    },
    {
        "color": 4294967295,
        "name": "Generic Point 28",
        "x": -2244.923095703125,
        "y": 15.854433059692383,
        "z": 5328.79296875
    },
    {
        "color": 4294967295,
        "name": "Generic Point 29",
        "x": -2417.837890625,
        "y": -28.02002716064453,
        "z": 5408.365234375
    },
    {
        "color": 4294967295,
        "name": "Generic Point 3",
        "x": -2394.11669921875,
        "y": 81.51811218261719,
        "z": 4416.3125
    },
    {
        "color": 4294967295,
        "name": "Generic Point 30",
        "x": -2410.8037109375,
        "y": 157.59005737304688,
        "z": 5545.76318359375
    },
    {
        "color": 4294967295,
        "name": "Generic Point 31",
        "x": -2419.435546875,
        "y": 180.51075744628906,
        "z": 5615.6142578125
    },
    {
        "color": 4294967295,
        "name": "Generic Point 32",
        "x": -2273.294921875,
        "y": 3.1406121253967285,
        "z": 5619.7158203125
    },
    {
        "color": 4294967295,
        "name": "Generic Point 33",
        "x": -1441.9346923828125,
        "y": 74.1368637084961,
        "z": 4841.9521484375
    },
    {
        "color": 4294967295,
        "name": "Generic Point 34",
        "x": -2212.335205078125,
        "y": -20.481678009033203,
        "z": 5579.1875
    },
    {
        "color": 4294967295,
        "name": "Generic Point 35",
        "x": -2265.630859375,
        "y": 190.85433959960938,
        "z": 5542.5302734375
    },
    {
        "color": 4294967295,
        "name": "Generic Point 36",
        "x": -2321.00390625,
        "y": 219.91175842285156,
        "z": 5556.08056640625
    },
    {
        "color": 4294967295,
        "name": "Generic Point 37",
        "x": -2301.783203125,
        "y": 204.41595458984375,
        "z": 5485.529296875
    },
    {
        "color": 4294967295,
        "name": "Generic Point 38",
        "x": -2349.1044921875,
        "y": 474.26190185546875,
        "z": 5595.5556640625
    },
    {
        "color": 4294967295,
        "name": "Generic Point 39",
        "x": -2258.96044921875,
        "y": 16.05376434326172,
        "z": 5742.7626953125
    },
    {
        "color": 4294967295,
        "name": "Generic Point 4",
        "x": -3224.663818359375,
        "y": 282.46673583984375,
        "z": 4749.27587890625
    },
    {
        "color": 4294967295,
        "name": "Generic Point 40",
        "x": -2261.98046875,
        "y": -34.63156509399414,
        "z": 5882.5830078125
    },
    {
        "color": 4294967295,
        "name": "Generic Point 41",
        "x": -2323.166015625,
        "y": 172.9645538330078,
        "z": 5841.27880859375
    },
    {
        "color": 4294967295,
        "name": "Generic Point 42",
        "x": -2180.94287109375,
        "y": 41.10758972167969,
        "z": 5864.7294921875
    },
    {
        "color": 4294967295,
        "name": "Generic Point 43",
        "x": -2184.52490234375,
        "y": 65.1787109375,
        "z": 5956.48046875
    },
    {
        "color": 4294967295,
        "name": "Generic Point 44",
        "x": -1556.742431640625,
        "y": -35.213714599609375,
        "z": 4552.4052734375
    },
    {
        "color": 4294967295,
        "name": "Generic Point 45",
        "x": -2213.97509765625,
        "y": -91.75013732910156,
        "z": 5993.3779296875
    },
    {
        "color": 4294967295,
        "name": "Generic Point 46",
        "x": -2104.3662109375,
        "y": -55.237247467041016,
        "z": 5708.6630859375
    },
    {
        "color": 4294967295,
        "name": "Generic Point 47",
        "x": -2074.412841796875,
        "y": -39.960323333740234,
        "z": 5676.25244140625
    },
    {
        "color": 4294967295,
        "name": "Generic Point 48",
        "x": -2166.688232421875,
        "y": 30.196794509887695,
        "z": 5544.181640625
    },
    {
        "color": 4294967295,
        "name": "Generic Point 49",
        "x": -2117.022705078125,
        "y": -38.763492584228516,
        "z": 5556.97216796875
    },
    {
        "color": 4294967295,
        "name": "Generic Point 5",
        "x": -3169.23193359375,
        "y": 272.9168701171875,
        "z": 4752.630859375
    },
    {
        "color": 4294967295,
        "name": "Generic Point 50",
        "x": -2042.1068115234375,
        "y": 161.60060119628906,
        "z": 5559.4404296875
    },
    {
        "color": 4294967295,
        "name": "Generic Point 51",
        "x": -1973.2183837890625,
        "y": 7.247837066650391,
        "z": 5583.25048828125
    },
    {
        "color": 4294967295,
        "name": "Generic Point 52",
        "x": -1842.90234375,
        "y": 156.70404052734375,
        "z": 5483.4833984375
    },
    {
        "color": 4294967295,
        "name": "Generic Point 53",
        "x": -1821.074462890625,
        "y": 156.7445831298828,
        "z": 5690.31982421875
    },
    {
        "color": 4294967295,
        "name": "Generic Point 54",
        "x": -1933.42919921875,
        "y": 151.38931274414062,
        "z": 5932.30859375
    },
    {
        "color": 4294967295,
        "name": "Generic Point 55",
        "x": -1669.252685546875,
        "y": 26.490488052368164,
        "z": 4528.326171875
    },
    {
        "color": 4294967295,
        "name": "Generic Point 56",
        "x": -1908.8270263671875,
        "y": 151.06484985351562,
        "z": 5313.0087890625
    },
    {
        "color": 4294967295,
        "name": "Generic Point 57",
        "x": -2212.43798828125,
        "y": 62.24291229248047,
        "z": 4272.35498046875
    },
    {
        "color": 4294967295,
        "name": "Generic Point 58",
        "x": -2291.83837890625,
        "y": 60.16260528564453,
        "z": 4463.16162109375
    },
    {
        "color": 4294967295,
        "name": "Generic Point 59",
        "x": -2346.98681640625,
        "y": 86.64678192138672,
        "z": 4398.31640625
    },
    {
        "color": 4294967295,
        "name": "Generic Point 6",
        "x": -3019.741455078125,
        "y": 273.3444519042969,
        "z": 4750.751953125
    },
    {
        "color": 4294967295,
        "name": "Generic Point 7",
        "x": -2967.8388671875,
        "y": 298.5340270996094,
        "z": 4716.349609375
    },
    {
        "color": 4294967295,
        "name": "Generic Point 8",
        "x": -3002.7568359375,
        "y": 258.5006103515625,
        "z": 4897.27490234375
    },
    {
        "color": 4294967295,
        "name": "Generic Point 9",
        "x": -2894.162109375,
        "y": 263.1108703613281,
        "z": 4947.29345703125
    }
]