[
    {
        "color": 4294967295,
        "name": "Generic Point 0",
        "x": -319.7317199707031,
        "y": 131.76333618164062,
        "z": 5922.60693359375
    },
    {
        "color": 4294967295,
        "name": "Generic Point 1",
        "x": 581.9013671875,
        "y": 323.4502258300781,
        "z": 6175.560546875
    },
    {
        "color": 4294967295,
        "name": "Generic Point 10",
        "x": 211.19284057617188,
        "y": 242.677490234375,
        "z": 6667.9345703125
    },
    {
        "color": 4294967295,
        "name": "Generic Point 11",
        "x": -190.53346252441406,
        "y": 181.04714965820312,
        "z": 6116.84228515625
    },
    {
        "color": 4294967295,
        "name": "Generic Point 12",
        "x": 247.75025939941406,
        "y": 285.9697265625,
        "z": 6889.587890625
    },
    {
        "color": 4294967295,
        "name": "Generic Point 13",
        "x": 417.82635498046875,
        "y": 370.43487548828125,
        "z": 6903.0947265625
    },
    {
        "color": 4294967295,
        "name": "Generic Point 14",
        "x": 448.401123046875,
        "y": 296.0059509277344,
        "z": 6801.5
    },
    {
        "color": 4294967295,
        "name": "Generic Point 15",
        "x": 538.41650390625,
        "y": 370.26953125,
        "z": 6868.9365234375
    },
    {
        "color": 4294967295,
        "name": "Generic Point 16",
        "x": 439.314697265625,
        "y": 323.02783203125,
        "z": 6989.2783203125
    },
    {
        "color": 4294967295,
        "name": "Generic Point 17",
        "x": 500.90985107421875,
        "y": 211.7880401611328,
        "z": 6905.03369140625
    },
    {
        "color": 4294967295,
        "name": "Generic Point 18",
        "x": 582.0436401367188,
        "y": 178.99761962890625,
        "z": 6802.93359375
    },
    {
        "color": 4294967295,
        "name": "Generic Point 19",
        "x": 81.81794738769531,
        "y": 236.24844360351562,
        "z": 6322.1162109375
    },
    {
        "color": 4294967295,
        "name": "Generic Point 2",
        "x": 602.6365356445312,
        "y": 325.3115234375,
        "z": 6093.19970703125
    },
    {
        "color": 4294967295,
        "name": "Generic Point 20",
        "x": 356.6353759765625,
        "y": 236.27757263183594,
        "z": 6394.8720703125
    },
    {
        "color": 4294967295,
        "name": "Generic Point 21",
        "x": 602.230224609375,
        "y": 132.12002563476562,
        "z": 6599.65283203125
    },
    {
        "color": 4294967295,
        "name": "Generic Point 22",
        "x": -160.9881134033203,
        "y": 193.60101318359375,
        "z": 6095.25146484375
    },
    {
        "color": 4294967295,
        "name": "Generic Point 23",
        "x": 649.01220703125,
        "y": 141.77200317382812,
        "z": 6682.59326171875
    },
    {
        "color": 4294967295,
        "name": "Generic Point 24",
        "x": 452.7705078125,
        "y": 89.1138687133789,
        "z": 6447.0009765625
    },
    {
        "color": 4294967295,
        "name": "Generic Point 25",
        "x": 362.7806396484375,
        "y": 119.79610443115234,
        "z": 6266.744140625
    },
    {
        "color": 4294967295,
        "name": "Generic Point 26",
        "x": 395.7590637207031,
        "y": 131.3111572265625,
        "z": 6257.7177734375
    },
    {
        "color": 4294967295,
        "name": "Generic Point 27",
        "x": 305.7466735839844,
        "y": 131.4654083251953,
        "z": 6232.361328125
    },
    {
        "color": 4294967295,
        "name": "Generic Point 28",
        "x": 578.24560546875,
        "y": 113.06698608398438,
        "z": 6308.60302734375
    },
    {
        "color": 4294967295,
        "name": "Generic Point 29",
        "x": 866.033935546875,
        "y": 138.6737060546875,
        "z": 6431.7734375
    },
    {
        "color": 4294967295,
        "name": "Generic Point 3",
        "x": 632.6373291015625,
        "y": 312.3005676269531,
        "z": 6522.580078125
    },
    {
        "color": 4294967295,
        "name": "Generic Point 30",
        "x": 1058.4698486328125,
        "y": 96.48441314697266,
        "z": 6482.119140625
    },
    {
        "color": 4294967295,
        "name": "Generic Point 31",
        "x": 1083.48828125,
        "y": 92.62216186523438,
        "z": 6514.78125
    },
    {
        "color": 4294967295,
        "name": "Generic Point 32",
        "x": 1130.6085205078125,
        "y": 92.7436294555664,
        "z": 6518.0048828125
    },
    {
        "color": 4294967295,
        "name": "Generic Point 33",
        "x": -104.59819030761719,
        "y": 212.7393035888672,
        "z": 6105.0771484375
    },
    {
        "color": 4294967295,
        "name": "Generic Point 34",
        "x": 762.7530517578125,
        "y": 346.89227294921875,
        "z": 6382.35595703125
    },
    {
        "color": 4294967295,
        "name": "Generic Point 35",
        "x": 767.4747924804688,
        "y": 313.0009460449219,
        "z": 6604.68798828125
    },
    {
        "color": 4294967295,
        "name": "Generic Point 36",
        "x": 1183.833740234375,
        "y": 202.166259765625,
        "z": 6491.6435546875
    },
    {
        "color": 4294967295,
        "name": "Generic Point 37",
        "x": 1171.3323974609375,
        "y": 202.18606567382812,
        "z": 6468.92822265625
    },
    {
        "color": 4294967295,
        "name": "Generic Point 38",
        "x": 949.858642578125,
        "y": 330.1496276855469,
        "z": 6325.1533203125
    },
    {
        "color": 4294967295,
        "name": "Generic Point 39",
        "x": 950.4317626953125,
        "y": 203.9646453857422,
        "z": 6216.9052734375
    },
    {
        "color": 4294967295,
        "name": "Generic Point 4",
        "x": 647.8154296875,
        "y": 193.76564025878906,
        "z": 6646.53076171875
    },
    {
        "color": 4294967295,
        "name": "Generic Point 40",
        "x": 935.5101318359375,
        "y": 211.01251220703125,
        "z": 6238.20068359375
    },
    {
        "color": 4294967295,
        "name": "Generic Point 41",
        "x": 832.3660278320312,
        "y": 260.897216796875,
        "z": 5609.078125
    },
    {
        "color": 4294967295,
        "name": "Generic Point 42",
        "x": 971.0770263671875,
        "y": 249.55874633789062,
        "z": 5551.2939453125
    },
    {
        "color": 4294967295,
        "name": "Generic Point 43",
        "x": 902.4737548828125,
        "y": 331.1632995605469,
        "z": 5428.43505859375
    },
    {
        "color": 4294967295,
        "name": "Generic Point 44",
        "x": -72.34494018554688,
        "y": 224.6495819091797,
        "z": 6203.88134765625
    },
    {
        "color": 4294967295,
        "name": "Generic Point 45",
        "x": 797.8536376953125,
        "y": 330.99517822265625,
        "z": 5469.48583984375
    },
    {
        "color": 4294967295,
        "name": "Generic Point 46",
        "x": 890.4937744140625,
        "y": 319.6103210449219,
        "z": 5672.921875
    },
    {
        "color": 4294967295,
        "name": "Generic Point 47",
        "x": 852.56640625,
        "y": 227.6920623779297,
        "z": 5716.9453125
    },
    {
        "color": 4294967295,
        "name": "Generic Point 48",
        "x": 894.5116577148438,
        "y": 422.2356262207031,
        "z": 6125.0859375
    },
    {
        "color": 4294967295,
        "name": "Generic Point 49",
        "x": 884.4774169921875,
        "y": 379.6771240234375,
        "z": 6027.34326171875
    },
    {
        "color": 4294967295,
        "name": "Generic Point 5",
        "x": 613.590087890625,
        "y": 320.9629821777344,
        "z": 6713.69970703125
    },
    {
        "color": 4294967295,
        "name": "Generic Point 50",
        "x": 1046.18994140625,
        "y": 444.3268737792969,
        "z": 5938.701171875
    },
    {
        "color": 4294967295,
        "name": "Generic Point 51",
        "x": 966.5065307617188,
        "y": 425.5148010253906,
        "z": 5872.93017578125
    },
    {
        "color": 4294967295,
        "name": "Generic Point 52",
        "x": 975.04052734375,
        "y": 359.728759765625,
        "z": 5925.6171875
    },
    {
        "color": 4294967295,
        "name": "Generic Point 53",
        "x": 743.1610717773438,
        "y": 307.320556640625,
        "z": 6358.27099609375
    },
    {
        "color": 4294967295,
        "name": "Generic Point 54",
        "x": 671.4466552734375,
        "y": 250.26434326171875,
        "z": 6445.61865234375
    },
    {
        "color": 4294967295,
        "name": "Generic Point 55",
        "x": 121.513427734375,
        "y": 305.8517761230469,
        "z": 6062.6962890625
    },
    {
        "color": 4294967295,
        "name": "Generic Point 56",
        "x": 493.53057861328125,
        "y": 344.1768493652344,
        "z": 5957.41552734375
    },
    {
        "color": 4294967295,
        "name": "Generic Point 57",
        "x": 310.3907775878906,
        "y": 437.6266784667969,
        "z": 5799.0693359375
    },
    {
        "color": 4294967295,
        "name": "Generic Point 58",
        "x": 353.9982604980469,
        "y": 358.4390563964844,
        "z": 5912.06201171875
    },
    {
        "color": 4294967295,
        "name": "Generic Point 59",
        "x": 429.09765625,
        "y": 499.4805603027344,
        "z": 5500.53564453125
    },
    {
        "color": 4294967295,
        "name": "Generic Point 6",
        "x": 859.7509765625,
        "y": 420.24444580078125,
        "z": 6277.982421875
    },
    {
        "color": 4294967295,
        "name": "Generic Point 60",
        "x": 626.6510620117188,
        "y": 339.7382507324219,
        "z": 5561.439453125
    },
    {
        "color": 4294967295,
        "name": "Generic Point 61",
        "x": 453.698486328125,
        "y": 317.5910949707031,
        "z": 5567.72607421875
    },
    {
        "color": 4294967295,
        "name": "Generic Point 62",
        "x": 824.9990234375,
        "y": 393.2559509277344,
        "z": 5438.837890625
    },
    {
        "color": 4294967295,
        "name": "Generic Point 63",
        "x": 786.3309326171875,
        "y": 329.3708190917969,
        "z": 5757.83203125
    },
    {
        "color": 4294967295,
        "name": "Generic Point 64",
        "x": 715.34228515625,
        "y": 309.18157958984375,
        "z": 5875.32275390625
    },
    {
        "color": 4294967295,
        "name": "Generic Point 65",
        "x": 548.3837890625,
        "y": 339.1901550292969,
        "z": 5865.1533203125
    },
    {
        "color": 4294967295,
        "name": "Generic Point 66",
        "x": 73.04978942871094,
        "y": 216.77806091308594,
        "z": 6124.25732421875
    },
    {
        "color": 4294967295,
        "name": "Generic Point 67",
        "x": 426.45965576171875,
        "y": 309.8194580078125,
        "z": 5794.53759765625
    },
    {
        "color": 4294967295,
        "name": "Generic Point 68",
        "x": 391.7443542480469,
        "y": 311.31939697265625,
        "z": 5786.09375
    },
    {
        "color": 4294967295,
        "name": "Generic Point 69",
        "x": 359.4657287597656,
        "y": 368.2323303222656,
        "z": 6038.27978515625
    },
    {
        "color": 4294967295,
        "name": "Generic Point 7",
        "x": 767.9700927734375,
        "y": 293.3542175292969,
        "z": 6294.65869140625
    },
    {
        "color": 4294967295,
        "name": "Generic Point 70",
        "x": 454.7087707519531,
        "y": 359.1585998535156,
        "z": 6023.4482421875
    },
    {
        "color": 4294967295,
        "name": "Generic Point 8",
        "x": 388.1529235839844,
        "y": 285.36669921875,
        "z": 6798.85693359375
    },
    {
        "color": 4294967295,
        "name": "Generic Point 9",
        "x": 255.89352416992188,
        "y": 235.1019744873047,
        "z": 6632.580078125
    }
]