[
    {
        "color": 4294967295,
        "name": "Generic Point 0",
        "x": -1821.245,
        "y": 275.807,
        "z": 2842.485
    },
    {
        "color": 4294967295,
        "name": "Generic Point 1",
        "x": -1889.841,
        "y": 6.949,
        "z": 3278.878
    },
    {
        "color": 4294967295,
        "name": "Generic Point 10",
        "x": 58.101,
        "y": 455.506,
        "z": 2074.083
    },
    {
        "color": 4294967295,
        "name": "Generic Point 100",
        "x": 194.727,
        "y": 266.372,
        "z": 2932.433
    },
    {
        "color": 4294967295,
        "name": "Generic Point 101",
        "x": 202.787,
        "y": 267.262,
        "z": 2915.503
    },
    {
        "color": 4294967295,
        "name": "Generic Point 102",
        "x": 193.943,
        "y": 266.97,
        "z": 2898.369
    },
    {
        "color": 4294967295,
        "name": "Generic Point 103",
        "x": -1651.103,
        "y": 127.821,
        "z": 3232.154
    },
    {
        "color": 4294967295,
        "name": "Generic Point 104",
        "x": 100.473,
        "y": 254.389,
        "z": 2758.169
    },
    {
        "color": 4294967295,
        "name": "Generic Point 105",
        "x": 58.349,
        "y": 166.505,
        "z": 2700.129
    },
    {
        "color": 4294967295,
        "name": "Generic Point 106",
        "x": 28.251,
        "y": 212.948,
        "z": 2703.607
    },
    {
        "color": 4294967295,
        "name": "Generic Point 107",
        "x": -43.799,
        "y": 269.186,
        "z": 2881.714
    },
    {
        "color": 4294967295,
        "name": "Generic Point 108",
        "x": -108.064,
        "y": 274.91,
        "z": 2845.732
    },
    {
        "color": 4294967295,
        "name": "Generic Point 109",
        "x": -216.936,
        "y": 225.997,
        "z": 3004.078
    },
    {
        "color": 4294967295,
        "name": "Generic Point 11",
        "x": 58.373,
        "y": 458.062,
        "z": 2042.01
    },
    {
        "color": 4294967295,
        "name": "Generic Point 110",
        "x": -464.793,
        "y": 184.814,
        "z": 3170.016
    },
    {
        "color": 4294967295,
        "name": "Generic Point 111",
        "x": -518.201,
        "y": 235.957,
        "z": 3286.575
    },
    {
        "color": 4294967295,
        "name": "Generic Point 112",
        "x": -594.589,
        "y": 230.24,
        "z": 3183.788
    },
    {
        "color": 4294967295,
        "name": "Generic Point 113",
        "x": -539.113,
        "y": 218.099,
        "z": 3048.565
    },
    {
        "color": 4294967295,
        "name": "Generic Point 114",
        "x": -1766.635,
        "y": 119.831,
        "z": 3167.543
    },
    {
        "color": 4294967295,
        "name": "Generic Point 115",
        "x": -608.705,
        "y": 216.907,
        "z": 2975.081
    },
    {
        "color": 4294967295,
        "name": "Generic Point 116",
        "x": -775.193,
        "y": 233.366,
        "z": 2982.695
    },
    {
        "color": 4294967295,
        "name": "Generic Point 117",
        "x": -761.588,
        "y": 236.382,
        "z": 3121.207
    },
    {
        "color": 4294967295,
        "name": "Generic Point 118",
        "x": -759.615,
        "y": 228.83,
        "z": 3052.335
    },
    {
        "color": 4294967295,
        "name": "Generic Point 119",
        "x": -840.811,
        "y": 18.573999999999998,
        "z": 3239.11
    },
    {
        "color": 4294967295,
        "name": "Generic Point 12",
        "x": -1850.258,
        "y": 3.766,
        "z": 3280.965
    },
    {
        "color": 4294967295,
        "name": "Generic Point 120",
        "x": -877.929,
        "y": 33.679,
        "z": 3179.799
    },
    {
        "color": 4294967295,
        "name": "Generic Point 121",
        "x": -901.721,
        "y": 49.355,
        "z": 3168.925
    },
    {
        "color": 4294967295,
        "name": "Generic Point 122",
        "x": -875.44,
        "y": 232.541,
        "z": 3031.063
    },
    {
        "color": 4294967295,
        "name": "Generic Point 123",
        "x": -986.422,
        "y": 224.229,
        "z": 2871.319
    },
    {
        "color": 4294967295,
        "name": "Generic Point 124",
        "x": -1038.515,
        "y": 227.176,
        "z": 2740.841
    },
    {
        "color": 4294967295,
        "name": "Generic Point 125",
        "x": -1775.755,
        "y": 108.814,
        "z": 3168.305
    },
    {
        "color": 4294967295,
        "name": "Generic Point 126",
        "x": -1024.713,
        "y": 228.125,
        "z": 2700.963
    },
    {
        "color": 4294967295,
        "name": "Generic Point 127",
        "x": -931.718,
        "y": 215.14,
        "z": 2761.845
    },
    {
        "color": 4294967295,
        "name": "Generic Point 128",
        "x": -851.097,
        "y": 231.142,
        "z": 2886.846
    },
    {
        "color": 4294967295,
        "name": "Generic Point 129",
        "x": -877.623,
        "y": 226.304,
        "z": 2852.046
    },
    {
        "color": 4294967295,
        "name": "Generic Point 13",
        "x": 24.736,
        "y": 461.963,
        "z": 2044.753
    },
    {
        "color": 4294967295,
        "name": "Generic Point 130",
        "x": -797.622,
        "y": 203.604,
        "z": 2764.893
    },
    {
        "color": 4294967295,
        "name": "Generic Point 131",
        "x": -612.843,
        "y": 203.394,
        "z": 2480.649
    },
    {
        "color": 4294967295,
        "name": "Generic Point 132",
        "x": -485.429,
        "y": 232.072,
        "z": 2618.395
    },
    {
        "color": 4294967295,
        "name": "Generic Point 133",
        "x": -121.572,
        "y": 204.454,
        "z": 2604.045
    },
    {
        "color": 4294967295,
        "name": "Generic Point 134",
        "x": -87.143,
        "y": 269.258,
        "z": 2498.046
    },
    {
        "color": 4294967295,
        "name": "Generic Point 135",
        "x": -16.04,
        "y": 263.279,
        "z": 2496.371
    },
    {
        "color": 4294967295,
        "name": "Generic Point 136",
        "x": -1887.852,
        "y": 14.197,
        "z": 3193.136
    },
    {
        "color": 4294967295,
        "name": "Generic Point 137",
        "x": 31.824,
        "y": 239.047,
        "z": 2434.973
    },
    {
        "color": 4294967295,
        "name": "Generic Point 138",
        "x": 120.609,
        "y": 288.091,
        "z": 2439.774
    },
    {
        "color": 4294967295,
        "name": "Generic Point 139",
        "x": 156.967,
        "y": 273.942,
        "z": 2207.644
    },
    {
        "color": 4294967295,
        "name": "Generic Point 14",
        "x": -66.916,
        "y": 351.548,
        "z": 2082.917
    },
    {
        "color": 4294967295,
        "name": "Generic Point 140",
        "x": 258.377,
        "y": 278.886,
        "z": 2187.481
    },
    {
        "color": 4294967295,
        "name": "Generic Point 141",
        "x": 294.743,
        "y": 280.735,
        "z": 2175.458
    },
    {
        "color": 4294967295,
        "name": "Generic Point 142",
        "x": 275.604,
        "y": 402.245,
        "z": 2455.42
    },
    {
        "color": 4294967295,
        "name": "Generic Point 143",
        "x": 102.446,
        "y": 194.561,
        "z": 2553.7
    },
    {
        "color": 4294967295,
        "name": "Generic Point 144",
        "x": -27.754,
        "y": 230.995,
        "z": 2477.562
    },
    {
        "color": 4294967295,
        "name": "Generic Point 145",
        "x": -99.912,
        "y": 221.913,
        "z": 2447.025
    },
    {
        "color": 4294967295,
        "name": "Generic Point 146",
        "x": -252.652,
        "y": 177.912,
        "z": 2430.134
    },
    {
        "color": 4294967295,
        "name": "Generic Point 15",
        "x": -317.684,
        "y": 289.589,
        "z": 2099.194
    },
    {
        "color": 4294967295,
        "name": "Generic Point 16",
        "x": -579.761,
        "y": 314.504,
        "z": 2200.918
    },
    {
        "color": 4294967295,
        "name": "Generic Point 17",
        "x": -817.282,
        "y": 165.766,
        "z": 2312.827
    },
    {
        "color": 4294967295,
        "name": "Generic Point 18",
        "x": -842.073,
        "y": 164.224,
        "z": 2254.257
    },
    {
        "color": 4294967295,
        "name": "Generic Point 19",
        "x": -859.252,
        "y": 186.507,
        "z": 2185.273
    },
    {
        "color": 4294967295,
        "name": "Generic Point 2",
        "x": -267.465,
        "y": 217.187,
        "z": 2335.529
    },
    {
        "color": 4294967295,
        "name": "Generic Point 20",
        "x": -950.322,
        "y": 217.261,
        "z": 2474.107
    },
    {
        "color": 4294967295,
        "name": "Generic Point 21",
        "x": -985.877,
        "y": 232.103,
        "z": 2534.112
    },
    {
        "color": 4294967295,
        "name": "Generic Point 22",
        "x": -1152.555,
        "y": 221.152,
        "z": 2612.664
    },
    {
        "color": 4294967295,
        "name": "Generic Point 23",
        "x": -1821.591,
        "y": 2.317,
        "z": 3320.579
    },
    {
        "color": 4294967295,
        "name": "Generic Point 24",
        "x": -1166.864,
        "y": 223.883,
        "z": 2606.654
    },
    {
        "color": 4294967295,
        "name": "Generic Point 25",
        "x": -1286.711,
        "y": 206.35,
        "z": 2661.459
    },
    {
        "color": 4294967295,
        "name": "Generic Point 26",
        "x": -1521.524,
        "y": 212.941,
        "z": 2534.913
    },
    {
        "color": 4294967295,
        "name": "Generic Point 27",
        "x": -1796.018,
        "y": 214.73,
        "z": 2474.206
    },
    {
        "color": 4294967295,
        "name": "Generic Point 28",
        "x": -1835.01,
        "y": 221.34,
        "z": 2417.291
    },
    {
        "color": 4294967295,
        "name": "Generic Point 29",
        "x": -1635.78,
        "y": 334.252,
        "z": 2352.321
    },
    {
        "color": 4294967295,
        "name": "Generic Point 3",
        "x": -310.221,
        "y": 187.764,
        "z": 2362.113
    },
    {
        "color": 4294967295,
        "name": "Generic Point 30",
        "x": -1764.424,
        "y": 145.157,
        "z": 2198.112
    },
    {
        "color": 4294967295,
        "name": "Generic Point 31",
        "x": -1575.363,
        "y": 95.524,
        "z": 2167.34
    },
    {
        "color": 4294967295,
        "name": "Generic Point 32",
        "x": -1453.63,
        "y": 108.399,
        "z": 2422.474
    },
    {
        "color": 4294967295,
        "name": "Generic Point 33",
        "x": -1464.451,
        "y": 108.192,
        "z": 2403.255
    },
    {
        "color": 4294967295,
        "name": "Generic Point 34",
        "x": -1694.92,
        "y": 207.173,
        "z": 3467.946
    },
    {
        "color": 4294967295,
        "name": "Generic Point 35",
        "x": -1443.569,
        "y": 194.452,
        "z": 2289.069
    },
    {
        "color": 4294967295,
        "name": "Generic Point 36",
        "x": -1239.951,
        "y": 160.878,
        "z": 2367.119
    },
    {
        "color": 4294967295,
        "name": "Generic Point 37",
        "x": -1227.331,
        "y": 267.551,
        "z": 2244.71
    },
    {
        "color": 4294967295,
        "name": "Generic Point 38",
        "x": -1166.227,
        "y": 269.292,
        "z": 2233.704
    },
    {
        "color": 4294967295,
        "name": "Generic Point 39",
        "x": -1100.593,
        "y": 265.414,
        "z": 2214.145
    },
    {
        "color": 4294967295,
        "name": "Generic Point 4",
        "x": -365.887,
        "y": 177.37,
        "z": 2463.027
    },
    {
        "color": 4294967295,
        "name": "Generic Point 40",
        "x": -1109.076,
        "y": 257.13300000000004,
        "z": 2239.649
    },
    {
        "color": 4294967295,
        "name": "Generic Point 41",
        "x": -962.634,
        "y": 234.401,
        "z": 2368.99
    },
    {
        "color": 4294967295,
        "name": "Generic Point 42",
        "x": -957.75,
        "y": 215.33,
        "z": 2184.682
    },
    {
        "color": 4294967295,
        "name": "Generic Point 43",
        "x": -942.023,
        "y": 209.829,
        "z": 2141.496
    },
    {
        "color": 4294967295,
        "name": "Generic Point 44",
        "x": -979.077,
        "y": 226.599,
        "z": 2126.743
    },
    {
        "color": 4294967295,
        "name": "Generic Point 45",
        "x": -1716.525,
        "y": 217.437,
        "z": 3476.865
    },
    {
        "color": 4294967295,
        "name": "Generic Point 46",
        "x": -1074.708,
        "y": 271.59,
        "z": 2175.343
    },
    {
        "color": 4294967295,
        "name": "Generic Point 47",
        "x": -1101.635,
        "y": 272.673,
        "z": 2177.288
    },
    {
        "color": 4294967295,
        "name": "Generic Point 48",
        "x": -1194.465,
        "y": 319.533,
        "z": 2038.511
    },
    {
        "color": 4294967295,
        "name": "Generic Point 49",
        "x": -1213.106,
        "y": 327.718,
        "z": 2024.166
    },
    {
        "color": 4294967295,
        "name": "Generic Point 5",
        "x": -375.687,
        "y": 216.894,
        "z": 2463.884
    },
    {
        "color": 4294967295,
        "name": "Generic Point 50",
        "x": -1266.23,
        "y": 330.525,
        "z": 2039.439
    },
    {
        "color": 4294967295,
        "name": "Generic Point 51",
        "x": -1344.88,
        "y": 437.642,
        "z": 1947.83
    },
    {
        "color": 4294967295,
        "name": "Generic Point 52",
        "x": -1366.355,
        "y": 438.013,
        "z": 1958.544
    },
    {
        "color": 4294967295,
        "name": "Generic Point 53",
        "x": -1376.504,
        "y": 436.56,
        "z": 1933.895
    },
    {
        "color": 4294967295,
        "name": "Generic Point 54",
        "x": -1545.484,
        "y": 240.82,
        "z": 3782.741
    },
    {
        "color": 4294967295,
        "name": "Generic Point 55",
        "x": -1521.371,
        "y": 243.347,
        "z": 3796.127
    },
    {
        "color": 4294967295,
        "name": "Generic Point 56",
        "x": -1043.39,
        "y": 182.086,
        "z": 3691.931
    },
    {
        "color": 4294967295,
        "name": "Generic Point 57",
        "x": -1161.816,
        "y": 187.449,
        "z": 3662.811
    },
    {
        "color": 4294967295,
        "name": "Generic Point 58",
        "x": -1140.353,
        "y": 186.841,
        "z": 3602.223
    },
    {
        "color": 4294967295,
        "name": "Generic Point 59",
        "x": -1730.444,
        "y": 257.794,
        "z": 2883.614
    },
    {
        "color": 4294967295,
        "name": "Generic Point 6",
        "x": -393.253,
        "y": 211.97,
        "z": 2386.891
    },
    {
        "color": 4294967295,
        "name": "Generic Point 60",
        "x": -1215.35,
        "y": 244.702,
        "z": 3526.789
    },
    {
        "color": 4294967295,
        "name": "Generic Point 61",
        "x": -1202.635,
        "y": 248.341,
        "z": 3516.358
    },
    {
        "color": 4294967295,
        "name": "Generic Point 62",
        "x": -1438.553,
        "y": 187.704,
        "z": 3251.638
    },
    {
        "color": 4294967295,
        "name": "Generic Point 63",
        "x": -1349.948,
        "y": 182.073,
        "z": 3127.501
    },
    {
        "color": 4294967295,
        "name": "Generic Point 64",
        "x": -1316.306,
        "y": 181.743,
        "z": 3107.157
    },
    {
        "color": 4294967295,
        "name": "Generic Point 65",
        "x": -1382.976,
        "y": 226.888,
        "z": 3050.462
    },
    {
        "color": 4294967295,
        "name": "Generic Point 66",
        "x": -1424.856,
        "y": 241.766,
        "z": 3018.243
    },
    {
        "color": 4294967295,
        "name": "Generic Point 67",
        "x": -1444.553,
        "y": 236.938,
        "z": 2968.635
    },
    {
        "color": 4294967295,
        "name": "Generic Point 68",
        "x": -1558.258,
        "y": 239.654,
        "z": 2877.11
    },
    {
        "color": 4294967295,
        "name": "Generic Point 69",
        "x": -1291.195,
        "y": 183.034,
        "z": 3012.69
    },
    {
        "color": 4294967295,
        "name": "Generic Point 7",
        "x": -383.755,
        "y": 225.099,
        "z": 2283.909
    },
    {
        "color": 4294967295,
        "name": "Generic Point 70",
        "x": -1787.521,
        "y": 185.407,
        "z": 3036.01
    },
    {
        "color": 4294967295,
        "name": "Generic Point 71",
        "x": -1303.121,
        "y": 220.555,
        "z": 2993.677
    },
    {
        "color": 4294967295,
        "name": "Generic Point 72",
        "x": -1298.128,
        "y": 242.981,
        "z": 2957.451
    },
    {
        "color": 4294967295,
        "name": "Generic Point 73",
        "x": -1211.066,
        "y": 249.795,
        "z": 2910.22
    },
    {
        "color": 4294967295,
        "name": "Generic Point 74",
        "x": -1141.912,
        "y": 217.224,
        "z": 2990.689
    },
    {
        "color": 4294967295,
        "name": "Generic Point 75",
        "x": -1230.316,
        "y": 190.029,
        "z": 3023.201
    },
    {
        "color": 4294967295,
        "name": "Generic Point 76",
        "x": -1171.15,
        "y": 229.029,
        "z": 3054.933
    },
    {
        "color": 4294967295,
        "name": "Generic Point 77",
        "x": -896.57,
        "y": 364.686,
        "z": 3166.118
    },
    {
        "color": 4294967295,
        "name": "Generic Point 78",
        "x": -837.123,
        "y": 348.966,
        "z": 3218.38
    },
    {
        "color": 4294967295,
        "name": "Generic Point 79",
        "x": -708.456,
        "y": 267.628,
        "z": 3376.868
    },
    {
        "color": 4294967295,
        "name": "Generic Point 8",
        "x": -291.629,
        "y": 259.193,
        "z": 2198.554
    },
    {
        "color": 4294967295,
        "name": "Generic Point 80",
        "x": -788.952,
        "y": 258.776,
        "z": 3425.172
    },
    {
        "color": 4294967295,
        "name": "Generic Point 81",
        "x": -1764.161,
        "y": 192.823,
        "z": 3056.724
    },
    {
        "color": 4294967295,
        "name": "Generic Point 82",
        "x": -836.848,
        "y": 261.906,
        "z": 3472.015
    },
    {
        "color": 4294967295,
        "name": "Generic Point 83",
        "x": -549.632,
        "y": 174.806,
        "z": 3506.002
    },
    {
        "color": 4294967295,
        "name": "Generic Point 84",
        "x": -492.068,
        "y": 195.487,
        "z": 3505.943
    },
    {
        "color": 4294967295,
        "name": "Generic Point 85",
        "x": -676.331,
        "y": 232.302,
        "z": 3676.167
    },
    {
        "color": 4294967295,
        "name": "Generic Point 86",
        "x": -681.362,
        "y": 256.254,
        "z": 3685.824
    },
    {
        "color": 4294967295,
        "name": "Generic Point 87",
        "x": -530.169,
        "y": 216.459,
        "z": 3697.849
    },
    {
        "color": 4294967295,
        "name": "Generic Point 88",
        "x": -467.285,
        "y": 171.113,
        "z": 3654.746
    },
    {
        "color": 4294967295,
        "name": "Generic Point 89",
        "x": -376.256,
        "y": 213.095,
        "z": 3728.345
    },
    {
        "color": 4294967295,
        "name": "Generic Point 9",
        "x": -127.74,
        "y": 315.266,
        "z": 2172.901
    },
    {
        "color": 4294967295,
        "name": "Generic Point 90",
        "x": -194.222,
        "y": 246.42,
        "z": 3750.446
    },
    {
        "color": 4294967295,
        "name": "Generic Point 91",
        "x": -474.286,
        "y": 232.973,
        "z": 3352.585
    },
    {
        "color": 4294967295,
        "name": "Generic Point 92",
        "x": -1684.98,
        "y": 206.779,
        "z": 3039.305
    },
    {
        "color": 4294967295,
        "name": "Generic Point 93",
        "x": -353.634,
        "y": 229.252,
        "z": 3366.19
    },
    {
        "color": 4294967295,
        "name": "Generic Point 94",
        "x": -279.002,
        "y": 195.67,
        "z": 3246.436
    },
    {
        "color": 4294967295,
        "name": "Generic Point 95",
        "x": -326.264,
        "y": 303.838,
        "z": 3225.533
    },
    {
        "color": 4294967295,
        "name": "Generic Point 96",
        "x": -152.421,
        "y": 204.004,
        "z": 3061.843
    },
    {
        "color": 4294967295,
        "name": "Generic Point 97",
        "x": -110.134,
        "y": 204.303,
        "z": 3022.672
    },
    {
        "color": 4294967295,
        "name": "Generic Point 98",
        "x": -81.372,
        "y": 211.34,
        "z": 3018.781
    },
    {
        "color": 4294967295,
        "name": "Generic Point 99",
        "x": 205.909,
        "y": 251.975,
        "z": 2986.118
    }
]