[
    {
        "color": 4294967295,
        "name": "Generic Point 0",
        "x": -2811.6105957031,
        "y": 114.83643341064,
        "z": 9648.8349609375
    },
    {
        "color": 4294967295,
        "name": "Generic Point 1",
        "x": -3021.8200683594,
        "y": 311.66528320312,
        "z": 10170.397460938
    },
    {
        "color": 4294967295,
        "name": "Generic Point 10",
        "x": -2367.1938476562,
        "y": 219.91600036621,
        "z": 10929.83203125
    },
    {
        "color": 4294967295,
        "name": "Generic Point 11",
        "x": -2848.2060546875,
        "y": 216.99436950684,
        "z": 9807.73828125
    },
    {
        "color": 4294967295,
        "name": "Generic Point 12",
        "x": -2667.7824707031,
        "y": 226.16400146484,
        "z": 9807.8251953125
    },
    {
        "color": 4294967295,
        "name": "Generic Point 13",
        "x": -2415.3723144531,
        "y": 236.84703063965,
        "z": 9709.419921875
    },
    {
        "color": 4294967295,
        "name": "Generic Point 14",
        "x": -2356.6499023438,
        "y": 203.76780700684,
        "z": 9834.177734375
    },
    {
        "color": 4294967295,
        "name": "Generic Point 15",
        "x": -2210.1359863281,
        "y": 63.354362487793,
        "z": 9883.84765625
    },
    {
        "color": 4294967295,
        "name": "Generic Point 16",
        "x": -2205.7004394531,
        "y": 216.33233642578,
        "z": 9516.125
    },
    {
        "color": 4294967295,
        "name": "Generic Point 17",
        "x": -2157.6806640625,
        "y": 125.31739044189,
        "z": 9282.125
    },
    {
        "color": 4294967295,
        "name": "Generic Point 18",
        "x": -3275.119140625,
        "y": 201.18264770508,
        "z": 9918.1328125
    },
    {
        "color": 4294967295,
        "name": "Generic Point 2",
        "x": -3110.1955566406,
        "y": 495.26171875,
        "z": 10275.109375
    },
    {
        "color": 4294967295,
        "name": "Generic Point 3",
        "x": -3320.068359375,
        "y": 214.6908416748,
        "z": 10367.920898438
    },
    {
        "color": 4294967295,
        "name": "Generic Point 4",
        "x": -3126.5649414062,
        "y": 596.50219726562,
        "z": 10573.555664062
    },
    {
        "color": 4294967295,
        "name": "Generic Point 5",
        "x": -3061.7653808594,
        "y": 252.71067810059,
        "z": 10790.966796875
    },
    {
        "color": 4294967295,
        "name": "Generic Point 6",
        "x": -3754.9240722656,
        "y": 202.42846679688,
        "z": 11013.172851562
    },
    {
        "color": 4294967295,
        "name": "Generic Point 7",
        "x": -2874.1577148438,
        "y": 744.62109375,
        "z": 10381.833007812
    },
    {
        "color": 4294967295,
        "name": "Generic Point 8",
        "x": -2526.1293945312,
        "y": 270.85098266602,
        "z": 10261.412109375
    },
    {
        "color": 4294967295,
        "name": "Generic Point 9",
        "x": -2668.1340332031,
        "y": 278.49722290039,
        "z": 10596.263671875
    }
]