[
    {
        "color": 4294967295,
        "name": "Generic Point 0",
        "x": 682.3067626953125,
        "y": 286.302001953125,
        "z": 656.064453125
    },
    {
        "color": 4294967295,
        "name": "Generic Point 1",
        "x": 51.9127197265625,
        "y": 205.98220825195312,
        "z": 1327.6719970703125
    },
    {
        "color": 4294967295,
        "name": "Generic Point 10",
        "x": 467.42864990234375,
        "y": 169.1417694091797,
        "z": -233.80227661132812
    },
    {
        "color": 4294967295,
        "name": "Generic Point 11",
        "x": 714.0393676757812,
        "y": 248.12969970703125,
        "z": 588.2792358398438
    },
    {
        "color": 4294967295,
        "name": "Generic Point 12",
        "x": 495.4723815917969,
        "y": 137.79112243652344,
        "z": -242.27029418945312
    },
    {
        "color": 4294967295,
        "name": "Generic Point 13",
        "x": -546.6008911132812,
        "y": 219.06109619140625,
        "z": 529.1788940429688
    },
    {
        "color": 4294967295,
        "name": "Generic Point 14",
        "x": -297.9999694824219,
        "y": 262.2378234863281,
        "z": 359.47821044921875
    },
    {
        "color": 4294967295,
        "name": "Generic Point 15",
        "x": -294.51092529296875,
        "y": 260.4025573730469,
        "z": 348.5763854980469
    },
    {
        "color": 4294967295,
        "name": "Generic Point 16",
        "x": -244.01051330566406,
        "y": 206.16278076171875,
        "z": 491.37762451171875
    },
    {
        "color": 4294967295,
        "name": "Generic Point 17",
        "x": -121.2020034790039,
        "y": 182.49290466308594,
        "z": 450.7937927246094
    },
    {
        "color": 4294967295,
        "name": "Generic Point 18",
        "x": -199.2224884033203,
        "y": 218.67098999023438,
        "z": 204.7302703857422
    },
    {
        "color": 4294967295,
        "name": "Generic Point 19",
        "x": -141.218505859375,
        "y": 242.30247497558594,
        "z": 156.56446838378906
    },
    {
        "color": 4294967295,
        "name": "Generic Point 2",
        "x": 450.3800964355469,
        "y": 218.64462280273438,
        "z": 317.63922119140625
    },
    {
        "color": 4294967295,
        "name": "Generic Point 20",
        "x": -116.5648422241211,
        "y": 152.68484497070312,
        "z": 229.3148956298828
    },
    {
        "color": 4294967295,
        "name": "Generic Point 21",
        "x": -138.0100860595703,
        "y": 255.01263427734375,
        "z": 379.0737609863281
    },
    {
        "color": 4294967295,
        "name": "Generic Point 22",
        "x": 714.9262084960938,
        "y": 207.2341766357422,
        "z": 631.4345092773438
    },
    {
        "color": 4294967295,
        "name": "Generic Point 23",
        "x": 556.9271240234375,
        "y": 230.95716857910156,
        "z": 849.3484497070312
    },
    {
        "color": 4294967295,
        "name": "Generic Point 24",
        "x": 624.3836669921875,
        "y": 174.83778381347656,
        "z": 801.6895751953125
    },
    {
        "color": 4294967295,
        "name": "Generic Point 25",
        "x": 559.6213989257812,
        "y": 202.18399047851562,
        "z": 659.1646118164062
    },
    {
        "color": 4294967295,
        "name": "Generic Point 26",
        "x": -279.1393737792969,
        "y": 198.49319458007812,
        "z": 1585.0238037109375
    },
    {
        "color": 4294967295,
        "name": "Generic Point 27",
        "x": -38.39393997192383,
        "y": 200.3665771484375,
        "z": 1572.8966064453125
    },
    {
        "color": 4294967295,
        "name": "Generic Point 28",
        "x": 94.29852294921875,
        "y": 213.03866577148438,
        "z": 1263.013427734375
    },
    {
        "color": 4294967295,
        "name": "Generic Point 3",
        "x": 468.73150634765625,
        "y": 252.42074584960938,
        "z": 296.37335205078125
    },
    {
        "color": 4294967295,
        "name": "Generic Point 4",
        "x": 374.73370361328125,
        "y": 181.28582763671875,
        "z": 138.59426879882812
    },
    {
        "color": 4294967295,
        "name": "Generic Point 5",
        "x": 305.0550231933594,
        "y": 302.2344665527344,
        "z": 368.4607238769531
    },
    {
        "color": 4294967295,
        "name": "Generic Point 6",
        "x": 361.1278076171875,
        "y": 302.8384704589844,
        "z": 308.4486999511719
    },
    {
        "color": 4294967295,
        "name": "Generic Point 7",
        "x": 255.27066040039062,
        "y": 199.8677520751953,
        "z": -240.05474853515625
    },
    {
        "color": 4294967295,
        "name": "Generic Point 8",
        "x": 138.63418579101562,
        "y": 195.1995849609375,
        "z": -367.6053466796875
    },
    {
        "color": 4294967295,
        "name": "Generic Point 9",
        "x": 253.51673889160156,
        "y": 142.28024291992188,
        "z": -244.0029296875
    }
]