[
    {
        "color": 4294967295,
        "name": "Generic Point 0",
        "x": -1236.6239013671875,
        "y": 187.81935119628906,
        "z": 3463.416015625
    },
    {
        "color": 4294967295,
        "name": "Generic Point 1",
        "x": -1139.73095703125,
        "y": 198.4825897216797,
        "z": 3654.068115234375
    },
    {
        "color": 4294967295,
        "name": "Generic Point 10",
        "x": -1669.2215576171875,
        "y": 308.5206604003906,
        "z": 3662.74365234375
    },
    {
        "color": 4294967295,
        "name": "Generic Point 11",
        "x": -1773.4056396484375,
        "y": 214.67599487304688,
        "z": 3698.381591796875
    },
    {
        "color": 4294967295,
        "name": "Generic Point 12",
        "x": -1778.8453369140625,
        "y": 208.01577758789062,
        "z": 3661.4033203125
    },
    {
        "color": 4294967295,
        "name": "Generic Point 13",
        "x": -1760.20947265625,
        "y": 167.85421752929688,
        "z": 3611.185791015625
    },
    {
        "color": 4294967295,
        "name": "Generic Point 14",
        "x": -1787.0682373046875,
        "y": 166.91824340820312,
        "z": 3593.617919921875
    },
    {
        "color": 4294967295,
        "name": "Generic Point 15",
        "x": -1792.786865234375,
        "y": 169.272705078125,
        "z": 3625.4453125
    },
    {
        "color": 4294967295,
        "name": "Generic Point 16",
        "x": -1779.389404296875,
        "y": 166.33119201660156,
        "z": 3609.99462890625
    },
    {
        "color": 4294967295,
        "name": "Generic Point 17",
        "x": -1783.0872802734375,
        "y": 166.28932189941406,
        "z": 3611.718505859375
    },
    {
        "color": 4294967295,
        "name": "Generic Point 18",
        "x": -1766.9747314453125,
        "y": 110.8701171875,
        "z": 3373.1845703125
    },
    {
        "color": 4294967295,
        "name": "Generic Point 19",
        "x": -1779.203857421875,
        "y": 108.7723617553711,
        "z": 3372.045654296875
    },
    {
        "color": 4294967295,
        "name": "Generic Point 2",
        "x": -1103.35791015625,
        "y": 207.3513641357422,
        "z": 3640.025634765625
    },
    {
        "color": 4294967295,
        "name": "Generic Point 20",
        "x": -1786.3363037109375,
        "y": 105.75496673583984,
        "z": 3381.470458984375
    },
    {
        "color": 4294967295,
        "name": "Generic Point 21",
        "x": -1761.0113525390625,
        "y": 116.61305236816406,
        "z": 3383.73046875
    },
    {
        "color": 4294967295,
        "name": "Generic Point 22",
        "x": -1796.16357421875,
        "y": 145.02537536621094,
        "z": 3507.7314453125
    },
    {
        "color": 4294967295,
        "name": "Generic Point 23",
        "x": -1813.5328369140625,
        "y": 144.46649169921875,
        "z": 3545.291259765625
    },
    {
        "color": 4294967295,
        "name": "Generic Point 24",
        "x": -1771.7939453125,
        "y": 133.0345458984375,
        "z": 3487.93603515625
    },
    {
        "color": 4294967295,
        "name": "Generic Point 25",
        "x": -1810.5286865234375,
        "y": 145.1137237548828,
        "z": 3546.277587890625
    },
    {
        "color": 4294967295,
        "name": "Generic Point 26",
        "x": -1847.641357421875,
        "y": 94.02491760253906,
        "z": 3449.306640625
    },
    {
        "color": 4294967295,
        "name": "Generic Point 27",
        "x": -1813.517578125,
        "y": 144.47698974609375,
        "z": 3545.347412109375
    },
    {
        "color": 4294967295,
        "name": "Generic Point 28",
        "x": -1800.8001708984375,
        "y": 126.96073913574219,
        "z": 3485.5390625
    },
    {
        "color": 4294967295,
        "name": "Generic Point 29",
        "x": -1799.42822265625,
        "y": 144.32290649414062,
        "z": 3511.9892578125
    },
    {
        "color": 4294967295,
        "name": "Generic Point 3",
        "x": -1111.36083984375,
        "y": 182.28118896484375,
        "z": 3672.24072265625
    },
    {
        "color": 4294967295,
        "name": "Generic Point 30",
        "x": -1470.58349609375,
        "y": 253.90103149414062,
        "z": 3439.9814453125
    },
    {
        "color": 4294967295,
        "name": "Generic Point 31",
        "x": -1607.489501953125,
        "y": 148.22332763671875,
        "z": 3413.612060546875
    },
    {
        "color": 4294967295,
        "name": "Generic Point 32",
        "x": -1708.0784912109375,
        "y": 108.35448455810547,
        "z": 3283.5341796875
    },
    {
        "color": 4294967295,
        "name": "Generic Point 33",
        "x": -1733.9371337890625,
        "y": 4.685257911682129,
        "z": 3257.97900390625
    },
    {
        "color": 4294967295,
        "name": "Generic Point 34",
        "x": -1755.05517578125,
        "y": 3.4466817378997803,
        "z": 3302.97216796875
    },
    {
        "color": 4294967295,
        "name": "Generic Point 35",
        "x": -1784.5743408203125,
        "y": -5.3484015464782715,
        "z": 3321.90087890625
    },
    {
        "color": 4294967295,
        "name": "Generic Point 36",
        "x": -1805.63427734375,
        "y": 0.9719484448432922,
        "z": 3317.863525390625
    },
    {
        "color": 4294967295,
        "name": "Generic Point 37",
        "x": -1733.1175537109375,
        "y": 118.98161315917969,
        "z": 3261.521240234375
    },
    {
        "color": 4294967295,
        "name": "Generic Point 38",
        "x": -1851.5269775390625,
        "y": -3.426100730895996,
        "z": 3299.61474609375
    },
    {
        "color": 4294967295,
        "name": "Generic Point 39",
        "x": -1928.0068359375,
        "y": 14.392807960510254,
        "z": 3217.71923828125
    },
    {
        "color": 4294967295,
        "name": "Generic Point 4",
        "x": -1117.990234375,
        "y": 169.00457763671875,
        "z": 3653.621337890625
    },
    {
        "color": 4294967295,
        "name": "Generic Point 40",
        "x": -1917.9854736328125,
        "y": 15.364968299865723,
        "z": 3243.86767578125
    },
    {
        "color": 4294967295,
        "name": "Generic Point 41",
        "x": -1898.1649169921875,
        "y": 9.718271255493164,
        "z": 3271.54443359375
    },
    {
        "color": 4294967295,
        "name": "Generic Point 42",
        "x": -1861.01904296875,
        "y": -2.5775980949401855,
        "z": 3297.168212890625
    },
    {
        "color": 4294967295,
        "name": "Generic Point 43",
        "x": -1836.0330810546875,
        "y": -2.771507740020752,
        "z": 3281.4423828125
    },
    {
        "color": 4294967295,
        "name": "Generic Point 44",
        "x": -1818.85400390625,
        "y": -6.424376487731934,
        "z": 3252.07666015625
    },
    {
        "color": 4294967295,
        "name": "Generic Point 45",
        "x": -1812.7120361328125,
        "y": -7.629345893859863,
        "z": 3224.56884765625
    },
    {
        "color": 4294967295,
        "name": "Generic Point 46",
        "x": -1816.029052734375,
        "y": -6.688640594482422,
        "z": 3207.49755859375
    },
    {
        "color": 4294967295,
        "name": "Generic Point 47",
        "x": -1833.097412109375,
        "y": 2.828596353530884,
        "z": 3195.2216796875
    },
    {
        "color": 4294967295,
        "name": "Generic Point 48",
        "x": -1865.1185302734375,
        "y": 9.597302436828613,
        "z": 3188.80712890625
    },
    {
        "color": 4294967295,
        "name": "Generic Point 49",
        "x": -1882.9537353515625,
        "y": 10.34731674194336,
        "z": 3187.55615234375
    },
    {
        "color": 4294967295,
        "name": "Generic Point 5",
        "x": -1122.2120361328125,
        "y": 168.93154907226562,
        "z": 3657.957763671875
    },
    {
        "color": 4294967295,
        "name": "Generic Point 50",
        "x": -1900.6475830078125,
        "y": 12.066040992736816,
        "z": 3187.2080078125
    },
    {
        "color": 4294967295,
        "name": "Generic Point 51",
        "x": -1851.5264892578125,
        "y": -3.4257349967956543,
        "z": 3299.6171875
    },
    {
        "color": 4294967295,
        "name": "Generic Point 52",
        "x": -1842.9630126953125,
        "y": -3.500472068786621,
        "z": 3292.06689453125
    },
    {
        "color": 4294967295,
        "name": "Generic Point 53",
        "x": -232.11721801757812,
        "y": 234.5408935546875,
        "z": 3607.312744140625
    },
    {
        "color": 4294967295,
        "name": "Generic Point 54",
        "x": -217.05218505859375,
        "y": 212.28501892089844,
        "z": 3646.818603515625
    },
    {
        "color": 4294967295,
        "name": "Generic Point 55",
        "x": -217.81893920898438,
        "y": 211.00502014160156,
        "z": 3658.03173828125
    },
    {
        "color": 4294967295,
        "name": "Generic Point 56",
        "x": -1726.428955078125,
        "y": 230.40719604492188,
        "z": 3388.481201171875
    },
    {
        "color": 4294967295,
        "name": "Generic Point 57",
        "x": -1576.8924560546875,
        "y": 221.03170776367188,
        "z": 3294.482421875
    },
    {
        "color": 4294967295,
        "name": "Generic Point 58",
        "x": -1608.7679443359375,
        "y": 147.908203125,
        "z": 3412.136474609375
    },
    {
        "color": 4294967295,
        "name": "Generic Point 59",
        "x": -1532.85302734375,
        "y": 193.45567321777344,
        "z": 3241.44189453125
    },
    {
        "color": 4294967295,
        "name": "Generic Point 6",
        "x": -1707.843017578125,
        "y": 305.0370178222656,
        "z": 3666.038330078125
    },
    {
        "color": 4294967295,
        "name": "Generic Point 60",
        "x": -1526.1002197265625,
        "y": 192.88206481933594,
        "z": 3252.46484375
    },
    {
        "color": 4294967295,
        "name": "Generic Point 61",
        "x": -1540.4527587890625,
        "y": 189.952392578125,
        "z": 3259.127197265625
    },
    {
        "color": 4294967295,
        "name": "Generic Point 62",
        "x": -1533.6812744140625,
        "y": 191.50970458984375,
        "z": 3252.043212890625
    },
    {
        "color": 4294967295,
        "name": "Generic Point 63",
        "x": -1532.8463134765625,
        "y": 191.0496826171875,
        "z": 3253.077880859375
    },
    {
        "color": 4294967295,
        "name": "Generic Point 64",
        "x": -1183.9561767578125,
        "y": 203.2186279296875,
        "z": 3509.676025390625
    },
    {
        "color": 4294967295,
        "name": "Generic Point 65",
        "x": -1188.8876953125,
        "y": 204.04957580566406,
        "z": 3521.7099609375
    },
    {
        "color": 4294967295,
        "name": "Generic Point 66",
        "x": -1189.450927734375,
        "y": 203.8612823486328,
        "z": 3530.736572265625
    },
    {
        "color": 4294967295,
        "name": "Generic Point 67",
        "x": -1183.1019287109375,
        "y": 203.74620056152344,
        "z": 3518.952392578125
    },
    {
        "color": 4294967295,
        "name": "Generic Point 68",
        "x": -1163.7020263671875,
        "y": 183.6793212890625,
        "z": 3670.083740234375
    },
    {
        "color": 4294967295,
        "name": "Generic Point 69",
        "x": -1094.5638427734375,
        "y": 171.68675231933594,
        "z": 3731.104248046875
    },
    {
        "color": 4294967295,
        "name": "Generic Point 7",
        "x": -1801.373291015625,
        "y": 313.9579772949219,
        "z": 3676.015625
    },
    {
        "color": 4294967295,
        "name": "Generic Point 70",
        "x": -1086.469482421875,
        "y": 185.6010284423828,
        "z": 3663.1396484375
    },
    {
        "color": 4294967295,
        "name": "Generic Point 71",
        "x": -1097.09130859375,
        "y": 205.1552734375,
        "z": 3640.793701171875
    },
    {
        "color": 4294967295,
        "name": "Generic Point 72",
        "x": -1184.229248046875,
        "y": 196.7325897216797,
        "z": 3590.642333984375
    },
    {
        "color": 4294967295,
        "name": "Generic Point 8",
        "x": -1762.908203125,
        "y": 314.8434143066406,
        "z": 3748.95556640625
    },
    {
        "color": 4294967295,
        "name": "Generic Point 9",
        "x": -1760.660400390625,
        "y": 305.4974365234375,
        "z": 3719.150390625
    }
]