[
    {
        "color": 4294967295,
        "name": "Generic Point 0",
        "x": -894.218994140625,
        "y": 223.2158203125,
        "z": 672.5715942382812
    },
    {
        "color": 4294967295,
        "name": "Generic Point 1",
        "x": -621.7844848632812,
        "y": 223.3349151611328,
        "z": 916.2430419921875
    },
    {
        "color": 4294967295,
        "name": "Generic Point 2",
        "x": 189.14102172851562,
        "y": 199.7789764404297,
        "z": 1414.827880859375
    },
    {
        "color": 4294967295,
        "name": "Generic Point 3",
        "x": 352.888671875,
        "y": 216.65414428710938,
        "z": 1553.10546875
    },
    {
        "color": 4294967295,
        "name": "Generic Point 4",
        "x": 398.2272644042969,
        "y": 235.21932983398438,
        "z": 1740.07373046875
    },
    {
        "color": 4294967295,
        "name": "Generic Point 5",
        "x": 1556.971923828125,
        "y": 231.93130493164062,
        "z": 760.189453125
    },
    {
        "color": 4294967295,
        "name": "Generic Point 6",
        "x": 1879.1219482421875,
        "y": 211.83058166503906,
        "z": 849.5348510742188
    },
    {
        "color": 4294967295,
        "name": "Generic Point 7",
        "x": 1915.419677734375,
        "y": 217.3310089111328,
        "z": 878.457275390625
    },
    {
        "color": 4294967295,
        "name": "Generic Point 8",
        "x": 117.97048950195312,
        "y": 253.76373291015625,
        "z": 38.94059753417969
    }
]