[
    {
        "color": 4294967295,
        "name": "Generic Point 0",
        "x": -7.3822021484375,
        "y": 204.47332763671875,
        "z": 1381.2867431640625
    },
    {
        "color": 4294967295,
        "name": "Generic Point 1",
        "x": -23.45746612548828,
        "y": 172.87045288085938,
        "z": 20.422876358032227
    },
    {
        "color": 4294967295,
        "name": "Generic Point 10",
        "x": -150.3664093017578,
        "y": 193.4186248779297,
        "z": 363.9081115722656
    },
    {
        "color": 4294967295,
        "name": "Generic Point 11",
        "x": -149.80593872070312,
        "y": 248.26483154296875,
        "z": 196.8662109375
    },
    {
        "color": 4294967295,
        "name": "Generic Point 12",
        "x": -118.99288940429688,
        "y": 187.3117218017578,
        "z": 101.6480484008789
    },
    {
        "color": 4294967295,
        "name": "Generic Point 2",
        "x": 196.8024139404297,
        "y": 212.58706665039062,
        "z": -257.30908203125
    },
    {
        "color": 4294967295,
        "name": "Generic Point 3",
        "x": 286.6160583496094,
        "y": 173.54507446289062,
        "z": -317.6016540527344
    },
    {
        "color": 4294967295,
        "name": "Generic Point 4",
        "x": 554.0894165039062,
        "y": 170.0444793701172,
        "z": -295.0524597167969
    },
    {
        "color": 4294967295,
        "name": "Generic Point 5",
        "x": 331.73846435546875,
        "y": 159.02310180664062,
        "z": 926.8634033203125
    },
    {
        "color": 4294967295,
        "name": "Generic Point 6",
        "x": 499.0510559082031,
        "y": 182.4053955078125,
        "z": 459.3616638183594
    },
    {
        "color": 4294967295,
        "name": "Generic Point 7",
        "x": 295.6681823730469,
        "y": 326.3138427734375,
        "z": 318.01324462890625
    },
    {
        "color": 4294967295,
        "name": "Generic Point 8",
        "x": 194.94503784179688,
        "y": 301.566650390625,
        "z": 345.9063720703125
    },
    {
        "color": 4294967295,
        "name": "Generic Point 9",
        "x": -202.5149688720703,
        "y": 224.51666259765625,
        "z": 377.4126892089844
    }
]