[
    {
        "color": 4294967295,
        "name": "Generic Point 0",
        "x": -323.37493896484375,
        "y": 217.0669708251953,
        "z": 366.435791015625
    },
    {
        "color": 4294967295,
        "name": "Generic Point 1",
        "x": -323.0325927734375,
        "y": 327.7991943359375,
        "z": 367.10821533203125
    },
    {
        "color": 4294967295,
        "name": "Generic Point 2",
        "x": -791.6394653320312,
        "y": 150.5902099609375,
        "z": -42.02594757080078
    },
    {
        "color": 4294967295,
        "name": "Generic Point 3",
        "x": -756.837158203125,
        "y": 139.887939453125,
        "z": -224.73194885253906
    },
    {
        "color": 4294967295,
        "name": "Generic Point 4",
        "x": -739.08837890625,
        "y": 148.82603454589844,
        "z": -229.9733123779297
    },
    {
        "color": 4294967295,
        "name": "Generic Point 5",
        "x": -757.8571166992188,
        "y": 149.43408203125,
        "z": -240.81333923339844
    },
    {
        "color": 4294967295,
        "name": "Generic Point 6",
        "x": -770.4244384765625,
        "y": 149.65365600585938,
        "z": -219.05870056152344
    },
    {
        "color": 4294967295,
        "name": "Generic Point 7",
        "x": -752.3211669921875,
        "y": 148.9696502685547,
        "z": -207.4469451904297
    },
    {
        "color": 4294967295,
        "name": "Generic Point 8",
        "x": -699.8825073242188,
        "y": 140.0880889892578,
        "z": -193.89317321777344
    }
]