[
    {
        "color": 4294967295,
        "name": "Generic Point 0",
        "x": -787.037109375,
        "y": 162.5810089111328,
        "z": 2282.190185546875
    },
    {
        "color": 4294967295,
        "name": "Generic Point 1",
        "x": -511.6228332519531,
        "y": 188.06658935546875,
        "z": 2361.711669921875
    },
    {
        "color": 4294967295,
        "name": "Generic Point 10",
        "x": -281.3708801269531,
        "y": 105.3970947265625,
        "z": 2208.720458984375
    },
    {
        "color": 4294967295,
        "name": "Generic Point 11",
        "x": -777.526123046875,
        "y": 163.85646057128906,
        "z": 2285.56591796875
    },
    {
        "color": 4294967295,
        "name": "Generic Point 12",
        "x": -245.8876953125,
        "y": 102.99527740478516,
        "z": 2221.1298828125
    },
    {
        "color": 4294967295,
        "name": "Generic Point 13",
        "x": -268.9709167480469,
        "y": 103.64620208740234,
        "z": 2214.644775390625
    },
    {
        "color": 4294967295,
        "name": "Generic Point 14",
        "x": -348.2251281738281,
        "y": 121.30536651611328,
        "z": 2255.15771484375
    },
    {
        "color": 4294967295,
        "name": "Generic Point 15",
        "x": -239.4605712890625,
        "y": 181.4127655029297,
        "z": 2270.0087890625
    },
    {
        "color": 4294967295,
        "name": "Generic Point 16",
        "x": -172.4320068359375,
        "y": 230.4462890625,
        "z": 2288.625
    },
    {
        "color": 4294967295,
        "name": "Generic Point 17",
        "x": -181.52882385253906,
        "y": 204.64080810546875,
        "z": 2848.53955078125
    },
    {
        "color": 4294967295,
        "name": "Generic Point 18",
        "x": -171.2576141357422,
        "y": 204.82073974609375,
        "z": 2855.361328125
    },
    {
        "color": 4294967295,
        "name": "Generic Point 19",
        "x": -131.84481811523438,
        "y": 203.59593200683594,
        "z": 2868.720703125
    },
    {
        "color": 4294967295,
        "name": "Generic Point 2",
        "x": -516.5145874023438,
        "y": 185.3849639892578,
        "z": 2345.62255859375
    },
    {
        "color": 4294967295,
        "name": "Generic Point 20",
        "x": -130.2015380859375,
        "y": 203.60220336914062,
        "z": 2876.927978515625
    },
    {
        "color": 4294967295,
        "name": "Generic Point 21",
        "x": -107.66978454589844,
        "y": 199.1951904296875,
        "z": 2874.25439453125
    },
    {
        "color": 4294967295,
        "name": "Generic Point 22",
        "x": -706.7783203125,
        "y": 128.38253784179688,
        "z": 2275.769287109375
    },
    {
        "color": 4294967295,
        "name": "Generic Point 23",
        "x": -80.37810516357422,
        "y": 185.62359619140625,
        "z": 2814.886474609375
    },
    {
        "color": 4294967295,
        "name": "Generic Point 24",
        "x": -63.472900390625,
        "y": 186.4609832763672,
        "z": 2820.400634765625
    },
    {
        "color": 4294967295,
        "name": "Generic Point 25",
        "x": -18.287445068359375,
        "y": 197.79833984375,
        "z": 2847.00341796875
    },
    {
        "color": 4294967295,
        "name": "Generic Point 26",
        "x": -62.9993896484375,
        "y": 213.05929565429688,
        "z": 2883.56884765625
    },
    {
        "color": 4294967295,
        "name": "Generic Point 27",
        "x": -100.63202667236328,
        "y": 215.9208221435547,
        "z": 2928.62255859375
    },
    {
        "color": 4294967295,
        "name": "Generic Point 28",
        "x": -8.909156799316406,
        "y": 249.2744903564453,
        "z": 2916.9365234375
    },
    {
        "color": 4294967295,
        "name": "Generic Point 29",
        "x": 68.0378646850586,
        "y": 248.98077392578125,
        "z": 2988.185302734375
    },
    {
        "color": 4294967295,
        "name": "Generic Point 3",
        "x": -484.7625732421875,
        "y": 175.70896911621094,
        "z": 2343.748779296875
    },
    {
        "color": 4294967295,
        "name": "Generic Point 30",
        "x": 88.73709869384766,
        "y": 133.9095001220703,
        "z": 2994.947509765625
    },
    {
        "color": 4294967295,
        "name": "Generic Point 31",
        "x": 120.47982025146484,
        "y": 130.59083557128906,
        "z": 3043.259521484375
    },
    {
        "color": 4294967295,
        "name": "Generic Point 32",
        "x": 129.38381958007812,
        "y": 118.32156372070312,
        "z": 3006.012939453125
    },
    {
        "color": 4294967295,
        "name": "Generic Point 33",
        "x": -652.7210693359375,
        "y": 133.33311462402344,
        "z": 2259.498046875
    },
    {
        "color": 4294967295,
        "name": "Generic Point 34",
        "x": 139.3226318359375,
        "y": 99.55694580078125,
        "z": 2954.958984375
    },
    {
        "color": 4294967295,
        "name": "Generic Point 35",
        "x": 94.31452178955078,
        "y": 93.70829772949219,
        "z": 2972.949951171875
    },
    {
        "color": 4294967295,
        "name": "Generic Point 36",
        "x": 118.48580169677734,
        "y": 96.28839111328125,
        "z": 2974.072021484375
    },
    {
        "color": 4294967295,
        "name": "Generic Point 37",
        "x": 141.18545532226562,
        "y": 99.42448425292969,
        "z": 2963.94580078125
    },
    {
        "color": 4294967295,
        "name": "Generic Point 38",
        "x": 159.42218017578125,
        "y": 99.39127349853516,
        "z": 2973.61962890625
    },
    {
        "color": 4294967295,
        "name": "Generic Point 39",
        "x": 226.99566650390625,
        "y": 89.88536834716797,
        "z": 2931.27978515625
    },
    {
        "color": 4294967295,
        "name": "Generic Point 4",
        "x": -472.0767822265625,
        "y": 173.70779418945312,
        "z": 2316.832275390625
    },
    {
        "color": 4294967295,
        "name": "Generic Point 40",
        "x": 200.16946411132812,
        "y": 99.15901947021484,
        "z": 2967.43212890625
    },
    {
        "color": 4294967295,
        "name": "Generic Point 41",
        "x": 173.03082275390625,
        "y": 99.50899505615234,
        "z": 2964.12158203125
    },
    {
        "color": 4294967295,
        "name": "Generic Point 42",
        "x": 175.56591796875,
        "y": 104.80573272705078,
        "z": 2940.2978515625
    },
    {
        "color": 4294967295,
        "name": "Generic Point 43",
        "x": 190.49630737304688,
        "y": 106.34011840820312,
        "z": 2884.921142578125
    },
    {
        "color": 4294967295,
        "name": "Generic Point 44",
        "x": -568.7523193359375,
        "y": 131.83538818359375,
        "z": 2273.81689453125
    },
    {
        "color": 4294967295,
        "name": "Generic Point 45",
        "x": 209.8873291015625,
        "y": 105.99181365966797,
        "z": 2826.1923828125
    },
    {
        "color": 4294967295,
        "name": "Generic Point 46",
        "x": 281.19110107421875,
        "y": 274.90911865234375,
        "z": 2291.376708984375
    },
    {
        "color": 4294967295,
        "name": "Generic Point 47",
        "x": 153.55091857910156,
        "y": 116.0336685180664,
        "z": 2952.466796875
    },
    {
        "color": 4294967295,
        "name": "Generic Point 48",
        "x": 347.9897155761719,
        "y": 183.32638549804688,
        "z": 2259.739990234375
    },
    {
        "color": 4294967295,
        "name": "Generic Point 49",
        "x": 285.75091552734375,
        "y": 274.6663818359375,
        "z": 2291.29931640625
    },
    {
        "color": 4294967295,
        "name": "Generic Point 5",
        "x": -456.71270751953125,
        "y": 170.24588012695312,
        "z": 2305.651611328125
    },
    {
        "color": 4294967295,
        "name": "Generic Point 50",
        "x": 208.04446411132812,
        "y": 330.0772399902344,
        "z": 2376.68798828125
    },
    {
        "color": 4294967295,
        "name": "Generic Point 51",
        "x": 139.71243286132812,
        "y": 285.0694274902344,
        "z": 2261.24658203125
    },
    {
        "color": 4294967295,
        "name": "Generic Point 52",
        "x": 424.5334167480469,
        "y": 248.60641479492188,
        "z": 2243.966552734375
    },
    {
        "color": 4294967295,
        "name": "Generic Point 53",
        "x": 357.8266296386719,
        "y": 190.55181884765625,
        "z": 2252.2861328125
    },
    {
        "color": 4294967295,
        "name": "Generic Point 54",
        "x": 351.2718505859375,
        "y": 183.68045043945312,
        "z": 2256.74609375
    },
    {
        "color": 4294967295,
        "name": "Generic Point 55",
        "x": -565.548583984375,
        "y": 103.17391967773438,
        "z": 2277.607421875
    },
    {
        "color": 4294967295,
        "name": "Generic Point 56",
        "x": 368.4097900390625,
        "y": 194.91539001464844,
        "z": 2245.972900390625
    },
    {
        "color": 4294967295,
        "name": "Generic Point 57",
        "x": 380.5011901855469,
        "y": 206.39959716796875,
        "z": 2318.63525390625
    },
    {
        "color": 4294967295,
        "name": "Generic Point 58",
        "x": 437.8834228515625,
        "y": 154.3455352783203,
        "z": 2326.155029296875
    },
    {
        "color": 4294967295,
        "name": "Generic Point 59",
        "x": 467.5673828125,
        "y": 155.47352600097656,
        "z": 2332.9453125
    },
    {
        "color": 4294967295,
        "name": "Generic Point 6",
        "x": -432.0213623046875,
        "y": 162.04539489746094,
        "z": 2303.391357421875
    },
    {
        "color": 4294967295,
        "name": "Generic Point 60",
        "x": 519.9015502929688,
        "y": 134.61380004882812,
        "z": 2379.407958984375
    },
    {
        "color": 4294967295,
        "name": "Generic Point 61",
        "x": 517.8450317382812,
        "y": 135.3880157470703,
        "z": 2377.0732421875
    },
    {
        "color": 4294967295,
        "name": "Generic Point 62",
        "x": 527.5822143554688,
        "y": 136.19784545898438,
        "z": 2381.901611328125
    },
    {
        "color": 4294967295,
        "name": "Generic Point 63",
        "x": 582.072998046875,
        "y": 137.90757751464844,
        "z": 2571.479736328125
    },
    {
        "color": 4294967295,
        "name": "Generic Point 64",
        "x": 469.3392028808594,
        "y": 137.59031677246094,
        "z": 2478.80126953125
    },
    {
        "color": 4294967295,
        "name": "Generic Point 65",
        "x": 526.9680786132812,
        "y": 98.6081771850586,
        "z": 2498.910888671875
    },
    {
        "color": 4294967295,
        "name": "Generic Point 66",
        "x": 485.6262512207031,
        "y": 134.0467071533203,
        "z": 2422.3701171875
    },
    {
        "color": 4294967295,
        "name": "Generic Point 67",
        "x": -648.6316528320312,
        "y": 175.147705078125,
        "z": 2343.728271484375
    },
    {
        "color": 4294967295,
        "name": "Generic Point 68",
        "x": -641.3206787109375,
        "y": 197.02972412109375,
        "z": 2410.6337890625
    },
    {
        "color": 4294967295,
        "name": "Generic Point 69",
        "x": -504.0548095703125,
        "y": 180.13845825195312,
        "z": 2390.5498046875
    },
    {
        "color": 4294967295,
        "name": "Generic Point 7",
        "x": -384.34661865234375,
        "y": 136.27626037597656,
        "z": 2234.011474609375
    },
    {
        "color": 4294967295,
        "name": "Generic Point 8",
        "x": -347.8298034667969,
        "y": 121.09978485107422,
        "z": 2254.626708984375
    },
    {
        "color": 4294967295,
        "name": "Generic Point 9",
        "x": -288.8409118652344,
        "y": 119.07955169677734,
        "z": 2202.255126953125
    }
]