[
    {
        "color": 4294967295,
        "name": "Generic Point 0",
        "x": -432.0121765136719,
        "y": 287.15240478515625,
        "z": 2218.19873046875
    },
    {
        "color": 4294967295,
        "name": "Generic Point 1",
        "x": -624.8438720703125,
        "y": 207.10643005371094,
        "z": 2459.611328125
    },
    {
        "color": 4294967295,
        "name": "Generic Point 10",
        "x": 116.01012420654297,
        "y": 288.5833740234375,
        "z": 2070.84619140625
    },
    {
        "color": 4294967295,
        "name": "Generic Point 11",
        "x": 349.7198181152344,
        "y": 318.27667236328125,
        "z": 2410.14697265625
    },
    {
        "color": 4294967295,
        "name": "Generic Point 12",
        "x": 150.64453125,
        "y": 330.6005554199219,
        "z": 2401.454833984375
    },
    {
        "color": 4294967295,
        "name": "Generic Point 13",
        "x": 6.9039106369018555,
        "y": 226.2449188232422,
        "z": 2480.907958984375
    },
    {
        "color": 4294967295,
        "name": "Generic Point 14",
        "x": -137.98594665527344,
        "y": 244.5720672607422,
        "z": 2543.602294921875
    },
    {
        "color": 4294967295,
        "name": "Generic Point 15",
        "x": 15.8297119140625,
        "y": 309.9627380371094,
        "z": 2802.350341796875
    },
    {
        "color": 4294967295,
        "name": "Generic Point 16",
        "x": -597.5798950195312,
        "y": 243.1441192626953,
        "z": 3250.403076171875
    },
    {
        "color": 4294967295,
        "name": "Generic Point 17",
        "x": -354.6177062988281,
        "y": 219.3162384033203,
        "z": 3100.46337890625
    },
    {
        "color": 4294967295,
        "name": "Generic Point 18",
        "x": -328.0373840332031,
        "y": 205.5762176513672,
        "z": 3290.990966796875
    },
    {
        "color": 4294967295,
        "name": "Generic Point 19",
        "x": -714.7684936523438,
        "y": 270.3675231933594,
        "z": 3073.9560546875
    },
    {
        "color": 4294967295,
        "name": "Generic Point 2",
        "x": -1017.8491821289062,
        "y": 202.79092407226562,
        "z": 2628.105224609375
    },
    {
        "color": 4294967295,
        "name": "Generic Point 20",
        "x": -608.2841186523438,
        "y": 120.85089111328125,
        "z": 3484.478515625
    },
    {
        "color": 4294967295,
        "name": "Generic Point 21",
        "x": -504.4726257324219,
        "y": 261.2159423828125,
        "z": 3707.404296875
    },
    {
        "color": 4294967295,
        "name": "Generic Point 22",
        "x": -162.14291381835938,
        "y": 96.57825469970703,
        "z": 3931.1875
    },
    {
        "color": 4294967295,
        "name": "Generic Point 23",
        "x": -239.607421875,
        "y": 364.0310363769531,
        "z": 4046.9052734375
    },
    {
        "color": 4294967295,
        "name": "Generic Point 24",
        "x": -1167.197265625,
        "y": 285.5308837890625,
        "z": 3402.46142578125
    },
    {
        "color": 4294967295,
        "name": "Generic Point 25",
        "x": -1082.85986328125,
        "y": 289.2030334472656,
        "z": 3123.729736328125
    },
    {
        "color": 4294967295,
        "name": "Generic Point 26",
        "x": -913.7735595703125,
        "y": 390.3725891113281,
        "z": 3201.647216796875
    },
    {
        "color": 4294967295,
        "name": "Generic Point 27",
        "x": -790.86865234375,
        "y": 240.08346557617188,
        "z": 3590.238037109375
    },
    {
        "color": 4294967295,
        "name": "Generic Point 28",
        "x": -992.4739990234375,
        "y": 372.49981689453125,
        "z": 4002.427734375
    },
    {
        "color": 4294967295,
        "name": "Generic Point 29",
        "x": -1658.3758544921875,
        "y": 262.25054931640625,
        "z": 3864.005126953125
    },
    {
        "color": 4294967295,
        "name": "Generic Point 3",
        "x": -761.2477416992188,
        "y": 227.95413208007812,
        "z": 2701.861328125
    },
    {
        "color": 4294967295,
        "name": "Generic Point 30",
        "x": -1418.4129638671875,
        "y": 348.4566955566406,
        "z": 3646.320068359375
    },
    {
        "color": 4294967295,
        "name": "Generic Point 31",
        "x": -1469.9737548828125,
        "y": 253.6061553955078,
        "z": 3435.999267578125
    },
    {
        "color": 4294967295,
        "name": "Generic Point 32",
        "x": -1574.6005859375,
        "y": 188.32357788085938,
        "z": 3474.387451171875
    },
    {
        "color": 4294967295,
        "name": "Generic Point 33",
        "x": -1731.1756591796875,
        "y": 273.356201171875,
        "z": 3132.0234375
    },
    {
        "color": 4294967295,
        "name": "Generic Point 34",
        "x": -1994.586669921875,
        "y": 474.9006042480469,
        "z": 3552.1962890625
    },
    {
        "color": 4294967295,
        "name": "Generic Point 35",
        "x": -1420.365234375,
        "y": 278.79425048828125,
        "z": 2567.842529296875
    },
    {
        "color": 4294967295,
        "name": "Generic Point 36",
        "x": -1219.843017578125,
        "y": 320.5720520019531,
        "z": 2794.43359375
    },
    {
        "color": 4294967295,
        "name": "Generic Point 37",
        "x": -1208.268310546875,
        "y": 185.98440551757812,
        "z": 2273.929443359375
    },
    {
        "color": 4294967295,
        "name": "Generic Point 38",
        "x": -1686.1319580078125,
        "y": 455.86163330078125,
        "z": 2241.628662109375
    },
    {
        "color": 4294967295,
        "name": "Generic Point 39",
        "x": -1789.5963134765625,
        "y": 302.10302734375,
        "z": 2800.2470703125
    },
    {
        "color": 4294967295,
        "name": "Generic Point 4",
        "x": -559.3416137695312,
        "y": 217.99462890625,
        "z": 2645.226806640625
    },
    {
        "color": 4294967295,
        "name": "Generic Point 40",
        "x": -1939.1556396484375,
        "y": 205.34910583496094,
        "z": 2681.87353515625
    },
    {
        "color": 4294967295,
        "name": "Generic Point 41",
        "x": -1903.69189453125,
        "y": 243.879638671875,
        "z": 2577.7080078125
    },
    {
        "color": 4294967295,
        "name": "Generic Point 42",
        "x": -1994.401123046875,
        "y": 287.0715637207031,
        "z": 3987.3447265625
    },
    {
        "color": 4294967295,
        "name": "Generic Point 43",
        "x": -2025.3531494140625,
        "y": 300.7933654785156,
        "z": 4096.2939453125
    },
    {
        "color": 4294967295,
        "name": "Generic Point 44",
        "x": -2168.61376953125,
        "y": 286.0262145996094,
        "z": 4074.918701171875
    },
    {
        "color": 4294967295,
        "name": "Generic Point 45",
        "x": -2468.819580078125,
        "y": 338.4124450683594,
        "z": 4038.641845703125
    },
    {
        "color": 4294967295,
        "name": "Generic Point 46",
        "x": -2463.627685546875,
        "y": 247.96505737304688,
        "z": 4453.33740234375
    },
    {
        "color": 4294967295,
        "name": "Generic Point 47",
        "x": -2348.925048828125,
        "y": 109.26631927490234,
        "z": 4692.77490234375
    },
    {
        "color": 4294967295,
        "name": "Generic Point 48",
        "x": -1867.45703125,
        "y": 385.42962646484375,
        "z": 4403.1748046875
    },
    {
        "color": 4294967295,
        "name": "Generic Point 49",
        "x": -1667.9912109375,
        "y": 297.7657165527344,
        "z": 4284.44677734375
    },
    {
        "color": 4294967295,
        "name": "Generic Point 5",
        "x": -416.3236083984375,
        "y": 273.9274597167969,
        "z": 2694.12255859375
    },
    {
        "color": 4294967295,
        "name": "Generic Point 50",
        "x": -1437.6346435546875,
        "y": 91.1700439453125,
        "z": 4775.6513671875
    },
    {
        "color": 4294967295,
        "name": "Generic Point 51",
        "x": -1793.2113037109375,
        "y": 129.2184295654297,
        "z": 5046.009765625
    },
    {
        "color": 4294967295,
        "name": "Generic Point 52",
        "x": -2158.95166015625,
        "y": 169.8092803955078,
        "z": 4992.66845703125
    },
    {
        "color": 4294967295,
        "name": "Generic Point 53",
        "x": -2575.70703125,
        "y": 206.77574157714844,
        "z": 4795.85009765625
    },
    {
        "color": 4294967295,
        "name": "Generic Point 54",
        "x": -2125.393798828125,
        "y": 172.22084045410156,
        "z": 5977.29736328125
    },
    {
        "color": 4294967295,
        "name": "Generic Point 55",
        "x": -2850.7783203125,
        "y": 201.0511932373047,
        "z": 5711.4775390625
    },
    {
        "color": 4294967295,
        "name": "Generic Point 56",
        "x": -2778.8427734375,
        "y": 160.69131469726562,
        "z": 5141.6103515625
    },
    {
        "color": 4294967295,
        "name": "Generic Point 57",
        "x": -2918.325927734375,
        "y": 261.9688415527344,
        "z": 4477.2509765625
    },
    {
        "color": 4294967295,
        "name": "Generic Point 58",
        "x": -2714.460205078125,
        "y": 277.4225769042969,
        "z": 4212.0390625
    },
    {
        "color": 4294967295,
        "name": "Generic Point 59",
        "x": -2723.0537109375,
        "y": 69.52416229248047,
        "z": 4386.23779296875
    },
    {
        "color": 4294967295,
        "name": "Generic Point 6",
        "x": -482.5877685546875,
        "y": 223.72047424316406,
        "z": 2790.184326171875
    },
    {
        "color": 4294967295,
        "name": "Generic Point 60",
        "x": -2732.31787109375,
        "y": 296.87152099609375,
        "z": 4810.63623046875
    },
    {
        "color": 4294967295,
        "name": "Generic Point 61",
        "x": -3183.608154296875,
        "y": 325.8424072265625,
        "z": 4797.60888671875
    },
    {
        "color": 4294967295,
        "name": "Generic Point 62",
        "x": -735.8589477539062,
        "y": -23.710371017456055,
        "z": 4427.57177734375
    },
    {
        "color": 4294967295,
        "name": "Generic Point 63",
        "x": -383.1236267089844,
        "y": 224.03675842285156,
        "z": 5000.1552734375
    },
    {
        "color": 4294967295,
        "name": "Generic Point 64",
        "x": -1242.898193359375,
        "y": 52.00784683227539,
        "z": 5485.58349609375
    },
    {
        "color": 4294967295,
        "name": "Generic Point 65",
        "x": -516.5203857421875,
        "y": -50.85743713378906,
        "z": 5487.57080078125
    },
    {
        "color": 4294967295,
        "name": "Generic Point 66",
        "x": -819.7119750976562,
        "y": -253.5146484375,
        "z": 6034.2255859375
    },
    {
        "color": 4294967295,
        "name": "Generic Point 67",
        "x": -706.3156127929688,
        "y": 94.00806427001953,
        "z": 5686.16259765625
    },
    {
        "color": 4294967295,
        "name": "Generic Point 68",
        "x": -409.47808837890625,
        "y": 205.45986938476562,
        "z": 5572.96826171875
    },
    {
        "color": 4294967295,
        "name": "Generic Point 69",
        "x": -497.8412170410156,
        "y": 268.4176940917969,
        "z": 5175.9033203125
    },
    {
        "color": 4294967295,
        "name": "Generic Point 7",
        "x": -374.9424133300781,
        "y": 344.4719543457031,
        "z": 2874.330322265625
    },
    {
        "color": 4294967295,
        "name": "Generic Point 70",
        "x": -694.6351318359375,
        "y": 212.838623046875,
        "z": 4955.5009765625
    },
    {
        "color": 4294967295,
        "name": "Generic Point 71",
        "x": -514.9568481445312,
        "y": 180.06808471679688,
        "z": 4267.39697265625
    },
    {
        "color": 4294967295,
        "name": "Generic Point 72",
        "x": -258.5065612792969,
        "y": -22.822500228881836,
        "z": 4692.3310546875
    },
    {
        "color": 4294967295,
        "name": "Generic Point 73",
        "x": -1303.1329345703125,
        "y": 16.06406593322754,
        "z": 5763.4169921875
    },
    {
        "color": 4294967295,
        "name": "Generic Point 74",
        "x": -1461.8145751953125,
        "y": 8.637067794799805,
        "z": 5411.82861328125
    },
    {
        "color": 4294967295,
        "name": "Generic Point 75",
        "x": -1338.157958984375,
        "y": 56.277835845947266,
        "z": 5201.19775390625
    },
    {
        "color": 4294967295,
        "name": "Generic Point 76",
        "x": -986.2532958984375,
        "y": 111.91490936279297,
        "z": 4767.01025390625
    },
    {
        "color": 4294967295,
        "name": "Generic Point 77",
        "x": -801.1182250976562,
        "y": -134.3053436279297,
        "z": 4934.56201171875
    },
    {
        "color": 4294967295,
        "name": "Generic Point 78",
        "x": -1075.71630859375,
        "y": 76.76039123535156,
        "z": 4581.0
    },
    {
        "color": 4294967295,
        "name": "Generic Point 79",
        "x": -653.1929931640625,
        "y": 105.96498107910156,
        "z": 4589.46533203125
    },
    {
        "color": 4294967295,
        "name": "Generic Point 8",
        "x": -285.86505126953125,
        "y": 243.0756378173828,
        "z": 2873.56396484375
    },
    {
        "color": 4294967295,
        "name": "Generic Point 80",
        "x": -204.19378662109375,
        "y": 86.0101547241211,
        "z": 5305.62060546875
    },
    {
        "color": 4294967295,
        "name": "Generic Point 81",
        "x": -328.1078186035156,
        "y": 134.8601531982422,
        "z": 5998.26806640625
    },
    {
        "color": 4294967295,
        "name": "Generic Point 82",
        "x": 821.7305297851562,
        "y": 203.72425842285156,
        "z": 6323.89794921875
    },
    {
        "color": 4294967295,
        "name": "Generic Point 83",
        "x": 855.9757690429688,
        "y": 381.4595947265625,
        "z": 6060.423828125
    },
    {
        "color": 4294967295,
        "name": "Generic Point 84",
        "x": 742.5003051757812,
        "y": 213.31492614746094,
        "z": 5994.01318359375
    },
    {
        "color": 4294967295,
        "name": "Generic Point 85",
        "x": 798.3803100585938,
        "y": 326.153564453125,
        "z": 5790.19580078125
    },
    {
        "color": 4294967295,
        "name": "Generic Point 86",
        "x": 421.57940673828125,
        "y": 314.2716064453125,
        "z": 5889.7587890625
    },
    {
        "color": 4294967295,
        "name": "Generic Point 87",
        "x": 441.0927429199219,
        "y": 310.39471435546875,
        "z": 5699.1298828125
    },
    {
        "color": 4294967295,
        "name": "Generic Point 88",
        "x": 530.6939697265625,
        "y": 221.99050903320312,
        "z": 5724.64990234375
    },
    {
        "color": 4294967295,
        "name": "Generic Point 89",
        "x": 2.498239755630493,
        "y": 228.10166931152344,
        "z": 6161.0146484375
    },
    {
        "color": 4294967295,
        "name": "Generic Point 9",
        "x": -8.5333251953125,
        "y": 263.1431579589844,
        "z": 2341.832275390625
    },
    {
        "color": 4294967295,
        "name": "Generic Point 90",
        "x": 477.4720458984375,
        "y": 131.10321044921875,
        "z": 6358.4326171875
    },
    {
        "color": 4294967295,
        "name": "Generic Point 91",
        "x": 384.06304931640625,
        "y": 319.8273010253906,
        "z": 6817.4755859375
    },
    {
        "color": 4294967295,
        "name": "Generic Point 92",
        "x": 552.3153076171875,
        "y": 144.32643127441406,
        "z": 6679.85595703125
    },
    {
        "color": 4294967295,
        "name": "Generic Point 93",
        "x": 677.3568725585938,
        "y": 157.34152221679688,
        "z": 6747.1328125
    },
    {
        "color": 4294967295,
        "name": "Generic Point 94",
        "x": 725.5885620117188,
        "y": 336.669677734375,
        "z": 6615.39501953125
    },
    {
        "color": 4294967295,
        "name": "Generic Point 95",
        "x": 738.9754028320312,
        "y": 305.17138671875,
        "z": 6339.76171875
    },
    {
        "color": 4294967295,
        "name": "Generic Point 96",
        "x": -1588.2569580078125,
        "y": 98.60969543457031,
        "z": 5068.8935546875
    },
    {
        "color": 4294967295,
        "name": "Generic Point 97",
        "x": 480.04736328125,
        "y": 325.9526062011719,
        "z": 6188.03515625
    },
    {
        "color": 4294967295,
        "name": "Generic Point 98",
        "x": 618.3367309570312,
        "y": 324.10931396484375,
        "z": 5942.6845703125
    }
]