[
    {
        "color": 4294967295,
        "name": "Generic Point 0",
        "x": -1411.187744140625,
        "y": 11.079065322875977,
        "z": 5761.0361328125
    },
    {
        "color": 4294967295,
        "name": "Generic Point 1",
        "x": -1454.678955078125,
        "y": -27.229822158813477,
        "z": 5661.3095703125
    },
    {
        "color": 4294967295,
        "name": "Generic Point 10",
        "x": -910.0161743164062,
        "y": 182.7298583984375,
        "z": 4991.96435546875
    },
    {
        "color": 4294967295,
        "name": "Generic Point 11",
        "x": -1399.0155029296875,
        "y": 74.64956665039062,
        "z": 4838.24560546875
    },
    {
        "color": 4294967295,
        "name": "Generic Point 12",
        "x": -381.5936279296875,
        "y": 107.84442901611328,
        "z": 5639.26513671875
    },
    {
        "color": 4294967295,
        "name": "Generic Point 13",
        "x": -752.3834838867188,
        "y": 141.666015625,
        "z": 5618.94482421875
    },
    {
        "color": 4294967295,
        "name": "Generic Point 14",
        "x": -1423.7264404296875,
        "y": 73.05668640136719,
        "z": 4933.09326171875
    },
    {
        "color": 4294967295,
        "name": "Generic Point 15",
        "x": -1372.268310546875,
        "y": 28.78262710571289,
        "z": 5263.0986328125
    },
    {
        "color": 4294967295,
        "name": "Generic Point 16",
        "x": -1285.20849609375,
        "y": 64.57721710205078,
        "z": 5224.42822265625
    },
    {
        "color": 4294967295,
        "name": "Generic Point 17",
        "x": -1092.2908935546875,
        "y": -31.930747985839844,
        "z": 5521.64111328125
    },
    {
        "color": 4294967295,
        "name": "Generic Point 18",
        "x": -1507.561767578125,
        "y": 66.42498779296875,
        "z": 5657.78173828125
    },
    {
        "color": 4294967295,
        "name": "Generic Point 19",
        "x": -857.2938232421875,
        "y": 24.006284713745117,
        "z": 5837.89990234375
    },
    {
        "color": 4294967295,
        "name": "Generic Point 2",
        "x": -912.91357421875,
        "y": -248.54037475585938,
        "z": 5991.9541015625
    },
    {
        "color": 4294967295,
        "name": "Generic Point 20",
        "x": -715.1796875,
        "y": -42.15027618408203,
        "z": 5773.8662109375
    },
    {
        "color": 4294967295,
        "name": "Generic Point 21",
        "x": -907.3464965820312,
        "y": -33.649513244628906,
        "z": 5010.28955078125
    },
    {
        "color": 4294967295,
        "name": "Generic Point 22",
        "x": -1032.02783203125,
        "y": -43.515167236328125,
        "z": 4501.66064453125
    },
    {
        "color": 4294967295,
        "name": "Generic Point 23",
        "x": -524.9591674804688,
        "y": -86.10226440429688,
        "z": 5425.8125
    },
    {
        "color": 4294967295,
        "name": "Generic Point 24",
        "x": -379.85455322265625,
        "y": -207.9922637939453,
        "z": 5404.412109375
    },
    {
        "color": 4294967295,
        "name": "Generic Point 25",
        "x": -413.8258056640625,
        "y": -239.12838745117188,
        "z": 5518.54736328125
    },
    {
        "color": 4294967295,
        "name": "Generic Point 26",
        "x": -779.8848266601562,
        "y": 163.03082275390625,
        "z": 4887.646484375
    },
    {
        "color": 4294967295,
        "name": "Generic Point 27",
        "x": -572.339599609375,
        "y": 107.04078674316406,
        "z": 4626.35791015625
    },
    {
        "color": 4294967295,
        "name": "Generic Point 28",
        "x": -365.3121337890625,
        "y": 213.534912109375,
        "z": 4974.21630859375
    },
    {
        "color": 4294967295,
        "name": "Generic Point 29",
        "x": -537.2625732421875,
        "y": 246.82554626464844,
        "z": 5085.91845703125
    },
    {
        "color": 4294967295,
        "name": "Generic Point 3",
        "x": -771.0986328125,
        "y": -267.7553405761719,
        "z": 5687.27783203125
    },
    {
        "color": 4294967295,
        "name": "Generic Point 30",
        "x": -632.7261962890625,
        "y": 261.2720642089844,
        "z": 5108.4921875
    },
    {
        "color": 4294967295,
        "name": "Generic Point 31",
        "x": -1234.848876953125,
        "y": 81.58380889892578,
        "z": 5077.369140625
    },
    {
        "color": 4294967295,
        "name": "Generic Point 32",
        "x": -1169.152587890625,
        "y": 71.2197265625,
        "z": 4978.72607421875
    },
    {
        "color": 4294967295,
        "name": "Generic Point 33",
        "x": -1104.8294677734375,
        "y": 119.2680892944336,
        "z": 4766.31103515625
    },
    {
        "color": 4294967295,
        "name": "Generic Point 34",
        "x": -950.7710571289062,
        "y": 54.583534240722656,
        "z": 4612.20556640625
    },
    {
        "color": 4294967295,
        "name": "Generic Point 35",
        "x": -704.8181762695312,
        "y": 139.6704864501953,
        "z": 4159.912109375
    },
    {
        "color": 4294967295,
        "name": "Generic Point 36",
        "x": -1386.0653076171875,
        "y": 69.31877136230469,
        "z": 5522.31201171875
    },
    {
        "color": 4294967295,
        "name": "Generic Point 37",
        "x": -296.94122314453125,
        "y": 222.30796813964844,
        "z": 5111.041015625
    },
    {
        "color": 4294967295,
        "name": "Generic Point 4",
        "x": -834.1636962890625,
        "y": -267.7053527832031,
        "z": 5680.6689453125
    },
    {
        "color": 4294967295,
        "name": "Generic Point 5",
        "x": -472.7402648925781,
        "y": 233.9640655517578,
        "z": 5321.70947265625
    },
    {
        "color": 4294967295,
        "name": "Generic Point 6",
        "x": -1083.7972412109375,
        "y": 63.87704849243164,
        "z": 5520.349609375
    },
    {
        "color": 4294967295,
        "name": "Generic Point 7",
        "x": -1359.533203125,
        "y": 26.958879470825195,
        "z": 5302.37060546875
    },
    {
        "color": 4294967295,
        "name": "Generic Point 8",
        "x": -803.0765991210938,
        "y": 144.28814697265625,
        "z": 4797.09912109375
    },
    {
        "color": 4294967295,
        "name": "Generic Point 9",
        "x": -632.1263427734375,
        "y": 261.2940673828125,
        "z": 5109.17138671875
    }
]