[
    {
        "color": 4294967295,
        "name": "Generic Point 0",
        "x": 1020.471,
        "y": 245.7,
        "z": -298.92
    },
    {
        "color": 4294967295,
        "name": "Generic Point 1",
        "x": 1652.272,
        "y": 203.0,
        "z": 95.146
    },
    {
        "color": 4294967295,
        "name": "Generic Point 10",
        "x": 202.485,
        "y": 203.0,
        "z": 738.568
    },
    {
        "color": 4294967295,
        "name": "Generic Point 11",
        "x": 1366.259,
        "y": 159.88,
        "z": -295.939
    },
    {
        "color": 4294967295,
        "name": "Generic Point 12",
        "x": 167.585,
        "y": 203.0,
        "z": 700.049
    },
    {
        "color": 4294967295,
        "name": "Generic Point 13",
        "x": 133.768,
        "y": 204.622,
        "z": 716.969
    },
    {
        "color": 4294967295,
        "name": "Generic Point 14",
        "x": 102.248,
        "y": 210.57,
        "z": 705.881
    },
    {
        "color": 4294967295,
        "name": "Generic Point 15",
        "x": 129.079,
        "y": 207.058,
        "z": 684.794
    },
    {
        "color": 4294967295,
        "name": "Generic Point 16",
        "x": 170.804,
        "y": 203.508,
        "z": 664.569
    },
    {
        "color": 4294967295,
        "name": "Generic Point 17",
        "x": 137.121,
        "y": 203.832,
        "z": 641.017
    },
    {
        "color": 4294967295,
        "name": "Generic Point 18",
        "x": 118.21,
        "y": 205.49,
        "z": 649.864
    },
    {
        "color": 4294967295,
        "name": "Generic Point 19",
        "x": 83.978,
        "y": 207.152,
        "z": 627.948
    },
    {
        "color": 4294967295,
        "name": "Generic Point 2",
        "x": 1665.498,
        "y": 203.0,
        "z": 98.88
    },
    {
        "color": 4294967295,
        "name": "Generic Point 20",
        "x": 19.6,
        "y": 203.0,
        "z": 524.749
    },
    {
        "color": 4294967295,
        "name": "Generic Point 21",
        "x": 46.387,
        "y": 203.0,
        "z": 515.951
    },
    {
        "color": 4294967295,
        "name": "Generic Point 22",
        "x": 1390.609,
        "y": 159.88,
        "z": -298.855
    },
    {
        "color": 4294967295,
        "name": "Generic Point 23",
        "x": -138.022,
        "y": 282.07,
        "z": 263.654
    },
    {
        "color": 4294967295,
        "name": "Generic Point 24",
        "x": 324.614,
        "y": 203.0,
        "z": 82.123
    },
    {
        "color": 4294967295,
        "name": "Generic Point 25",
        "x": 335.425,
        "y": 203.0,
        "z": 93.118
    },
    {
        "color": 4294967295,
        "name": "Generic Point 26",
        "x": 507.279,
        "y": 197.99,
        "z": 244.095
    },
    {
        "color": 4294967295,
        "name": "Generic Point 27",
        "x": 610.087,
        "y": 203.24,
        "z": 432.726
    },
    {
        "color": 4294967295,
        "name": "Generic Point 28",
        "x": 909.592,
        "y": 212.82,
        "z": 657.247
    },
    {
        "color": 4294967295,
        "name": "Generic Point 29",
        "x": 1253.499,
        "y": 272.0,
        "z": 1460.756
    },
    {
        "color": 4294967295,
        "name": "Generic Point 3",
        "x": 1723.448,
        "y": 203.0,
        "z": 119.203
    },
    {
        "color": 4294967295,
        "name": "Generic Point 30",
        "x": 1241.598,
        "y": 272.0,
        "z": 1473.491
    },
    {
        "color": 4294967295,
        "name": "Generic Point 31",
        "x": 1152.428,
        "y": 361.591,
        "z": 1643.836
    },
    {
        "color": 4294967295,
        "name": "Generic Point 32",
        "x": 996.537,
        "y": 233.7,
        "z": 1679.606
    },
    {
        "color": 4294967295,
        "name": "Generic Point 33",
        "x": 1371.928,
        "y": 159.88,
        "z": -260.216
    },
    {
        "color": 4294967295,
        "name": "Generic Point 34",
        "x": 982.882,
        "y": 233.7,
        "z": 1678.418
    },
    {
        "color": 4294967295,
        "name": "Generic Point 35",
        "x": 929.692,
        "y": 233.7,
        "z": 1729.404
    },
    {
        "color": 4294967295,
        "name": "Generic Point 36",
        "x": 928.957,
        "y": 233.7,
        "z": 1707.332
    },
    {
        "color": 4294967295,
        "name": "Generic Point 37",
        "x": 910.347,
        "y": 233.7,
        "z": 1685.286
    },
    {
        "color": 4294967295,
        "name": "Generic Point 38",
        "x": 876.44,
        "y": 233.7,
        "z": 1728.87
    },
    {
        "color": 4294967295,
        "name": "Generic Point 39",
        "x": 885.398,
        "y": 233.7,
        "z": 1782.284
    },
    {
        "color": 4294967295,
        "name": "Generic Point 4",
        "x": 1770.721,
        "y": 203.0,
        "z": 134.323
    },
    {
        "color": 4294967295,
        "name": "Generic Point 40",
        "x": 859.105,
        "y": 233.7,
        "z": 1801.653
    },
    {
        "color": 4294967295,
        "name": "Generic Point 41",
        "x": 545.137,
        "y": 233.7,
        "z": 1720.611
    },
    {
        "color": 4294967295,
        "name": "Generic Point 42",
        "x": 105.5,
        "y": 259.0,
        "z": 1640.45
    },
    {
        "color": 4294967295,
        "name": "Generic Point 43",
        "x": 71.07,
        "y": 259.0,
        "z": 1577.965
    },
    {
        "color": 4294967295,
        "name": "Generic Point 44",
        "x": 1392.688,
        "y": 159.88,
        "z": -262.974
    },
    {
        "color": 4294967295,
        "name": "Generic Point 45",
        "x": 57.864,
        "y": 259.0,
        "z": 1548.011
    },
    {
        "color": 4294967295,
        "name": "Generic Point 46",
        "x": -470.756,
        "y": 183.95,
        "z": 1165.876
    },
    {
        "color": 4294967295,
        "name": "Generic Point 47",
        "x": -504.581,
        "y": 183.95,
        "z": 1175.598
    },
    {
        "color": 4294967295,
        "name": "Generic Point 48",
        "x": -226.76,
        "y": 183.68,
        "z": 975.236
    },
    {
        "color": 4294967295,
        "name": "Generic Point 49",
        "x": -245.266,
        "y": 183.68,
        "z": 880.095
    },
    {
        "color": 4294967295,
        "name": "Generic Point 5",
        "x": 1435.029,
        "y": 217.0,
        "z": 39.79
    },
    {
        "color": 4294967295,
        "name": "Generic Point 50",
        "x": -258.022,
        "y": 183.68,
        "z": 872.332
    },
    {
        "color": 4294967295,
        "name": "Generic Point 51",
        "x": -235.036,
        "y": 183.68,
        "z": 855.806
    },
    {
        "color": 4294967295,
        "name": "Generic Point 52",
        "x": -188.909,
        "y": 183.68,
        "z": 825.456
    },
    {
        "color": 4294967295,
        "name": "Generic Point 53",
        "x": -169.243,
        "y": 183.68,
        "z": 835.596
    },
    {
        "color": 4294967295,
        "name": "Generic Point 54",
        "x": -479.035,
        "y": 233.739,
        "z": 467.044
    },
    {
        "color": 4294967295,
        "name": "Generic Point 55",
        "x": 1565.487,
        "y": 236.683,
        "z": -139.773
    },
    {
        "color": 4294967295,
        "name": "Generic Point 56",
        "x": -491.315,
        "y": 230.709,
        "z": 404.307
    },
    {
        "color": 4294967295,
        "name": "Generic Point 57",
        "x": -492.928,
        "y": 230.65,
        "z": 432.418
    },
    {
        "color": 4294967295,
        "name": "Generic Point 58",
        "x": -593.524,
        "y": 250.673,
        "z": 436.722
    },
    {
        "color": 4294967295,
        "name": "Generic Point 59",
        "x": -743.543,
        "y": 194.4,
        "z": 753.456
    },
    {
        "color": 4294967295,
        "name": "Generic Point 6",
        "x": 1313.485,
        "y": 203.0,
        "z": 180.664
    },
    {
        "color": 4294967295,
        "name": "Generic Point 60",
        "x": -760.375,
        "y": 194.4,
        "z": 751.565
    },
    {
        "color": 4294967295,
        "name": "Generic Point 61",
        "x": 1773.285,
        "y": 203.0,
        "z": -41.345
    },
    {
        "color": 4294967295,
        "name": "Generic Point 62",
        "x": 1779.864,
        "y": 203.0,
        "z": -53.93
    },
    {
        "color": 4294967295,
        "name": "Generic Point 63",
        "x": 1807.602,
        "y": 203.0,
        "z": 4.319
    },
    {
        "color": 4294967295,
        "name": "Generic Point 7",
        "x": 1190.834,
        "y": 203.0,
        "z": 267.959
    },
    {
        "color": 4294967295,
        "name": "Generic Point 8",
        "x": 1161.611,
        "y": 203.0,
        "z": 247.301
    },
    {
        "color": 4294967295,
        "name": "Generic Point 9",
        "x": 1075.763,
        "y": 203.0,
        "z": 236.286
    }
]