[
    {
        "color": 4294967295,
        "name": "Generic Point 0",
        "x": 359.3651428222656,
        "y": 209.95706176757812,
        "z": 2330.501953125
    },
    {
        "color": 4294967295,
        "name": "Generic Point 1",
        "x": 84.96672821044922,
        "y": 269.83697509765625,
        "z": 2977.44873046875
    },
    {
        "color": 4294967295,
        "name": "Generic Point 2",
        "x": -172.00732421875,
        "y": 204.73658752441406,
        "z": 2854.78076171875
    },
    {
        "color": 4294967295,
        "name": "Generic Point 3",
        "x": 290.4537353515625,
        "y": 237.52328491210938,
        "z": 2318.2578125
    },
    {
        "color": 4294967295,
        "name": "Generic Point 4",
        "x": -105.84600067138672,
        "y": 249.51824951171875,
        "z": 3438.57958984375
    }
]