[
    {
        "color": 4294967295,
        "name": "Generic Point 0",
        "x": -3211.092,
        "y": 207.724,
        "z": -4751.315
    },
    {
        "color": 4294967295,
        "name": "Generic Point 1",
        "x": -2431.645,
        "y": 360.549,
        "z": -4385.912
    },
    {
        "color": 4294967295,
        "name": "Generic Point 10",
        "x": -2803.635,
        "y": 213.587,
        "z": -4188.396
    },
    {
        "color": 4294967295,
        "name": "Generic Point 11",
        "x": -3339.387,
        "y": 210.525,
        "z": -4260.801
    },
    {
        "color": 4294967295,
        "name": "Generic Point 12",
        "x": -2755.396,
        "y": 211.057,
        "z": -4147.117
    },
    {
        "color": 4294967295,
        "name": "Generic Point 13",
        "x": -2732.015,
        "y": 211.23,
        "z": -4112.566
    },
    {
        "color": 4294967295,
        "name": "Generic Point 14",
        "x": -2769.493,
        "y": 211.205,
        "z": -4102.257
    },
    {
        "color": 4294967295,
        "name": "Generic Point 15",
        "x": -2801.637,
        "y": 219.059,
        "z": -4041.798
    },
    {
        "color": 4294967295,
        "name": "Generic Point 16",
        "x": -2796.987,
        "y": 213.806,
        "z": -4080.799
    },
    {
        "color": 4294967295,
        "name": "Generic Point 17",
        "x": -2682.406,
        "y": 211.755,
        "z": -4041.183
    },
    {
        "color": 4294967295,
        "name": "Generic Point 18",
        "x": -2589.05,
        "y": 206.073,
        "z": -3744.074
    },
    {
        "color": 4294967295,
        "name": "Generic Point 19",
        "x": -2540.874,
        "y": 205.742,
        "z": -3678.465
    },
    {
        "color": 4294967295,
        "name": "Generic Point 2",
        "x": -2426.845,
        "y": 342.87,
        "z": -4374.654
    },
    {
        "color": 4294967295,
        "name": "Generic Point 20",
        "x": -3203.495,
        "y": 211.045,
        "z": -3400.545
    },
    {
        "color": 4294967295,
        "name": "Generic Point 21",
        "x": -3329.984,
        "y": 207.43,
        "z": -3528.583
    },
    {
        "color": 4294967295,
        "name": "Generic Point 22",
        "x": -3172.208,
        "y": 208.117,
        "z": -4462.948
    },
    {
        "color": 4294967295,
        "name": "Generic Point 23",
        "x": -3347.519,
        "y": 204.923,
        "z": -3488.051
    },
    {
        "color": 4294967295,
        "name": "Generic Point 24",
        "x": -3682.944,
        "y": 208.829,
        "z": -3318.919
    },
    {
        "color": 4294967295,
        "name": "Generic Point 25",
        "x": -3476.578,
        "y": 223.725,
        "z": -3087.813
    },
    {
        "color": 4294967295,
        "name": "Generic Point 26",
        "x": -3526.141,
        "y": 203.253,
        "z": -3029.42
    },
    {
        "color": 4294967295,
        "name": "Generic Point 27",
        "x": -3592.097,
        "y": 228.08,
        "z": -3039.711
    },
    {
        "color": 4294967295,
        "name": "Generic Point 28",
        "x": -3652.013,
        "y": 288.008,
        "z": -3075.454
    },
    {
        "color": 4294967295,
        "name": "Generic Point 29",
        "x": -3718.626,
        "y": 204.174,
        "z": -2864.307
    },
    {
        "color": 4294967295,
        "name": "Generic Point 3",
        "x": -2398.637,
        "y": 294.82,
        "z": -4365.908
    },
    {
        "color": 4294967295,
        "name": "Generic Point 30",
        "x": -3728.677,
        "y": 209.121,
        "z": -2950.417
    },
    {
        "color": 4294967295,
        "name": "Generic Point 31",
        "x": -3719.865,
        "y": 264.175,
        "z": -2969.934
    },
    {
        "color": 4294967295,
        "name": "Generic Point 32",
        "x": -3732.295,
        "y": 268.259,
        "z": -2975.21
    },
    {
        "color": 4294967295,
        "name": "Generic Point 33",
        "x": -2789.056,
        "y": 237.212,
        "z": -4506.174
    },
    {
        "color": 4294967295,
        "name": "Generic Point 34",
        "x": -3837.253,
        "y": 321.074,
        "z": -3046.395
    },
    {
        "color": 4294967295,
        "name": "Generic Point 35",
        "x": -3938.092,
        "y": 265.744,
        "z": -3187.662
    },
    {
        "color": 4294967295,
        "name": "Generic Point 36",
        "x": -3949.004,
        "y": 207.278,
        "z": -3297.737
    },
    {
        "color": 4294967295,
        "name": "Generic Point 37",
        "x": -4360.882,
        "y": 211.551,
        "z": -3908.74
    },
    {
        "color": 4294967295,
        "name": "Generic Point 38",
        "x": -4553.38,
        "y": 207.627,
        "z": -3792.184
    },
    {
        "color": 4294967295,
        "name": "Generic Point 39",
        "x": -3903.235,
        "y": 246.83,
        "z": -3037.214
    },
    {
        "color": 4294967295,
        "name": "Generic Point 4",
        "x": -2397.709,
        "y": 289.871,
        "z": -4328.168
    },
    {
        "color": 4294967295,
        "name": "Generic Point 40",
        "x": -3950.249,
        "y": 207.1,
        "z": -2971.048
    },
    {
        "color": 4294967295,
        "name": "Generic Point 41",
        "x": -3970.051,
        "y": 206.475,
        "z": -2983.117
    },
    {
        "color": 4294967295,
        "name": "Generic Point 42",
        "x": -3968.997,
        "y": 205.316,
        "z": -2968.047
    },
    {
        "color": 4294967295,
        "name": "Generic Point 43",
        "x": -3957.4,
        "y": 214.883,
        "z": -2542.686
    },
    {
        "color": 4294967295,
        "name": "Generic Point 44",
        "x": -2645.527,
        "y": 252.096,
        "z": -4565.312
    },
    {
        "color": 4294967295,
        "name": "Generic Point 45",
        "x": -4071.014,
        "y": 229.035,
        "z": -2458.292
    },
    {
        "color": 4294967295,
        "name": "Generic Point 46",
        "x": -4126.559,
        "y": 252.212,
        "z": -2362.781
    },
    {
        "color": 4294967295,
        "name": "Generic Point 47",
        "x": -4061.695,
        "y": 259.685,
        "z": -2330.997
    },
    {
        "color": 4294967295,
        "name": "Generic Point 48",
        "x": -4010.407,
        "y": 259.654,
        "z": -2308.363
    },
    {
        "color": 4294967295,
        "name": "Generic Point 49",
        "x": -4023.817,
        "y": 260.826,
        "z": -2283.421
    },
    {
        "color": 4294967295,
        "name": "Generic Point 5",
        "x": -1881.312,
        "y": 208.078,
        "z": -4218.741
    },
    {
        "color": 4294967295,
        "name": "Generic Point 50",
        "x": -4040.5,
        "y": 260.747,
        "z": -2267.073
    },
    {
        "color": 4294967295,
        "name": "Generic Point 51",
        "x": -4021.302,
        "y": 260.546,
        "z": -2283.134
    },
    {
        "color": 4294967295,
        "name": "Generic Point 52",
        "x": -3983.535,
        "y": 261.092,
        "z": -2290.705
    },
    {
        "color": 4294967295,
        "name": "Generic Point 53",
        "x": -3884.251,
        "y": 227.884,
        "z": -2126.991
    },
    {
        "color": 4294967295,
        "name": "Generic Point 54",
        "x": -3790.149,
        "y": 266.872,
        "z": -2317.317
    },
    {
        "color": 4294967295,
        "name": "Generic Point 55",
        "x": -2511.508,
        "y": 301.802,
        "z": -4549.753
    },
    {
        "color": 4294967295,
        "name": "Generic Point 56",
        "x": -3509.687,
        "y": 207.095,
        "z": -2416.924
    },
    {
        "color": 4294967295,
        "name": "Generic Point 57",
        "x": -3541.872,
        "y": 213.56,
        "z": -2084.799
    },
    {
        "color": 4294967295,
        "name": "Generic Point 58",
        "x": -3593.386,
        "y": 226.603,
        "z": -2020.849
    },
    {
        "color": 4294967295,
        "name": "Generic Point 59",
        "x": -3603.289,
        "y": 206.511,
        "z": -1638.558
    },
    {
        "color": 4294967295,
        "name": "Generic Point 6",
        "x": -2291.904,
        "y": 205.765,
        "z": -4189.196
    },
    {
        "color": 4294967295,
        "name": "Generic Point 60",
        "x": -3761.205,
        "y": 206.203,
        "z": -1336.525
    },
    {
        "color": 4294967295,
        "name": "Generic Point 61",
        "x": -3752.417,
        "y": 206.098,
        "z": -1010.16
    },
    {
        "color": 4294967295,
        "name": "Generic Point 62",
        "x": -3695.961,
        "y": 207.022,
        "z": -965.971
    },
    {
        "color": 4294967295,
        "name": "Generic Point 63",
        "x": -4031.041,
        "y": 214.913,
        "z": -869.648
    },
    {
        "color": 4294967295,
        "name": "Generic Point 64",
        "x": -4009.576,
        "y": 202.401,
        "z": -850.925
    },
    {
        "color": 4294967295,
        "name": "Generic Point 65",
        "x": -4004.783,
        "y": 199.701,
        "z": -815.132
    },
    {
        "color": 4294967295,
        "name": "Generic Point 66",
        "x": -2460.254,
        "y": 299.42,
        "z": -4491.664
    },
    {
        "color": 4294967295,
        "name": "Generic Point 67",
        "x": -3994.1,
        "y": 222.836,
        "z": -679.557
    },
    {
        "color": 4294967295,
        "name": "Generic Point 68",
        "x": -3851.788,
        "y": 231.814,
        "z": -606.797
    },
    {
        "color": 4294967295,
        "name": "Generic Point 69",
        "x": -3555.974,
        "y": 212.915,
        "z": -723.07
    },
    {
        "color": 4294967295,
        "name": "Generic Point 7",
        "x": -2493.635,
        "y": 238.982,
        "z": -4217.161
    },
    {
        "color": 4294967295,
        "name": "Generic Point 70",
        "x": -2400.238,
        "y": 261.445,
        "z": -4420.067
    },
    {
        "color": 4294967295,
        "name": "Generic Point 71",
        "x": -2416.28,
        "y": 304.525,
        "z": -4402.461
    },
    {
        "color": 4294967295,
        "name": "Generic Point 8",
        "x": -2599.762,
        "y": 229.085,
        "z": -4209.181
    },
    {
        "color": 4294967295,
        "name": "Generic Point 9",
        "x": -2790.382,
        "y": 217.087,
        "z": -4296.36
    }
]