[
    {
        "color": 4294967295,
        "name": "Generic Point 0",
        "x": 2614.809326171875,
        "y": 476.543212890625,
        "z": 4041.6826171875
    },
    {
        "color": 4294967295,
        "name": "Generic Point 1",
        "x": 2451.722900390625,
        "y": 396.5324401855469,
        "z": 3471.772216796875
    },
    {
        "color": 4294967295,
        "name": "Generic Point 10",
        "x": 2966.232177734375,
        "y": 340.3470458984375,
        "z": 3654.31396484375
    },
    {
        "color": 4294967295,
        "name": "Generic Point 11",
        "x": 2532.17333984375,
        "y": 474.4573974609375,
        "z": 3883.63134765625
    },
    {
        "color": 4294967295,
        "name": "Generic Point 12",
        "x": 3101.369384765625,
        "y": 311.696044921875,
        "z": 3704.6083984375
    },
    {
        "color": 4294967295,
        "name": "Generic Point 13",
        "x": 2734.788330078125,
        "y": 391.7232971191406,
        "z": 3788.8955078125
    },
    {
        "color": 4294967295,
        "name": "Generic Point 14",
        "x": 3195.398193359375,
        "y": 457.705810546875,
        "z": 3464.046630859375
    },
    {
        "color": 4294967295,
        "name": "Generic Point 15",
        "x": 3075.431640625,
        "y": 385.8728942871094,
        "z": 3085.702880859375
    },
    {
        "color": 4294967295,
        "name": "Generic Point 16",
        "x": 3022.4208984375,
        "y": 429.3066101074219,
        "z": 2940.47705078125
    },
    {
        "color": 4294967295,
        "name": "Generic Point 17",
        "x": 3099.747314453125,
        "y": 422.5079650878906,
        "z": 2974.36376953125
    },
    {
        "color": 4294967295,
        "name": "Generic Point 18",
        "x": 2975.08056640625,
        "y": 441.0214538574219,
        "z": 2986.38232421875
    },
    {
        "color": 4294967295,
        "name": "Generic Point 19",
        "x": 2880.38916015625,
        "y": 429.8182067871094,
        "z": 2981.2470703125
    },
    {
        "color": 4294967295,
        "name": "Generic Point 2",
        "x": 2790.18603515625,
        "y": 443.6075744628906,
        "z": 3330.48876953125
    },
    {
        "color": 4294967295,
        "name": "Generic Point 20",
        "x": 2703.146728515625,
        "y": 434.52972412109375,
        "z": 3035.161376953125
    },
    {
        "color": 4294967295,
        "name": "Generic Point 21",
        "x": 2772.246337890625,
        "y": 413.806884765625,
        "z": 3098.05322265625
    },
    {
        "color": 4294967295,
        "name": "Generic Point 22",
        "x": 2386.23486328125,
        "y": 491.6717834472656,
        "z": 3952.2412109375
    },
    {
        "color": 4294967295,
        "name": "Generic Point 23",
        "x": 3899.4140625,
        "y": 507.9425964355469,
        "z": 3633.623046875
    },
    {
        "color": 4294967295,
        "name": "Generic Point 24",
        "x": 3960.451904296875,
        "y": 554.826171875,
        "z": 3732.1640625
    },
    {
        "color": 4294967295,
        "name": "Generic Point 25",
        "x": 3973.649658203125,
        "y": 506.27667236328125,
        "z": 3562.896240234375
    },
    {
        "color": 4294967295,
        "name": "Generic Point 26",
        "x": 2595.654296875,
        "y": 476.0464172363281,
        "z": 3734.824462890625
    },
    {
        "color": 4294967295,
        "name": "Generic Point 27",
        "x": 2566.82177734375,
        "y": 462.50213623046875,
        "z": 3615.96630859375
    },
    {
        "color": 4294967295,
        "name": "Generic Point 28",
        "x": 3735.227294921875,
        "y": 495.70831298828125,
        "z": 3545.065673828125
    },
    {
        "color": 4294967295,
        "name": "Generic Point 29",
        "x": 3599.56640625,
        "y": 537.5236206054688,
        "z": 3441.749755859375
    },
    {
        "color": 4294967295,
        "name": "Generic Point 3",
        "x": 2838.004150390625,
        "y": 403.8663024902344,
        "z": 3346.81201171875
    },
    {
        "color": 4294967295,
        "name": "Generic Point 30",
        "x": 3868.164306640625,
        "y": 498.8970031738281,
        "z": 3516.581787109375
    },
    {
        "color": 4294967295,
        "name": "Generic Point 31",
        "x": 4097.99462890625,
        "y": 571.8499145507812,
        "z": 3275.4423828125
    },
    {
        "color": 4294967295,
        "name": "Generic Point 32",
        "x": 3368.416015625,
        "y": 492.9331359863281,
        "z": 3387.217041015625
    },
    {
        "color": 4294967295,
        "name": "Generic Point 33",
        "x": 2477.156982421875,
        "y": 353.67633056640625,
        "z": 3687.059814453125
    },
    {
        "color": 4294967295,
        "name": "Generic Point 34",
        "x": 3297.685791015625,
        "y": 454.4158630371094,
        "z": 3529.878662109375
    },
    {
        "color": 4294967295,
        "name": "Generic Point 35",
        "x": 3452.4697265625,
        "y": 494.7120056152344,
        "z": 3269.709716796875
    },
    {
        "color": 4294967295,
        "name": "Generic Point 36",
        "x": 3374.898681640625,
        "y": 452.390869140625,
        "z": 3210.571044921875
    },
    {
        "color": 4294967295,
        "name": "Generic Point 37",
        "x": 3508.844482421875,
        "y": 452.9851379394531,
        "z": 2927.542724609375
    },
    {
        "color": 4294967295,
        "name": "Generic Point 38",
        "x": 3501.374755859375,
        "y": 442.2017517089844,
        "z": 2929.71484375
    },
    {
        "color": 4294967295,
        "name": "Generic Point 39",
        "x": 3348.3525390625,
        "y": 367.17041015625,
        "z": 3021.88916015625
    },
    {
        "color": 4294967295,
        "name": "Generic Point 4",
        "x": 2946.3740234375,
        "y": 374.72222900390625,
        "z": 3338.77587890625
    },
    {
        "color": 4294967295,
        "name": "Generic Point 40",
        "x": 3340.226318359375,
        "y": 441.3995361328125,
        "z": 2895.731689453125
    },
    {
        "color": 4294967295,
        "name": "Generic Point 41",
        "x": 3257.603515625,
        "y": 414.2978210449219,
        "z": 3091.25244140625
    },
    {
        "color": 4294967295,
        "name": "Generic Point 42",
        "x": 3613.692626953125,
        "y": 419.7372741699219,
        "z": 2728.64599609375
    },
    {
        "color": 4294967295,
        "name": "Generic Point 43",
        "x": 3627.548828125,
        "y": 443.9573669433594,
        "z": 2814.568603515625
    },
    {
        "color": 4294967295,
        "name": "Generic Point 44",
        "x": 2405.877685546875,
        "y": 411.8310852050781,
        "z": 3707.759521484375
    },
    {
        "color": 4294967295,
        "name": "Generic Point 45",
        "x": 3773.700927734375,
        "y": 441.4442443847656,
        "z": 2759.593994140625
    },
    {
        "color": 4294967295,
        "name": "Generic Point 46",
        "x": 3657.907470703125,
        "y": 497.0211181640625,
        "z": 3158.758544921875
    },
    {
        "color": 4294967295,
        "name": "Generic Point 47",
        "x": 3636.437744140625,
        "y": 484.2735595703125,
        "z": 2986.794677734375
    },
    {
        "color": 4294967295,
        "name": "Generic Point 48",
        "x": 3816.65869140625,
        "y": 476.75897216796875,
        "z": 3002.956787109375
    },
    {
        "color": 4294967295,
        "name": "Generic Point 49",
        "x": 3665.878173828125,
        "y": 410.3264465332031,
        "z": 3093.980712890625
    },
    {
        "color": 4294967295,
        "name": "Generic Point 5",
        "x": 2836.76416015625,
        "y": 389.3497619628906,
        "z": 3609.0224609375
    },
    {
        "color": 4294967295,
        "name": "Generic Point 50",
        "x": 3735.01318359375,
        "y": 462.9165954589844,
        "z": 3228.53076171875
    },
    {
        "color": 4294967295,
        "name": "Generic Point 51",
        "x": 3874.37841796875,
        "y": 465.7438659667969,
        "z": 3114.93115234375
    },
    {
        "color": 4294967295,
        "name": "Generic Point 52",
        "x": 2978.492431640625,
        "y": 464.2503967285156,
        "z": 3303.138671875
    },
    {
        "color": 4294967295,
        "name": "Generic Point 53",
        "x": 2402.64697265625,
        "y": 283.9562683105469,
        "z": 3467.13232421875
    },
    {
        "color": 4294967295,
        "name": "Generic Point 54",
        "x": 2627.288330078125,
        "y": 500.30810546875,
        "z": 3654.7001953125
    },
    {
        "color": 4294967295,
        "name": "Generic Point 55",
        "x": 2565.561279296875,
        "y": 321.7952575683594,
        "z": 3584.691162109375
    },
    {
        "color": 4294967295,
        "name": "Generic Point 56",
        "x": 2846.09423828125,
        "y": 445.0940246582031,
        "z": 3196.19189453125
    },
    {
        "color": 4294967295,
        "name": "Generic Point 6",
        "x": 2817.769287109375,
        "y": 305.1559143066406,
        "z": 3598.826171875
    },
    {
        "color": 4294967295,
        "name": "Generic Point 7",
        "x": 3021.970947265625,
        "y": 441.5533447265625,
        "z": 3595.364501953125
    },
    {
        "color": 4294967295,
        "name": "Generic Point 8",
        "x": 2922.5126953125,
        "y": 430.42755126953125,
        "z": 3676.848388671875
    },
    {
        "color": 4294967295,
        "name": "Generic Point 9",
        "x": 2810.18017578125,
        "y": 348.82635498046875,
        "z": 3732.9638671875
    }
]