[
    {
        "color": 4294967295,
        "name": "Generic Point 0",
        "x": -749.479,
        "y": 186.598,
        "z": -227.022
    },
    {
        "color": 4294967295,
        "name": "Generic Point 1",
        "x": -218.205,
        "y": 220.872,
        "z": 187.674
    },
    {
        "color": 4294967295,
        "name": "Generic Point 10",
        "x": 1341.758,
        "y": 222.767,
        "z": 811.689
    },
    {
        "color": 4294967295,
        "name": "Generic Point 100",
        "x": 710.177,
        "y": 244.722,
        "z": 565.866
    },
    {
        "color": 4294967295,
        "name": "Generic Point 101",
        "x": 770.79,
        "y": 218.001,
        "z": 582.709
    },
    {
        "color": 4294967295,
        "name": "Generic Point 102",
        "x": 741.16,
        "y": 215.768,
        "z": 599.053
    },
    {
        "color": 4294967295,
        "name": "Generic Point 103",
        "x": 673.655,
        "y": 247.681,
        "z": 596.502
    },
    {
        "color": 4294967295,
        "name": "Generic Point 104",
        "x": 652.798,
        "y": 260.736,
        "z": 613.513
    },
    {
        "color": 4294967295,
        "name": "Generic Point 105",
        "x": 685.72,
        "y": 271.269,
        "z": 648.552
    },
    {
        "color": 4294967295,
        "name": "Generic Point 106",
        "x": 624.084,
        "y": 234.752,
        "z": 705.537
    },
    {
        "color": 4294967295,
        "name": "Generic Point 107",
        "x": 549.727,
        "y": 197.118,
        "z": 649.891
    },
    {
        "color": 4294967295,
        "name": "Generic Point 108",
        "x": 610.41,
        "y": 230.937,
        "z": 726.338
    },
    {
        "color": 4294967295,
        "name": "Generic Point 109",
        "x": 587.007,
        "y": 222.953,
        "z": 755.127
    },
    {
        "color": 4294967295,
        "name": "Generic Point 11",
        "x": 1348.896,
        "y": 224.696,
        "z": 792.203
    },
    {
        "color": 4294967295,
        "name": "Generic Point 12",
        "x": -192.748,
        "y": 222.762,
        "z": 203.942
    },
    {
        "color": 4294967295,
        "name": "Generic Point 13",
        "x": 1318.347,
        "y": 235.041,
        "z": 678.394
    },
    {
        "color": 4294967295,
        "name": "Generic Point 14",
        "x": -152.915,
        "y": 230.313,
        "z": 212.733
    },
    {
        "color": 4294967295,
        "name": "Generic Point 15",
        "x": -111.027,
        "y": 235.541,
        "z": 201.306
    },
    {
        "color": 4294967295,
        "name": "Generic Point 16",
        "x": -109.907,
        "y": 233.49,
        "z": 221.603
    },
    {
        "color": 4294967295,
        "name": "Generic Point 17",
        "x": -123.617,
        "y": 231.633,
        "z": 261.644
    },
    {
        "color": 4294967295,
        "name": "Generic Point 18",
        "x": -249.525,
        "y": 227.15,
        "z": 314.424
    },
    {
        "color": 4294967295,
        "name": "Generic Point 19",
        "x": -266.516,
        "y": 229.851,
        "z": 313.243
    },
    {
        "color": 4294967295,
        "name": "Generic Point 2",
        "x": 573.213,
        "y": 195.948,
        "z": 788.461
    },
    {
        "color": 4294967295,
        "name": "Generic Point 20",
        "x": -483.923,
        "y": 220.812,
        "z": 354.076
    },
    {
        "color": 4294967295,
        "name": "Generic Point 21",
        "x": -474.216,
        "y": 217.472,
        "z": 387.383
    },
    {
        "color": 4294967295,
        "name": "Generic Point 22",
        "x": -774.692,
        "y": 187.219,
        "z": -221.457
    },
    {
        "color": 4294967295,
        "name": "Generic Point 23",
        "x": -494.8,
        "y": 220.505,
        "z": 376.12
    },
    {
        "color": 4294967295,
        "name": "Generic Point 24",
        "x": -481.349,
        "y": 216.063,
        "z": 451.136
    },
    {
        "color": 4294967295,
        "name": "Generic Point 25",
        "x": -502.623,
        "y": 220.999,
        "z": 486.056
    },
    {
        "color": 4294967295,
        "name": "Generic Point 26",
        "x": -506.122,
        "y": 219.695,
        "z": 508.813
    },
    {
        "color": 4294967295,
        "name": "Generic Point 27",
        "x": -465.901,
        "y": 222.78,
        "z": 531.877
    },
    {
        "color": 4294967295,
        "name": "Generic Point 28",
        "x": -478.301,
        "y": 226.259,
        "z": 519.198
    },
    {
        "color": 4294967295,
        "name": "Generic Point 29",
        "x": -520.743,
        "y": 218.525,
        "z": 547.367
    },
    {
        "color": 4294967295,
        "name": "Generic Point 3",
        "x": 600.844,
        "y": 191.516,
        "z": 812.716
    },
    {
        "color": 4294967295,
        "name": "Generic Point 30",
        "x": -528.361,
        "y": 218.591,
        "z": 571.215
    },
    {
        "color": 4294967295,
        "name": "Generic Point 31",
        "x": -541.653,
        "y": 219.275,
        "z": 534.116
    },
    {
        "color": 4294967295,
        "name": "Generic Point 32",
        "x": -568.852,
        "y": 219.883,
        "z": 555.82
    },
    {
        "color": 4294967295,
        "name": "Generic Point 33",
        "x": -765.381,
        "y": 183.721,
        "z": -197.878
    },
    {
        "color": 4294967295,
        "name": "Generic Point 34",
        "x": -589.391,
        "y": 226.049,
        "z": 523.543
    },
    {
        "color": 4294967295,
        "name": "Generic Point 35",
        "x": -572.233,
        "y": 228.546,
        "z": 510.553
    },
    {
        "color": 4294967295,
        "name": "Generic Point 36",
        "x": -573.358,
        "y": 227.861,
        "z": 496.863
    },
    {
        "color": 4294967295,
        "name": "Generic Point 37",
        "x": -507.353,
        "y": 252.552,
        "z": 481.969
    },
    {
        "color": 4294967295,
        "name": "Generic Point 38",
        "x": -502.221,
        "y": 245.035,
        "z": 432.13
    },
    {
        "color": 4294967295,
        "name": "Generic Point 39",
        "x": -309.155,
        "y": 265.923,
        "z": 338.609
    },
    {
        "color": 4294967295,
        "name": "Generic Point 4",
        "x": 592.197,
        "y": 243.726,
        "z": 767.036
    },
    {
        "color": 4294967295,
        "name": "Generic Point 40",
        "x": -290.766,
        "y": 260.95,
        "z": 345.187
    },
    {
        "color": 4294967295,
        "name": "Generic Point 41",
        "x": -237.228,
        "y": 237.997,
        "z": 354.591
    },
    {
        "color": 4294967295,
        "name": "Generic Point 42",
        "x": -261.573,
        "y": 245.852,
        "z": 378.431
    },
    {
        "color": 4294967295,
        "name": "Generic Point 43",
        "x": -226.82,
        "y": 243.781,
        "z": 426.387
    },
    {
        "color": 4294967295,
        "name": "Generic Point 44",
        "x": -67.631,
        "y": 170.781,
        "z": 59.253
    },
    {
        "color": 4294967295,
        "name": "Generic Point 45",
        "x": -200.406,
        "y": 240.417,
        "z": 354.317
    },
    {
        "color": 4294967295,
        "name": "Generic Point 46",
        "x": -104.88,
        "y": 245.045,
        "z": 348.533
    },
    {
        "color": 4294967295,
        "name": "Generic Point 47",
        "x": -112.671,
        "y": 248.54,
        "z": 405.808
    },
    {
        "color": 4294967295,
        "name": "Generic Point 48",
        "x": -99.882,
        "y": 248.007,
        "z": 422.772
    },
    {
        "color": 4294967295,
        "name": "Generic Point 49",
        "x": -122.835,
        "y": 253.371,
        "z": 469.333
    },
    {
        "color": 4294967295,
        "name": "Generic Point 5",
        "x": 633.595,
        "y": 247.544,
        "z": 752.268
    },
    {
        "color": 4294967295,
        "name": "Generic Point 50",
        "x": -160.926,
        "y": 196.304,
        "z": 450.414
    },
    {
        "color": 4294967295,
        "name": "Generic Point 51",
        "x": -171.54,
        "y": 187.372,
        "z": 442.922
    },
    {
        "color": 4294967295,
        "name": "Generic Point 52",
        "x": -190.291,
        "y": 177.328,
        "z": 447.253
    },
    {
        "color": 4294967295,
        "name": "Generic Point 53",
        "x": -178.65,
        "y": 180.331,
        "z": 485.828
    },
    {
        "color": 4294967295,
        "name": "Generic Point 54",
        "x": -197.126,
        "y": 179.275,
        "z": 511.875
    },
    {
        "color": 4294967295,
        "name": "Generic Point 55",
        "x": -104.623,
        "y": 171.256,
        "z": 104.777
    },
    {
        "color": 4294967295,
        "name": "Generic Point 56",
        "x": -142.58,
        "y": 182.393,
        "z": 501.681
    },
    {
        "color": 4294967295,
        "name": "Generic Point 57",
        "x": -120.34,
        "y": 184.87,
        "z": 479.131
    },
    {
        "color": 4294967295,
        "name": "Generic Point 58",
        "x": 293.006,
        "y": 152.614,
        "z": 877.907
    },
    {
        "color": 4294967295,
        "name": "Generic Point 59",
        "x": 313.372,
        "y": 154.424,
        "z": 849.976
    },
    {
        "color": 4294967295,
        "name": "Generic Point 6",
        "x": 643.195,
        "y": 249.911,
        "z": 785.638
    },
    {
        "color": 4294967295,
        "name": "Generic Point 60",
        "x": 374.214,
        "y": 147.899,
        "z": 860.663
    },
    {
        "color": 4294967295,
        "name": "Generic Point 61",
        "x": 387.932,
        "y": 146.588,
        "z": 864.159
    },
    {
        "color": 4294967295,
        "name": "Generic Point 62",
        "x": 390.817,
        "y": 146.82,
        "z": 904.76
    },
    {
        "color": 4294967295,
        "name": "Generic Point 63",
        "x": 391.105,
        "y": 168.483,
        "z": 919.664
    },
    {
        "color": 4294967295,
        "name": "Generic Point 64",
        "x": 378.797,
        "y": 178.343,
        "z": 964.444
    },
    {
        "color": 4294967295,
        "name": "Generic Point 65",
        "x": 452.894,
        "y": 140.504,
        "z": 1004.009
    },
    {
        "color": 4294967295,
        "name": "Generic Point 66",
        "x": -203.82,
        "y": 185.43,
        "z": 123.87
    },
    {
        "color": 4294967295,
        "name": "Generic Point 67",
        "x": 471.399,
        "y": 147.574,
        "z": 910.775
    },
    {
        "color": 4294967295,
        "name": "Generic Point 68",
        "x": 484.981,
        "y": 149.906,
        "z": 913.468
    },
    {
        "color": 4294967295,
        "name": "Generic Point 69",
        "x": 485.089,
        "y": 170.528,
        "z": 863.209
    },
    {
        "color": 4294967295,
        "name": "Generic Point 7",
        "x": 1276.198,
        "y": 183.266,
        "z": 848.976
    },
    {
        "color": 4294967295,
        "name": "Generic Point 70",
        "x": 511.757,
        "y": 159.306,
        "z": 892.23
    },
    {
        "color": 4294967295,
        "name": "Generic Point 71",
        "x": 509.99,
        "y": 205.162,
        "z": 813.835
    },
    {
        "color": 4294967295,
        "name": "Generic Point 72",
        "x": 467.109,
        "y": 192.005,
        "z": 774.319
    },
    {
        "color": 4294967295,
        "name": "Generic Point 73",
        "x": 501.967,
        "y": 192.3,
        "z": 781.576
    },
    {
        "color": 4294967295,
        "name": "Generic Point 74",
        "x": 504.038,
        "y": 191.616,
        "z": 753.221
    },
    {
        "color": 4294967295,
        "name": "Generic Point 75",
        "x": 480.649,
        "y": 190.299,
        "z": 726.746
    },
    {
        "color": 4294967295,
        "name": "Generic Point 76",
        "x": 512.964,
        "y": 193.193,
        "z": 684.984
    },
    {
        "color": 4294967295,
        "name": "Generic Point 77",
        "x": -242.194,
        "y": 196.286,
        "z": 112.149
    },
    {
        "color": 4294967295,
        "name": "Generic Point 78",
        "x": 503.102,
        "y": 212.454,
        "z": 631.811
    },
    {
        "color": 4294967295,
        "name": "Generic Point 79",
        "x": 524.766,
        "y": 200.781,
        "z": 587.776
    },
    {
        "color": 4294967295,
        "name": "Generic Point 8",
        "x": 1289.915,
        "y": 182.922,
        "z": 855.772
    },
    {
        "color": 4294967295,
        "name": "Generic Point 80",
        "x": 542.783,
        "y": 193.626,
        "z": 549.713
    },
    {
        "color": 4294967295,
        "name": "Generic Point 81",
        "x": 521.427,
        "y": 186.408,
        "z": 494.533
    },
    {
        "color": 4294967295,
        "name": "Generic Point 82",
        "x": 503.823,
        "y": 184.992,
        "z": 466.295
    },
    {
        "color": 4294967295,
        "name": "Generic Point 83",
        "x": 555.839,
        "y": 199.829,
        "z": 485.272
    },
    {
        "color": 4294967295,
        "name": "Generic Point 84",
        "x": 655.999,
        "y": 199.349,
        "z": 320.876
    },
    {
        "color": 4294967295,
        "name": "Generic Point 85",
        "x": 816.274,
        "y": 250.673,
        "z": 164.39
    },
    {
        "color": 4294967295,
        "name": "Generic Point 86",
        "x": 875.242,
        "y": 220.197,
        "z": 130.984
    },
    {
        "color": 4294967295,
        "name": "Generic Point 87",
        "x": 888.281,
        "y": 224.645,
        "z": 103.028
    },
    {
        "color": 4294967295,
        "name": "Generic Point 88",
        "x": -274.72,
        "y": 204.703,
        "z": 107.638
    },
    {
        "color": 4294967295,
        "name": "Generic Point 89",
        "x": 903.556,
        "y": 235.265,
        "z": 122.613
    },
    {
        "color": 4294967295,
        "name": "Generic Point 9",
        "x": 1368.866,
        "y": 217.52,
        "z": 826.623
    },
    {
        "color": 4294967295,
        "name": "Generic Point 90",
        "x": 898.33,
        "y": 248.231,
        "z": 136.534
    },
    {
        "color": 4294967295,
        "name": "Generic Point 91",
        "x": 900.989,
        "y": 219.655,
        "z": 155.819
    },
    {
        "color": 4294967295,
        "name": "Generic Point 92",
        "x": 890.71,
        "y": 215.834,
        "z": 182.072
    },
    {
        "color": 4294967295,
        "name": "Generic Point 93",
        "x": 858.514,
        "y": 237.818,
        "z": 187.847
    },
    {
        "color": 4294967295,
        "name": "Generic Point 94",
        "x": 575.306,
        "y": 235.698,
        "z": 522.782
    },
    {
        "color": 4294967295,
        "name": "Generic Point 95",
        "x": 624.926,
        "y": 261.713,
        "z": 548.298
    },
    {
        "color": 4294967295,
        "name": "Generic Point 96",
        "x": 642.918,
        "y": 262.976,
        "z": 555.186
    },
    {
        "color": 4294967295,
        "name": "Generic Point 97",
        "x": 613.514,
        "y": 257.573,
        "z": 558.63
    },
    {
        "color": 4294967295,
        "name": "Generic Point 98",
        "x": 684.756,
        "y": 245.512,
        "z": 539.339
    },
    {
        "color": 4294967295,
        "name": "Generic Point 99",
        "x": -264.575,
        "y": 220.406,
        "z": 172.467
    }
]