[
    {
        "color": 4294967295,
        "name": "Generic Point 0",
        "x": -247.2567138671875,
        "y": 166.4473876953125,
        "z": 6058.63623046875
    },
    {
        "color": 4294967295,
        "name": "Generic Point 1",
        "x": 633.6456909179688,
        "y": 181.16632080078125,
        "z": 6816.85546875
    },
    {
        "color": 4294967295,
        "name": "Generic Point 10",
        "x": 851.6873168945312,
        "y": 223.12908935546875,
        "z": 5733.8515625
    },
    {
        "color": 4294967295,
        "name": "Generic Point 11",
        "x": 319.2978515625,
        "y": 206.6171112060547,
        "z": 6177.09619140625
    },
    {
        "color": 4294967295,
        "name": "Generic Point 12",
        "x": 76.31222534179688,
        "y": 230.28382873535156,
        "z": 6094.13232421875
    },
    {
        "color": 4294967295,
        "name": "Generic Point 13",
        "x": 605.1654052734375,
        "y": 320.15478515625,
        "z": 6439.3505859375
    },
    {
        "color": 4294967295,
        "name": "Generic Point 14",
        "x": 479.49786376953125,
        "y": 234.59902954101562,
        "z": 6631.5927734375
    },
    {
        "color": 4294967295,
        "name": "Generic Point 15",
        "x": 660.713623046875,
        "y": 194.45193481445312,
        "z": 6584.2470703125
    },
    {
        "color": 4294967295,
        "name": "Generic Point 16",
        "x": 242.34042358398438,
        "y": 272.0867614746094,
        "z": 6774.9697265625
    },
    {
        "color": 4294967295,
        "name": "Generic Point 17",
        "x": 388.07489013671875,
        "y": 350.3543701171875,
        "z": 6871.46240234375
    },
    {
        "color": 4294967295,
        "name": "Generic Point 18",
        "x": 474.8961181640625,
        "y": 341.9223937988281,
        "z": 6846.8955078125
    },
    {
        "color": 4294967295,
        "name": "Generic Point 2",
        "x": 54.38515090942383,
        "y": 221.1931915283203,
        "z": 6303.21142578125
    },
    {
        "color": 4294967295,
        "name": "Generic Point 3",
        "x": 400.681640625,
        "y": 232.01243591308594,
        "z": 6375.1123046875
    },
    {
        "color": 4294967295,
        "name": "Generic Point 4",
        "x": 460.291015625,
        "y": 226.4115447998047,
        "z": 6410.81591796875
    },
    {
        "color": 4294967295,
        "name": "Generic Point 5",
        "x": 451.97540283203125,
        "y": 234.77255249023438,
        "z": 6516.380859375
    },
    {
        "color": 4294967295,
        "name": "Generic Point 6",
        "x": 332.6211242675781,
        "y": 135.19139099121094,
        "z": 6265.12841796875
    },
    {
        "color": 4294967295,
        "name": "Generic Point 7",
        "x": 553.6685791015625,
        "y": 123.30551147460938,
        "z": 6273.6640625
    },
    {
        "color": 4294967295,
        "name": "Generic Point 8",
        "x": 886.4474487304688,
        "y": 101.21824645996094,
        "z": 6513.87841796875
    },
    {
        "color": 4294967295,
        "name": "Generic Point 9",
        "x": 894.0707397460938,
        "y": 100.29510498046875,
        "z": 6478.5595703125
    }
]