[
    {
        "color": 4294967295,
        "name": "Generic Point 0",
        "x": 2812.98,
        "y": 313.04,
        "z": -1584.82
    },
    {
        "color": 4294967295,
        "name": "Generic Point 1",
        "x": 1862.3,
        "y": 205.01,
        "z": -1349.28
    },
    {
        "color": 4294967295,
        "name": "Generic Point 10",
        "x": 1932.76,
        "y": 238.67,
        "z": -949.64
    },
    {
        "color": 4294967295,
        "name": "Generic Point 11",
        "x": 2958.25,
        "y": 228.96,
        "z": -1804.28
    },
    {
        "color": 4294967295,
        "name": "Generic Point 12",
        "x": 1931.57,
        "y": 263.7,
        "z": -840.2
    },
    {
        "color": 4294967295,
        "name": "Generic Point 13",
        "x": 1849.97,
        "y": 276.35,
        "z": -695.66
    },
    {
        "color": 4294967295,
        "name": "Generic Point 14",
        "x": 1987.34,
        "y": 256.15,
        "z": -547.08
    },
    {
        "color": 4294967295,
        "name": "Generic Point 15",
        "x": 2091.5,
        "y": 253.18,
        "z": -460.44
    },
    {
        "color": 4294967295,
        "name": "Generic Point 16",
        "x": 2196.58,
        "y": 255.79,
        "z": -417.98
    },
    {
        "color": 4294967295,
        "name": "Generic Point 17",
        "x": 2267.21,
        "y": 241.81,
        "z": -491.19
    },
    {
        "color": 4294967295,
        "name": "Generic Point 18",
        "x": 2342.13,
        "y": 287.44,
        "z": -421.2
    },
    {
        "color": 4294967295,
        "name": "Generic Point 19",
        "x": 2390.43,
        "y": 288.25,
        "z": -328.28
    },
    {
        "color": 4294967295,
        "name": "Generic Point 2",
        "x": 1730.61,
        "y": 284.38,
        "z": -1373.8
    },
    {
        "color": 4294967295,
        "name": "Generic Point 20",
        "x": 2431.4,
        "y": 298.13,
        "z": -202.54
    },
    {
        "color": 4294967295,
        "name": "Generic Point 21",
        "x": 2528.78,
        "y": 317.73,
        "z": -356.39
    },
    {
        "color": 4294967295,
        "name": "Generic Point 22",
        "x": 2502.48,
        "y": 309.06,
        "z": -1632.73
    },
    {
        "color": 4294967295,
        "name": "Generic Point 23",
        "x": 2630.98,
        "y": 261.25,
        "z": -385.18
    },
    {
        "color": 4294967295,
        "name": "Generic Point 24",
        "x": 2690.59,
        "y": 252.99,
        "z": -372.31
    },
    {
        "color": 4294967295,
        "name": "Generic Point 25",
        "x": 2640.67,
        "y": 250.87,
        "z": -493.66
    },
    {
        "color": 4294967295,
        "name": "Generic Point 26",
        "x": 2552.77,
        "y": 219.38,
        "z": -433.13
    },
    {
        "color": 4294967295,
        "name": "Generic Point 27",
        "x": 2482.69,
        "y": 230.42,
        "z": -427.47
    },
    {
        "color": 4294967295,
        "name": "Generic Point 28",
        "x": 2642.42,
        "y": 294.94,
        "z": -189.22
    },
    {
        "color": 4294967295,
        "name": "Generic Point 29",
        "x": 2824.36,
        "y": 253.85,
        "z": -24.58
    },
    {
        "color": 4294967295,
        "name": "Generic Point 3",
        "x": 1629.37,
        "y": 262.48,
        "z": -1421.16
    },
    {
        "color": 4294967295,
        "name": "Generic Point 30",
        "x": 2744.1,
        "y": 220.0,
        "z": 170.36
    },
    {
        "color": 4294967295,
        "name": "Generic Point 31",
        "x": 2865.05,
        "y": 223.94,
        "z": 88.18
    },
    {
        "color": 4294967295,
        "name": "Generic Point 32",
        "x": 2686.1,
        "y": 236.79,
        "z": 182.05
    },
    {
        "color": 4294967295,
        "name": "Generic Point 33",
        "x": 2330.46,
        "y": 313.87,
        "z": -1760.9
    },
    {
        "color": 4294967295,
        "name": "Generic Point 34",
        "x": 2930.27,
        "y": 218.97,
        "z": -35.48
    },
    {
        "color": 4294967295,
        "name": "Generic Point 35",
        "x": 2592.67,
        "y": 253.27,
        "z": 339.18
    },
    {
        "color": 4294967295,
        "name": "Generic Point 36",
        "x": 2700.66,
        "y": 215.3,
        "z": 232.3
    },
    {
        "color": 4294967295,
        "name": "Generic Point 37",
        "x": 2559.34,
        "y": 188.24,
        "z": 389.7
    },
    {
        "color": 4294967295,
        "name": "Generic Point 38",
        "x": 2479.86,
        "y": 227.27,
        "z": 272.4
    },
    {
        "color": 4294967295,
        "name": "Generic Point 39",
        "x": 2652.28,
        "y": 329.02,
        "z": 132.43
    },
    {
        "color": 4294967295,
        "name": "Generic Point 4",
        "x": 1527.38,
        "y": 257.54,
        "z": -1385.91
    },
    {
        "color": 4294967295,
        "name": "Generic Point 40",
        "x": 2882.73,
        "y": 246.92,
        "z": 300.93
    },
    {
        "color": 4294967295,
        "name": "Generic Point 41",
        "x": 2314.28,
        "y": 275.56,
        "z": -58.95
    },
    {
        "color": 4294967295,
        "name": "Generic Point 42",
        "x": 2182.94,
        "y": 273.21,
        "z": 22.86
    },
    {
        "color": 4294967295,
        "name": "Generic Point 43",
        "x": 1777.0,
        "y": 238.42,
        "z": -403.56
    },
    {
        "color": 4294967295,
        "name": "Generic Point 44",
        "x": 2239.11,
        "y": 274.46,
        "z": -1560.74
    },
    {
        "color": 4294967295,
        "name": "Generic Point 45",
        "x": 1627.93,
        "y": 266.98,
        "z": -439.6
    },
    {
        "color": 4294967295,
        "name": "Generic Point 46",
        "x": 1681.33,
        "y": 204.67,
        "z": -280.78
    },
    {
        "color": 4294967295,
        "name": "Generic Point 47",
        "x": 2086.82,
        "y": 205.2,
        "z": -746.33
    },
    {
        "color": 4294967295,
        "name": "Generic Point 48",
        "x": 2593.18,
        "y": 227.32,
        "z": -726.93
    },
    {
        "color": 4294967295,
        "name": "Generic Point 49",
        "x": 2653.18,
        "y": 286.09,
        "z": -678.93
    },
    {
        "color": 4294967295,
        "name": "Generic Point 5",
        "x": 1561.7,
        "y": 303.61,
        "z": -1176.01
    },
    {
        "color": 4294967295,
        "name": "Generic Point 50",
        "x": 2901.59,
        "y": 231.86,
        "z": -1105.12
    },
    {
        "color": 4294967295,
        "name": "Generic Point 51",
        "x": 2769.95,
        "y": 276.88,
        "z": -1195.13
    },
    {
        "color": 4294967295,
        "name": "Generic Point 52",
        "x": 2311.61,
        "y": 253.64,
        "z": -1261.9
    },
    {
        "color": 4294967295,
        "name": "Generic Point 53",
        "x": 2073.1,
        "y": 208.79,
        "z": -1265.48
    },
    {
        "color": 4294967295,
        "name": "Generic Point 54",
        "x": 2071.62,
        "y": 208.54,
        "z": -1264.16
    },
    {
        "color": 4294967295,
        "name": "Generic Point 55",
        "x": 2010.82,
        "y": 211.05,
        "z": -1401.22
    },
    {
        "color": 4294967295,
        "name": "Generic Point 56",
        "x": 1473.2,
        "y": 263.75,
        "z": -1597.34
    },
    {
        "color": 4294967295,
        "name": "Generic Point 57",
        "x": 1373.63,
        "y": 253.96,
        "z": -1570.84
    },
    {
        "color": 4294967295,
        "name": "Generic Point 58",
        "x": 1332.67,
        "y": 280.28,
        "z": -1691.93
    },
    {
        "color": 4294967295,
        "name": "Generic Point 59",
        "x": 1214.37,
        "y": 264.73,
        "z": -1454.18
    },
    {
        "color": 4294967295,
        "name": "Generic Point 6",
        "x": 1681.41,
        "y": 285.18,
        "z": -1122.31
    },
    {
        "color": 4294967295,
        "name": "Generic Point 60",
        "x": 1489.08,
        "y": 209.9,
        "z": -1922.01
    },
    {
        "color": 4294967295,
        "name": "Generic Point 61",
        "x": 1637.44,
        "y": 205.68,
        "z": -2667.48
    },
    {
        "color": 4294967295,
        "name": "Generic Point 62",
        "x": 2622.96,
        "y": 206.97,
        "z": -2392.52
    },
    {
        "color": 4294967295,
        "name": "Generic Point 63",
        "x": 1977.93,
        "y": 199.21,
        "z": -1266.3
    },
    {
        "color": 4294967295,
        "name": "Generic Point 64",
        "x": 1887.48,
        "y": 223.02,
        "z": -1257.9
    },
    {
        "color": 4294967295,
        "name": "Generic Point 65",
        "x": 1826.33,
        "y": 215.43,
        "z": -1225.5
    },
    {
        "color": 4294967295,
        "name": "Generic Point 7",
        "x": 1738.39,
        "y": 262.88,
        "z": -1112.02
    },
    {
        "color": 4294967295,
        "name": "Generic Point 8",
        "x": 1767.98,
        "y": 276.58,
        "z": -1029.32
    },
    {
        "color": 4294967295,
        "name": "Generic Point 9",
        "x": 1928.16,
        "y": 224.51,
        "z": -1105.95
    }
]