[
    {
        "color": 4294967295,
        "name": "Generic Point 0",
        "x": -2723.2314453125,
        "y": 296.84906005859,
        "z": 10628.2421875
    },
    {
        "color": 4294967295,
        "name": "Generic Point 1",
        "x": -2382.5087890625,
        "y": 200.93992614746,
        "z": 9902.9453125
    },
    {
        "color": 4294967295,
        "name": "Generic Point 10",
        "x": -3093.9853515625,
        "y": 291.86560058594,
        "z": 10108.545898438
    },
    {
        "color": 4294967295,
        "name": "Generic Point 11",
        "x": -2794.5891113281,
        "y": 228.42880249023,
        "z": 9824.2998046875
    },
    {
        "color": 4294967295,
        "name": "Generic Point 12",
        "x": -2765.57568359375,
        "y": 282.811279296875,
        "z": 10434.6533203125
    },
    {
        "color": 4294967295,
        "name": "Generic Point 2",
        "x": -2204.751953125,
        "y": 206.30139160156,
        "z": 9551.7265625
    },
    {
        "color": 4294967295,
        "name": "Generic Point 3",
        "x": -2252.8044433594,
        "y": 201.49267578125,
        "z": 9520.7119140625
    },
    {
        "color": 4294967295,
        "name": "Generic Point 4",
        "x": -2304.9780273438,
        "y": 210.91003417969,
        "z": 9604.265625
    },
    {
        "color": 4294967295,
        "name": "Generic Point 5",
        "x": -2401.4477539062,
        "y": 210.1404876709,
        "z": 9630.185546875
    },
    {
        "color": 4294967295,
        "name": "Generic Point 6",
        "x": -2213.8452148438,
        "y": 167.70626831055,
        "z": 9338.6884765625
    },
    {
        "color": 4294967295,
        "name": "Generic Point 7",
        "x": -2738.9045410156,
        "y": 211.77801513672,
        "z": 9632.3740234375
    },
    {
        "color": 4294967295,
        "name": "Generic Point 8",
        "x": -2696.8154296875,
        "y": 247.52629089355,
        "z": 9626.0771484375
    },
    {
        "color": 4294967295,
        "name": "Generic Point 9",
        "x": -3066.1008300781,
        "y": 298.78405761719,
        "z": 10164.739257812
    }
]