[
    {
        "color": 4294967295,
        "name": "Generic Point 0",
        "x": -2007.003173828125,
        "y": 311.3382568359375,
        "z": 4157.94140625
    },
    {
        "color": 4294967295,
        "name": "Generic Point 1",
        "x": -1495.96044921875,
        "y": 171.80081176757812,
        "z": 4408.58056640625
    },
    {
        "color": 4294967295,
        "name": "Generic Point 10",
        "x": -1829.7696533203125,
        "y": 172.04002380371094,
        "z": 4826.5673828125
    },
    {
        "color": 4294967295,
        "name": "Generic Point 100",
        "x": -2645.541748046875,
        "y": 90.85945129394531,
        "z": 4523.71484375
    },
    {
        "color": 4294967295,
        "name": "Generic Point 101",
        "x": -1811.835693359375,
        "y": 282.52557373046875,
        "z": 3978.680419921875
    },
    {
        "color": 4294967295,
        "name": "Generic Point 102",
        "x": -3015.189697265625,
        "y": 75.00628662109375,
        "z": 4660.83935546875
    },
    {
        "color": 4294967295,
        "name": "Generic Point 103",
        "x": -2954.13427734375,
        "y": 36.63058853149414,
        "z": 4559.6552734375
    },
    {
        "color": 4294967295,
        "name": "Generic Point 104",
        "x": -3308.02099609375,
        "y": 216.7886505126953,
        "z": 4556.37744140625
    },
    {
        "color": 4294967295,
        "name": "Generic Point 105",
        "x": -3335.726806640625,
        "y": 230.87867736816406,
        "z": 4594.50927734375
    },
    {
        "color": 4294967295,
        "name": "Generic Point 106",
        "x": -3283.615966796875,
        "y": 273.3302001953125,
        "z": 4592.15234375
    },
    {
        "color": 4294967295,
        "name": "Generic Point 107",
        "x": -2810.84033203125,
        "y": 164.29373168945312,
        "z": 4420.7841796875
    },
    {
        "color": 4294967295,
        "name": "Generic Point 108",
        "x": -2360.57421875,
        "y": 291.4259033203125,
        "z": 4223.80517578125
    },
    {
        "color": 4294967295,
        "name": "Generic Point 109",
        "x": -2821.677001953125,
        "y": 80.94058990478516,
        "z": 4479.34814453125
    },
    {
        "color": 4294967295,
        "name": "Generic Point 11",
        "x": -1775.120849609375,
        "y": 169.4834442138672,
        "z": 4839.30419921875
    },
    {
        "color": 4294967295,
        "name": "Generic Point 110",
        "x": -2848.202392578125,
        "y": 26.43753433227539,
        "z": 4499.02734375
    },
    {
        "color": 4294967295,
        "name": "Generic Point 111",
        "x": -3109.502685546875,
        "y": 125.17401885986328,
        "z": 4337.31298828125
    },
    {
        "color": 4294967295,
        "name": "Generic Point 112",
        "x": -2499.74560546875,
        "y": 256.9925842285156,
        "z": 4238.34130859375
    },
    {
        "color": 4294967295,
        "name": "Generic Point 113",
        "x": -3148.896484375,
        "y": 336.45111083984375,
        "z": 4820.49755859375
    },
    {
        "color": 4294967295,
        "name": "Generic Point 114",
        "x": -3419.12158203125,
        "y": 170.31053161621094,
        "z": 4616.90576171875
    },
    {
        "color": 4294967295,
        "name": "Generic Point 115",
        "x": -3107.6884765625,
        "y": 323.7856140136719,
        "z": 4799.390625
    },
    {
        "color": 4294967295,
        "name": "Generic Point 116",
        "x": -3012.99658203125,
        "y": 323.7835388183594,
        "z": 4863.62841796875
    },
    {
        "color": 4294967295,
        "name": "Generic Point 117",
        "x": -2908.003173828125,
        "y": 264.4180603027344,
        "z": 4924.8564453125
    },
    {
        "color": 4294967295,
        "name": "Generic Point 118",
        "x": -2902.693115234375,
        "y": 268.44757080078125,
        "z": 4871.79833984375
    },
    {
        "color": 4294967295,
        "name": "Generic Point 119",
        "x": -2991.44482421875,
        "y": 320.6866760253906,
        "z": 4607.71826171875
    },
    {
        "color": 4294967295,
        "name": "Generic Point 12",
        "x": -1744.34130859375,
        "y": 132.396240234375,
        "z": 4929.71142578125
    },
    {
        "color": 4294967295,
        "name": "Generic Point 120",
        "x": -2550.34326171875,
        "y": 255.0061492919922,
        "z": 4189.8984375
    },
    {
        "color": 4294967295,
        "name": "Generic Point 121",
        "x": -3111.691650390625,
        "y": 263.0542297363281,
        "z": 4889.0380859375
    },
    {
        "color": 4294967295,
        "name": "Generic Point 122",
        "x": -3114.49462890625,
        "y": 261.8162841796875,
        "z": 4884.06591796875
    },
    {
        "color": 4294967295,
        "name": "Generic Point 123",
        "x": -2608.6611328125,
        "y": 240.82928466796875,
        "z": 4346.46337890625
    },
    {
        "color": 4294967295,
        "name": "Generic Point 124",
        "x": -2668.0517578125,
        "y": 208.7733612060547,
        "z": 4317.38818359375
    },
    {
        "color": 4294967295,
        "name": "Generic Point 125",
        "x": -2767.261474609375,
        "y": 344.70269775390625,
        "z": 4179.8115234375
    },
    {
        "color": 4294967295,
        "name": "Generic Point 126",
        "x": -2829.472412109375,
        "y": 310.0135803222656,
        "z": 4160.048828125
    },
    {
        "color": 4294967295,
        "name": "Generic Point 127",
        "x": -2664.813232421875,
        "y": 278.4998474121094,
        "z": 4013.968017578125
    },
    {
        "color": 4294967295,
        "name": "Generic Point 128",
        "x": -2351.572021484375,
        "y": 74.0331039428711,
        "z": 4238.92626953125
    },
    {
        "color": 4294967295,
        "name": "Generic Point 129",
        "x": -2361.5107421875,
        "y": 48.57309341430664,
        "z": 4228.45556640625
    },
    {
        "color": 4294967295,
        "name": "Generic Point 13",
        "x": -1590.232666015625,
        "y": 127.82345581054688,
        "z": 4868.51318359375
    },
    {
        "color": 4294967295,
        "name": "Generic Point 130",
        "x": -2492.83056640625,
        "y": 75.55513000488281,
        "z": 4382.6708984375
    },
    {
        "color": 4294967295,
        "name": "Generic Point 131",
        "x": -2293.523193359375,
        "y": 60.030513763427734,
        "z": 4468.658203125
    },
    {
        "color": 4294967295,
        "name": "Generic Point 132",
        "x": -2257.431396484375,
        "y": 64.14820861816406,
        "z": 4493.40087890625
    },
    {
        "color": 4294967295,
        "name": "Generic Point 133",
        "x": -2239.89990234375,
        "y": 60.65773010253906,
        "z": 4544.4453125
    },
    {
        "color": 4294967295,
        "name": "Generic Point 134",
        "x": -2318.635498046875,
        "y": 48.37691879272461,
        "z": 4271.5224609375
    },
    {
        "color": 4294967295,
        "name": "Generic Point 135",
        "x": -2316.85107421875,
        "y": 74.21952819824219,
        "z": 4278.13525390625
    },
    {
        "color": 4294967295,
        "name": "Generic Point 136",
        "x": -2410.1845703125,
        "y": 52.988136291503906,
        "z": 4412.46728515625
    },
    {
        "color": 4294967295,
        "name": "Generic Point 137",
        "x": -2275.1201171875,
        "y": 278.71771240234375,
        "z": 4414.24658203125
    },
    {
        "color": 4294967295,
        "name": "Generic Point 138",
        "x": -2251.872314453125,
        "y": 226.9410858154297,
        "z": 4492.2421875
    },
    {
        "color": 4294967295,
        "name": "Generic Point 139",
        "x": -2242.81298828125,
        "y": 229.87535095214844,
        "z": 4573.01025390625
    },
    {
        "color": 4294967295,
        "name": "Generic Point 14",
        "x": -1594.64013671875,
        "y": 128.93606567382812,
        "z": 4861.869140625
    },
    {
        "color": 4294967295,
        "name": "Generic Point 140",
        "x": -2173.865234375,
        "y": 214.6518096923828,
        "z": 4559.37353515625
    },
    {
        "color": 4294967295,
        "name": "Generic Point 141",
        "x": -2194.70263671875,
        "y": 207.74713134765625,
        "z": 4667.46142578125
    },
    {
        "color": 4294967295,
        "name": "Generic Point 142",
        "x": -2236.301513671875,
        "y": 163.42503356933594,
        "z": 4702.09033203125
    },
    {
        "color": 4294967295,
        "name": "Generic Point 143",
        "x": -2304.49951171875,
        "y": 60.15154266357422,
        "z": 4465.71142578125
    },
    {
        "color": 4294967295,
        "name": "Generic Point 144",
        "x": -1890.9832763671875,
        "y": 286.3534240722656,
        "z": 4477.4326171875
    },
    {
        "color": 4294967295,
        "name": "Generic Point 145",
        "x": -1981.0960693359375,
        "y": 194.7881622314453,
        "z": 4411.85546875
    },
    {
        "color": 4294967295,
        "name": "Generic Point 146",
        "x": -2053.017578125,
        "y": 258.346435546875,
        "z": 4333.26025390625
    },
    {
        "color": 4294967295,
        "name": "Generic Point 147",
        "x": -1773.2208251953125,
        "y": 421.2358703613281,
        "z": 4282.2919921875
    },
    {
        "color": 4294967295,
        "name": "Generic Point 148",
        "x": -1846.4395751953125,
        "y": 381.6051940917969,
        "z": 4183.34716796875
    },
    {
        "color": 4294967295,
        "name": "Generic Point 149",
        "x": -1638.8472900390625,
        "y": 239.8043670654297,
        "z": 4371.53271484375
    },
    {
        "color": 4294967295,
        "name": "Generic Point 15",
        "x": -1584.8017578125,
        "y": 96.82217407226562,
        "z": 4940.8017578125
    },
    {
        "color": 4294967295,
        "name": "Generic Point 150",
        "x": -1972.2642822265625,
        "y": 283.3241882324219,
        "z": 3996.114990234375
    },
    {
        "color": 4294967295,
        "name": "Generic Point 151",
        "x": -1698.2379150390625,
        "y": 225.34034729003906,
        "z": 4545.201171875
    },
    {
        "color": 4294967295,
        "name": "Generic Point 152",
        "x": -1830.3055419921875,
        "y": 222.60513305664062,
        "z": 4704.76171875
    },
    {
        "color": 4294967295,
        "name": "Generic Point 153",
        "x": -1950.3250732421875,
        "y": 203.4220428466797,
        "z": 4670.37158203125
    },
    {
        "color": 4294967295,
        "name": "Generic Point 154",
        "x": -2481.85009765625,
        "y": 256.4398498535156,
        "z": 4345.375
    },
    {
        "color": 4294967295,
        "name": "Generic Point 155",
        "x": -1595.4061279296875,
        "y": 277.41357421875,
        "z": 4039.880126953125
    },
    {
        "color": 4294967295,
        "name": "Generic Point 156",
        "x": -1498.199951171875,
        "y": 210.02833557128906,
        "z": 4247.04931640625
    },
    {
        "color": 4294967295,
        "name": "Generic Point 157",
        "x": -1341.219482421875,
        "y": 149.9383544921875,
        "z": 4356.55517578125
    },
    {
        "color": 4294967295,
        "name": "Generic Point 158",
        "x": -1548.835205078125,
        "y": 81.14776611328125,
        "z": 4740.9462890625
    },
    {
        "color": 4294967295,
        "name": "Generic Point 159",
        "x": -1627.970703125,
        "y": 152.4867706298828,
        "z": 4780.2900390625
    },
    {
        "color": 4294967295,
        "name": "Generic Point 16",
        "x": -1986.3267822265625,
        "y": 179.97555541992188,
        "z": 4778.77734375
    },
    {
        "color": 4294967295,
        "name": "Generic Point 160",
        "x": -1539.3414306640625,
        "y": 65.7840576171875,
        "z": 4393.513671875
    },
    {
        "color": 4294967295,
        "name": "Generic Point 161",
        "x": -1454.1341552734375,
        "y": 41.769535064697266,
        "z": 4411.3388671875
    },
    {
        "color": 4294967295,
        "name": "Generic Point 17",
        "x": -2280.080078125,
        "y": 120.50389099121094,
        "z": 4913.69970703125
    },
    {
        "color": 4294967295,
        "name": "Generic Point 18",
        "x": -2371.3486328125,
        "y": 108.18323516845703,
        "z": 4826.94140625
    },
    {
        "color": 4294967295,
        "name": "Generic Point 19",
        "x": -2297.16259765625,
        "y": 120.34847259521484,
        "z": 4820.10693359375
    },
    {
        "color": 4294967295,
        "name": "Generic Point 2",
        "x": -2121.255859375,
        "y": 139.78567504882812,
        "z": 4974.90966796875
    },
    {
        "color": 4294967295,
        "name": "Generic Point 20",
        "x": -2168.871826171875,
        "y": 285.4013977050781,
        "z": 4140.4560546875
    },
    {
        "color": 4294967295,
        "name": "Generic Point 21",
        "x": -2403.236572265625,
        "y": 146.10594177246094,
        "z": 5217.814453125
    },
    {
        "color": 4294967295,
        "name": "Generic Point 22",
        "x": -2306.615234375,
        "y": 162.44873046875,
        "z": 5232.19970703125
    },
    {
        "color": 4294967295,
        "name": "Generic Point 23",
        "x": -2304.087158203125,
        "y": 119.84741973876953,
        "z": 5059.01953125
    },
    {
        "color": 4294967295,
        "name": "Generic Point 24",
        "x": -2346.181396484375,
        "y": 95.85462188720703,
        "z": 5079.2744140625
    },
    {
        "color": 4294967295,
        "name": "Generic Point 25",
        "x": -2314.9501953125,
        "y": 74.82440185546875,
        "z": 5147.97509765625
    },
    {
        "color": 4294967295,
        "name": "Generic Point 26",
        "x": -2119.020751953125,
        "y": 240.6839599609375,
        "z": 4232.16162109375
    },
    {
        "color": 4294967295,
        "name": "Generic Point 27",
        "x": -2279.312744140625,
        "y": 74.83346557617188,
        "z": 5151.126953125
    },
    {
        "color": 4294967295,
        "name": "Generic Point 28",
        "x": -2285.835205078125,
        "y": 122.10467529296875,
        "z": 5284.4365234375
    },
    {
        "color": 4294967295,
        "name": "Generic Point 29",
        "x": -2232.294677734375,
        "y": -1.800255298614502,
        "z": 5245.68505859375
    },
    {
        "color": 4294967295,
        "name": "Generic Point 3",
        "x": -1907.2374267578125,
        "y": 148.28451538085938,
        "z": 5287.72705078125
    },
    {
        "color": 4294967295,
        "name": "Generic Point 30",
        "x": -2140.359130859375,
        "y": -14.236702919006348,
        "z": 5353.744140625
    },
    {
        "color": 4294967295,
        "name": "Generic Point 31",
        "x": -2164.452880859375,
        "y": 32.3297004699707,
        "z": 5397.26904296875
    },
    {
        "color": 4294967295,
        "name": "Generic Point 32",
        "x": -2089.482177734375,
        "y": -35.989742279052734,
        "z": 5438.42333984375
    },
    {
        "color": 4294967295,
        "name": "Generic Point 33",
        "x": -2071.87939453125,
        "y": 190.422607421875,
        "z": 4342.61572265625
    },
    {
        "color": 4294967295,
        "name": "Generic Point 34",
        "x": -2628.275390625,
        "y": 167.68162536621094,
        "z": 5345.60546875
    },
    {
        "color": 4294967295,
        "name": "Generic Point 35",
        "x": -2686.787353515625,
        "y": -87.13541412353516,
        "z": 5343.10791015625
    },
    {
        "color": 4294967295,
        "name": "Generic Point 36",
        "x": -2731.565673828125,
        "y": -29.87952423095703,
        "z": 5302.44873046875
    },
    {
        "color": 4294967295,
        "name": "Generic Point 37",
        "x": -2629.69580078125,
        "y": 8.2565336227417,
        "z": 5315.88720703125
    },
    {
        "color": 4294967295,
        "name": "Generic Point 38",
        "x": -2559.243408203125,
        "y": 35.63255310058594,
        "z": 5390.935546875
    },
    {
        "color": 4294967295,
        "name": "Generic Point 39",
        "x": -2734.442626953125,
        "y": -14.751176834106445,
        "z": 5387.12841796875
    },
    {
        "color": 4294967295,
        "name": "Generic Point 4",
        "x": -1905.557861328125,
        "y": 125.3192138671875,
        "z": 5322.65966796875
    },
    {
        "color": 4294967295,
        "name": "Generic Point 40",
        "x": -2771.8603515625,
        "y": 2.710073709487915,
        "z": 5352.20068359375
    },
    {
        "color": 4294967295,
        "name": "Generic Point 41",
        "x": -2381.143798828125,
        "y": 36.47969436645508,
        "z": 5305.59619140625
    },
    {
        "color": 4294967295,
        "name": "Generic Point 42",
        "x": -2625.777099609375,
        "y": -10.243880271911621,
        "z": 5877.92578125
    },
    {
        "color": 4294967295,
        "name": "Generic Point 43",
        "x": -2642.7861328125,
        "y": -11.181570053100586,
        "z": 5712.07763671875
    },
    {
        "color": 4294967295,
        "name": "Generic Point 44",
        "x": -2473.01416015625,
        "y": -13.53064250946045,
        "z": 5514.4580078125
    },
    {
        "color": 4294967295,
        "name": "Generic Point 45",
        "x": -2552.126953125,
        "y": -17.700443267822266,
        "z": 5466.4521484375
    },
    {
        "color": 4294967295,
        "name": "Generic Point 46",
        "x": -2907.249755859375,
        "y": 206.12899780273438,
        "z": 5718.61083984375
    },
    {
        "color": 4294967295,
        "name": "Generic Point 47",
        "x": -2707.162841796875,
        "y": 192.0692596435547,
        "z": 5539.52587890625
    },
    {
        "color": 4294967295,
        "name": "Generic Point 48",
        "x": -2573.271240234375,
        "y": 203.99908447265625,
        "z": 5717.89697265625
    },
    {
        "color": 4294967295,
        "name": "Generic Point 49",
        "x": -2516.241943359375,
        "y": 192.97091674804688,
        "z": 5860.34326171875
    },
    {
        "color": 4294967295,
        "name": "Generic Point 5",
        "x": -2059.630859375,
        "y": 278.8351745605469,
        "z": 4235.298828125
    },
    {
        "color": 4294967295,
        "name": "Generic Point 50",
        "x": -2489.695068359375,
        "y": 195.86981201171875,
        "z": 6045.0625
    },
    {
        "color": 4294967295,
        "name": "Generic Point 51",
        "x": -2508.20458984375,
        "y": 200.5277099609375,
        "z": 6077.98046875
    },
    {
        "color": 4294967295,
        "name": "Generic Point 52",
        "x": -2341.359130859375,
        "y": 220.30596923828125,
        "z": 3990.845947265625
    },
    {
        "color": 4294967295,
        "name": "Generic Point 53",
        "x": -2157.688720703125,
        "y": 173.9786376953125,
        "z": 5765.19921875
    },
    {
        "color": 4294967295,
        "name": "Generic Point 54",
        "x": -2842.942626953125,
        "y": 78.15567779541016,
        "z": 5813.9287109375
    },
    {
        "color": 4294967295,
        "name": "Generic Point 55",
        "x": -2396.945068359375,
        "y": 216.4005584716797,
        "z": 4035.336181640625
    },
    {
        "color": 4294967295,
        "name": "Generic Point 56",
        "x": -2775.833984375,
        "y": 70.21761322021484,
        "z": 5847.0439453125
    },
    {
        "color": 4294967295,
        "name": "Generic Point 57",
        "x": -2816.35595703125,
        "y": 180.29119873046875,
        "z": 5946.23095703125
    },
    {
        "color": 4294967295,
        "name": "Generic Point 58",
        "x": -2709.695556640625,
        "y": 156.3032989501953,
        "z": 5944.33056640625
    },
    {
        "color": 4294967295,
        "name": "Generic Point 59",
        "x": -2655.196044921875,
        "y": 216.42770385742188,
        "z": 5932.3984375
    },
    {
        "color": 4294967295,
        "name": "Generic Point 6",
        "x": -1869.36376953125,
        "y": 133.90321350097656,
        "z": 5126.80908203125
    },
    {
        "color": 4294967295,
        "name": "Generic Point 60",
        "x": -2379.6376953125,
        "y": 220.73114013671875,
        "z": 4082.423828125
    },
    {
        "color": 4294967295,
        "name": "Generic Point 61",
        "x": -2638.29052734375,
        "y": 147.1192626953125,
        "z": 4941.568359375
    },
    {
        "color": 4294967295,
        "name": "Generic Point 62",
        "x": -2919.254638671875,
        "y": 213.13009643554688,
        "z": 5049.27294921875
    },
    {
        "color": 4294967295,
        "name": "Generic Point 63",
        "x": -2953.46533203125,
        "y": 225.98838806152344,
        "z": 5117.96728515625
    },
    {
        "color": 4294967295,
        "name": "Generic Point 64",
        "x": -2961.783203125,
        "y": 147.84695434570312,
        "z": 5409.29052734375
    },
    {
        "color": 4294967295,
        "name": "Generic Point 65",
        "x": -2992.43115234375,
        "y": 195.65199279785156,
        "z": 5501.3271484375
    },
    {
        "color": 4294967295,
        "name": "Generic Point 66",
        "x": -2239.29345703125,
        "y": -11.848207473754883,
        "z": 5568.89990234375
    },
    {
        "color": 4294967295,
        "name": "Generic Point 67",
        "x": -2348.94189453125,
        "y": 385.92791748046875,
        "z": 3973.0322265625
    },
    {
        "color": 4294967295,
        "name": "Generic Point 68",
        "x": -2017.4461669921875,
        "y": 1.0309672355651855,
        "z": 5601.9697265625
    },
    {
        "color": 4294967295,
        "name": "Generic Point 69",
        "x": -2137.715576171875,
        "y": 11.903316497802734,
        "z": 5528.59912109375
    },
    {
        "color": 4294967295,
        "name": "Generic Point 7",
        "x": -1920.427978515625,
        "y": 138.73410034179688,
        "z": 4996.638671875
    },
    {
        "color": 4294967295,
        "name": "Generic Point 70",
        "x": -2174.126220703125,
        "y": 33.30112838745117,
        "z": 5542.208984375
    },
    {
        "color": 4294967295,
        "name": "Generic Point 71",
        "x": -2410.018798828125,
        "y": 191.50233459472656,
        "z": 5513.3095703125
    },
    {
        "color": 4294967295,
        "name": "Generic Point 72",
        "x": -2400.22314453125,
        "y": 192.4970703125,
        "z": 5553.720703125
    },
    {
        "color": 4294967295,
        "name": "Generic Point 73",
        "x": -2386.99560546875,
        "y": 387.710693359375,
        "z": 4098.236328125
    },
    {
        "color": 4294967295,
        "name": "Generic Point 74",
        "x": -2399.33203125,
        "y": 192.50254821777344,
        "z": 5598.29833984375
    },
    {
        "color": 4294967295,
        "name": "Generic Point 75",
        "x": -2341.797607421875,
        "y": 143.0834197998047,
        "z": 5539.6640625
    },
    {
        "color": 4294967295,
        "name": "Generic Point 76",
        "x": -2317.830810546875,
        "y": 472.15655517578125,
        "z": 5496.92626953125
    },
    {
        "color": 4294967295,
        "name": "Generic Point 77",
        "x": -2403.938232421875,
        "y": -62.31415557861328,
        "z": 5765.25732421875
    },
    {
        "color": 4294967295,
        "name": "Generic Point 78",
        "x": -2123.443603515625,
        "y": -63.82688522338867,
        "z": 5879.57861328125
    },
    {
        "color": 4294967295,
        "name": "Generic Point 79",
        "x": -2057.437255859375,
        "y": -32.06142044067383,
        "z": 5782.7236328125
    },
    {
        "color": 4294967295,
        "name": "Generic Point 8",
        "x": -1845.5703125,
        "y": 136.36349487304688,
        "z": 4906.22265625
    },
    {
        "color": 4294967295,
        "name": "Generic Point 80",
        "x": -2150.02294921875,
        "y": -57.0533447265625,
        "z": 5758.5810546875
    },
    {
        "color": 4294967295,
        "name": "Generic Point 81",
        "x": -2173.855712890625,
        "y": 40.02695083618164,
        "z": 5868.68115234375
    },
    {
        "color": 4294967295,
        "name": "Generic Point 82",
        "x": -2207.935546875,
        "y": 331.884521484375,
        "z": 4244.71875
    },
    {
        "color": 4294967295,
        "name": "Generic Point 83",
        "x": -2052.956787109375,
        "y": 145.4528350830078,
        "z": 5957.76416015625
    },
    {
        "color": 4294967295,
        "name": "Generic Point 84",
        "x": -1965.3790283203125,
        "y": 152.3372802734375,
        "z": 5831.0654296875
    },
    {
        "color": 4294967295,
        "name": "Generic Point 85",
        "x": -2091.427734375,
        "y": 203.1597137451172,
        "z": 5896.30517578125
    },
    {
        "color": 4294967295,
        "name": "Generic Point 86",
        "x": -1857.6346435546875,
        "y": 157.37371826171875,
        "z": 5485.85693359375
    },
    {
        "color": 4294967295,
        "name": "Generic Point 87",
        "x": -1935.8543701171875,
        "y": 153.73178100585938,
        "z": 5469.33935546875
    },
    {
        "color": 4294967295,
        "name": "Generic Point 88",
        "x": -2354.18212890625,
        "y": 328.756591796875,
        "z": 4183.73681640625
    },
    {
        "color": 4294967295,
        "name": "Generic Point 89",
        "x": -2635.98388671875,
        "y": 147.42909240722656,
        "z": 4935.0947265625
    },
    {
        "color": 4294967295,
        "name": "Generic Point 9",
        "x": -1886.0909423828125,
        "y": 103.92547607421875,
        "z": 4889.01220703125
    },
    {
        "color": 4294967295,
        "name": "Generic Point 90",
        "x": -2490.50390625,
        "y": 133.35264587402344,
        "z": 4974.20654296875
    },
    {
        "color": 4294967295,
        "name": "Generic Point 91",
        "x": -2512.1162109375,
        "y": 128.54959106445312,
        "z": 4885.90625
    },
    {
        "color": 4294967295,
        "name": "Generic Point 92",
        "x": -2434.140380859375,
        "y": 117.00885009765625,
        "z": 4702.59619140625
    },
    {
        "color": 4294967295,
        "name": "Generic Point 93",
        "x": -2499.9423828125,
        "y": 192.27053833007812,
        "z": 4613.58203125
    },
    {
        "color": 4294967295,
        "name": "Generic Point 94",
        "x": -2936.533935546875,
        "y": 266.8392639160156,
        "z": 4991.67822265625
    },
    {
        "color": 4294967295,
        "name": "Generic Point 95",
        "x": -2745.85400390625,
        "y": 192.12432861328125,
        "z": 4565.48583984375
    },
    {
        "color": 4294967295,
        "name": "Generic Point 96",
        "x": -2878.47412109375,
        "y": 255.0435791015625,
        "z": 4577.25537109375
    },
    {
        "color": 4294967295,
        "name": "Generic Point 97",
        "x": -2859.169189453125,
        "y": 295.39129638671875,
        "z": 4703.1591796875
    },
    {
        "color": 4294967295,
        "name": "Generic Point 98",
        "x": -2495.06787109375,
        "y": 192.60263061523438,
        "z": 4520.0478515625
    },
    {
        "color": 4294967295,
        "name": "Generic Point 99",
        "x": -2661.185546875,
        "y": 99.1246566772461,
        "z": 4586.58740234375
    }
]