[
    {
        "color": 4294967295,
        "name": "Generic Point 0",
        "x": -2604.377,
        "y": 207.455,
        "z": 5926.824
    },
    {
        "color": 4294967295,
        "name": "Generic Point 1",
        "x": -2653.735,
        "y": 102.189,
        "z": 4598.069
    },
    {
        "color": 4294967295,
        "name": "Generic Point 10",
        "x": -2014.157,
        "y": 138.33,
        "z": 5158.008
    },
    {
        "color": 4294967295,
        "name": "Generic Point 11",
        "x": -2770.014,
        "y": 207.399,
        "z": 5707.584
    },
    {
        "color": 4294967295,
        "name": "Generic Point 12",
        "x": -1986.213,
        "y": 137.3,
        "z": 5137.945
    },
    {
        "color": 4294967295,
        "name": "Generic Point 13",
        "x": -1771.632,
        "y": 125.043,
        "z": 5067.992
    },
    {
        "color": 4294967295,
        "name": "Generic Point 14",
        "x": -1760.625,
        "y": 126.237,
        "z": 5079.801
    },
    {
        "color": 4294967295,
        "name": "Generic Point 15",
        "x": -1732.067,
        "y": 117.522,
        "z": 5075.463
    },
    {
        "color": 4294967295,
        "name": "Generic Point 16",
        "x": -2097.402,
        "y": 157.965,
        "z": 4806.202
    },
    {
        "color": 4294967295,
        "name": "Generic Point 17",
        "x": -2118.99,
        "y": 156.998,
        "z": 4799.057
    },
    {
        "color": 4294967295,
        "name": "Generic Point 18",
        "x": -2103.373,
        "y": 159.98,
        "z": 4776.461
    },
    {
        "color": 4294967295,
        "name": "Generic Point 19",
        "x": -2032.125,
        "y": 281.697,
        "z": 4221.889
    },
    {
        "color": 4294967295,
        "name": "Generic Point 2",
        "x": -2649.943,
        "y": 101.8,
        "z": 4615.252
    },
    {
        "color": 4294967295,
        "name": "Generic Point 20",
        "x": -2059.602,
        "y": 288.69,
        "z": 4222.769
    },
    {
        "color": 4294967295,
        "name": "Generic Point 21",
        "x": -2070.071,
        "y": 295.742,
        "z": 4211.036
    },
    {
        "color": 4294967295,
        "name": "Generic Point 22",
        "x": -2780.595,
        "y": 203.275,
        "z": 5658.795
    },
    {
        "color": 4294967295,
        "name": "Generic Point 23",
        "x": -1980.107,
        "y": 305.364,
        "z": 4111.665
    },
    {
        "color": 4294967295,
        "name": "Generic Point 24",
        "x": -1872.323,
        "y": 290.172,
        "z": 3964.782
    },
    {
        "color": 4294967295,
        "name": "Generic Point 25",
        "x": -2449.285,
        "y": 342.506,
        "z": 3953.332
    },
    {
        "color": 4294967295,
        "name": "Generic Point 26",
        "x": -2465.304,
        "y": 347.692,
        "z": 3956.36
    },
    {
        "color": 4294967295,
        "name": "Generic Point 27",
        "x": -2452.121,
        "y": 343.687,
        "z": 3925.457
    },
    {
        "color": 4294967295,
        "name": "Generic Point 28",
        "x": -2546.164,
        "y": 263.146,
        "z": 4163.413
    },
    {
        "color": 4294967295,
        "name": "Generic Point 29",
        "x": -2490.649,
        "y": 260.856,
        "z": 4224.411
    },
    {
        "color": 4294967295,
        "name": "Generic Point 3",
        "x": -2635.389,
        "y": 102.723,
        "z": 4618.826
    },
    {
        "color": 4294967295,
        "name": "Generic Point 30",
        "x": -2448.585,
        "y": 260.247,
        "z": 4199.656
    },
    {
        "color": 4294967295,
        "name": "Generic Point 31",
        "x": -2451.646,
        "y": 262.818,
        "z": 4184.299
    },
    {
        "color": 4294967295,
        "name": "Generic Point 32",
        "x": -2921.812,
        "y": 272.097,
        "z": 4956.017
    },
    {
        "color": 4294967295,
        "name": "Generic Point 33",
        "x": -2885.372,
        "y": 267.152,
        "z": 4929.634
    },
    {
        "color": 4294967295,
        "name": "Generic Point 34",
        "x": -2883.061,
        "y": 270.216,
        "z": 4903.819
    },
    {
        "color": 4294967295,
        "name": "Generic Point 35",
        "x": -2842.84,
        "y": 270.845,
        "z": 4859.487
    },
    {
        "color": 4294967295,
        "name": "Generic Point 36",
        "x": -2841.585,
        "y": 28.151,
        "z": 4511.185
    },
    {
        "color": 4294967295,
        "name": "Generic Point 37",
        "x": -2829.365,
        "y": 25.997,
        "z": 4515.32
    },
    {
        "color": 4294967295,
        "name": "Generic Point 4",
        "x": -2483.835,
        "y": 117.937,
        "z": 4775.747
    },
    {
        "color": 4294967295,
        "name": "Generic Point 5",
        "x": -2492.587,
        "y": 126.049,
        "z": 4788.394
    },
    {
        "color": 4294967295,
        "name": "Generic Point 6",
        "x": -2477.844,
        "y": 117.538,
        "z": 4811.842
    },
    {
        "color": 4294967295,
        "name": "Generic Point 7",
        "x": -2500.852,
        "y": 117.236,
        "z": 4818.309
    },
    {
        "color": 4294967295,
        "name": "Generic Point 8",
        "x": -2530.772,
        "y": 138.853,
        "z": 4886.49
    },
    {
        "color": 4294967295,
        "name": "Generic Point 9",
        "x": -2013.223,
        "y": 138.195,
        "z": 5192.48
    }
]