[
    {
        "color": 4294967295,
        "name": "Generic Point 0",
        "x": 4198.858398,
        "y": 557.41925,
        "z": 3318.963867
    },
    {
        "color": 4294967295,
        "name": "Generic Point 1",
        "x": 3573.518066,
        "y": 466.434845,
        "z": 3288.755615
    },
    {
        "color": 4294967295,
        "name": "Generic Point 2",
        "x": 3356.614502,
        "y": 475.224182,
        "z": 3500.786865
    },
    {
        "color": 4294967295,
        "name": "Generic Point 3",
        "x": 3940.417236,
        "y": 517.836121,
        "z": 3311.949219
    },
    {
        "color": 4294967295,
        "name": "Generic Point 4",
        "x": 3952.322266,
        "y": 520.216614,
        "z": 3302.946777
    },
    {
        "color": 4294967295,
        "name": "Generic Point 5",
        "x": 3979.877441,
        "y": 525.908447,
        "z": 3301.808594
    },
    {
        "color": 4294967295,
        "name": "Generic Point 6",
        "x": 3976.118164,
        "y": 526.307983,
        "z": 3293.947021
    },
    {
        "color": 4294967295,
        "name": "Generic Point 7",
        "x": 3929.260742,
        "y": 520.634033,
        "z": 3283.923096
    },
    {
        "color": 4294967295,
        "name": "Generic Point 8",
        "x": 3946.946289,
        "y": 523.377136,
        "z": 3278.024414
    },
    {
        "color": 4294967295,
        "name": "Generic Point 9",
        "x": 3999.947754,
        "y": 585.596313,
        "z": 3279.776855
    }
]