[
    {
        "color": 4294967295,
        "name": "Generic Point 0",
        "x": -742.647705078125,
        "y": 130.75930786132812,
        "z": 3444.811279296875
    },
    {
        "color": 4294967295,
        "name": "Generic Point 1",
        "x": -151.37669372558594,
        "y": 238.40512084960938,
        "z": 3462.279296875
    },
    {
        "color": 4294967295,
        "name": "Generic Point 10",
        "x": -1104.0450439453125,
        "y": 204.26731872558594,
        "z": 2659.3369140625
    },
    {
        "color": 4294967295,
        "name": "Generic Point 100",
        "x": -791.237060546875,
        "y": 210.71177673339844,
        "z": 2241.65673828125
    },
    {
        "color": 4294967295,
        "name": "Generic Point 101",
        "x": -249.75404357910156,
        "y": 236.106201171875,
        "z": 3394.649169921875
    },
    {
        "color": 4294967295,
        "name": "Generic Point 102",
        "x": -255.85226440429688,
        "y": 250.51612854003906,
        "z": 3397.373046875
    },
    {
        "color": 4294967295,
        "name": "Generic Point 103",
        "x": -249.98483276367188,
        "y": 246.86251831054688,
        "z": 3354.97119140625
    },
    {
        "color": 4294967295,
        "name": "Generic Point 104",
        "x": -231.19358825683594,
        "y": 248.00064086914062,
        "z": 3343.91259765625
    },
    {
        "color": 4294967295,
        "name": "Generic Point 105",
        "x": -158.63491821289062,
        "y": 237.25732421875,
        "z": 3468.58935546875
    },
    {
        "color": 4294967295,
        "name": "Generic Point 106",
        "x": -152.45578002929688,
        "y": 238.32763671875,
        "z": 3462.04345703125
    },
    {
        "color": 4294967295,
        "name": "Generic Point 107",
        "x": -153.83377075195312,
        "y": 238.317626953125,
        "z": 3461.78955078125
    },
    {
        "color": 4294967295,
        "name": "Generic Point 108",
        "x": -174.237548828125,
        "y": 238.3395538330078,
        "z": 3495.639892578125
    },
    {
        "color": 4294967295,
        "name": "Generic Point 109",
        "x": -177.66177368164062,
        "y": 237.7886199951172,
        "z": 3517.2314453125
    },
    {
        "color": 4294967295,
        "name": "Generic Point 11",
        "x": -1156.186279296875,
        "y": 230.58847045898438,
        "z": 2718.383056640625
    },
    {
        "color": 4294967295,
        "name": "Generic Point 110",
        "x": -202.2301788330078,
        "y": 226.3127899169922,
        "z": 3536.95751953125
    },
    {
        "color": 4294967295,
        "name": "Generic Point 111",
        "x": -737.812744140625,
        "y": 142.77816772460938,
        "z": 3409.06689453125
    },
    {
        "color": 4294967295,
        "name": "Generic Point 112",
        "x": -790.4682006835938,
        "y": 210.77005004882812,
        "z": 2242.36474609375
    },
    {
        "color": 4294967295,
        "name": "Generic Point 113",
        "x": -217.69158935546875,
        "y": 228.01837158203125,
        "z": 3534.47314453125
    },
    {
        "color": 4294967295,
        "name": "Generic Point 114",
        "x": -184.15789794921875,
        "y": 239.10882568359375,
        "z": 3592.27685546875
    },
    {
        "color": 4294967295,
        "name": "Generic Point 115",
        "x": -183.35751342773438,
        "y": 239.41270446777344,
        "z": 3594.81591796875
    },
    {
        "color": 4294967295,
        "name": "Generic Point 116",
        "x": -226.46298217773438,
        "y": 260.9552001953125,
        "z": 3514.162353515625
    },
    {
        "color": 4294967295,
        "name": "Generic Point 117",
        "x": -201.6964111328125,
        "y": 228.13735961914062,
        "z": 3496.70703125
    },
    {
        "color": 4294967295,
        "name": "Generic Point 118",
        "x": -204.5760040283203,
        "y": 226.98330688476562,
        "z": 3518.429443359375
    },
    {
        "color": 4294967295,
        "name": "Generic Point 119",
        "x": -268.19769287109375,
        "y": 267.6322937011719,
        "z": 3483.7451171875
    },
    {
        "color": 4294967295,
        "name": "Generic Point 12",
        "x": -487.74786376953125,
        "y": 182.49574279785156,
        "z": 3323.125732421875
    },
    {
        "color": 4294967295,
        "name": "Generic Point 120",
        "x": -53.3825798034668,
        "y": 252.66818237304688,
        "z": 3438.1103515625
    },
    {
        "color": 4294967295,
        "name": "Generic Point 121",
        "x": -192.383544921875,
        "y": 228.1200714111328,
        "z": 3514.936279296875
    },
    {
        "color": 4294967295,
        "name": "Generic Point 122",
        "x": -1319.1739501953125,
        "y": 308.1062927246094,
        "z": 2139.4375
    },
    {
        "color": 4294967295,
        "name": "Generic Point 123",
        "x": -1292.767333984375,
        "y": 125.89311981201172,
        "z": 3425.48486328125
    },
    {
        "color": 4294967295,
        "name": "Generic Point 124",
        "x": -1322.103271484375,
        "y": 309.3644714355469,
        "z": 2139.64501953125
    },
    {
        "color": 4294967295,
        "name": "Generic Point 125",
        "x": -1328.9288330078125,
        "y": 309.6591796875,
        "z": 2122.26953125
    },
    {
        "color": 4294967295,
        "name": "Generic Point 126",
        "x": -1328.0367431640625,
        "y": 309.5507507324219,
        "z": 2121.365966796875
    },
    {
        "color": 4294967295,
        "name": "Generic Point 127",
        "x": -1372.357666015625,
        "y": 305.83721923828125,
        "z": 1970.3392333984375
    },
    {
        "color": 4294967295,
        "name": "Generic Point 128",
        "x": -1359.72265625,
        "y": 272.5047302246094,
        "z": 1948.7099609375
    },
    {
        "color": 4294967295,
        "name": "Generic Point 129",
        "x": -1307.9859619140625,
        "y": 237.76959228515625,
        "z": 1880.38671875
    },
    {
        "color": 4294967295,
        "name": "Generic Point 13",
        "x": -1153.964599609375,
        "y": 230.5992889404297,
        "z": 2725.68798828125
    },
    {
        "color": 4294967295,
        "name": "Generic Point 130",
        "x": -1301.156982421875,
        "y": 254.94520568847656,
        "z": 1866.107666015625
    },
    {
        "color": 4294967295,
        "name": "Generic Point 131",
        "x": -1387.5067138671875,
        "y": 265.6999206542969,
        "z": 3565.21435546875
    },
    {
        "color": 4294967295,
        "name": "Generic Point 132",
        "x": -1366.6568603515625,
        "y": 265.9434814453125,
        "z": 3570.701904296875
    },
    {
        "color": 4294967295,
        "name": "Generic Point 133",
        "x": -1369.3226318359375,
        "y": 265.50885009765625,
        "z": 3568.914794921875
    },
    {
        "color": 4294967295,
        "name": "Generic Point 134",
        "x": -1319.000732421875,
        "y": 172.96669006347656,
        "z": 3434.762451171875
    },
    {
        "color": 4294967295,
        "name": "Generic Point 135",
        "x": -1292.241455078125,
        "y": 210.857666015625,
        "z": 3519.553955078125
    },
    {
        "color": 4294967295,
        "name": "Generic Point 136",
        "x": -1296.7952880859375,
        "y": 208.68948364257812,
        "z": 3532.58349609375
    },
    {
        "color": 4294967295,
        "name": "Generic Point 137",
        "x": -1297.76416015625,
        "y": 199.9309539794922,
        "z": 3556.499267578125
    },
    {
        "color": 4294967295,
        "name": "Generic Point 138",
        "x": -1303.3382568359375,
        "y": 195.9324493408203,
        "z": 3575.32373046875
    },
    {
        "color": 4294967295,
        "name": "Generic Point 139",
        "x": -1264.035400390625,
        "y": 111.2916259765625,
        "z": 3623.625
    },
    {
        "color": 4294967295,
        "name": "Generic Point 14",
        "x": -1148.056396484375,
        "y": 229.49761962890625,
        "z": 2729.273193359375
    },
    {
        "color": 4294967295,
        "name": "Generic Point 140",
        "x": -1291.1573486328125,
        "y": 193.4091339111328,
        "z": 3594.154296875
    },
    {
        "color": 4294967295,
        "name": "Generic Point 141",
        "x": -1274.60986328125,
        "y": 112.56105041503906,
        "z": 3613.40185546875
    },
    {
        "color": 4294967295,
        "name": "Generic Point 142",
        "x": -1235.201904296875,
        "y": 113.24684143066406,
        "z": 3689.513427734375
    },
    {
        "color": 4294967295,
        "name": "Generic Point 143",
        "x": -1165.814697265625,
        "y": 83.50413513183594,
        "z": 3738.95654296875
    },
    {
        "color": 4294967295,
        "name": "Generic Point 144",
        "x": -1184.02783203125,
        "y": 82.94709014892578,
        "z": 3783.987548828125
    },
    {
        "color": 4294967295,
        "name": "Generic Point 145",
        "x": -1322.1748046875,
        "y": 173.5246124267578,
        "z": 3433.82568359375
    },
    {
        "color": 4294967295,
        "name": "Generic Point 146",
        "x": -1198.3203125,
        "y": 87.96224212646484,
        "z": 3771.82666015625
    },
    {
        "color": 4294967295,
        "name": "Generic Point 147",
        "x": -1142.567138671875,
        "y": 83.38243103027344,
        "z": 3828.69970703125
    },
    {
        "color": 4294967295,
        "name": "Generic Point 148",
        "x": -1112.803955078125,
        "y": 83.4466552734375,
        "z": 3853.29345703125
    },
    {
        "color": 4294967295,
        "name": "Generic Point 149",
        "x": -1093.4871826171875,
        "y": 86.48876953125,
        "z": 3848.5537109375
    },
    {
        "color": 4294967295,
        "name": "Generic Point 15",
        "x": -1152.7115478515625,
        "y": 230.60020446777344,
        "z": 2719.308349609375
    },
    {
        "color": 4294967295,
        "name": "Generic Point 150",
        "x": -339.6066589355469,
        "y": 260.2014465332031,
        "z": 2223.1669921875
    },
    {
        "color": 4294967295,
        "name": "Generic Point 151",
        "x": -360.1440124511719,
        "y": 261.4184875488281,
        "z": 2231.21240234375
    },
    {
        "color": 4294967295,
        "name": "Generic Point 152",
        "x": -362.212646484375,
        "y": 261.87066650390625,
        "z": 2233.841064453125
    },
    {
        "color": 4294967295,
        "name": "Generic Point 153",
        "x": -117.0274658203125,
        "y": 308.83221435546875,
        "z": 2137.08349609375
    },
    {
        "color": 4294967295,
        "name": "Generic Point 154",
        "x": -90.8062744140625,
        "y": 230.61900329589844,
        "z": 2110.186767578125
    },
    {
        "color": 4294967295,
        "name": "Generic Point 155",
        "x": -80.6272201538086,
        "y": 241.45504760742188,
        "z": 2077.621826171875
    },
    {
        "color": 4294967295,
        "name": "Generic Point 156",
        "x": -1052.794921875,
        "y": 216.31324768066406,
        "z": 2243.111572265625
    },
    {
        "color": 4294967295,
        "name": "Generic Point 157",
        "x": -1329.411376953125,
        "y": 175.35354614257812,
        "z": 2448.70751953125
    },
    {
        "color": 4294967295,
        "name": "Generic Point 158",
        "x": -1369.490234375,
        "y": 171.60501098632812,
        "z": 2446.20703125
    },
    {
        "color": 4294967295,
        "name": "Generic Point 159",
        "x": -1483.8326416015625,
        "y": 187.63674926757812,
        "z": 2463.63427734375
    },
    {
        "color": 4294967295,
        "name": "Generic Point 16",
        "x": -1095.459716796875,
        "y": 219.6431884765625,
        "z": 2732.9140625
    },
    {
        "color": 4294967295,
        "name": "Generic Point 160",
        "x": -1491.5953369140625,
        "y": 205.9734344482422,
        "z": 2275.09326171875
    },
    {
        "color": 4294967295,
        "name": "Generic Point 161",
        "x": -1495.288818359375,
        "y": 196.66064453125,
        "z": 2255.906494140625
    },
    {
        "color": 4294967295,
        "name": "Generic Point 162",
        "x": -1536.03125,
        "y": 157.35089111328125,
        "z": 2236.942138671875
    },
    {
        "color": 4294967295,
        "name": "Generic Point 163",
        "x": -1723.2813720703125,
        "y": 193.248779296875,
        "z": 2106.21533203125
    },
    {
        "color": 4294967295,
        "name": "Generic Point 164",
        "x": -1716.6123046875,
        "y": 208.66905212402344,
        "z": 2282.315185546875
    },
    {
        "color": 4294967295,
        "name": "Generic Point 165",
        "x": -1582.0877685546875,
        "y": 273.5943603515625,
        "z": 2322.232421875
    },
    {
        "color": 4294967295,
        "name": "Generic Point 166",
        "x": -1600.523681640625,
        "y": 273.3202819824219,
        "z": 2286.6533203125
    },
    {
        "color": 4294967295,
        "name": "Generic Point 167",
        "x": -1087.2222900390625,
        "y": 221.00938415527344,
        "z": 2290.91455078125
    },
    {
        "color": 4294967295,
        "name": "Generic Point 168",
        "x": -1581.1024169921875,
        "y": 273.01495361328125,
        "z": 2322.04345703125
    },
    {
        "color": 4294967295,
        "name": "Generic Point 169",
        "x": -1952.854248046875,
        "y": 204.54290771484375,
        "z": 2656.479736328125
    },
    {
        "color": 4294967295,
        "name": "Generic Point 17",
        "x": -1043.7210693359375,
        "y": 219.32044982910156,
        "z": 2768.854736328125
    },
    {
        "color": 4294967295,
        "name": "Generic Point 170",
        "x": -1189.997802734375,
        "y": 217.09303283691406,
        "z": 2597.914306640625
    },
    {
        "color": 4294967295,
        "name": "Generic Point 171",
        "x": -1185.3077392578125,
        "y": 217.07371520996094,
        "z": 2605.456787109375
    },
    {
        "color": 4294967295,
        "name": "Generic Point 172",
        "x": -1201.6622314453125,
        "y": 204.57223510742188,
        "z": 2542.129638671875
    },
    {
        "color": 4294967295,
        "name": "Generic Point 173",
        "x": -1203.880859375,
        "y": 182.46771240234375,
        "z": 2474.159912109375
    },
    {
        "color": 4294967295,
        "name": "Generic Point 174",
        "x": -1188.400146484375,
        "y": 173.79132080078125,
        "z": 2441.898193359375
    },
    {
        "color": 4294967295,
        "name": "Generic Point 175",
        "x": -1130.16845703125,
        "y": 169.20249938964844,
        "z": 2449.778076171875
    },
    {
        "color": 4294967295,
        "name": "Generic Point 176",
        "x": -1101.76708984375,
        "y": 206.4101104736328,
        "z": 2685.197265625
    },
    {
        "color": 4294967295,
        "name": "Generic Point 177",
        "x": -1639.8828125,
        "y": 243.12599182128906,
        "z": 2305.26513671875
    },
    {
        "color": 4294967295,
        "name": "Generic Point 178",
        "x": -153.40740966796875,
        "y": 238.5276336669922,
        "z": 3459.073486328125
    },
    {
        "color": 4294967295,
        "name": "Generic Point 179",
        "x": -1636.0810546875,
        "y": 126.94149017333984,
        "z": 2086.22607421875
    },
    {
        "color": 4294967295,
        "name": "Generic Point 18",
        "x": -1040.5877685546875,
        "y": 209.83119201660156,
        "z": 2873.56884765625
    },
    {
        "color": 4294967295,
        "name": "Generic Point 180",
        "x": -1661.8175048828125,
        "y": 96.85523986816406,
        "z": 2100.619873046875
    },
    {
        "color": 4294967295,
        "name": "Generic Point 181",
        "x": -1676.635498046875,
        "y": 98.03178405761719,
        "z": 2120.775390625
    },
    {
        "color": 4294967295,
        "name": "Generic Point 182",
        "x": -1636.216796875,
        "y": 109.16577911376953,
        "z": 2076.08154296875
    },
    {
        "color": 4294967295,
        "name": "Generic Point 183",
        "x": -1144.46875,
        "y": 165.93212890625,
        "z": 2124.653076171875
    },
    {
        "color": 4294967295,
        "name": "Generic Point 184",
        "x": -1176.4791259765625,
        "y": 187.9292755126953,
        "z": 2267.335205078125
    },
    {
        "color": 4294967295,
        "name": "Generic Point 185",
        "x": -1145.058349609375,
        "y": 180.39727783203125,
        "z": 2068.684814453125
    },
    {
        "color": 4294967295,
        "name": "Generic Point 186",
        "x": -1104.9017333984375,
        "y": 199.87255859375,
        "z": 2113.973388671875
    },
    {
        "color": 4294967295,
        "name": "Generic Point 187",
        "x": -1105.1513671875,
        "y": 199.94076538085938,
        "z": 2109.47998046875
    },
    {
        "color": 4294967295,
        "name": "Generic Point 188",
        "x": -1082.807861328125,
        "y": 158.3446807861328,
        "z": 2191.449462890625
    },
    {
        "color": 4294967295,
        "name": "Generic Point 189",
        "x": -1236.6239013671875,
        "y": 187.81935119628906,
        "z": 3463.416015625
    },
    {
        "color": 4294967295,
        "name": "Generic Point 19",
        "x": -1031.9559326171875,
        "y": 214.2961883544922,
        "z": 2853.766357421875
    },
    {
        "color": 4294967295,
        "name": "Generic Point 190",
        "x": -1084.1268310546875,
        "y": 179.5382537841797,
        "z": 2198.456787109375
    },
    {
        "color": 4294967295,
        "name": "Generic Point 191",
        "x": -1191.142578125,
        "y": 216.48182678222656,
        "z": 2594.5390625
    },
    {
        "color": 4294967295,
        "name": "Generic Point 192",
        "x": -1201.6666259765625,
        "y": 204.57176208496094,
        "z": 2542.1171875
    },
    {
        "color": 4294967295,
        "name": "Generic Point 193",
        "x": -1188.132568359375,
        "y": 173.6468963623047,
        "z": 2445.158447265625
    },
    {
        "color": 4294967295,
        "name": "Generic Point 194",
        "x": -1140.271240234375,
        "y": 152.51077270507812,
        "z": 2197.237060546875
    },
    {
        "color": 4294967295,
        "name": "Generic Point 195",
        "x": -1200.212646484375,
        "y": 182.89154052734375,
        "z": 2470.30712890625
    },
    {
        "color": 4294967295,
        "name": "Generic Point 196",
        "x": -1577.383544921875,
        "y": 271.6239013671875,
        "z": 2321.68896484375
    },
    {
        "color": 4294967295,
        "name": "Generic Point 197",
        "x": -1539.04296875,
        "y": 229.8771514892578,
        "z": 2342.650390625
    },
    {
        "color": 4294967295,
        "name": "Generic Point 198",
        "x": -1561.1424560546875,
        "y": 237.3489227294922,
        "z": 2334.41455078125
    },
    {
        "color": 4294967295,
        "name": "Generic Point 199",
        "x": -1546.7874755859375,
        "y": 231.84461975097656,
        "z": 2332.508544921875
    },
    {
        "color": 4294967295,
        "name": "Generic Point 2",
        "x": -844.8038330078125,
        "y": 197.01698303222656,
        "z": 2658.867431640625
    },
    {
        "color": 4294967295,
        "name": "Generic Point 20",
        "x": -1210.6910400390625,
        "y": 177.88844299316406,
        "z": 2971.58544921875
    },
    {
        "color": 4294967295,
        "name": "Generic Point 200",
        "x": -1470.58349609375,
        "y": 253.90103149414062,
        "z": 3439.9814453125
    },
    {
        "color": 4294967295,
        "name": "Generic Point 201",
        "x": -1543.01904296875,
        "y": 230.51412963867188,
        "z": 2332.307861328125
    },
    {
        "color": 4294967295,
        "name": "Generic Point 202",
        "x": -1518.9957275390625,
        "y": 240.7760009765625,
        "z": 2340.430419921875
    },
    {
        "color": 4294967295,
        "name": "Generic Point 203",
        "x": -1513.7950439453125,
        "y": 238.8649444580078,
        "z": 2339.289306640625
    },
    {
        "color": 4294967295,
        "name": "Generic Point 204",
        "x": -1518.5242919921875,
        "y": 240.56924438476562,
        "z": 2340.168212890625
    },
    {
        "color": 4294967295,
        "name": "Generic Point 205",
        "x": -1555.604736328125,
        "y": 255.758544921875,
        "z": 2372.509765625
    },
    {
        "color": 4294967295,
        "name": "Generic Point 206",
        "x": -1556.7044677734375,
        "y": 255.98483276367188,
        "z": 2369.209716796875
    },
    {
        "color": 4294967295,
        "name": "Generic Point 207",
        "x": -1536.8699951171875,
        "y": 245.7575225830078,
        "z": 2314.201416015625
    },
    {
        "color": 4294967295,
        "name": "Generic Point 208",
        "x": -1534.496337890625,
        "y": 244.673095703125,
        "z": 2307.845947265625
    },
    {
        "color": 4294967295,
        "name": "Generic Point 209",
        "x": -1533.8602294921875,
        "y": 244.34201049804688,
        "z": 2306.0830078125
    },
    {
        "color": 4294967295,
        "name": "Generic Point 21",
        "x": -1183.66357421875,
        "y": 177.78367614746094,
        "z": 2967.87451171875
    },
    {
        "color": 4294967295,
        "name": "Generic Point 210",
        "x": -1536.388916015625,
        "y": 245.65773010253906,
        "z": 2314.25537109375
    },
    {
        "color": 4294967295,
        "name": "Generic Point 211",
        "x": -1726.428955078125,
        "y": 230.40719604492188,
        "z": 3388.481201171875
    },
    {
        "color": 4294967295,
        "name": "Generic Point 212",
        "x": -1553.4322509765625,
        "y": 254.30799865722656,
        "z": 2361.94140625
    },
    {
        "color": 4294967295,
        "name": "Generic Point 213",
        "x": -1556.2357177734375,
        "y": 255.94358825683594,
        "z": 2372.1826171875
    },
    {
        "color": 4294967295,
        "name": "Generic Point 214",
        "x": -1517.6180419921875,
        "y": 240.25624084472656,
        "z": 2339.328369140625
    },
    {
        "color": 4294967295,
        "name": "Generic Point 215",
        "x": -1522.73828125,
        "y": 243.12464904785156,
        "z": 2358.853759765625
    },
    {
        "color": 4294967295,
        "name": "Generic Point 216",
        "x": -1522.9637451171875,
        "y": 243.15997314453125,
        "z": 2358.322998046875
    },
    {
        "color": 4294967295,
        "name": "Generic Point 217",
        "x": -1532.6148681640625,
        "y": 243.60366821289062,
        "z": 2346.476806640625
    },
    {
        "color": 4294967295,
        "name": "Generic Point 218",
        "x": -1540.039306640625,
        "y": 229.5407257080078,
        "z": 2331.3583984375
    },
    {
        "color": 4294967295,
        "name": "Generic Point 219",
        "x": -1540.30908203125,
        "y": 272.8740539550781,
        "z": 2373.249267578125
    },
    {
        "color": 4294967295,
        "name": "Generic Point 22",
        "x": -1258.42822265625,
        "y": 177.08355712890625,
        "z": 3005.32421875
    },
    {
        "color": 4294967295,
        "name": "Generic Point 220",
        "x": -1533.8682861328125,
        "y": 270.67877197265625,
        "z": 2374.7998046875
    },
    {
        "color": 4294967295,
        "name": "Generic Point 221",
        "x": -1540.71875,
        "y": 273.2410888671875,
        "z": 2374.58837890625
    },
    {
        "color": 4294967295,
        "name": "Generic Point 222",
        "x": -770.7338256835938,
        "y": 136.39430236816406,
        "z": 3378.0498046875
    },
    {
        "color": 4294967295,
        "name": "Generic Point 223",
        "x": -1576.8924560546875,
        "y": 221.03170776367188,
        "z": 3294.482421875
    },
    {
        "color": 4294967295,
        "name": "Generic Point 224",
        "x": -1546.525390625,
        "y": 275.1246337890625,
        "z": 2371.193115234375
    },
    {
        "color": 4294967295,
        "name": "Generic Point 225",
        "x": -1547.6424560546875,
        "y": 275.30694580078125,
        "z": 2367.44091796875
    },
    {
        "color": 4294967295,
        "name": "Generic Point 226",
        "x": -1527.8455810546875,
        "y": 264.9945068359375,
        "z": 2307.77783203125
    },
    {
        "color": 4294967295,
        "name": "Generic Point 227",
        "x": -1539.0040283203125,
        "y": 270.65704345703125,
        "z": 2337.83349609375
    },
    {
        "color": 4294967295,
        "name": "Generic Point 228",
        "x": -1542.7701416015625,
        "y": 269.9366760253906,
        "z": 2335.796630859375
    },
    {
        "color": 4294967295,
        "name": "Generic Point 229",
        "x": -1560.0186767578125,
        "y": 261.65203857421875,
        "z": 2389.10888671875
    },
    {
        "color": 4294967295,
        "name": "Generic Point 23",
        "x": -555.4999389648438,
        "y": 165.45303344726562,
        "z": 3376.076171875
    },
    {
        "color": 4294967295,
        "name": "Generic Point 230",
        "x": -1489.245361328125,
        "y": 186.18365478515625,
        "z": 2463.40576171875
    },
    {
        "color": 4294967295,
        "name": "Generic Point 231",
        "x": -1474.162841796875,
        "y": 161.1661834716797,
        "z": 2636.04833984375
    },
    {
        "color": 4294967295,
        "name": "Generic Point 232",
        "x": -1487.8841552734375,
        "y": 160.0968017578125,
        "z": 2647.707763671875
    },
    {
        "color": 4294967295,
        "name": "Generic Point 233",
        "x": -1519.4920654296875,
        "y": 146.99017333984375,
        "z": 2675.73974609375
    },
    {
        "color": 4294967295,
        "name": "Generic Point 234",
        "x": -1608.7679443359375,
        "y": 147.908203125,
        "z": 3412.136474609375
    },
    {
        "color": 4294967295,
        "name": "Generic Point 235",
        "x": -1544.779296875,
        "y": 142.08062744140625,
        "z": 2675.8134765625
    },
    {
        "color": 4294967295,
        "name": "Generic Point 236",
        "x": -1470.9532470703125,
        "y": 154.13890075683594,
        "z": 2484.65283203125
    },
    {
        "color": 4294967295,
        "name": "Generic Point 237",
        "x": -1579.6031494140625,
        "y": 129.04762268066406,
        "z": 2690.991943359375
    },
    {
        "color": 4294967295,
        "name": "Generic Point 238",
        "x": -1612.02392578125,
        "y": 142.37860107421875,
        "z": 2648.41259765625
    },
    {
        "color": 4294967295,
        "name": "Generic Point 239",
        "x": -1707.4322509765625,
        "y": 152.61520385742188,
        "z": 2739.993408203125
    },
    {
        "color": 4294967295,
        "name": "Generic Point 24",
        "x": -1256.6312255859375,
        "y": 177.0366973876953,
        "z": 3004.85302734375
    },
    {
        "color": 4294967295,
        "name": "Generic Point 240",
        "x": -1552.28076171875,
        "y": 139.3126220703125,
        "z": 2673.931640625
    },
    {
        "color": 4294967295,
        "name": "Generic Point 241",
        "x": -1651.990966796875,
        "y": 155.3873291015625,
        "z": 2705.96484375
    },
    {
        "color": 4294967295,
        "name": "Generic Point 242",
        "x": -1652.9857177734375,
        "y": 101.91307830810547,
        "z": 2699.62158203125
    },
    {
        "color": 4294967295,
        "name": "Generic Point 243",
        "x": -1653.9119873046875,
        "y": 155.38427734375,
        "z": 2705.6279296875
    },
    {
        "color": 4294967295,
        "name": "Generic Point 244",
        "x": -1651.682861328125,
        "y": 181.98202514648438,
        "z": 2777.95166015625
    },
    {
        "color": 4294967295,
        "name": "Generic Point 245",
        "x": -1532.85302734375,
        "y": 193.45567321777344,
        "z": 3241.44189453125
    },
    {
        "color": 4294967295,
        "name": "Generic Point 246",
        "x": -1695.776123046875,
        "y": 239.9562530517578,
        "z": 2705.314453125
    },
    {
        "color": 4294967295,
        "name": "Generic Point 247",
        "x": -787.037109375,
        "y": 162.5810089111328,
        "z": 2282.190185546875
    },
    {
        "color": 4294967295,
        "name": "Generic Point 248",
        "x": -777.526123046875,
        "y": 163.85646057128906,
        "z": 2285.56591796875
    },
    {
        "color": 4294967295,
        "name": "Generic Point 249",
        "x": -706.7783203125,
        "y": 128.38253784179688,
        "z": 2275.769287109375
    },
    {
        "color": 4294967295,
        "name": "Generic Point 25",
        "x": -1317.1473388671875,
        "y": 178.7657012939453,
        "z": 3109.3984375
    },
    {
        "color": 4294967295,
        "name": "Generic Point 250",
        "x": -652.7210693359375,
        "y": 133.33311462402344,
        "z": 2259.498046875
    },
    {
        "color": 4294967295,
        "name": "Generic Point 251",
        "x": -568.7523193359375,
        "y": 131.83538818359375,
        "z": 2273.81689453125
    },
    {
        "color": 4294967295,
        "name": "Generic Point 252",
        "x": -565.548583984375,
        "y": 103.17391967773438,
        "z": 2277.607421875
    },
    {
        "color": 4294967295,
        "name": "Generic Point 253",
        "x": -648.6316528320312,
        "y": 175.147705078125,
        "z": 2343.728271484375
    },
    {
        "color": 4294967295,
        "name": "Generic Point 254",
        "x": -641.3206787109375,
        "y": 197.02972412109375,
        "z": 2410.6337890625
    },
    {
        "color": 4294967295,
        "name": "Generic Point 255",
        "x": -504.0548095703125,
        "y": 180.13845825195312,
        "z": 2390.5498046875
    },
    {
        "color": 4294967295,
        "name": "Generic Point 256",
        "x": -1526.1002197265625,
        "y": 192.88206481933594,
        "z": 3252.46484375
    },
    {
        "color": 4294967295,
        "name": "Generic Point 257",
        "x": -511.6228332519531,
        "y": 188.06658935546875,
        "z": 2361.711669921875
    },
    {
        "color": 4294967295,
        "name": "Generic Point 258",
        "x": -516.5145874023438,
        "y": 185.3849639892578,
        "z": 2345.62255859375
    },
    {
        "color": 4294967295,
        "name": "Generic Point 259",
        "x": -484.7625732421875,
        "y": 175.70896911621094,
        "z": 2343.748779296875
    },
    {
        "color": 4294967295,
        "name": "Generic Point 26",
        "x": -1338.1998291015625,
        "y": 179.0450897216797,
        "z": 3107.5810546875
    },
    {
        "color": 4294967295,
        "name": "Generic Point 260",
        "x": -472.0767822265625,
        "y": 173.70779418945312,
        "z": 2316.832275390625
    },
    {
        "color": 4294967295,
        "name": "Generic Point 261",
        "x": -456.71270751953125,
        "y": 170.24588012695312,
        "z": 2305.651611328125
    },
    {
        "color": 4294967295,
        "name": "Generic Point 262",
        "x": -432.0213623046875,
        "y": 162.04539489746094,
        "z": 2303.391357421875
    },
    {
        "color": 4294967295,
        "name": "Generic Point 263",
        "x": -384.34661865234375,
        "y": 136.27626037597656,
        "z": 2234.011474609375
    },
    {
        "color": 4294967295,
        "name": "Generic Point 264",
        "x": -347.8298034667969,
        "y": 121.09978485107422,
        "z": 2254.626708984375
    },
    {
        "color": 4294967295,
        "name": "Generic Point 265",
        "x": -288.8409118652344,
        "y": 119.07955169677734,
        "z": 2202.255126953125
    },
    {
        "color": 4294967295,
        "name": "Generic Point 266",
        "x": -281.3708801269531,
        "y": 105.3970947265625,
        "z": 2208.720458984375
    },
    {
        "color": 4294967295,
        "name": "Generic Point 267",
        "x": -1540.4527587890625,
        "y": 189.952392578125,
        "z": 3259.127197265625
    },
    {
        "color": 4294967295,
        "name": "Generic Point 268",
        "x": -245.8876953125,
        "y": 102.99527740478516,
        "z": 2221.1298828125
    },
    {
        "color": 4294967295,
        "name": "Generic Point 269",
        "x": -268.9709167480469,
        "y": 103.64620208740234,
        "z": 2214.644775390625
    },
    {
        "color": 4294967295,
        "name": "Generic Point 27",
        "x": -1350.6075439453125,
        "y": 179.4141082763672,
        "z": 3126.76416015625
    },
    {
        "color": 4294967295,
        "name": "Generic Point 270",
        "x": -348.2251281738281,
        "y": 121.30536651611328,
        "z": 2255.15771484375
    },
    {
        "color": 4294967295,
        "name": "Generic Point 271",
        "x": -239.4605712890625,
        "y": 181.4127655029297,
        "z": 2270.0087890625
    },
    {
        "color": 4294967295,
        "name": "Generic Point 272",
        "x": -172.4320068359375,
        "y": 230.4462890625,
        "z": 2288.625
    },
    {
        "color": 4294967295,
        "name": "Generic Point 273",
        "x": -181.52882385253906,
        "y": 204.64080810546875,
        "z": 2848.53955078125
    },
    {
        "color": 4294967295,
        "name": "Generic Point 274",
        "x": -171.2576141357422,
        "y": 204.82073974609375,
        "z": 2855.361328125
    },
    {
        "color": 4294967295,
        "name": "Generic Point 275",
        "x": -131.84481811523438,
        "y": 203.59593200683594,
        "z": 2868.720703125
    },
    {
        "color": 4294967295,
        "name": "Generic Point 276",
        "x": -130.2015380859375,
        "y": 203.60220336914062,
        "z": 2876.927978515625
    },
    {
        "color": 4294967295,
        "name": "Generic Point 277",
        "x": -107.66978454589844,
        "y": 199.1951904296875,
        "z": 2874.25439453125
    },
    {
        "color": 4294967295,
        "name": "Generic Point 278",
        "x": -1533.6812744140625,
        "y": 191.50970458984375,
        "z": 3252.043212890625
    },
    {
        "color": 4294967295,
        "name": "Generic Point 279",
        "x": -80.37810516357422,
        "y": 185.62359619140625,
        "z": 2814.886474609375
    },
    {
        "color": 4294967295,
        "name": "Generic Point 28",
        "x": -1323.8619384765625,
        "y": 179.5950927734375,
        "z": 3160.368896484375
    },
    {
        "color": 4294967295,
        "name": "Generic Point 280",
        "x": -63.472900390625,
        "y": 186.4609832763672,
        "z": 2820.400634765625
    },
    {
        "color": 4294967295,
        "name": "Generic Point 281",
        "x": -18.287445068359375,
        "y": 197.79833984375,
        "z": 2847.00341796875
    },
    {
        "color": 4294967295,
        "name": "Generic Point 282",
        "x": -62.9993896484375,
        "y": 213.05929565429688,
        "z": 2883.56884765625
    },
    {
        "color": 4294967295,
        "name": "Generic Point 283",
        "x": -100.63202667236328,
        "y": 215.9208221435547,
        "z": 2928.62255859375
    },
    {
        "color": 4294967295,
        "name": "Generic Point 284",
        "x": -8.909156799316406,
        "y": 249.2744903564453,
        "z": 2916.9365234375
    },
    {
        "color": 4294967295,
        "name": "Generic Point 285",
        "x": 68.0378646850586,
        "y": 248.98077392578125,
        "z": 2988.185302734375
    },
    {
        "color": 4294967295,
        "name": "Generic Point 286",
        "x": 88.73709869384766,
        "y": 133.9095001220703,
        "z": 2994.947509765625
    },
    {
        "color": 4294967295,
        "name": "Generic Point 287",
        "x": 120.47982025146484,
        "y": 130.59083557128906,
        "z": 3043.259521484375
    },
    {
        "color": 4294967295,
        "name": "Generic Point 288",
        "x": 129.38381958007812,
        "y": 118.32156372070312,
        "z": 3006.012939453125
    },
    {
        "color": 4294967295,
        "name": "Generic Point 289",
        "x": -1532.8463134765625,
        "y": 191.0496826171875,
        "z": 3253.077880859375
    },
    {
        "color": 4294967295,
        "name": "Generic Point 29",
        "x": -1323.1951904296875,
        "y": 179.54266357421875,
        "z": 3160.83154296875
    },
    {
        "color": 4294967295,
        "name": "Generic Point 290",
        "x": 139.3226318359375,
        "y": 99.55694580078125,
        "z": 2954.958984375
    },
    {
        "color": 4294967295,
        "name": "Generic Point 291",
        "x": 94.31452178955078,
        "y": 93.70829772949219,
        "z": 2972.949951171875
    },
    {
        "color": 4294967295,
        "name": "Generic Point 292",
        "x": 118.48580169677734,
        "y": 96.28839111328125,
        "z": 2974.072021484375
    },
    {
        "color": 4294967295,
        "name": "Generic Point 293",
        "x": 141.18545532226562,
        "y": 99.42448425292969,
        "z": 2963.94580078125
    },
    {
        "color": 4294967295,
        "name": "Generic Point 294",
        "x": 159.42218017578125,
        "y": 99.39127349853516,
        "z": 2973.61962890625
    },
    {
        "color": 4294967295,
        "name": "Generic Point 295",
        "x": 226.99566650390625,
        "y": 89.88536834716797,
        "z": 2931.27978515625
    },
    {
        "color": 4294967295,
        "name": "Generic Point 296",
        "x": 200.16946411132812,
        "y": 99.15901947021484,
        "z": 2967.43212890625
    },
    {
        "color": 4294967295,
        "name": "Generic Point 297",
        "x": 173.03082275390625,
        "y": 99.50899505615234,
        "z": 2964.12158203125
    },
    {
        "color": 4294967295,
        "name": "Generic Point 298",
        "x": 175.56591796875,
        "y": 104.80573272705078,
        "z": 2940.2978515625
    },
    {
        "color": 4294967295,
        "name": "Generic Point 299",
        "x": 190.49630737304688,
        "y": 106.34011840820312,
        "z": 2884.921142578125
    },
    {
        "color": 4294967295,
        "name": "Generic Point 3",
        "x": -847.3788452148438,
        "y": 197.1890411376953,
        "z": 2659.075927734375
    },
    {
        "color": 4294967295,
        "name": "Generic Point 30",
        "x": -1249.708984375,
        "y": 177.1217803955078,
        "z": 2983.260986328125
    },
    {
        "color": 4294967295,
        "name": "Generic Point 300",
        "x": -1183.9561767578125,
        "y": 203.2186279296875,
        "z": 3509.676025390625
    },
    {
        "color": 4294967295,
        "name": "Generic Point 301",
        "x": 209.8873291015625,
        "y": 105.99181365966797,
        "z": 2826.1923828125
    },
    {
        "color": 4294967295,
        "name": "Generic Point 302",
        "x": 281.19110107421875,
        "y": 274.90911865234375,
        "z": 2291.376708984375
    },
    {
        "color": 4294967295,
        "name": "Generic Point 303",
        "x": 153.55091857910156,
        "y": 116.0336685180664,
        "z": 2952.466796875
    },
    {
        "color": 4294967295,
        "name": "Generic Point 304",
        "x": 347.9897155761719,
        "y": 183.32638549804688,
        "z": 2259.739990234375
    },
    {
        "color": 4294967295,
        "name": "Generic Point 305",
        "x": 285.75091552734375,
        "y": 274.6663818359375,
        "z": 2291.29931640625
    },
    {
        "color": 4294967295,
        "name": "Generic Point 306",
        "x": 208.04446411132812,
        "y": 330.0772399902344,
        "z": 2376.68798828125
    },
    {
        "color": 4294967295,
        "name": "Generic Point 307",
        "x": 139.71243286132812,
        "y": 285.0694274902344,
        "z": 2261.24658203125
    },
    {
        "color": 4294967295,
        "name": "Generic Point 308",
        "x": 424.5334167480469,
        "y": 248.60641479492188,
        "z": 2243.966552734375
    },
    {
        "color": 4294967295,
        "name": "Generic Point 309",
        "x": 357.8266296386719,
        "y": 190.55181884765625,
        "z": 2252.2861328125
    },
    {
        "color": 4294967295,
        "name": "Generic Point 31",
        "x": -1336.225341796875,
        "y": 196.53233337402344,
        "z": 2939.86279296875
    },
    {
        "color": 4294967295,
        "name": "Generic Point 310",
        "x": 351.2718505859375,
        "y": 183.68045043945312,
        "z": 2256.74609375
    },
    {
        "color": 4294967295,
        "name": "Generic Point 311",
        "x": -1188.8876953125,
        "y": 204.04957580566406,
        "z": 3521.7099609375
    },
    {
        "color": 4294967295,
        "name": "Generic Point 312",
        "x": 368.4097900390625,
        "y": 194.91539001464844,
        "z": 2245.972900390625
    },
    {
        "color": 4294967295,
        "name": "Generic Point 313",
        "x": 380.5011901855469,
        "y": 206.39959716796875,
        "z": 2318.63525390625
    },
    {
        "color": 4294967295,
        "name": "Generic Point 314",
        "x": 437.8834228515625,
        "y": 154.3455352783203,
        "z": 2326.155029296875
    },
    {
        "color": 4294967295,
        "name": "Generic Point 315",
        "x": 467.5673828125,
        "y": 155.47352600097656,
        "z": 2332.9453125
    },
    {
        "color": 4294967295,
        "name": "Generic Point 316",
        "x": 519.9015502929688,
        "y": 134.61380004882812,
        "z": 2379.407958984375
    },
    {
        "color": 4294967295,
        "name": "Generic Point 317",
        "x": 517.8450317382812,
        "y": 135.3880157470703,
        "z": 2377.0732421875
    },
    {
        "color": 4294967295,
        "name": "Generic Point 318",
        "x": 527.5822143554688,
        "y": 136.19784545898438,
        "z": 2381.901611328125
    },
    {
        "color": 4294967295,
        "name": "Generic Point 319",
        "x": 582.072998046875,
        "y": 137.90757751464844,
        "z": 2571.479736328125
    },
    {
        "color": 4294967295,
        "name": "Generic Point 32",
        "x": -1365.0208740234375,
        "y": 152.80979919433594,
        "z": 2857.4189453125
    },
    {
        "color": 4294967295,
        "name": "Generic Point 320",
        "x": 469.3392028808594,
        "y": 137.59031677246094,
        "z": 2478.80126953125
    },
    {
        "color": 4294967295,
        "name": "Generic Point 321",
        "x": 526.9680786132812,
        "y": 98.6081771850586,
        "z": 2498.910888671875
    },
    {
        "color": 4294967295,
        "name": "Generic Point 322",
        "x": -1189.450927734375,
        "y": 203.8612823486328,
        "z": 3530.736572265625
    },
    {
        "color": 4294967295,
        "name": "Generic Point 323",
        "x": 485.6262512207031,
        "y": 134.0467071533203,
        "z": 2422.3701171875
    },
    {
        "color": 4294967295,
        "name": "Generic Point 324",
        "x": -582.136962890625,
        "y": 165.8099822998047,
        "z": 3354.102294921875
    },
    {
        "color": 4294967295,
        "name": "Generic Point 325",
        "x": -798.1858520507812,
        "y": 146.2604217529297,
        "z": 3384.123291015625
    },
    {
        "color": 4294967295,
        "name": "Generic Point 326",
        "x": -1183.1019287109375,
        "y": 203.74620056152344,
        "z": 3518.952392578125
    },
    {
        "color": 4294967295,
        "name": "Generic Point 327",
        "x": -1163.7020263671875,
        "y": 183.6793212890625,
        "z": 3670.083740234375
    },
    {
        "color": 4294967295,
        "name": "Generic Point 328",
        "x": -1094.5638427734375,
        "y": 171.68675231933594,
        "z": 3731.104248046875
    },
    {
        "color": 4294967295,
        "name": "Generic Point 329",
        "x": -1086.469482421875,
        "y": 185.6010284423828,
        "z": 3663.1396484375
    },
    {
        "color": 4294967295,
        "name": "Generic Point 33",
        "x": -1374.229736328125,
        "y": 152.38372802734375,
        "z": 2874.129150390625
    },
    {
        "color": 4294967295,
        "name": "Generic Point 330",
        "x": -1097.09130859375,
        "y": 205.1552734375,
        "z": 3640.793701171875
    },
    {
        "color": 4294967295,
        "name": "Generic Point 331",
        "x": -1184.229248046875,
        "y": 196.7325897216797,
        "z": 3590.642333984375
    },
    {
        "color": 4294967295,
        "name": "Generic Point 332",
        "x": -1139.73095703125,
        "y": 198.4825897216797,
        "z": 3654.068115234375
    },
    {
        "color": 4294967295,
        "name": "Generic Point 333",
        "x": -1103.35791015625,
        "y": 207.3513641357422,
        "z": 3640.025634765625
    },
    {
        "color": 4294967295,
        "name": "Generic Point 334",
        "x": -1111.36083984375,
        "y": 182.28118896484375,
        "z": 3672.24072265625
    },
    {
        "color": 4294967295,
        "name": "Generic Point 335",
        "x": -1117.990234375,
        "y": 169.00457763671875,
        "z": 3653.621337890625
    },
    {
        "color": 4294967295,
        "name": "Generic Point 336",
        "x": -745.4284057617188,
        "y": 130.2052001953125,
        "z": 3431.00341796875
    },
    {
        "color": 4294967295,
        "name": "Generic Point 337",
        "x": -1122.2120361328125,
        "y": 168.93154907226562,
        "z": 3657.957763671875
    },
    {
        "color": 4294967295,
        "name": "Generic Point 338",
        "x": -1707.843017578125,
        "y": 305.0370178222656,
        "z": 3666.038330078125
    },
    {
        "color": 4294967295,
        "name": "Generic Point 339",
        "x": -1801.373291015625,
        "y": 313.9579772949219,
        "z": 3676.015625
    },
    {
        "color": 4294967295,
        "name": "Generic Point 34",
        "x": -601.9081420898438,
        "y": 165.73464965820312,
        "z": 3350.00390625
    },
    {
        "color": 4294967295,
        "name": "Generic Point 340",
        "x": -1762.908203125,
        "y": 314.8434143066406,
        "z": 3748.95556640625
    },
    {
        "color": 4294967295,
        "name": "Generic Point 341",
        "x": -1760.660400390625,
        "y": 305.4974365234375,
        "z": 3719.150390625
    },
    {
        "color": 4294967295,
        "name": "Generic Point 342",
        "x": -1669.2215576171875,
        "y": 308.5206604003906,
        "z": 3662.74365234375
    },
    {
        "color": 4294967295,
        "name": "Generic Point 343",
        "x": -1773.4056396484375,
        "y": 214.67599487304688,
        "z": 3698.381591796875
    },
    {
        "color": 4294967295,
        "name": "Generic Point 344",
        "x": -1778.8453369140625,
        "y": 208.01577758789062,
        "z": 3661.4033203125
    },
    {
        "color": 4294967295,
        "name": "Generic Point 345",
        "x": -1760.20947265625,
        "y": 167.85421752929688,
        "z": 3611.185791015625
    },
    {
        "color": 4294967295,
        "name": "Generic Point 346",
        "x": -1787.0682373046875,
        "y": 166.91824340820312,
        "z": 3593.617919921875
    },
    {
        "color": 4294967295,
        "name": "Generic Point 347",
        "x": -751.3160400390625,
        "y": 138.51011657714844,
        "z": 3408.164306640625
    },
    {
        "color": 4294967295,
        "name": "Generic Point 348",
        "x": -1792.786865234375,
        "y": 169.272705078125,
        "z": 3625.4453125
    },
    {
        "color": 4294967295,
        "name": "Generic Point 349",
        "x": -1779.389404296875,
        "y": 166.33119201660156,
        "z": 3609.99462890625
    },
    {
        "color": 4294967295,
        "name": "Generic Point 35",
        "x": -1373.097412109375,
        "y": 188.92111206054688,
        "z": 2917.0087890625
    },
    {
        "color": 4294967295,
        "name": "Generic Point 350",
        "x": -1783.0872802734375,
        "y": 166.28932189941406,
        "z": 3611.718505859375
    },
    {
        "color": 4294967295,
        "name": "Generic Point 351",
        "x": -1766.9747314453125,
        "y": 110.8701171875,
        "z": 3373.1845703125
    },
    {
        "color": 4294967295,
        "name": "Generic Point 352",
        "x": -1779.203857421875,
        "y": 108.7723617553711,
        "z": 3372.045654296875
    },
    {
        "color": 4294967295,
        "name": "Generic Point 353",
        "x": -1786.3363037109375,
        "y": 105.75496673583984,
        "z": 3381.470458984375
    },
    {
        "color": 4294967295,
        "name": "Generic Point 354",
        "x": -1761.0113525390625,
        "y": 116.61305236816406,
        "z": 3383.73046875
    },
    {
        "color": 4294967295,
        "name": "Generic Point 355",
        "x": -1796.16357421875,
        "y": 145.02537536621094,
        "z": 3507.7314453125
    },
    {
        "color": 4294967295,
        "name": "Generic Point 356",
        "x": -1813.5328369140625,
        "y": 144.46649169921875,
        "z": 3545.291259765625
    },
    {
        "color": 4294967295,
        "name": "Generic Point 357",
        "x": -1771.7939453125,
        "y": 133.0345458984375,
        "z": 3487.93603515625
    },
    {
        "color": 4294967295,
        "name": "Generic Point 358",
        "x": -619.9166259765625,
        "y": 119.58708953857422,
        "z": 3579.477783203125
    },
    {
        "color": 4294967295,
        "name": "Generic Point 359",
        "x": -1810.5286865234375,
        "y": 145.1137237548828,
        "z": 3546.277587890625
    },
    {
        "color": 4294967295,
        "name": "Generic Point 36",
        "x": -1086.78271484375,
        "y": 202.24462890625,
        "z": 2653.11962890625
    },
    {
        "color": 4294967295,
        "name": "Generic Point 360",
        "x": -1847.641357421875,
        "y": 94.02491760253906,
        "z": 3449.306640625
    },
    {
        "color": 4294967295,
        "name": "Generic Point 361",
        "x": -1813.517578125,
        "y": 144.47698974609375,
        "z": 3545.347412109375
    },
    {
        "color": 4294967295,
        "name": "Generic Point 362",
        "x": -1800.8001708984375,
        "y": 126.96073913574219,
        "z": 3485.5390625
    },
    {
        "color": 4294967295,
        "name": "Generic Point 363",
        "x": -1799.42822265625,
        "y": 144.32290649414062,
        "z": 3511.9892578125
    },
    {
        "color": 4294967295,
        "name": "Generic Point 364",
        "x": -1607.489501953125,
        "y": 148.22332763671875,
        "z": 3413.612060546875
    },
    {
        "color": 4294967295,
        "name": "Generic Point 365",
        "x": -1708.0784912109375,
        "y": 108.35448455810547,
        "z": 3283.5341796875
    },
    {
        "color": 4294967295,
        "name": "Generic Point 366",
        "x": -1733.9371337890625,
        "y": 4.685257911682129,
        "z": 3257.97900390625
    },
    {
        "color": 4294967295,
        "name": "Generic Point 367",
        "x": -1755.05517578125,
        "y": 3.4466817378997803,
        "z": 3302.97216796875
    },
    {
        "color": 4294967295,
        "name": "Generic Point 368",
        "x": -1784.5743408203125,
        "y": -5.3484015464782715,
        "z": 3321.90087890625
    },
    {
        "color": 4294967295,
        "name": "Generic Point 369",
        "x": -612.4258422851562,
        "y": 127.70951843261719,
        "z": 3622.83251953125
    },
    {
        "color": 4294967295,
        "name": "Generic Point 37",
        "x": -1373.046142578125,
        "y": 188.93545532226562,
        "z": 2917.02587890625
    },
    {
        "color": 4294967295,
        "name": "Generic Point 370",
        "x": -1805.63427734375,
        "y": 0.9719484448432922,
        "z": 3317.863525390625
    },
    {
        "color": 4294967295,
        "name": "Generic Point 371",
        "x": -1733.1175537109375,
        "y": 118.98161315917969,
        "z": 3261.521240234375
    },
    {
        "color": 4294967295,
        "name": "Generic Point 372",
        "x": -1851.5269775390625,
        "y": -3.426100730895996,
        "z": 3299.61474609375
    },
    {
        "color": 4294967295,
        "name": "Generic Point 373",
        "x": -1836.0330810546875,
        "y": -2.771507740020752,
        "z": 3281.4423828125
    },
    {
        "color": 4294967295,
        "name": "Generic Point 374",
        "x": -1818.85400390625,
        "y": -6.424376487731934,
        "z": 3252.07666015625
    },
    {
        "color": 4294967295,
        "name": "Generic Point 375",
        "x": -1812.7120361328125,
        "y": -7.629345893859863,
        "z": 3224.56884765625
    },
    {
        "color": 4294967295,
        "name": "Generic Point 376",
        "x": -1816.029052734375,
        "y": -6.688640594482422,
        "z": 3207.49755859375
    },
    {
        "color": 4294967295,
        "name": "Generic Point 377",
        "x": -1833.097412109375,
        "y": 2.828596353530884,
        "z": 3195.2216796875
    },
    {
        "color": 4294967295,
        "name": "Generic Point 378",
        "x": -1865.1185302734375,
        "y": 9.597302436828613,
        "z": 3188.80712890625
    },
    {
        "color": 4294967295,
        "name": "Generic Point 379",
        "x": -1882.9537353515625,
        "y": 10.34731674194336,
        "z": 3187.55615234375
    },
    {
        "color": 4294967295,
        "name": "Generic Point 38",
        "x": -1425.3170166015625,
        "y": 200.7315216064453,
        "z": 2737.241943359375
    },
    {
        "color": 4294967295,
        "name": "Generic Point 380",
        "x": -180.58230590820312,
        "y": 234.5169219970703,
        "z": 3477.295654296875
    },
    {
        "color": 4294967295,
        "name": "Generic Point 381",
        "x": -1900.6475830078125,
        "y": 12.066040992736816,
        "z": 3187.2080078125
    },
    {
        "color": 4294967295,
        "name": "Generic Point 382",
        "x": -1928.0068359375,
        "y": 14.392807960510254,
        "z": 3217.71923828125
    },
    {
        "color": 4294967295,
        "name": "Generic Point 383",
        "x": -1917.9854736328125,
        "y": 15.364968299865723,
        "z": 3243.86767578125
    },
    {
        "color": 4294967295,
        "name": "Generic Point 384",
        "x": -1898.1649169921875,
        "y": 9.718271255493164,
        "z": 3271.54443359375
    },
    {
        "color": 4294967295,
        "name": "Generic Point 385",
        "x": -1861.01904296875,
        "y": -2.5775980949401855,
        "z": 3297.168212890625
    },
    {
        "color": 4294967295,
        "name": "Generic Point 386",
        "x": -1851.5264892578125,
        "y": -3.4257349967956543,
        "z": 3299.6171875
    },
    {
        "color": 4294967295,
        "name": "Generic Point 387",
        "x": -1842.9630126953125,
        "y": -3.500472068786621,
        "z": 3292.06689453125
    },
    {
        "color": 4294967295,
        "name": "Generic Point 388",
        "x": -232.11721801757812,
        "y": 234.5408935546875,
        "z": 3607.312744140625
    },
    {
        "color": 4294967295,
        "name": "Generic Point 389",
        "x": -217.05218505859375,
        "y": 212.28501892089844,
        "z": 3646.818603515625
    },
    {
        "color": 4294967295,
        "name": "Generic Point 39",
        "x": -1418.9976806640625,
        "y": 206.09600830078125,
        "z": 2673.455322265625
    },
    {
        "color": 4294967295,
        "name": "Generic Point 390",
        "x": -217.81893920898438,
        "y": 211.00502014160156,
        "z": 3658.03173828125
    },
    {
        "color": 4294967295,
        "name": "Generic Point 4",
        "x": -935.2103271484375,
        "y": 206.42425537109375,
        "z": 2630.582275390625
    },
    {
        "color": 4294967295,
        "name": "Generic Point 40",
        "x": -1147.8355712890625,
        "y": 201.4504852294922,
        "z": 2661.667724609375
    },
    {
        "color": 4294967295,
        "name": "Generic Point 41",
        "x": -1112.93408203125,
        "y": 199.63980102539062,
        "z": 2675.560546875
    },
    {
        "color": 4294967295,
        "name": "Generic Point 42",
        "x": -1045.4305419921875,
        "y": 199.6019744873047,
        "z": 2648.446533203125
    },
    {
        "color": 4294967295,
        "name": "Generic Point 43",
        "x": -622.7774658203125,
        "y": 199.6271209716797,
        "z": 2813.080810546875
    },
    {
        "color": 4294967295,
        "name": "Generic Point 44",
        "x": -416.31500244140625,
        "y": 205.20008850097656,
        "z": 3136.60693359375
    },
    {
        "color": 4294967295,
        "name": "Generic Point 45",
        "x": -677.9739379882812,
        "y": 131.01904296875,
        "z": 3390.906005859375
    },
    {
        "color": 4294967295,
        "name": "Generic Point 46",
        "x": -182.03054809570312,
        "y": 244.5419158935547,
        "z": 3172.54296875
    },
    {
        "color": 4294967295,
        "name": "Generic Point 47",
        "x": -204.73379516601562,
        "y": 227.0280303955078,
        "z": 3519.18212890625
    },
    {
        "color": 4294967295,
        "name": "Generic Point 48",
        "x": -181.2701416015625,
        "y": 235.1777801513672,
        "z": 3475.520263671875
    },
    {
        "color": 4294967295,
        "name": "Generic Point 49",
        "x": -198.77865600585938,
        "y": 227.2738800048828,
        "z": 3501.86279296875
    },
    {
        "color": 4294967295,
        "name": "Generic Point 5",
        "x": -929.0830688476562,
        "y": 205.2555389404297,
        "z": 2622.0302734375
    },
    {
        "color": 4294967295,
        "name": "Generic Point 50",
        "x": -219.62026977539062,
        "y": 228.23251342773438,
        "z": 3540.42822265625
    },
    {
        "color": 4294967295,
        "name": "Generic Point 51",
        "x": -193.47976684570312,
        "y": 240.856689453125,
        "z": 3605.44775390625
    },
    {
        "color": 4294967295,
        "name": "Generic Point 52",
        "x": -275.9632568359375,
        "y": 266.79620361328125,
        "z": 3491.500244140625
    },
    {
        "color": 4294967295,
        "name": "Generic Point 53",
        "x": -303.5110168457031,
        "y": 227.2081756591797,
        "z": 3499.28515625
    },
    {
        "color": 4294967295,
        "name": "Generic Point 54",
        "x": -180.01763916015625,
        "y": 234.7134246826172,
        "z": 3476.799072265625
    },
    {
        "color": 4294967295,
        "name": "Generic Point 55",
        "x": -48.28904724121094,
        "y": 252.6100311279297,
        "z": 3441.58447265625
    },
    {
        "color": 4294967295,
        "name": "Generic Point 56",
        "x": -664.5863037109375,
        "y": 131.1824951171875,
        "z": 3380.980712890625
    },
    {
        "color": 4294967295,
        "name": "Generic Point 57",
        "x": -847.3788452148438,
        "y": 197.1890411376953,
        "z": 2659.075927734375
    },
    {
        "color": 4294967295,
        "name": "Generic Point 58",
        "x": -914.527587890625,
        "y": 205.3531494140625,
        "z": 2617.668212890625
    },
    {
        "color": 4294967295,
        "name": "Generic Point 59",
        "x": -1061.9925537109375,
        "y": 202.2721405029297,
        "z": 2641.61083984375
    },
    {
        "color": 4294967295,
        "name": "Generic Point 6",
        "x": -938.612060546875,
        "y": 208.23593139648438,
        "z": 2639.980712890625
    },
    {
        "color": 4294967295,
        "name": "Generic Point 60",
        "x": -1104.0450439453125,
        "y": 204.26731872558594,
        "z": 2659.3369140625
    },
    {
        "color": 4294967295,
        "name": "Generic Point 61",
        "x": -1156.186279296875,
        "y": 230.58847045898438,
        "z": 2718.383056640625
    },
    {
        "color": 4294967295,
        "name": "Generic Point 62",
        "x": -1153.964599609375,
        "y": 230.5992889404297,
        "z": 2725.68798828125
    },
    {
        "color": 4294967295,
        "name": "Generic Point 63",
        "x": -1148.056396484375,
        "y": 229.49761962890625,
        "z": 2729.273193359375
    },
    {
        "color": 4294967295,
        "name": "Generic Point 64",
        "x": -1152.7115478515625,
        "y": 230.60020446777344,
        "z": 2719.308349609375
    },
    {
        "color": 4294967295,
        "name": "Generic Point 65",
        "x": -1095.459716796875,
        "y": 219.6431884765625,
        "z": 2732.9140625
    },
    {
        "color": 4294967295,
        "name": "Generic Point 66",
        "x": -1043.7210693359375,
        "y": 219.32044982910156,
        "z": 2768.854736328125
    },
    {
        "color": 4294967295,
        "name": "Generic Point 67",
        "x": -664.0458984375,
        "y": 131.6998748779297,
        "z": 3380.996826171875
    },
    {
        "color": 4294967295,
        "name": "Generic Point 68",
        "x": -1031.9559326171875,
        "y": 214.2961883544922,
        "z": 2853.766357421875
    },
    {
        "color": 4294967295,
        "name": "Generic Point 69",
        "x": -1183.66357421875,
        "y": 177.78367614746094,
        "z": 2967.87451171875
    },
    {
        "color": 4294967295,
        "name": "Generic Point 7",
        "x": -945.2957153320312,
        "y": 208.34263610839844,
        "z": 2637.49658203125
    },
    {
        "color": 4294967295,
        "name": "Generic Point 70",
        "x": -1256.6312255859375,
        "y": 177.0366973876953,
        "z": 3004.85302734375
    },
    {
        "color": 4294967295,
        "name": "Generic Point 71",
        "x": -1317.1473388671875,
        "y": 178.7657012939453,
        "z": 3109.3984375
    },
    {
        "color": 4294967295,
        "name": "Generic Point 72",
        "x": -1338.1998291015625,
        "y": 179.0450897216797,
        "z": 3107.5810546875
    },
    {
        "color": 4294967295,
        "name": "Generic Point 73",
        "x": -1350.6075439453125,
        "y": 179.4141082763672,
        "z": 3126.76416015625
    },
    {
        "color": 4294967295,
        "name": "Generic Point 74",
        "x": -1323.8619384765625,
        "y": 179.5950927734375,
        "z": 3160.368896484375
    },
    {
        "color": 4294967295,
        "name": "Generic Point 75",
        "x": -1323.1951904296875,
        "y": 179.54266357421875,
        "z": 3160.83154296875
    },
    {
        "color": 4294967295,
        "name": "Generic Point 76",
        "x": -1249.708984375,
        "y": 177.1217803955078,
        "z": 2983.260986328125
    },
    {
        "color": 4294967295,
        "name": "Generic Point 77",
        "x": -1336.225341796875,
        "y": 196.53233337402344,
        "z": 2939.86279296875
    },
    {
        "color": 4294967295,
        "name": "Generic Point 78",
        "x": -489.21112060546875,
        "y": 182.60594177246094,
        "z": 3324.798828125
    },
    {
        "color": 4294967295,
        "name": "Generic Point 79",
        "x": -1374.229736328125,
        "y": 152.38372802734375,
        "z": 2874.129150390625
    },
    {
        "color": 4294967295,
        "name": "Generic Point 8",
        "x": -914.527587890625,
        "y": 205.3531494140625,
        "z": 2617.668212890625
    },
    {
        "color": 4294967295,
        "name": "Generic Point 80",
        "x": -1373.097412109375,
        "y": 188.92111206054688,
        "z": 2917.0087890625
    },
    {
        "color": 4294967295,
        "name": "Generic Point 81",
        "x": -1086.78271484375,
        "y": 202.24462890625,
        "z": 2653.11962890625
    },
    {
        "color": 4294967295,
        "name": "Generic Point 82",
        "x": -1421.609130859375,
        "y": 206.3278350830078,
        "z": 2667.13671875
    },
    {
        "color": 4294967295,
        "name": "Generic Point 83",
        "x": -1147.771240234375,
        "y": 200.94564819335938,
        "z": 2664.8349609375
    },
    {
        "color": 4294967295,
        "name": "Generic Point 84",
        "x": -181.2799072265625,
        "y": 235.10317993164062,
        "z": 3475.483154296875
    },
    {
        "color": 4294967295,
        "name": "Generic Point 85",
        "x": -204.70191955566406,
        "y": 227.00839233398438,
        "z": 3519.197509765625
    },
    {
        "color": 4294967295,
        "name": "Generic Point 86",
        "x": -200.36012268066406,
        "y": 226.56893920898438,
        "z": 3525.656005859375
    },
    {
        "color": 4294967295,
        "name": "Generic Point 87",
        "x": -193.44383239746094,
        "y": 241.13516235351562,
        "z": 3603.540771484375
    },
    {
        "color": 4294967295,
        "name": "Generic Point 88",
        "x": -224.1583251953125,
        "y": 227.77320861816406,
        "z": 3541.078857421875
    },
    {
        "color": 4294967295,
        "name": "Generic Point 89",
        "x": -808.9940185546875,
        "y": 174.53170776367188,
        "z": 2469.831298828125
    },
    {
        "color": 4294967295,
        "name": "Generic Point 9",
        "x": -1055.5494384765625,
        "y": 202.2154541015625,
        "z": 2638.356689453125
    },
    {
        "color": 4294967295,
        "name": "Generic Point 90",
        "x": -275.9632873535156,
        "y": 266.78851318359375,
        "z": 3491.500244140625
    },
    {
        "color": 4294967295,
        "name": "Generic Point 91",
        "x": -305.5104675292969,
        "y": 226.7102813720703,
        "z": 3498.56103515625
    },
    {
        "color": 4294967295,
        "name": "Generic Point 92",
        "x": -180.01759338378906,
        "y": 234.70660400390625,
        "z": 3476.798828125
    },
    {
        "color": 4294967295,
        "name": "Generic Point 93",
        "x": -47.862823486328125,
        "y": 252.60414123535156,
        "z": 3440.08984375
    },
    {
        "color": 4294967295,
        "name": "Generic Point 94",
        "x": -1422.8258056640625,
        "y": 206.4501495361328,
        "z": 2667.03662109375
    },
    {
        "color": 4294967295,
        "name": "Generic Point 95",
        "x": -153.3927764892578,
        "y": 238.10833740234375,
        "z": 3465.9169921875
    },
    {
        "color": 4294967295,
        "name": "Generic Point 96",
        "x": -149.04052734375,
        "y": 238.55528259277344,
        "z": 3464.0673828125
    },
    {
        "color": 4294967295,
        "name": "Generic Point 97",
        "x": -150.72705078125,
        "y": 238.37347412109375,
        "z": 3461.88134765625
    },
    {
        "color": 4294967295,
        "name": "Generic Point 98",
        "x": -154.6097412109375,
        "y": 238.2301483154297,
        "z": 3462.8818359375
    },
    {
        "color": 4294967295,
        "name": "Generic Point 99",
        "x": -244.4178466796875,
        "y": 247.7383575439453,
        "z": 3431.34033203125
    }
]