[
    {
        "color": 4294967295,
        "name": "Generic Point 0",
        "x": 2174.36474609375,
        "y": 490.83343505859375,
        "z": 4658.3349609375
    },
    {
        "color": 4294967295,
        "name": "Generic Point 1",
        "x": 2935.667236328125,
        "y": 468.0986633300781,
        "z": 4729.80224609375
    },
    {
        "color": 4294967295,
        "name": "Generic Point 10",
        "x": 3927.9755859375,
        "y": 474.7521057128906,
        "z": 3989.01904296875
    },
    {
        "color": 4294967295,
        "name": "Generic Point 11",
        "x": 2185.2607421875,
        "y": 452.069091796875,
        "z": 4545.37109375
    },
    {
        "color": 4294967295,
        "name": "Generic Point 12",
        "x": 3955.134521484375,
        "y": 472.1158447265625,
        "z": 4012.141845703125
    },
    {
        "color": 4294967295,
        "name": "Generic Point 13",
        "x": 3577.9169921875,
        "y": 446.51995849609375,
        "z": 4766.90185546875
    },
    {
        "color": 4294967295,
        "name": "Generic Point 14",
        "x": 3750.868408203125,
        "y": 475.05615234375,
        "z": 4908.66259765625
    },
    {
        "color": 4294967295,
        "name": "Generic Point 15",
        "x": 3894.787841796875,
        "y": 510.27069091796875,
        "z": 4915.08642578125
    },
    {
        "color": 4294967295,
        "name": "Generic Point 16",
        "x": 3833.797607421875,
        "y": 522.6964111328125,
        "z": 4941.8798828125
    },
    {
        "color": 4294967295,
        "name": "Generic Point 17",
        "x": 3803.339111328125,
        "y": 523.628173828125,
        "z": 4996.79833984375
    },
    {
        "color": 4294967295,
        "name": "Generic Point 18",
        "x": 2269.11083984375,
        "y": 466.8302307128906,
        "z": 4571.298828125
    },
    {
        "color": 4294967295,
        "name": "Generic Point 19",
        "x": 3244.2333984375,
        "y": 440.9367980957031,
        "z": 4267.0693359375
    },
    {
        "color": 4294967295,
        "name": "Generic Point 2",
        "x": 2878.041259765625,
        "y": 494.6542663574219,
        "z": 4794.61376953125
    },
    {
        "color": 4294967295,
        "name": "Generic Point 20",
        "x": 3298.797119140625,
        "y": 443.80126953125,
        "z": 4313.7216796875
    },
    {
        "color": 4294967295,
        "name": "Generic Point 21",
        "x": 2297.2734375,
        "y": 520.5942993164062,
        "z": 4747.80078125
    },
    {
        "color": 4294967295,
        "name": "Generic Point 22",
        "x": 2406.647705078125,
        "y": 460.7630920410156,
        "z": 4639.83740234375
    },
    {
        "color": 4294967295,
        "name": "Generic Point 23",
        "x": 2378.929443359375,
        "y": 487.7707214355469,
        "z": 4745.958984375
    },
    {
        "color": 4294967295,
        "name": "Generic Point 24",
        "x": 2302.647216796875,
        "y": 539.228515625,
        "z": 4848.46435546875
    },
    {
        "color": 4294967295,
        "name": "Generic Point 25",
        "x": 2222.213134765625,
        "y": 539.3156127929688,
        "z": 4880.63232421875
    },
    {
        "color": 4294967295,
        "name": "Generic Point 26",
        "x": 2641.60498046875,
        "y": 453.892333984375,
        "z": 4661.138671875
    },
    {
        "color": 4294967295,
        "name": "Generic Point 3",
        "x": 2956.53564453125,
        "y": 527.660888671875,
        "z": 4967.1240234375
    },
    {
        "color": 4294967295,
        "name": "Generic Point 4",
        "x": 2238.432373046875,
        "y": 443.8027648925781,
        "z": 4377.23486328125
    },
    {
        "color": 4294967295,
        "name": "Generic Point 5",
        "x": 2363.35888671875,
        "y": 447.1838684082031,
        "z": 4387.6142578125
    },
    {
        "color": 4294967295,
        "name": "Generic Point 6",
        "x": 2681.870361328125,
        "y": 473.9150390625,
        "z": 4208.3291015625
    },
    {
        "color": 4294967295,
        "name": "Generic Point 7",
        "x": 2773.66162109375,
        "y": 453.5968017578125,
        "z": 4200.18408203125
    },
    {
        "color": 4294967295,
        "name": "Generic Point 8",
        "x": 2742.49560546875,
        "y": 453.3200378417969,
        "z": 4133.5185546875
    },
    {
        "color": 4294967295,
        "name": "Generic Point 9",
        "x": 2852.980224609375,
        "y": 455.4957580566406,
        "z": 4197.57080078125
    }
]