[
    {
        "color": 4294967295,
        "name": "Generic Point 0",
        "x": -2576.349853515625,
        "y": 216.67799377441406,
        "z": -4130.2734375
    },
    {
        "color": 4294967295,
        "name": "Generic Point 1",
        "x": -2847.672607421875,
        "y": 200.88638305664062,
        "z": -4474.4150390625
    },
    {
        "color": 4294967295,
        "name": "Generic Point 2",
        "x": -2748.13037109375,
        "y": 240.48312377929688,
        "z": -4427.693359375
    },
    {
        "color": 4294967295,
        "name": "Generic Point 3",
        "x": -2535.462646484375,
        "y": 365.0079650878906,
        "z": -4431.53271484375
    },
    {
        "color": 4294967295,
        "name": "Generic Point 4",
        "x": -2479.954833984375,
        "y": 226.68051147460938,
        "z": -4163.3623046875
    }
]