[
    {
        "color": 4294967295,
        "name": "fred0211 0",
        "x": -1316.7607421875,
        "y": 209.6943817138672,
        "z": 10019.4970703125
    },
    {
        "color": 4294967295,
        "name": "fred0211 1",
        "x": -1808.4686279296875,
        "y": 123.2093276977539,
        "z": 9426.796875
    },
    {
        "color": 4294967295,
        "name": "fred0211 2",
        "x": 82.3646240234375,
        "y": 811.2694091796875,
        "z": 9707.953125
    },
    {
        "color": 4294967295,
        "name": "fred0211 3",
        "x": -660.1214599609375,
        "y": 213.2811279296875,
        "z": 9767.390625
    },
    {
        "color": 4294967295,
        "name": "fred0211 4",
        "x": -384.7161865234375,
        "y": 272.4034729003906,
        "z": 9337.31640625
    },
    {
        "color": 4294967295,
        "name": "fred0211 5",
        "x": -1040.679931640625,
        "y": 253.36685180664062,
        "z": 9853.587890625
    }
]