[
    {
        "color": 4294967295,
        "name": "Generic Point 0",
        "x": 912.9332885742188,
        "y": 228.406494140625,
        "z": 939.0167236328125
    },
    {
        "color": 4294967295,
        "name": "Generic Point 1",
        "x": 761.33154296875,
        "y": 268.4833679199219,
        "z": 940.8316650390625
    },
    {
        "color": 4294967295,
        "name": "Generic Point 2",
        "x": 885.6678466796875,
        "y": 239.80389404296875,
        "z": 856.61083984375
    },
    {
        "color": 4294967295,
        "name": "Generic Point 3",
        "x": 982.9251098632812,
        "y": 239.36550903320312,
        "z": 929.341064453125
    },
    {
        "color": 4294967295,
        "name": "Generic Point 4",
        "x": 912.53515625,
        "y": 228.2757568359375,
        "z": 938.4422607421875
    },
    {
        "color": 4294967295,
        "name": "Generic Point 5",
        "x": 840.6572265625,
        "y": 248.0010528564453,
        "z": 941.2925415039062
    }
]