[
    {
        "color": 4294967295,
        "name": "Generic Point 0",
        "x": 1283.15,
        "y": 273.63,
        "z": -1216.61
    },
    {
        "color": 4294967295,
        "name": "Generic Point 1",
        "x": 1383.58,
        "y": 277.29,
        "z": -1116.09
    },
    {
        "color": 4294967295,
        "name": "Generic Point 10",
        "x": 1105.17,
        "y": 200.92,
        "z": -1179.16
    },
    {
        "color": 4294967295,
        "name": "Generic Point 11",
        "x": 1128.24,
        "y": 228.4,
        "z": -1202.54
    },
    {
        "color": 4294967295,
        "name": "Generic Point 2",
        "x": 1323.3,
        "y": 356.36,
        "z": -919.23
    },
    {
        "color": 4294967295,
        "name": "Generic Point 3",
        "x": 1260.91,
        "y": 384.02,
        "z": -886.64
    },
    {
        "color": 4294967295,
        "name": "Generic Point 4",
        "x": 1381.01,
        "y": 389.95,
        "z": -882.01
    },
    {
        "color": 4294967295,
        "name": "Generic Point 5",
        "x": 1371.55,
        "y": 268.59,
        "z": -565.07
    },
    {
        "color": 4294967295,
        "name": "Generic Point 6",
        "x": 997.69,
        "y": 272.74,
        "z": -391.24
    },
    {
        "color": 4294967295,
        "name": "Generic Point 7",
        "x": 883.23,
        "y": 324.84,
        "z": -559.58
    },
    {
        "color": 4294967295,
        "name": "Generic Point 8",
        "x": 1019.88,
        "y": 408.62,
        "z": -1021.27
    },
    {
        "color": 4294967295,
        "name": "Generic Point 9",
        "x": 1040.01,
        "y": 409.72,
        "z": -1033.22
    }
]