[
    {
        "color": 4294967295,
        "name": "Generic Point 0",
        "x": 1419.5892333984375,
        "y": 820.272705078125,
        "z": 4849.67431640625
    },
    {
        "color": 4294967295,
        "name": "Generic Point 1",
        "x": 1656.5301513671875,
        "y": 700.6499633789062,
        "z": 4592.2578125
    },
    {
        "color": 4294967295,
        "name": "Generic Point 10",
        "x": 1442.3878173828125,
        "y": 683.4523315429688,
        "z": 4625.6240234375
    },
    {
        "color": 4294967295,
        "name": "Generic Point 11",
        "x": 1408.8902587890625,
        "y": 635.7145385742188,
        "z": 4672.5595703125
    },
    {
        "color": 4294967295,
        "name": "Generic Point 12",
        "x": 1323.9871826171875,
        "y": 606.9210205078125,
        "z": 4727.43994140625
    },
    {
        "color": 4294967295,
        "name": "Generic Point 13",
        "x": 1260.650634765625,
        "y": 652.4819946289062,
        "z": 4690.30859375
    },
    {
        "color": 4294967295,
        "name": "Generic Point 14",
        "x": 1436.462646484375,
        "y": 749.0599365234375,
        "z": 4487.3759765625
    },
    {
        "color": 4294967295,
        "name": "Generic Point 15",
        "x": 1402.539794921875,
        "y": 637.8907470703125,
        "z": 4407.66845703125
    },
    {
        "color": 4294967295,
        "name": "Generic Point 16",
        "x": 1375.7548828125,
        "y": 214.42196655273438,
        "z": 3979.30224609375
    },
    {
        "color": 4294967295,
        "name": "Generic Point 17",
        "x": 1458.9254150390625,
        "y": 216.13644409179688,
        "z": 3916.21533203125
    },
    {
        "color": 4294967295,
        "name": "Generic Point 18",
        "x": 1529.1195068359375,
        "y": 272.5378723144531,
        "z": 3986.22607421875
    },
    {
        "color": 4294967295,
        "name": "Generic Point 19",
        "x": 1636.071533203125,
        "y": 145.99557495117188,
        "z": 3937.3642578125
    },
    {
        "color": 4294967295,
        "name": "Generic Point 2",
        "x": 1748.1761474609375,
        "y": 683.7205200195312,
        "z": 4546.59326171875
    },
    {
        "color": 4294967295,
        "name": "Generic Point 20",
        "x": 1588.0360107421875,
        "y": 247.52532958984375,
        "z": 3879.135009765625
    },
    {
        "color": 4294967295,
        "name": "Generic Point 21",
        "x": 1590.980224609375,
        "y": 343.7460632324219,
        "z": 3814.723876953125
    },
    {
        "color": 4294967295,
        "name": "Generic Point 22",
        "x": 1620.7186279296875,
        "y": 170.72085571289062,
        "z": 3793.686767578125
    },
    {
        "color": 4294967295,
        "name": "Generic Point 23",
        "x": 1505.4605712890625,
        "y": 266.38934326171875,
        "z": 3750.27734375
    },
    {
        "color": 4294967295,
        "name": "Generic Point 24",
        "x": 1585.4039306640625,
        "y": 344.4844055175781,
        "z": 3673.085693359375
    },
    {
        "color": 4294967295,
        "name": "Generic Point 25",
        "x": 1257.850341796875,
        "y": 281.3526916503906,
        "z": 3944.8466796875
    },
    {
        "color": 4294967295,
        "name": "Generic Point 26",
        "x": 1254.9046630859375,
        "y": 147.51211547851562,
        "z": 3933.74365234375
    },
    {
        "color": 4294967295,
        "name": "Generic Point 27",
        "x": 1314.8065185546875,
        "y": 222.38072204589844,
        "z": 3853.234375
    },
    {
        "color": 4294967295,
        "name": "Generic Point 28",
        "x": 1361.618896484375,
        "y": 347.50750732421875,
        "z": 3872.984375
    },
    {
        "color": 4294967295,
        "name": "Generic Point 29",
        "x": 1293.7110595703125,
        "y": 228.0808563232422,
        "z": 3725.113525390625
    },
    {
        "color": 4294967295,
        "name": "Generic Point 3",
        "x": 1752.85791015625,
        "y": 580.7339477539062,
        "z": 4605.9873046875
    },
    {
        "color": 4294967295,
        "name": "Generic Point 30",
        "x": 1385.6729736328125,
        "y": 158.9810333251953,
        "z": 3666.97265625
    },
    {
        "color": 4294967295,
        "name": "Generic Point 31",
        "x": 1408.00244140625,
        "y": 273.227294921875,
        "z": 3685.488525390625
    },
    {
        "color": 4294967295,
        "name": "Generic Point 32",
        "x": 1492.050048828125,
        "y": 404.4354553222656,
        "z": 3578.669677734375
    },
    {
        "color": 4294967295,
        "name": "Generic Point 33",
        "x": 1487.2872314453125,
        "y": 244.97669982910156,
        "z": 3553.941162109375
    },
    {
        "color": 4294967295,
        "name": "Generic Point 34",
        "x": 1586.0137939453125,
        "y": -489.3768005371094,
        "z": 3573.28515625
    },
    {
        "color": 4294967295,
        "name": "Generic Point 35",
        "x": 1542.3109130859375,
        "y": -411.2882080078125,
        "z": 3566.138671875
    },
    {
        "color": 4294967295,
        "name": "Generic Point 36",
        "x": 1362.8177490234375,
        "y": 365.7239074707031,
        "z": 3544.643798828125
    },
    {
        "color": 4294967295,
        "name": "Generic Point 37",
        "x": 1583.47900390625,
        "y": 724.6708374023438,
        "z": 4429.11328125
    },
    {
        "color": 4294967295,
        "name": "Generic Point 4",
        "x": 1671.638671875,
        "y": 573.8916625976562,
        "z": 4665.58544921875
    },
    {
        "color": 4294967295,
        "name": "Generic Point 5",
        "x": 1739.150390625,
        "y": 522.045166015625,
        "z": 4479.6357421875
    },
    {
        "color": 4294967295,
        "name": "Generic Point 6",
        "x": 1637.22509765625,
        "y": 565.6246337890625,
        "z": 4480.08984375
    },
    {
        "color": 4294967295,
        "name": "Generic Point 7",
        "x": 1556.51025390625,
        "y": 555.8598022460938,
        "z": 4459.77294921875
    },
    {
        "color": 4294967295,
        "name": "Generic Point 8",
        "x": 1611.430419921875,
        "y": 587.021484375,
        "z": 4327.88427734375
    },
    {
        "color": 4294967295,
        "name": "Generic Point 9",
        "x": 1434.0155029296875,
        "y": 680.5865478515625,
        "z": 4490.9970703125
    }
]