[
    {
        "color": 4294967295,
        "name": "Generic Point 0",
        "x": -2016.045,
        "y": 220.187,
        "z": 4120.307
    },
    {
        "color": 4294967295,
        "name": "Generic Point 1",
        "x": -1155.757,
        "y": 86.02,
        "z": 3855.414
    },
    {
        "color": 4294967295,
        "name": "Generic Point 10",
        "x": 2571.498,
        "y": 185.229,
        "z": 382.7
    },
    {
        "color": 4294967295,
        "name": "Generic Point 100",
        "x": -758.947,
        "y": 209.422,
        "z": 2878.368
    },
    {
        "color": 4294967295,
        "name": "Generic Point 101",
        "x": -722.899,
        "y": 160.251,
        "z": 2957.096
    },
    {
        "color": 4294967295,
        "name": "Generic Point 102",
        "x": -1040.338,
        "y": 280.685,
        "z": 2995.345
    },
    {
        "color": 4294967295,
        "name": "Generic Point 103",
        "x": -1442.019,
        "y": 274.204,
        "z": 2901.093
    },
    {
        "color": 4294967295,
        "name": "Generic Point 104",
        "x": -1594.933,
        "y": 283.22,
        "z": 3026.592
    },
    {
        "color": 4294967295,
        "name": "Generic Point 105",
        "x": -1764.143,
        "y": 115.674,
        "z": 3374.915
    },
    {
        "color": 4294967295,
        "name": "Generic Point 106",
        "x": -1724.003,
        "y": 328.687,
        "z": 2340.887
    },
    {
        "color": 4294967295,
        "name": "Generic Point 107",
        "x": -1657.321,
        "y": 175.194,
        "z": 2107.827
    },
    {
        "color": 4294967295,
        "name": "Generic Point 108",
        "x": -1567.032,
        "y": 181.58,
        "z": 2124.461
    },
    {
        "color": 4294967295,
        "name": "Generic Point 109",
        "x": -1556.678,
        "y": 149.72,
        "z": 2166.401
    },
    {
        "color": 4294967295,
        "name": "Generic Point 11",
        "x": 2726.237,
        "y": 205.016,
        "z": 42.846
    },
    {
        "color": 4294967295,
        "name": "Generic Point 110",
        "x": -1194.301,
        "y": 141.27,
        "z": 2288.986
    },
    {
        "color": 4294967295,
        "name": "Generic Point 111",
        "x": -866.039,
        "y": 163.585,
        "z": 2202.55
    },
    {
        "color": 4294967295,
        "name": "Generic Point 112",
        "x": -648.349,
        "y": 266.565,
        "z": 1465.703
    },
    {
        "color": 4294967295,
        "name": "Generic Point 113",
        "x": -786.414,
        "y": 274.39,
        "z": 1536.085
    },
    {
        "color": 4294967295,
        "name": "Generic Point 114",
        "x": -844.907,
        "y": 157.872,
        "z": 1661.69
    },
    {
        "color": 4294967295,
        "name": "Generic Point 115",
        "x": -702.416,
        "y": 110.459,
        "z": 1734.413
    },
    {
        "color": 4294967295,
        "name": "Generic Point 116",
        "x": -1655.161,
        "y": 109.797,
        "z": 3187.833
    },
    {
        "color": 4294967295,
        "name": "Generic Point 117",
        "x": -882.814,
        "y": 144.917,
        "z": 1910.394
    },
    {
        "color": 4294967295,
        "name": "Generic Point 118",
        "x": -658.341,
        "y": 239.787,
        "z": 1991.515
    },
    {
        "color": 4294967295,
        "name": "Generic Point 119",
        "x": -520.344,
        "y": 276.752,
        "z": 1895.414
    },
    {
        "color": 4294967295,
        "name": "Generic Point 12",
        "x": -1110.548,
        "y": 85.959,
        "z": 3858.116
    },
    {
        "color": 4294967295,
        "name": "Generic Point 120",
        "x": -2598.592,
        "y": -51.447,
        "z": 5364.306
    },
    {
        "color": 4294967295,
        "name": "Generic Point 121",
        "x": -543.601,
        "y": 188.149,
        "z": 1751.249
    },
    {
        "color": 4294967295,
        "name": "Generic Point 122",
        "x": -493.081,
        "y": 216.165,
        "z": 1608.678
    },
    {
        "color": 4294967295,
        "name": "Generic Point 123",
        "x": -661.686,
        "y": 174.324,
        "z": 885.299
    },
    {
        "color": 4294967295,
        "name": "Generic Point 124",
        "x": -518.817,
        "y": 357.053,
        "z": 608.415
    },
    {
        "color": 4294967295,
        "name": "Generic Point 125",
        "x": 436.466,
        "y": 199.563,
        "z": 749.538
    },
    {
        "color": 4294967295,
        "name": "Generic Point 126",
        "x": 647.24,
        "y": 228.341,
        "z": 986.638
    },
    {
        "color": 4294967295,
        "name": "Generic Point 127",
        "x": -1564.641,
        "y": 168.154,
        "z": 3313.866
    },
    {
        "color": 4294967295,
        "name": "Generic Point 128",
        "x": 762.706,
        "y": 182.072,
        "z": 1248.698
    },
    {
        "color": 4294967295,
        "name": "Generic Point 129",
        "x": 960.561,
        "y": 312.354,
        "z": 1247.942
    },
    {
        "color": 4294967295,
        "name": "Generic Point 13",
        "x": 3001.366,
        "y": 219.836,
        "z": 221.26
    },
    {
        "color": 4294967295,
        "name": "Generic Point 130",
        "x": 755.227,
        "y": 328.203,
        "z": 1473.513
    },
    {
        "color": 4294967295,
        "name": "Generic Point 131",
        "x": 840.934,
        "y": 343.23,
        "z": 1495.941
    },
    {
        "color": 4294967295,
        "name": "Generic Point 132",
        "x": 890.394,
        "y": 328.378,
        "z": 1503.821
    },
    {
        "color": 4294967295,
        "name": "Generic Point 133",
        "x": 1325.537,
        "y": 276.354,
        "z": 1559.236
    },
    {
        "color": 4294967295,
        "name": "Generic Point 134",
        "x": 1262.015,
        "y": 283.7,
        "z": 1533.653
    },
    {
        "color": 4294967295,
        "name": "Generic Point 135",
        "x": 1211.91,
        "y": 276.514,
        "z": 1441.667
    },
    {
        "color": 4294967295,
        "name": "Generic Point 136",
        "x": 1217.956,
        "y": 268.796,
        "z": 1375.744
    },
    {
        "color": 4294967295,
        "name": "Generic Point 137",
        "x": 1149.883,
        "y": 270.745,
        "z": 1335.507
    },
    {
        "color": 4294967295,
        "name": "Generic Point 138",
        "x": -1493.563,
        "y": 181.307,
        "z": 3313.994
    },
    {
        "color": 4294967295,
        "name": "Generic Point 139",
        "x": 1431.954,
        "y": 233.529,
        "z": 1234.489
    },
    {
        "color": 4294967295,
        "name": "Generic Point 14",
        "x": 2161.799,
        "y": 240.991,
        "z": -457.121
    },
    {
        "color": 4294967295,
        "name": "Generic Point 140",
        "x": 1533.259,
        "y": 228.83,
        "z": 1230.753
    },
    {
        "color": 4294967295,
        "name": "Generic Point 141",
        "x": 1031.009,
        "y": 219.189,
        "z": 833.797
    },
    {
        "color": 4294967295,
        "name": "Generic Point 142",
        "x": 1370.546,
        "y": 204.205,
        "z": 278.497
    },
    {
        "color": 4294967295,
        "name": "Generic Point 143",
        "x": 991.923,
        "y": 274.0,
        "z": -387.269
    },
    {
        "color": 4294967295,
        "name": "Generic Point 144",
        "x": 676.191,
        "y": 252.298,
        "z": -416.894
    },
    {
        "color": 4294967295,
        "name": "Generic Point 145",
        "x": 876.276,
        "y": 315.476,
        "z": -469.308
    },
    {
        "color": 4294967295,
        "name": "Generic Point 146",
        "x": 910.374,
        "y": 294.561,
        "z": -529.433
    },
    {
        "color": 4294967295,
        "name": "Generic Point 147",
        "x": -2683.774,
        "y": -9.603,
        "z": 5802.361
    },
    {
        "color": 4294967295,
        "name": "Generic Point 148",
        "x": -2390.869,
        "y": -59.881,
        "z": 5702.364
    },
    {
        "color": 4294967295,
        "name": "Generic Point 149",
        "x": -1509.198,
        "y": 186.787,
        "z": 3434.816
    },
    {
        "color": 4294967295,
        "name": "Generic Point 15",
        "x": 2138.66,
        "y": 224.27,
        "z": -502.337
    },
    {
        "color": 4294967295,
        "name": "Generic Point 150",
        "x": 1196.063,
        "y": 420.513,
        "z": -682.899
    },
    {
        "color": 4294967295,
        "name": "Generic Point 151",
        "x": 1169.021,
        "y": 269.174,
        "z": -558.115
    },
    {
        "color": 4294967295,
        "name": "Generic Point 152",
        "x": 1186.671,
        "y": 423.836,
        "z": -881.423
    },
    {
        "color": 4294967295,
        "name": "Generic Point 153",
        "x": 1082.21,
        "y": 354.622,
        "z": -1068.507
    },
    {
        "color": 4294967295,
        "name": "Generic Point 154",
        "x": -298.702,
        "y": 214.603,
        "z": -906.038
    },
    {
        "color": 4294967295,
        "name": "Generic Point 155",
        "x": -278.86,
        "y": 247.9,
        "z": -957.139
    },
    {
        "color": 4294967295,
        "name": "Generic Point 156",
        "x": -242.117,
        "y": 207.437,
        "z": -977.73
    },
    {
        "color": 4294967295,
        "name": "Generic Point 157",
        "x": 1203.005,
        "y": 294.821,
        "z": -1143.336
    },
    {
        "color": 4294967295,
        "name": "Generic Point 158",
        "x": 1334.851,
        "y": 272.552,
        "z": -1171.92
    },
    {
        "color": 4294967295,
        "name": "Generic Point 159",
        "x": 1420.813,
        "y": 277.507,
        "z": -1082.582
    },
    {
        "color": 4294967295,
        "name": "Generic Point 16",
        "x": 1869.533,
        "y": 250.084,
        "z": -521.014
    },
    {
        "color": 4294967295,
        "name": "Generic Point 160",
        "x": -1305.535,
        "y": 200.233,
        "z": 3569.303
    },
    {
        "color": 4294967295,
        "name": "Generic Point 161",
        "x": 1741.563,
        "y": 276.75,
        "z": -936.356
    },
    {
        "color": 4294967295,
        "name": "Generic Point 162",
        "x": 1889.113,
        "y": 249.346,
        "z": -878.76
    },
    {
        "color": 4294967295,
        "name": "Generic Point 163",
        "x": 1746.254,
        "y": 234.121,
        "z": -606.848
    },
    {
        "color": 4294967295,
        "name": "Generic Point 164",
        "x": 1721.055,
        "y": 218.849,
        "z": -497.69
    },
    {
        "color": 4294967295,
        "name": "Generic Point 165",
        "x": 1776.688,
        "y": 220.454,
        "z": -447.337
    },
    {
        "color": 4294967295,
        "name": "Generic Point 166",
        "x": 1729.277,
        "y": 221.335,
        "z": -423.611
    },
    {
        "color": 4294967295,
        "name": "Generic Point 167",
        "x": 1691.165,
        "y": 213.947,
        "z": -463.439
    },
    {
        "color": 4294967295,
        "name": "Generic Point 168",
        "x": 1543.746,
        "y": 210.546,
        "z": -238.81
    },
    {
        "color": 4294967295,
        "name": "Generic Point 169",
        "x": 1599.469,
        "y": 244.222,
        "z": -12.554
    },
    {
        "color": 4294967295,
        "name": "Generic Point 17",
        "x": 1870.768,
        "y": 256.454,
        "z": -566.53
    },
    {
        "color": 4294967295,
        "name": "Generic Point 170",
        "x": 1697.225,
        "y": 222.877,
        "z": -388.407
    },
    {
        "color": 4294967295,
        "name": "Generic Point 18",
        "x": 1924.369,
        "y": 215.098,
        "z": -818.157
    },
    {
        "color": 4294967295,
        "name": "Generic Point 19",
        "x": 1868.309,
        "y": 202.215,
        "z": -1156.38
    },
    {
        "color": 4294967295,
        "name": "Generic Point 2",
        "x": 1768.417,
        "y": 220.812,
        "z": -366.208
    },
    {
        "color": 4294967295,
        "name": "Generic Point 20",
        "x": 1953.758,
        "y": 199.461,
        "z": -1217.171
    },
    {
        "color": 4294967295,
        "name": "Generic Point 21",
        "x": 1913.725,
        "y": 204.878,
        "z": -1254.266
    },
    {
        "color": 4294967295,
        "name": "Generic Point 22",
        "x": 2058.759,
        "y": 231.77,
        "z": -1563.888
    },
    {
        "color": 4294967295,
        "name": "Generic Point 23",
        "x": -1129.956,
        "y": 181.66,
        "z": 3666.333
    },
    {
        "color": 4294967295,
        "name": "Generic Point 24",
        "x": 2364.378,
        "y": 302.826,
        "z": -1637.851
    },
    {
        "color": 4294967295,
        "name": "Generic Point 25",
        "x": 2300.854,
        "y": 209.83,
        "z": -1085.016
    },
    {
        "color": 4294967295,
        "name": "Generic Point 26",
        "x": 1796.59,
        "y": 205.342,
        "z": -1296.301
    },
    {
        "color": 4294967295,
        "name": "Generic Point 27",
        "x": 1594.591,
        "y": 272.603,
        "z": -1484.011
    },
    {
        "color": 4294967295,
        "name": "Generic Point 28",
        "x": 1467.268,
        "y": 273.855,
        "z": -1527.839
    },
    {
        "color": 4294967295,
        "name": "Generic Point 29",
        "x": 1388.584,
        "y": 272.47,
        "z": -1648.16
    },
    {
        "color": 4294967295,
        "name": "Generic Point 3",
        "x": 1825.466,
        "y": 221.505,
        "z": -397.759
    },
    {
        "color": 4294967295,
        "name": "Generic Point 30",
        "x": 1439.928,
        "y": 274.312,
        "z": -1773.763
    },
    {
        "color": 4294967295,
        "name": "Generic Point 31",
        "x": 1441.313,
        "y": 284.088,
        "z": -1840.202
    },
    {
        "color": 4294967295,
        "name": "Generic Point 32",
        "x": 1334.55,
        "y": 284.931,
        "z": -1793.635
    },
    {
        "color": 4294967295,
        "name": "Generic Point 33",
        "x": 1472.582,
        "y": 338.965,
        "z": -2085.476
    },
    {
        "color": 4294967295,
        "name": "Generic Point 34",
        "x": -804.107,
        "y": 14.129,
        "z": 3191.888
    },
    {
        "color": 4294967295,
        "name": "Generic Point 35",
        "x": -2347.605,
        "y": 218.836,
        "z": -4195.479
    },
    {
        "color": 4294967295,
        "name": "Generic Point 36",
        "x": -2424.262,
        "y": 230.97,
        "z": -4444.526
    },
    {
        "color": 4294967295,
        "name": "Generic Point 37",
        "x": -2734.945,
        "y": 223.242,
        "z": -4314.512
    },
    {
        "color": 4294967295,
        "name": "Generic Point 38",
        "x": -2803.327,
        "y": 224.577,
        "z": -4333.436
    },
    {
        "color": 4294967295,
        "name": "Generic Point 39",
        "x": -2938.443,
        "y": 209.038,
        "z": -4218.71
    },
    {
        "color": 4294967295,
        "name": "Generic Point 4",
        "x": 1798.21,
        "y": 215.695,
        "z": -269.295
    },
    {
        "color": 4294967295,
        "name": "Generic Point 40",
        "x": -3174.734,
        "y": 205.667,
        "z": -3463.023
    },
    {
        "color": 4294967295,
        "name": "Generic Point 41",
        "x": -3439.036,
        "y": 203.068,
        "z": -3041.277
    },
    {
        "color": 4294967295,
        "name": "Generic Point 42",
        "x": -3621.601,
        "y": 216.997,
        "z": -3142.336
    },
    {
        "color": 4294967295,
        "name": "Generic Point 43",
        "x": -3656.708,
        "y": 256.304,
        "z": -3109.564
    },
    {
        "color": 4294967295,
        "name": "Generic Point 44",
        "x": -3680.725,
        "y": 258.257,
        "z": -3153.793
    },
    {
        "color": 4294967295,
        "name": "Generic Point 45",
        "x": -723.447,
        "y": 252.765,
        "z": 3198.319
    },
    {
        "color": 4294967295,
        "name": "Generic Point 46",
        "x": -3668.658,
        "y": 285.082,
        "z": -3039.341
    },
    {
        "color": 4294967295,
        "name": "Generic Point 47",
        "x": -3723.726,
        "y": 240.81,
        "z": -3068.045
    },
    {
        "color": 4294967295,
        "name": "Generic Point 48",
        "x": -3729.859,
        "y": 283.41,
        "z": -3142.354
    },
    {
        "color": 4294967295,
        "name": "Generic Point 49",
        "x": -3772.197,
        "y": 203.121,
        "z": -3162.469
    },
    {
        "color": 4294967295,
        "name": "Generic Point 5",
        "x": 1869.993,
        "y": 226.511,
        "z": -362.244
    },
    {
        "color": 4294967295,
        "name": "Generic Point 50",
        "x": -4374.731,
        "y": 191.233,
        "z": -3823.356
    },
    {
        "color": 4294967295,
        "name": "Generic Point 51",
        "x": -4440.053,
        "y": 168.324,
        "z": -3830.673
    },
    {
        "color": 4294967295,
        "name": "Generic Point 52",
        "x": -4352.202,
        "y": 206.847,
        "z": -4018.84
    },
    {
        "color": 4294967295,
        "name": "Generic Point 53",
        "x": -4315.348,
        "y": 231.599,
        "z": -4142.897
    },
    {
        "color": 4294967295,
        "name": "Generic Point 54",
        "x": -4266.494,
        "y": 231.929,
        "z": -4220.29
    },
    {
        "color": 4294967295,
        "name": "Generic Point 55",
        "x": -4248.625,
        "y": 212.614,
        "z": -4289.59
    },
    {
        "color": 4294967295,
        "name": "Generic Point 56",
        "x": -627.572,
        "y": 225.437,
        "z": 3288.988
    },
    {
        "color": 4294967295,
        "name": "Generic Point 57",
        "x": -4277.81,
        "y": 218.813,
        "z": -4452.806
    },
    {
        "color": 4294967295,
        "name": "Generic Point 58",
        "x": -4549.972,
        "y": 213.328,
        "z": -4305.035
    },
    {
        "color": 4294967295,
        "name": "Generic Point 59",
        "x": -4545.794,
        "y": 207.981,
        "z": -4245.991
    },
    {
        "color": 4294967295,
        "name": "Generic Point 6",
        "x": 2249.741,
        "y": 232.335,
        "z": -29.79
    },
    {
        "color": 4294967295,
        "name": "Generic Point 60",
        "x": -4680.2,
        "y": 155.154,
        "z": -4276.94
    },
    {
        "color": 4294967295,
        "name": "Generic Point 61",
        "x": -1908.85,
        "y": 128.112,
        "z": 5378.456
    },
    {
        "color": 4294967295,
        "name": "Generic Point 62",
        "x": -4643.726,
        "y": 144.485,
        "z": -4225.634
    },
    {
        "color": 4294967295,
        "name": "Generic Point 63",
        "x": -4689.085,
        "y": 157.097,
        "z": -4224.653
    },
    {
        "color": 4294967295,
        "name": "Generic Point 64",
        "x": -4712.543,
        "y": 207.656,
        "z": -4190.02
    },
    {
        "color": 4294967295,
        "name": "Generic Point 65",
        "x": -1924.36,
        "y": 127.496,
        "z": 5330.552
    },
    {
        "color": 4294967295,
        "name": "Generic Point 66",
        "x": -4751.837,
        "y": 207.846,
        "z": -4223.489
    },
    {
        "color": 4294967295,
        "name": "Generic Point 67",
        "x": -524.512,
        "y": 164.75,
        "z": 3559.623
    },
    {
        "color": 4294967295,
        "name": "Generic Point 68",
        "x": -4756.966,
        "y": 209.448,
        "z": -4305.402
    },
    {
        "color": 4294967295,
        "name": "Generic Point 69",
        "x": -4846.068,
        "y": 209.823,
        "z": -4355.286
    },
    {
        "color": 4294967295,
        "name": "Generic Point 7",
        "x": 2398.386,
        "y": 231.543,
        "z": 10.584
    },
    {
        "color": 4294967295,
        "name": "Generic Point 70",
        "x": -5035.299,
        "y": 204.02,
        "z": -4125.971
    },
    {
        "color": 4294967295,
        "name": "Generic Point 71",
        "x": -6293.538,
        "y": 238.796,
        "z": -2694.849
    },
    {
        "color": 4294967295,
        "name": "Generic Point 72",
        "x": -6341.422,
        "y": 209.811,
        "z": -2719.395
    },
    {
        "color": 4294967295,
        "name": "Generic Point 73",
        "x": -1415.802,
        "y": 8.854,
        "z": 4724.303
    },
    {
        "color": 4294967295,
        "name": "Generic Point 74",
        "x": -2160.369,
        "y": 61.894,
        "z": 4313.182
    },
    {
        "color": 4294967295,
        "name": "Generic Point 75",
        "x": -2138.318,
        "y": 243.679,
        "z": 4400.466
    },
    {
        "color": 4294967295,
        "name": "Generic Point 76",
        "x": -2461.711,
        "y": 251.204,
        "z": 4461.505
    },
    {
        "color": 4294967295,
        "name": "Generic Point 77",
        "x": -2459.83,
        "y": 341.025,
        "z": 4002.183
    },
    {
        "color": 4294967295,
        "name": "Generic Point 78",
        "x": -628.827,
        "y": -36.994,
        "z": 3742.656
    },
    {
        "color": 4294967295,
        "name": "Generic Point 79",
        "x": -2113.484,
        "y": 299.969,
        "z": 4106.815
    },
    {
        "color": 4294967295,
        "name": "Generic Point 8",
        "x": 2483.206,
        "y": 209.384,
        "z": 132.184
    },
    {
        "color": 4294967295,
        "name": "Generic Point 80",
        "x": -1994.261,
        "y": 290.726,
        "z": 3988.378
    },
    {
        "color": 4294967295,
        "name": "Generic Point 81",
        "x": -494.466,
        "y": 275.242,
        "z": 3709.085
    },
    {
        "color": 4294967295,
        "name": "Generic Point 82",
        "x": -365.215,
        "y": 216.118,
        "z": 3720.91
    },
    {
        "color": 4294967295,
        "name": "Generic Point 83",
        "x": -1677.448,
        "y": 295.368,
        "z": 4201.407
    },
    {
        "color": 4294967295,
        "name": "Generic Point 84",
        "x": -364.414,
        "y": 232.15,
        "z": 3893.847
    },
    {
        "color": 4294967295,
        "name": "Generic Point 85",
        "x": -426.434,
        "y": 126.099,
        "z": 3923.284
    },
    {
        "color": 4294967295,
        "name": "Generic Point 86",
        "x": -335.337,
        "y": 186.59,
        "z": 3974.495
    },
    {
        "color": 4294967295,
        "name": "Generic Point 87",
        "x": -316.547,
        "y": 242.274,
        "z": 3726.193
    },
    {
        "color": 4294967295,
        "name": "Generic Point 88",
        "x": -61.256,
        "y": 227.413,
        "z": 3278.603
    },
    {
        "color": 4294967295,
        "name": "Generic Point 89",
        "x": 83.911,
        "y": 273.993,
        "z": 2991.002
    },
    {
        "color": 4294967295,
        "name": "Generic Point 9",
        "x": 2527.671,
        "y": 206.03,
        "z": 333.724
    },
    {
        "color": 4294967295,
        "name": "Generic Point 90",
        "x": -238.287,
        "y": 261.824,
        "z": 3349.571
    },
    {
        "color": 4294967295,
        "name": "Generic Point 91",
        "x": -348.499,
        "y": 220.781,
        "z": 3366.387
    },
    {
        "color": 4294967295,
        "name": "Generic Point 92",
        "x": -341.543,
        "y": 204.324,
        "z": 3031.22
    },
    {
        "color": 4294967295,
        "name": "Generic Point 93",
        "x": -392.708,
        "y": 246.184,
        "z": 2890.982
    },
    {
        "color": 4294967295,
        "name": "Generic Point 94",
        "x": -1654.334,
        "y": 289.756,
        "z": 3964.666
    },
    {
        "color": 4294967295,
        "name": "Generic Point 95",
        "x": 121.819,
        "y": 206.857,
        "z": 2531.53
    },
    {
        "color": 4294967295,
        "name": "Generic Point 96",
        "x": 116.629,
        "y": 240.993,
        "z": 2390.65
    },
    {
        "color": 4294967295,
        "name": "Generic Point 97",
        "x": 348.238,
        "y": 185.685,
        "z": 2259.777
    },
    {
        "color": 4294967295,
        "name": "Generic Point 98",
        "x": -7.023,
        "y": 267.116,
        "z": 2343.036
    },
    {
        "color": 4294967295,
        "name": "Generic Point 99",
        "x": -766.474,
        "y": 230.007,
        "z": 2698.707
    }
]