[
    {
        "color": 4294967295,
        "name": "Generic Point 0",
        "x": -4548.84,
        "y": 204.688,
        "z": -3868.52
    },
    {
        "color": 4294967295,
        "name": "Generic Point 1",
        "x": -316.547,
        "y": 274.402,
        "z": 1028.611
    },
    {
        "color": 4294967295,
        "name": "Generic Point 10",
        "x": -903.697,
        "y": 203.072,
        "z": 2225.76
    },
    {
        "color": 4294967295,
        "name": "Generic Point 11",
        "x": -3298.858,
        "y": 212.241,
        "z": -3565.937
    },
    {
        "color": 4294967295,
        "name": "Generic Point 12",
        "x": -921.518,
        "y": 213.175,
        "z": 2399.275
    },
    {
        "color": 4294967295,
        "name": "Generic Point 13",
        "x": -1025.617,
        "y": 233.21,
        "z": 2571.331
    },
    {
        "color": 4294967295,
        "name": "Generic Point 14",
        "x": -897.179,
        "y": 212.22,
        "z": 2594.785
    },
    {
        "color": 4294967295,
        "name": "Generic Point 15",
        "x": -846.136,
        "y": 209.096,
        "z": 2642.301
    },
    {
        "color": 4294967295,
        "name": "Generic Point 16",
        "x": -759.155,
        "y": 216.732,
        "z": 2794.431
    },
    {
        "color": 4294967295,
        "name": "Generic Point 17",
        "x": -1013.429,
        "y": 274.552,
        "z": 2948.117
    },
    {
        "color": 4294967295,
        "name": "Generic Point 18",
        "x": -730.461,
        "y": 224.516,
        "z": 2996.431
    },
    {
        "color": 4294967295,
        "name": "Generic Point 19",
        "x": -592.259,
        "y": 223.509,
        "z": 3058.133
    },
    {
        "color": 4294967295,
        "name": "Generic Point 2",
        "x": 32.798,
        "y": 278.948,
        "z": 1732.814
    },
    {
        "color": 4294967295,
        "name": "Generic Point 20",
        "x": -964.541,
        "y": 214.226,
        "z": 3575.755
    },
    {
        "color": 4294967295,
        "name": "Generic Point 21",
        "x": -2124.894,
        "y": -42.777,
        "z": 5780.753
    },
    {
        "color": 4294967295,
        "name": "Generic Point 22",
        "x": -3252.296,
        "y": 209.737,
        "z": -3602.081
    },
    {
        "color": 4294967295,
        "name": "Generic Point 23",
        "x": -390.775,
        "y": 256.172,
        "z": 3423.851
    },
    {
        "color": 4294967295,
        "name": "Generic Point 24",
        "x": -351.083,
        "y": 220.707,
        "z": 3511.513
    },
    {
        "color": 4294967295,
        "name": "Generic Point 25",
        "x": -73.012,
        "y": 254.893,
        "z": 2904.053
    },
    {
        "color": 4294967295,
        "name": "Generic Point 26",
        "x": 204.792,
        "y": 269.224,
        "z": 2913.475
    },
    {
        "color": 4294967295,
        "name": "Generic Point 27",
        "x": 244.695,
        "y": 279.363,
        "z": 2914.989
    },
    {
        "color": 4294967295,
        "name": "Generic Point 28",
        "x": 163.562,
        "y": 292.416,
        "z": 2470.364
    },
    {
        "color": 4294967295,
        "name": "Generic Point 29",
        "x": 722.988,
        "y": 408.674,
        "z": 1859.572
    },
    {
        "color": 4294967295,
        "name": "Generic Point 3",
        "x": 167.794,
        "y": 316.429,
        "z": 1822.048
    },
    {
        "color": 4294967295,
        "name": "Generic Point 30",
        "x": 1970.791,
        "y": 209.821,
        "z": 854.786
    },
    {
        "color": 4294967295,
        "name": "Generic Point 31",
        "x": 1896.257,
        "y": 209.723,
        "z": 852.9
    },
    {
        "color": 4294967295,
        "name": "Generic Point 32",
        "x": 1762.787,
        "y": 249.734,
        "z": 780.132
    },
    {
        "color": 4294967295,
        "name": "Generic Point 33",
        "x": -3249.439,
        "y": 217.327,
        "z": -3577.638
    },
    {
        "color": 4294967295,
        "name": "Generic Point 34",
        "x": 1392.143,
        "y": 205.783,
        "z": 407.109
    },
    {
        "color": 4294967295,
        "name": "Generic Point 35",
        "x": 1064.163,
        "y": 214.272,
        "z": -67.195
    },
    {
        "color": 4294967295,
        "name": "Generic Point 36",
        "x": 1796.827,
        "y": 225.272,
        "z": -410.01
    },
    {
        "color": 4294967295,
        "name": "Generic Point 37",
        "x": 1807.099,
        "y": 246.36,
        "z": -549.278
    },
    {
        "color": 4294967295,
        "name": "Generic Point 38",
        "x": 2228.802,
        "y": 275.228,
        "z": -235.682
    },
    {
        "color": 4294967295,
        "name": "Generic Point 39",
        "x": 2219.361,
        "y": 241.775,
        "z": -440.251
    },
    {
        "color": 4294967295,
        "name": "Generic Point 4",
        "x": 24.733,
        "y": 383.373,
        "z": 2149.543
    },
    {
        "color": 4294967295,
        "name": "Generic Point 40",
        "x": 2319.522,
        "y": 260.267,
        "z": -448.529
    },
    {
        "color": 4294967295,
        "name": "Generic Point 41",
        "x": 2648.303,
        "y": 229.959,
        "z": -474.868
    },
    {
        "color": 4294967295,
        "name": "Generic Point 42",
        "x": 2121.977,
        "y": 216.634,
        "z": -544.189
    },
    {
        "color": 4294967295,
        "name": "Generic Point 43",
        "x": 1921.929,
        "y": 209.493,
        "z": -768.264
    },
    {
        "color": 4294967295,
        "name": "Generic Point 44",
        "x": -3353.567,
        "y": 203.556,
        "z": -3251.898
    },
    {
        "color": 4294967295,
        "name": "Generic Point 45",
        "x": 1806.326,
        "y": 236.98,
        "z": -846.744
    },
    {
        "color": 4294967295,
        "name": "Generic Point 46",
        "x": 1591.063,
        "y": 290.553,
        "z": -1113.466
    },
    {
        "color": 4294967295,
        "name": "Generic Point 47",
        "x": 1295.815,
        "y": 266.309,
        "z": -1650.26
    },
    {
        "color": 4294967295,
        "name": "Generic Point 48",
        "x": 1308.923,
        "y": 259.89,
        "z": -1661.245
    },
    {
        "color": 4294967295,
        "name": "Generic Point 49",
        "x": 1314.76,
        "y": 280.778,
        "z": -1731.626
    },
    {
        "color": 4294967295,
        "name": "Generic Point 5",
        "x": -59.547,
        "y": 331.312,
        "z": 2207.545
    },
    {
        "color": 4294967295,
        "name": "Generic Point 50",
        "x": 2231.072,
        "y": 237.252,
        "z": -1371.431
    },
    {
        "color": 4294967295,
        "name": "Generic Point 51",
        "x": 2405.195,
        "y": 253.643,
        "z": -1415.525
    },
    {
        "color": 4294967295,
        "name": "Generic Point 52",
        "x": 2220.353,
        "y": 229.25,
        "z": -1203.259
    },
    {
        "color": 4294967295,
        "name": "Generic Point 53",
        "x": 2168.562,
        "y": 210.7,
        "z": -1093.403
    },
    {
        "color": 4294967295,
        "name": "Generic Point 54",
        "x": 2296.556,
        "y": 211.418,
        "z": -1085.662
    },
    {
        "color": 4294967295,
        "name": "Generic Point 55",
        "x": -139.673,
        "y": 265.31,
        "z": -9.667
    },
    {
        "color": 4294967295,
        "name": "Generic Point 56",
        "x": 2327.139,
        "y": 211.129,
        "z": -1119.746
    },
    {
        "color": 4294967295,
        "name": "Generic Point 57",
        "x": 2382.675,
        "y": 209.878,
        "z": -963.751
    },
    {
        "color": 4294967295,
        "name": "Generic Point 58",
        "x": 2447.714,
        "y": 214.416,
        "z": -1119.209
    },
    {
        "color": 4294967295,
        "name": "Generic Point 59",
        "x": 2467.036,
        "y": 210.105,
        "z": -1226.955
    },
    {
        "color": 4294967295,
        "name": "Generic Point 6",
        "x": -21.123,
        "y": 236.018,
        "z": 2456.102
    },
    {
        "color": 4294967295,
        "name": "Generic Point 60",
        "x": 2548.858,
        "y": 208.559,
        "z": -1203.736
    },
    {
        "color": 4294967295,
        "name": "Generic Point 61",
        "x": 2661.198,
        "y": 238.939,
        "z": -1083.49
    },
    {
        "color": 4294967295,
        "name": "Generic Point 62",
        "x": 2726.724,
        "y": 256.326,
        "z": -1225.453
    },
    {
        "color": 4294967295,
        "name": "Generic Point 63",
        "x": 2800.144,
        "y": 262.55,
        "z": -1260.096
    },
    {
        "color": 4294967295,
        "name": "Generic Point 64",
        "x": 633.313,
        "y": 206.254,
        "z": 304.599
    },
    {
        "color": 4294967295,
        "name": "Generic Point 65",
        "x": 454.137,
        "y": 218.527,
        "z": 653.594
    },
    {
        "color": 4294967295,
        "name": "Generic Point 66",
        "x": -336.881,
        "y": 236.493,
        "z": 917.964
    },
    {
        "color": 4294967295,
        "name": "Generic Point 7",
        "x": -258.888,
        "y": 174.271,
        "z": 2445.458
    },
    {
        "color": 4294967295,
        "name": "Generic Point 8",
        "x": -891.491,
        "y": 198.615,
        "z": 2134.765
    },
    {
        "color": 4294967295,
        "name": "Generic Point 9",
        "x": -911.533,
        "y": 200.135,
        "z": 2163.876
    }
]