[
    {
        "color": 4294967295,
        "name": "Generic Point 0",
        "x": 2790.003173828125,
        "y": 413.3349609375,
        "z": 4467.77685546875
    },
    {
        "color": 4294967295,
        "name": "Generic Point 1",
        "x": 2832.759765625,
        "y": 371.0696105957031,
        "z": 4446.7119140625
    },
    {
        "color": 4294967295,
        "name": "Generic Point 10",
        "x": 3284.28466796875,
        "y": 410.9038391113281,
        "z": 3900.982177734375
    },
    {
        "color": 4294967295,
        "name": "Generic Point 11",
        "x": 3717.99267578125,
        "y": 424.1007385253906,
        "z": 4170.662109375
    },
    {
        "color": 4294967295,
        "name": "Generic Point 12",
        "x": 3858.03857421875,
        "y": 428.1070861816406,
        "z": 4286.0322265625
    },
    {
        "color": 4294967295,
        "name": "Generic Point 13",
        "x": 4009.31396484375,
        "y": 373.87384033203125,
        "z": 4353.71484375
    },
    {
        "color": 4294967295,
        "name": "Generic Point 2",
        "x": 2890.000732421875,
        "y": 377.6043395996094,
        "z": 4496.7724609375
    },
    {
        "color": 4294967295,
        "name": "Generic Point 3",
        "x": 2905.741455078125,
        "y": 426.5286560058594,
        "z": 4410.6435546875
    },
    {
        "color": 4294967295,
        "name": "Generic Point 4",
        "x": 3024.438232421875,
        "y": 382.4843444824219,
        "z": 4190.6513671875
    },
    {
        "color": 4294967295,
        "name": "Generic Point 5",
        "x": 3148.17431640625,
        "y": 404.37469482421875,
        "z": 4626.61572265625
    },
    {
        "color": 4294967295,
        "name": "Generic Point 6",
        "x": 3007.767822265625,
        "y": 404.67791748046875,
        "z": 4058.282470703125
    },
    {
        "color": 4294967295,
        "name": "Generic Point 7",
        "x": 3146.085693359375,
        "y": 414.11761474609375,
        "z": 4129.02783203125
    },
    {
        "color": 4294967295,
        "name": "Generic Point 8",
        "x": 3244.870361328125,
        "y": 416.1376647949219,
        "z": 4055.31396484375
    },
    {
        "color": 4294967295,
        "name": "Generic Point 9",
        "x": 3276.941650390625,
        "y": 421.3629150390625,
        "z": 4200.69287109375
    }
]