[
    {
        "color": 4294967295,
        "name": "Generic Point 0",
        "x": -1622.9329833984375,
        "y": 216.331298828125,
        "z": 2791.868408203125
    },
    {
        "color": 4294967295,
        "name": "Generic Point 1",
        "x": -994.6972045898438,
        "y": 214.94720458984375,
        "z": 3769.44140625
    },
    {
        "color": 4294967295,
        "name": "Generic Point 10",
        "x": -84.79121398925781,
        "y": 285.36822509765625,
        "z": 3199.4716796875
    },
    {
        "color": 4294967295,
        "name": "Generic Point 11",
        "x": -1502.130126953125,
        "y": 220.5008544921875,
        "z": 3125.714111328125
    },
    {
        "color": 4294967295,
        "name": "Generic Point 12",
        "x": -57.78862762451172,
        "y": 228.85549926757812,
        "z": 2520.525390625
    },
    {
        "color": 4294967295,
        "name": "Generic Point 13",
        "x": -379.5352783203125,
        "y": 104.58745574951172,
        "z": 2265.969970703125
    },
    {
        "color": 4294967295,
        "name": "Generic Point 14",
        "x": -1847.142578125,
        "y": 359.9792175292969,
        "z": 3536.40380859375
    },
    {
        "color": 4294967295,
        "name": "Generic Point 15",
        "x": -1659.1329345703125,
        "y": 199.083251953125,
        "z": 3477.20947265625
    },
    {
        "color": 4294967295,
        "name": "Generic Point 16",
        "x": -1950.443603515625,
        "y": 222.07167053222656,
        "z": 3269.59619140625
    },
    {
        "color": 4294967295,
        "name": "Generic Point 17",
        "x": -1287.3370361328125,
        "y": 184.04222106933594,
        "z": 3309.7890625
    },
    {
        "color": 4294967295,
        "name": "Generic Point 18",
        "x": -1363.1026611328125,
        "y": 203.62347412109375,
        "z": 3247.754150390625
    },
    {
        "color": 4294967295,
        "name": "Generic Point 19",
        "x": -1406.5782470703125,
        "y": 256.6258850097656,
        "z": 3828.83984375
    },
    {
        "color": 4294967295,
        "name": "Generic Point 2",
        "x": -695.3572387695312,
        "y": 221.9626007080078,
        "z": 3503.13427734375
    },
    {
        "color": 4294967295,
        "name": "Generic Point 20",
        "x": -1312.55908203125,
        "y": 271.4785461425781,
        "z": 3663.791259765625
    },
    {
        "color": 4294967295,
        "name": "Generic Point 3",
        "x": -691.9285278320312,
        "y": 216.3771514892578,
        "z": 2995.859130859375
    },
    {
        "color": 4294967295,
        "name": "Generic Point 4",
        "x": -961.7191772460938,
        "y": 210.4065399169922,
        "z": 2923.296875
    },
    {
        "color": 4294967295,
        "name": "Generic Point 5",
        "x": -921.127685546875,
        "y": 312.1326904296875,
        "z": 3326.1201171875
    },
    {
        "color": 4294967295,
        "name": "Generic Point 6",
        "x": -826.3272094726562,
        "y": 30.194847106933594,
        "z": 3327.147216796875
    },
    {
        "color": 4294967295,
        "name": "Generic Point 7",
        "x": -559.3174438476562,
        "y": 224.00900268554688,
        "z": 3236.83544921875
    },
    {
        "color": 4294967295,
        "name": "Generic Point 8",
        "x": -442.5470275878906,
        "y": 223.99754333496094,
        "z": 3739.615478515625
    },
    {
        "color": 4294967295,
        "name": "Generic Point 9",
        "x": -379.2029113769531,
        "y": 122.67324829101562,
        "z": 3907.028076171875
    }
]