[
    {
        "color": 4294967295,
        "name": "Generic Point 0",
        "x": -448.5834655761719,
        "y": 66.45706176757812,
        "z": 5799.7548828125
    },
    {
        "color": 4294967295,
        "name": "Generic Point 1",
        "x": 384.4436340332031,
        "y": 228.76707458496094,
        "z": 6447.0390625
    },
    {
        "color": 4294967295,
        "name": "Generic Point 10",
        "x": 593.91162109375,
        "y": 334.1483459472656,
        "z": 5517.984375
    },
    {
        "color": 4294967295,
        "name": "Generic Point 11",
        "x": -66.59591674804688,
        "y": 260.3867492675781,
        "z": 6043.3876953125
    },
    {
        "color": 4294967295,
        "name": "Generic Point 12",
        "x": 597.5203857421875,
        "y": 313.1995849609375,
        "z": 5917.9638671875
    },
    {
        "color": 4294967295,
        "name": "Generic Point 13",
        "x": -90.08364868164062,
        "y": 240.00181579589844,
        "z": 6093.01025390625
    },
    {
        "color": 4294967295,
        "name": "Generic Point 14",
        "x": 386.51611328125,
        "y": 220.07151794433594,
        "z": 6107.50048828125
    },
    {
        "color": 4294967295,
        "name": "Generic Point 15",
        "x": 221.37158203125,
        "y": 249.26815795898438,
        "z": 6116.376953125
    },
    {
        "color": 4294967295,
        "name": "Generic Point 16",
        "x": 551.9475708007812,
        "y": 287.06109619140625,
        "z": 6653.6748046875
    },
    {
        "color": 4294967295,
        "name": "Generic Point 17",
        "x": 669.5663452148438,
        "y": 342.96484375,
        "z": 6623.1416015625
    },
    {
        "color": 4294967295,
        "name": "Generic Point 18",
        "x": 738.66259765625,
        "y": 378.0672302246094,
        "z": 6463.58203125
    },
    {
        "color": 4294967295,
        "name": "Generic Point 19",
        "x": 717.74853515625,
        "y": 312.0812072753906,
        "z": 6785.078125
    },
    {
        "color": 4294967295,
        "name": "Generic Point 2",
        "x": 483.529296875,
        "y": 129.557861328125,
        "z": 6505.849609375
    },
    {
        "color": 4294967295,
        "name": "Generic Point 3",
        "x": 549.2742309570312,
        "y": 76.41310119628906,
        "z": 6292.15087890625
    },
    {
        "color": 4294967295,
        "name": "Generic Point 4",
        "x": 1054.4627685546875,
        "y": 122.92085266113281,
        "z": 6497.2822265625
    },
    {
        "color": 4294967295,
        "name": "Generic Point 5",
        "x": 727.653076171875,
        "y": 329.3015441894531,
        "z": 6542.8662109375
    },
    {
        "color": 4294967295,
        "name": "Generic Point 6",
        "x": 1104.599365234375,
        "y": 200.89295959472656,
        "z": 6409.9287109375
    },
    {
        "color": 4294967295,
        "name": "Generic Point 7",
        "x": 676.401123046875,
        "y": 241.17332458496094,
        "z": 5993.72998046875
    },
    {
        "color": 4294967295,
        "name": "Generic Point 8",
        "x": 458.3329162597656,
        "y": 365.126220703125,
        "z": 5884.3203125
    },
    {
        "color": 4294967295,
        "name": "Generic Point 9",
        "x": 341.2148132324219,
        "y": 384.6287536621094,
        "z": 5899.138671875
    }
]