[
    {
        "color": 4294967295,
        "name": "Generic Point 0",
        "x": 290.81341552734375,
        "y": 337.748779296875,
        "z": 193.5048370361328
    },
    {
        "color": 4294967295,
        "name": "Generic Point 1",
        "x": 674.0739135742188,
        "y": 269.7588806152344,
        "z": 664.25390625
    },
    {
        "color": 4294967295,
        "name": "Generic Point 2",
        "x": 680.2406616210938,
        "y": 274.0240783691406,
        "z": 665.5660400390625
    },
    {
        "color": 4294967295,
        "name": "Generic Point 3",
        "x": 335.8878173828125,
        "y": 165.00479125976562,
        "z": -223.0527801513672
    },
    {
        "color": 4294967295,
        "name": "Generic Point 4",
        "x": 333.4103698730469,
        "y": 166.3661346435547,
        "z": -219.85411071777344
    },
    {
        "color": 4294967295,
        "name": "Generic Point 5",
        "x": -168.1826934814453,
        "y": 250.06053161621094,
        "z": 198.856689453125
    },
    {
        "color": 4294967295,
        "name": "Generic Point 6",
        "x": -164.79034423828125,
        "y": 254.55723571777344,
        "z": 193.24598693847656
    },
    {
        "color": 4294967295,
        "name": "Generic Point 7",
        "x": 291.38873291015625,
        "y": 337.6947326660156,
        "z": 195.5336151123047
    }
]