[
    {
        "color": 4294967295,
        "name": "Generic Point 0",
        "x": 1725.74,
        "y": 250.31,
        "z": 551.33
    },
    {
        "color": 4294967295,
        "name": "Generic Point 1",
        "x": 2303.22,
        "y": 215.23,
        "z": -924.19
    },
    {
        "color": 4294967295,
        "name": "Generic Point 10",
        "x": 1566.31,
        "y": 219.9,
        "z": 256.99
    },
    {
        "color": 4294967295,
        "name": "Generic Point 11",
        "x": 908.5,
        "y": 260.86,
        "z": 346.81
    },
    {
        "color": 4294967295,
        "name": "Generic Point 12",
        "x": -470.41,
        "y": 210.26,
        "z": 340.62
    },
    {
        "color": 4294967295,
        "name": "Generic Point 2",
        "x": -676.71,
        "y": 221.73,
        "z": 253.12
    },
    {
        "color": 4294967295,
        "name": "Generic Point 3",
        "x": -584.97,
        "y": 245.46,
        "z": 347.64
    },
    {
        "color": 4294967295,
        "name": "Generic Point 4",
        "x": -427.68,
        "y": 240.39,
        "z": 434.1
    },
    {
        "color": 4294967295,
        "name": "Generic Point 5",
        "x": -544.02,
        "y": 239.03,
        "z": 384.56
    },
    {
        "color": 4294967295,
        "name": "Generic Point 6",
        "x": -592.75,
        "y": 228.08,
        "z": 340.16
    },
    {
        "color": 4294967295,
        "name": "Generic Point 7",
        "x": 2292.25,
        "y": 215.14,
        "z": -911.86
    },
    {
        "color": 4294967295,
        "name": "Generic Point 8",
        "x": -586.51,
        "y": 205.9,
        "z": 159.06
    },
    {
        "color": 4294967295,
        "name": "Generic Point 9",
        "x": -601.3,
        "y": 205.92,
        "z": 159.91
    }
]