[
    {
        "color": 4294967295,
        "name": "Generic Point 0",
        "x": -4005.40966796875,
        "y": 218.63705444335938,
        "z": -2131.244873046875
    },
    {
        "color": 4294967295,
        "name": "Generic Point 1",
        "x": -3792.50146484375,
        "y": 206.66574096679688,
        "z": -2759.529541015625
    },
    {
        "color": 4294967295,
        "name": "Generic Point 2",
        "x": -4002.2900390625,
        "y": 248.65237426757812,
        "z": -2437.862548828125
    },
    {
        "color": 4294967295,
        "name": "Generic Point 3",
        "x": -4097.11572265625,
        "y": 221.87005615234375,
        "z": -2436.5498046875
    },
    {
        "color": 4294967295,
        "name": "Generic Point 4",
        "x": -3824.17041015625,
        "y": 283.5673828125,
        "z": -2436.901611328125
    },
    {
        "color": 4294967295,
        "name": "Generic Point 5",
        "x": -3872.35498046875,
        "y": 315.2030944824219,
        "z": -2348.9990234375
    },
    {
        "color": 4294967295,
        "name": "Generic Point 6",
        "x": -3562.446044921875,
        "y": 214.3295135498047,
        "z": -2001.4637451171875
    }
]