[
    {
        "color": 4294967295,
        "name": "Generic Point 0",
        "x": -1440.7705078125,
        "y": 172.1917266845703,
        "z": 7229.81982421875
    },
    {
        "color": 4294967295,
        "name": "Generic Point 1",
        "x": -1356.087890625,
        "y": 140.93923950195312,
        "z": 7526.486328125
    },
    {
        "color": 4294967295,
        "name": "Generic Point 10",
        "x": -1266.5157470703125,
        "y": 254.48294067382812,
        "z": 8673.4462890625
    },
    {
        "color": 4294967295,
        "name": "Generic Point 11",
        "x": -1408.565185546875,
        "y": 31.04871368408203,
        "z": 8707.8701171875
    },
    {
        "color": 4294967295,
        "name": "Generic Point 12",
        "x": -1582.0064697265625,
        "y": 144.2174072265625,
        "z": 8709.0234375
    },
    {
        "color": 4294967295,
        "name": "Generic Point 13",
        "x": -1634.410888671875,
        "y": 128.82525634765625,
        "z": 8907.9833984375
    },
    {
        "color": 4294967295,
        "name": "Generic Point 14",
        "x": -1459.46337890625,
        "y": 126.09738159179688,
        "z": 9045.6015625
    },
    {
        "color": 4294967295,
        "name": "Generic Point 15",
        "x": -1381.143798828125,
        "y": 243.35617065429688,
        "z": 9051.662109375
    },
    {
        "color": 4294967295,
        "name": "Generic Point 16",
        "x": -1847.1424560546875,
        "y": 66.30238342285156,
        "z": 9051.49609375
    },
    {
        "color": 4294967295,
        "name": "Generic Point 17",
        "x": -1879.041748046875,
        "y": 59.46984100341797,
        "z": 8974.7490234375
    },
    {
        "color": 4294967295,
        "name": "Generic Point 18",
        "x": -1968.2073974609375,
        "y": 64.57231903076172,
        "z": 9089.505859375
    },
    {
        "color": 4294967295,
        "name": "Generic Point 19",
        "x": -2300.859619140625,
        "y": 243.24835205078125,
        "z": 8945.525390625
    },
    {
        "color": 4294967295,
        "name": "Generic Point 2",
        "x": -1645.836181640625,
        "y": 267.8796081542969,
        "z": 7630.60205078125
    },
    {
        "color": 4294967295,
        "name": "Generic Point 20",
        "x": -2681.14404296875,
        "y": 217.04530334472656,
        "z": 8912.7392578125
    },
    {
        "color": 4294967295,
        "name": "Generic Point 21",
        "x": -3012.81494140625,
        "y": 206.802001953125,
        "z": 8745.9345703125
    },
    {
        "color": 4294967295,
        "name": "Generic Point 22",
        "x": -3028.665771484375,
        "y": 379.0188903808594,
        "z": 8545.5791015625
    },
    {
        "color": 4294967295,
        "name": "Generic Point 23",
        "x": -2928.438232421875,
        "y": 252.89141845703125,
        "z": 8286.93359375
    },
    {
        "color": 4294967295,
        "name": "Generic Point 24",
        "x": -2844.851318359375,
        "y": 423.45025634765625,
        "z": 8351.6533203125
    },
    {
        "color": 4294967295,
        "name": "Generic Point 25",
        "x": -2741.175537109375,
        "y": 43.10523986816406,
        "z": 8662.318359375
    },
    {
        "color": 4294967295,
        "name": "Generic Point 26",
        "x": -2752.465087890625,
        "y": 200.28607177734375,
        "z": 7875.4052734375
    },
    {
        "color": 4294967295,
        "name": "Generic Point 27",
        "x": -2521.97509765625,
        "y": 241.22296142578125,
        "z": 8291.3701171875
    },
    {
        "color": 4294967295,
        "name": "Generic Point 28",
        "x": -2669.22802734375,
        "y": 87.5917739868164,
        "z": 8346.7568359375
    },
    {
        "color": 4294967295,
        "name": "Generic Point 29",
        "x": -2442.725341796875,
        "y": 253.4783172607422,
        "z": 8641.2568359375
    },
    {
        "color": 4294967295,
        "name": "Generic Point 3",
        "x": -1565.01171875,
        "y": 102.70735931396484,
        "z": 7974.287109375
    },
    {
        "color": 4294967295,
        "name": "Generic Point 30",
        "x": -2346.185546875,
        "y": 287.7065734863281,
        "z": 8375.697265625
    },
    {
        "color": 4294967295,
        "name": "Generic Point 31",
        "x": -2219.394775390625,
        "y": 254.94671630859375,
        "z": 8511.4130859375
    },
    {
        "color": 4294967295,
        "name": "Generic Point 32",
        "x": -2061.56591796875,
        "y": 151.26553344726562,
        "z": 8668.6396484375
    },
    {
        "color": 4294967295,
        "name": "Generic Point 33",
        "x": -1856.916748046875,
        "y": 131.56024169921875,
        "z": 8735.724609375
    },
    {
        "color": 4294967295,
        "name": "Generic Point 34",
        "x": -1814.5535888671875,
        "y": -63.811702728271484,
        "z": 8429.3837890625
    },
    {
        "color": 4294967295,
        "name": "Generic Point 35",
        "x": -2193.68896484375,
        "y": 356.0586853027344,
        "z": 8367.3427734375
    },
    {
        "color": 4294967295,
        "name": "Generic Point 36",
        "x": -2285.37060546875,
        "y": 353.60662841796875,
        "z": 8193.986328125
    },
    {
        "color": 4294967295,
        "name": "Generic Point 37",
        "x": -2369.95849609375,
        "y": 225.22708129882812,
        "z": 8064.44482421875
    },
    {
        "color": 4294967295,
        "name": "Generic Point 38",
        "x": -2227.621337890625,
        "y": 226.37794494628906,
        "z": 7975.029296875
    },
    {
        "color": 4294967295,
        "name": "Generic Point 39",
        "x": -2121.606689453125,
        "y": 256.62152099609375,
        "z": 8062.35888671875
    },
    {
        "color": 4294967295,
        "name": "Generic Point 4",
        "x": -1513.8135986328125,
        "y": -76.78429412841797,
        "z": 8023.08544921875
    },
    {
        "color": 4294967295,
        "name": "Generic Point 40",
        "x": -2047.730224609375,
        "y": 266.1767883300781,
        "z": 7846.8212890625
    },
    {
        "color": 4294967295,
        "name": "Generic Point 41",
        "x": -2108.232666015625,
        "y": 110.36219787597656,
        "z": 7654.45458984375
    },
    {
        "color": 4294967295,
        "name": "Generic Point 42",
        "x": -2253.19775390625,
        "y": 251.4781494140625,
        "z": 7739.2421875
    },
    {
        "color": 4294967295,
        "name": "Generic Point 43",
        "x": -1800.7672119140625,
        "y": -40.93836975097656,
        "z": 8113.04833984375
    },
    {
        "color": 4294967295,
        "name": "Generic Point 44",
        "x": -1736.2320556640625,
        "y": 49.96578598022461,
        "z": 8244.123046875
    },
    {
        "color": 4294967295,
        "name": "Generic Point 45",
        "x": -1750.103515625,
        "y": 190.46170043945312,
        "z": 7855.37841796875
    },
    {
        "color": 4294967295,
        "name": "Generic Point 5",
        "x": -1332.569091796875,
        "y": 60.010948181152344,
        "z": 7995.64111328125
    },
    {
        "color": 4294967295,
        "name": "Generic Point 6",
        "x": -1427.3131103515625,
        "y": 65.3203125,
        "z": 8268.1787109375
    },
    {
        "color": 4294967295,
        "name": "Generic Point 7",
        "x": -1218.37353515625,
        "y": 174.64273071289062,
        "z": 8400.0732421875
    },
    {
        "color": 4294967295,
        "name": "Generic Point 8",
        "x": -1356.349609375,
        "y": -198.0948486328125,
        "z": 8492.1669921875
    },
    {
        "color": 4294967295,
        "name": "Generic Point 9",
        "x": -1484.0672607421875,
        "y": 126.86363983154297,
        "z": 8443.1484375
    }
]