[
    {
        "color": 4294967295,
        "name": "Generic Point 0",
        "x": 53.25,
        "y": 264.26,
        "z": 371.23
    },
    {
        "color": 4294967295,
        "name": "Generic Point 1",
        "x": 84.24,
        "y": 253.74,
        "z": 312.74
    },
    {
        "color": 4294967295,
        "name": "Generic Point 10",
        "x": 2192.27,
        "y": 213.06,
        "z": -876.23
    },
    {
        "color": 4294967295,
        "name": "Generic Point 2",
        "x": 53.27,
        "y": 264.29,
        "z": 373.41
    },
    {
        "color": 4294967295,
        "name": "Generic Point 3",
        "x": 937.11,
        "y": 213.86,
        "z": 347.76
    },
    {
        "color": 4294967295,
        "name": "Generic Point 4",
        "x": 913.83,
        "y": 260.64,
        "z": 355.38
    },
    {
        "color": 4294967295,
        "name": "Generic Point 5",
        "x": 888.16,
        "y": 256.65,
        "z": 325.05
    },
    {
        "color": 4294967295,
        "name": "Generic Point 6",
        "x": 1640.83,
        "y": 212.68,
        "z": 153.92
    },
    {
        "color": 4294967295,
        "name": "Generic Point 7",
        "x": 2177.69,
        "y": 211.29,
        "z": -1036.25
    },
    {
        "color": 4294967295,
        "name": "Generic Point 8",
        "x": 1942.06,
        "y": 198.0,
        "z": -1365.14
    },
    {
        "color": 4294967295,
        "name": "Generic Point 9",
        "x": 2233.23,
        "y": 213.18,
        "z": -914.97
    }
]