[
    {
        "color": 4294967295,
        "name": "Generic Point 0",
        "x": -1332.9112548828125,
        "y": 151.08932495117188,
        "z": 4358.93310546875
    },
    {
        "color": 4294967295,
        "name": "Generic Point 1",
        "x": -2340.90087890625,
        "y": 49.875282287597656,
        "z": 4286.09326171875
    },
    {
        "color": 4294967295,
        "name": "Generic Point 10",
        "x": -2842.251953125,
        "y": 190.88937377929688,
        "z": 5826.24267578125
    },
    {
        "color": 4294967295,
        "name": "Generic Point 100",
        "x": -295.4781799316406,
        "y": -18.775344848632812,
        "z": 4600.1240234375
    },
    {
        "color": 4294967295,
        "name": "Generic Point 101",
        "x": -518.9347534179688,
        "y": 207.07373046875,
        "z": 5434.3232421875
    },
    {
        "color": 4294967295,
        "name": "Generic Point 102",
        "x": -409.7396240234375,
        "y": 117.95967864990234,
        "z": 5607.58251953125
    },
    {
        "color": 4294967295,
        "name": "Generic Point 103",
        "x": -379.9239196777344,
        "y": 143.6767120361328,
        "z": 5495.802734375
    },
    {
        "color": 4294967295,
        "name": "Generic Point 104",
        "x": -401.2677001953125,
        "y": 248.00631713867188,
        "z": 5326.80029296875
    },
    {
        "color": 4294967295,
        "name": "Generic Point 105",
        "x": -249.90313720703125,
        "y": -27.918964385986328,
        "z": 4750.49365234375
    },
    {
        "color": 4294967295,
        "name": "Generic Point 106",
        "x": -779.233154296875,
        "y": 59.353389739990234,
        "z": 4512.134765625
    },
    {
        "color": 4294967295,
        "name": "Generic Point 107",
        "x": -477.7476806640625,
        "y": 231.38609313964844,
        "z": 5323.99365234375
    },
    {
        "color": 4294967295,
        "name": "Generic Point 108",
        "x": -949.3237915039062,
        "y": -131.41107177734375,
        "z": 4921.02880859375
    },
    {
        "color": 4294967295,
        "name": "Generic Point 109",
        "x": -1011.6094970703125,
        "y": 141.4397430419922,
        "z": 5061.22607421875
    },
    {
        "color": 4294967295,
        "name": "Generic Point 11",
        "x": -1307.65673828125,
        "y": 73.28425598144531,
        "z": 4530.78271484375
    },
    {
        "color": 4294967295,
        "name": "Generic Point 110",
        "x": -1149.03564453125,
        "y": -33.18088912963867,
        "z": 5454.46826171875
    },
    {
        "color": 4294967295,
        "name": "Generic Point 111",
        "x": -1506.49951171875,
        "y": 45.151885986328125,
        "z": 5621.64794921875
    },
    {
        "color": 4294967295,
        "name": "Generic Point 112",
        "x": -449.02947998046875,
        "y": 211.77713012695312,
        "z": 5461.466796875
    },
    {
        "color": 4294967295,
        "name": "Generic Point 113",
        "x": -277.7669372558594,
        "y": 110.39815521240234,
        "z": 5424.208984375
    },
    {
        "color": 4294967295,
        "name": "Generic Point 114",
        "x": -281.29754638671875,
        "y": 127.25775146484375,
        "z": 5551.90576171875
    },
    {
        "color": 4294967295,
        "name": "Generic Point 115",
        "x": -346.26751708984375,
        "y": 113.9694595336914,
        "z": 5612.7421875
    },
    {
        "color": 4294967295,
        "name": "Generic Point 12",
        "x": -2839.089599609375,
        "y": 75.75049591064453,
        "z": 5804.24853515625
    },
    {
        "color": 4294967295,
        "name": "Generic Point 13",
        "x": -2715.380126953125,
        "y": 0.34402981400489807,
        "z": 5763.591796875
    },
    {
        "color": 4294967295,
        "name": "Generic Point 14",
        "x": -2677.76806640625,
        "y": -20.99077796936035,
        "z": 5839.9052734375
    },
    {
        "color": 4294967295,
        "name": "Generic Point 15",
        "x": -2596.047119140625,
        "y": 16.42120933532715,
        "z": 5688.1865234375
    },
    {
        "color": 4294967295,
        "name": "Generic Point 16",
        "x": -2614.809814453125,
        "y": 45.85707092285156,
        "z": 5588.2529296875
    },
    {
        "color": 4294967295,
        "name": "Generic Point 17",
        "x": -2757.26806640625,
        "y": -50.17238235473633,
        "z": 5326.71875
    },
    {
        "color": 4294967295,
        "name": "Generic Point 18",
        "x": -2704.5166015625,
        "y": 25.62124252319336,
        "z": 5389.0810546875
    },
    {
        "color": 4294967295,
        "name": "Generic Point 19",
        "x": -2582.083251953125,
        "y": 42.621822357177734,
        "z": 5365.50390625
    },
    {
        "color": 4294967295,
        "name": "Generic Point 2",
        "x": -2465.8759765625,
        "y": 25.905067443847656,
        "z": 4325.90478515625
    },
    {
        "color": 4294967295,
        "name": "Generic Point 20",
        "x": -2513.717041015625,
        "y": 142.20167541503906,
        "z": 5175.703125
    },
    {
        "color": 4294967295,
        "name": "Generic Point 21",
        "x": -2413.18994140625,
        "y": 120.02523803710938,
        "z": 5043.2880859375
    },
    {
        "color": 4294967295,
        "name": "Generic Point 22",
        "x": -1426.63525390625,
        "y": 2.5179147720336914,
        "z": 4729.72021484375
    },
    {
        "color": 4294967295,
        "name": "Generic Point 23",
        "x": -2318.0,
        "y": 136.21395874023438,
        "z": 4974.60009765625
    },
    {
        "color": 4294967295,
        "name": "Generic Point 24",
        "x": -2265.801025390625,
        "y": 75.30886840820312,
        "z": 5149.77099609375
    },
    {
        "color": 4294967295,
        "name": "Generic Point 25",
        "x": -2366.40234375,
        "y": 68.13121795654297,
        "z": 5231.1279296875
    },
    {
        "color": 4294967295,
        "name": "Generic Point 26",
        "x": -2359.925537109375,
        "y": 50.71635055541992,
        "z": 5337.98291015625
    },
    {
        "color": 4294967295,
        "name": "Generic Point 27",
        "x": -2323.53515625,
        "y": 165.28868103027344,
        "z": 5298.318359375
    },
    {
        "color": 4294967295,
        "name": "Generic Point 28",
        "x": -2244.923095703125,
        "y": 15.854433059692383,
        "z": 5328.79296875
    },
    {
        "color": 4294967295,
        "name": "Generic Point 29",
        "x": -2417.837890625,
        "y": -28.02002716064453,
        "z": 5408.365234375
    },
    {
        "color": 4294967295,
        "name": "Generic Point 3",
        "x": -2394.11669921875,
        "y": 81.51811218261719,
        "z": 4416.3125
    },
    {
        "color": 4294967295,
        "name": "Generic Point 30",
        "x": -2410.8037109375,
        "y": 157.59005737304688,
        "z": 5545.76318359375
    },
    {
        "color": 4294967295,
        "name": "Generic Point 31",
        "x": -2419.435546875,
        "y": 180.51075744628906,
        "z": 5615.6142578125
    },
    {
        "color": 4294967295,
        "name": "Generic Point 32",
        "x": -2273.294921875,
        "y": 3.1406121253967285,
        "z": 5619.7158203125
    },
    {
        "color": 4294967295,
        "name": "Generic Point 33",
        "x": -1441.9346923828125,
        "y": 74.1368637084961,
        "z": 4841.9521484375
    },
    {
        "color": 4294967295,
        "name": "Generic Point 34",
        "x": -2212.335205078125,
        "y": -20.481678009033203,
        "z": 5579.1875
    },
    {
        "color": 4294967295,
        "name": "Generic Point 35",
        "x": -2265.630859375,
        "y": 190.85433959960938,
        "z": 5542.5302734375
    },
    {
        "color": 4294967295,
        "name": "Generic Point 36",
        "x": -2321.00390625,
        "y": 219.91175842285156,
        "z": 5556.08056640625
    },
    {
        "color": 4294967295,
        "name": "Generic Point 37",
        "x": -2301.783203125,
        "y": 204.41595458984375,
        "z": 5485.529296875
    },
    {
        "color": 4294967295,
        "name": "Generic Point 38",
        "x": -2349.1044921875,
        "y": 474.26190185546875,
        "z": 5595.5556640625
    },
    {
        "color": 4294967295,
        "name": "Generic Point 39",
        "x": -2258.96044921875,
        "y": 16.05376434326172,
        "z": 5742.7626953125
    },
    {
        "color": 4294967295,
        "name": "Generic Point 4",
        "x": -3224.663818359375,
        "y": 282.46673583984375,
        "z": 4749.27587890625
    },
    {
        "color": 4294967295,
        "name": "Generic Point 40",
        "x": -2261.98046875,
        "y": -34.63156509399414,
        "z": 5882.5830078125
    },
    {
        "color": 4294967295,
        "name": "Generic Point 41",
        "x": -2323.166015625,
        "y": 172.9645538330078,
        "z": 5841.27880859375
    },
    {
        "color": 4294967295,
        "name": "Generic Point 42",
        "x": -2180.94287109375,
        "y": 41.10758972167969,
        "z": 5864.7294921875
    },
    {
        "color": 4294967295,
        "name": "Generic Point 43",
        "x": -2184.52490234375,
        "y": 65.1787109375,
        "z": 5956.48046875
    },
    {
        "color": 4294967295,
        "name": "Generic Point 44",
        "x": -1556.742431640625,
        "y": -35.213714599609375,
        "z": 4552.4052734375
    },
    {
        "color": 4294967295,
        "name": "Generic Point 45",
        "x": -2213.97509765625,
        "y": -91.75013732910156,
        "z": 5993.3779296875
    },
    {
        "color": 4294967295,
        "name": "Generic Point 46",
        "x": -2104.3662109375,
        "y": -55.237247467041016,
        "z": 5708.6630859375
    },
    {
        "color": 4294967295,
        "name": "Generic Point 47",
        "x": -2074.412841796875,
        "y": -39.960323333740234,
        "z": 5676.25244140625
    },
    {
        "color": 4294967295,
        "name": "Generic Point 48",
        "x": -2166.688232421875,
        "y": 30.196794509887695,
        "z": 5544.181640625
    },
    {
        "color": 4294967295,
        "name": "Generic Point 49",
        "x": -2117.022705078125,
        "y": -38.763492584228516,
        "z": 5556.97216796875
    },
    {
        "color": 4294967295,
        "name": "Generic Point 5",
        "x": -3169.23193359375,
        "y": 272.9168701171875,
        "z": 4752.630859375
    },
    {
        "color": 4294967295,
        "name": "Generic Point 50",
        "x": -2042.1068115234375,
        "y": 161.60060119628906,
        "z": 5559.4404296875
    },
    {
        "color": 4294967295,
        "name": "Generic Point 51",
        "x": -1973.2183837890625,
        "y": 7.247837066650391,
        "z": 5583.25048828125
    },
    {
        "color": 4294967295,
        "name": "Generic Point 52",
        "x": -1842.90234375,
        "y": 156.70404052734375,
        "z": 5483.4833984375
    },
    {
        "color": 4294967295,
        "name": "Generic Point 53",
        "x": -1821.074462890625,
        "y": 156.7445831298828,
        "z": 5690.31982421875
    },
    {
        "color": 4294967295,
        "name": "Generic Point 54",
        "x": -1933.42919921875,
        "y": 151.38931274414062,
        "z": 5932.30859375
    },
    {
        "color": 4294967295,
        "name": "Generic Point 55",
        "x": -1669.252685546875,
        "y": 26.490488052368164,
        "z": 4528.326171875
    },
    {
        "color": 4294967295,
        "name": "Generic Point 56",
        "x": -1908.8270263671875,
        "y": 151.06484985351562,
        "z": 5313.0087890625
    },
    {
        "color": 4294967295,
        "name": "Generic Point 57",
        "x": -2212.43798828125,
        "y": 62.24291229248047,
        "z": 4272.35498046875
    },
    {
        "color": 4294967295,
        "name": "Generic Point 58",
        "x": -2291.83837890625,
        "y": 60.16260528564453,
        "z": 4463.16162109375
    },
    {
        "color": 4294967295,
        "name": "Generic Point 59",
        "x": -2346.98681640625,
        "y": 86.64678192138672,
        "z": 4398.31640625
    },
    {
        "color": 4294967295,
        "name": "Generic Point 6",
        "x": -3019.741455078125,
        "y": 273.3444519042969,
        "z": 4750.751953125
    },
    {
        "color": 4294967295,
        "name": "Generic Point 60",
        "x": -581.3582763671875,
        "y": 252.4110107421875,
        "z": 5197.798828125
    },
    {
        "color": 4294967295,
        "name": "Generic Point 61",
        "x": -374.7781677246094,
        "y": 138.43080139160156,
        "z": 5534.12548828125
    },
    {
        "color": 4294967295,
        "name": "Generic Point 62",
        "x": -1114.891845703125,
        "y": -30.60025405883789,
        "z": 5487.3857421875
    },
    {
        "color": 4294967295,
        "name": "Generic Point 63",
        "x": -1311.097900390625,
        "y": -1.727325439453125,
        "z": 5422.90966796875
    },
    {
        "color": 4294967295,
        "name": "Generic Point 64",
        "x": -1309.24609375,
        "y": 7.039714813232422,
        "z": 5379.66162109375
    },
    {
        "color": 4294967295,
        "name": "Generic Point 65",
        "x": -1332.30224609375,
        "y": 37.5866584777832,
        "z": 5356.10986328125
    },
    {
        "color": 4294967295,
        "name": "Generic Point 66",
        "x": -1254.299560546875,
        "y": -44.16825866699219,
        "z": 5447.32177734375
    },
    {
        "color": 4294967295,
        "name": "Generic Point 67",
        "x": -1279.189208984375,
        "y": 78.2187271118164,
        "z": 5072.09716796875
    },
    {
        "color": 4294967295,
        "name": "Generic Point 68",
        "x": -1065.60498046875,
        "y": 123.74864959716797,
        "z": 5068.10986328125
    },
    {
        "color": 4294967295,
        "name": "Generic Point 69",
        "x": -1035.2218017578125,
        "y": 150.13034057617188,
        "z": 5076.14111328125
    },
    {
        "color": 4294967295,
        "name": "Generic Point 7",
        "x": -2967.8388671875,
        "y": 298.5340270996094,
        "z": 4716.349609375
    },
    {
        "color": 4294967295,
        "name": "Generic Point 70",
        "x": -972.077392578125,
        "y": 177.79335021972656,
        "z": 4987.41064453125
    },
    {
        "color": 4294967295,
        "name": "Generic Point 71",
        "x": -588.2652587890625,
        "y": 261.72198486328125,
        "z": 5272.583984375
    },
    {
        "color": 4294967295,
        "name": "Generic Point 72",
        "x": -945.24072265625,
        "y": 179.13937377929688,
        "z": 4962.3544921875
    },
    {
        "color": 4294967295,
        "name": "Generic Point 73",
        "x": -939.3695678710938,
        "y": -139.741455078125,
        "z": 4873.8779296875
    },
    {
        "color": 4294967295,
        "name": "Generic Point 74",
        "x": -833.9063110351562,
        "y": -136.7843780517578,
        "z": 4903.28955078125
    },
    {
        "color": 4294967295,
        "name": "Generic Point 75",
        "x": -947.6206665039062,
        "y": -156.05247497558594,
        "z": 4971.1611328125
    },
    {
        "color": 4294967295,
        "name": "Generic Point 76",
        "x": -1014.038330078125,
        "y": -134.49423217773438,
        "z": 5027.43408203125
    },
    {
        "color": 4294967295,
        "name": "Generic Point 77",
        "x": -886.3065795898438,
        "y": -173.8664093017578,
        "z": 5037.46240234375
    },
    {
        "color": 4294967295,
        "name": "Generic Point 78",
        "x": -840.2039184570312,
        "y": 64.9414291381836,
        "z": 4645.591796875
    },
    {
        "color": 4294967295,
        "name": "Generic Point 79",
        "x": -878.1856689453125,
        "y": 58.8701286315918,
        "z": 4576.580078125
    },
    {
        "color": 4294967295,
        "name": "Generic Point 8",
        "x": -3002.7568359375,
        "y": 258.5006103515625,
        "z": 4897.27490234375
    },
    {
        "color": 4294967295,
        "name": "Generic Point 80",
        "x": -855.83447265625,
        "y": 81.14237976074219,
        "z": 4416.2724609375
    },
    {
        "color": 4294967295,
        "name": "Generic Point 81",
        "x": -663.6141357421875,
        "y": 102.4395523071289,
        "z": 4303.7412109375
    },
    {
        "color": 4294967295,
        "name": "Generic Point 82",
        "x": -477.02496337890625,
        "y": 266.83221435546875,
        "z": 5132.333984375
    },
    {
        "color": 4294967295,
        "name": "Generic Point 83",
        "x": -271.94189453125,
        "y": -25.198766708374023,
        "z": 4688.95458984375
    },
    {
        "color": 4294967295,
        "name": "Generic Point 84",
        "x": -282.23828125,
        "y": -8.65278434753418,
        "z": 4763.15185546875
    },
    {
        "color": 4294967295,
        "name": "Generic Point 85",
        "x": -151.3123016357422,
        "y": -41.20924377441406,
        "z": 4786.8310546875
    },
    {
        "color": 4294967295,
        "name": "Generic Point 86",
        "x": -218.5042724609375,
        "y": 2.965637683868408,
        "z": 4852.89697265625
    },
    {
        "color": 4294967295,
        "name": "Generic Point 87",
        "x": -149.32325744628906,
        "y": -43.55967330932617,
        "z": 4884.07373046875
    },
    {
        "color": 4294967295,
        "name": "Generic Point 88",
        "x": -770.3536987304688,
        "y": 63.99009323120117,
        "z": 4578.47216796875
    },
    {
        "color": 4294967295,
        "name": "Generic Point 89",
        "x": -696.7584838867188,
        "y": 59.36370849609375,
        "z": 4490.63134765625
    },
    {
        "color": 4294967295,
        "name": "Generic Point 9",
        "x": -2894.162109375,
        "y": 263.1108703613281,
        "z": 4947.29345703125
    },
    {
        "color": 4294967295,
        "name": "Generic Point 90",
        "x": -1393.6419677734375,
        "y": 2.2149500846862793,
        "z": 5736.26123046875
    },
    {
        "color": 4294967295,
        "name": "Generic Point 91",
        "x": -1414.072998046875,
        "y": 4.779602527618408,
        "z": 5716.5029296875
    },
    {
        "color": 4294967295,
        "name": "Generic Point 92",
        "x": -1524.010009765625,
        "y": 45.23627853393555,
        "z": 5595.3974609375
    },
    {
        "color": 4294967295,
        "name": "Generic Point 93",
        "x": -267.1990966796875,
        "y": 144.8790283203125,
        "z": 5288.66259765625
    },
    {
        "color": 4294967295,
        "name": "Generic Point 94",
        "x": -1507.3922119140625,
        "y": 27.01769256591797,
        "z": 5597.2373046875
    },
    {
        "color": 4294967295,
        "name": "Generic Point 95",
        "x": -1540.7080078125,
        "y": 28.42141342163086,
        "z": 5557.8671875
    },
    {
        "color": 4294967295,
        "name": "Generic Point 96",
        "x": -1512.836181640625,
        "y": 24.085588455200195,
        "z": 5530.84228515625
    },
    {
        "color": 4294967295,
        "name": "Generic Point 97",
        "x": -1047.168212890625,
        "y": -61.40338134765625,
        "z": 5613.08349609375
    },
    {
        "color": 4294967295,
        "name": "Generic Point 98",
        "x": -1155.1312255859375,
        "y": 105.72692108154297,
        "z": 5050.10791015625
    },
    {
        "color": 4294967295,
        "name": "Generic Point 99",
        "x": -839.1868286132812,
        "y": -147.0397491455078,
        "z": 4927.974609375
    }
]