[
    {
        "color": 4294967295,
        "name": "Generic Point 0",
        "x": 1342.9,
        "y": 230.633,
        "z": 3844.14
    },
    {
        "color": 4294967295,
        "name": "Generic Point 1",
        "x": 1293.99,
        "y": 239.964,
        "z": 3828.98
    },
    {
        "color": 4294967295,
        "name": "Generic Point 10",
        "x": 1757.15,
        "y": 563.926,
        "z": 4648.77
    },
    {
        "color": 4294967295,
        "name": "Generic Point 11",
        "x": 1667.51,
        "y": 585.708,
        "z": 4655.55
    },
    {
        "color": 4294967295,
        "name": "Generic Point 12",
        "x": 1717.56,
        "y": 559.084,
        "z": 4587.33
    },
    {
        "color": 4294967295,
        "name": "Generic Point 13",
        "x": 1616.91,
        "y": 558.058,
        "z": 4529.14
    },
    {
        "color": 4294967295,
        "name": "Generic Point 14",
        "x": 1166.72,
        "y": 61.5461,
        "z": 3925.86
    },
    {
        "color": 4294967295,
        "name": "Generic Point 15",
        "x": 1531.06,
        "y": 554.001,
        "z": 4322.12
    },
    {
        "color": 4294967295,
        "name": "Generic Point 16",
        "x": 1568.06,
        "y": 565.319,
        "z": 4296.93
    },
    {
        "color": 4294967295,
        "name": "Generic Point 17",
        "x": 1394.15,
        "y": 236.438,
        "z": 3897.02
    },
    {
        "color": 4294967295,
        "name": "Generic Point 18",
        "x": 1428.58,
        "y": 229.604,
        "z": 3881.12
    },
    {
        "color": 4294967295,
        "name": "Generic Point 19",
        "x": 1382.1,
        "y": 175.443,
        "z": 3794.81
    },
    {
        "color": 4294967295,
        "name": "Generic Point 2",
        "x": 1651.84,
        "y": 567.645,
        "z": 4492.78
    },
    {
        "color": 4294967295,
        "name": "Generic Point 20",
        "x": 1347.93,
        "y": 291.103,
        "z": 3888.86
    },
    {
        "color": 4294967295,
        "name": "Generic Point 21",
        "x": 1345.61,
        "y": 267.568,
        "z": 3865.28
    },
    {
        "color": 4294967295,
        "name": "Generic Point 22",
        "x": 1310.27,
        "y": 255.257,
        "z": 3901.47
    },
    {
        "color": 4294967295,
        "name": "Generic Point 23",
        "x": 1352.46,
        "y": 244.465,
        "z": 3920.65
    },
    {
        "color": 4294967295,
        "name": "Generic Point 24",
        "x": 1351.73,
        "y": 282.099,
        "z": 3930.81
    },
    {
        "color": 4294967295,
        "name": "Generic Point 25",
        "x": 1255.56,
        "y": 122.212,
        "z": 3902.11
    },
    {
        "color": 4294967295,
        "name": "Generic Point 26",
        "x": 1284.06,
        "y": 137.436,
        "z": 3979.6
    },
    {
        "color": 4294967295,
        "name": "Generic Point 27",
        "x": 1441.96,
        "y": 231.672,
        "z": 3919.52
    },
    {
        "color": 4294967295,
        "name": "Generic Point 28",
        "x": 1421.09,
        "y": 194.805,
        "z": 3878.77
    },
    {
        "color": 4294967295,
        "name": "Generic Point 29",
        "x": 1452.44,
        "y": 188.148,
        "z": 3922.13
    },
    {
        "color": 4294967295,
        "name": "Generic Point 3",
        "x": 1161.28,
        "y": 64.62,
        "z": 3898.08
    },
    {
        "color": 4294967295,
        "name": "Generic Point 30",
        "x": 1469.05,
        "y": 173.54,
        "z": 3944.31
    },
    {
        "color": 4294967295,
        "name": "Generic Point 31",
        "x": 1475.63,
        "y": 187.492,
        "z": 3999.77
    },
    {
        "color": 4294967295,
        "name": "Generic Point 32",
        "x": 1457.77,
        "y": 206.265,
        "z": 4034.77
    },
    {
        "color": 4294967295,
        "name": "Generic Point 33",
        "x": 1597.11,
        "y": 199.812,
        "z": 3986.2
    },
    {
        "color": 4294967295,
        "name": "Generic Point 34",
        "x": 1452.61,
        "y": 94.767,
        "z": 3974.46
    },
    {
        "color": 4294967295,
        "name": "Generic Point 35",
        "x": 1375.06,
        "y": 160.48,
        "z": 3659.01
    },
    {
        "color": 4294967295,
        "name": "Generic Point 36",
        "x": 1219.56,
        "y": 53.6875,
        "z": 3855.21
    },
    {
        "color": 4294967295,
        "name": "Generic Point 37",
        "x": 1617.05,
        "y": 195.213,
        "z": 3893.54
    },
    {
        "color": 4294967295,
        "name": "Generic Point 38",
        "x": 1674.1,
        "y": 206.986,
        "z": 3904.99
    },
    {
        "color": 4294967295,
        "name": "Generic Point 39",
        "x": 1665.52,
        "y": 220.393,
        "z": 3862.28
    },
    {
        "color": 4294967295,
        "name": "Generic Point 4",
        "x": 1626.39,
        "y": 643.232,
        "z": 4621.5
    },
    {
        "color": 4294967295,
        "name": "Generic Point 40",
        "x": 1375.01,
        "y": 171.225,
        "z": 4027.82
    },
    {
        "color": 4294967295,
        "name": "Generic Point 41",
        "x": 1378.38,
        "y": 166.885,
        "z": 4051.9
    },
    {
        "color": 4294967295,
        "name": "Generic Point 42",
        "x": 1455.16,
        "y": 357.393,
        "z": 3452.16
    },
    {
        "color": 4294967295,
        "name": "Generic Point 43",
        "x": 1457.1,
        "y": 344.706,
        "z": 3433.84
    },
    {
        "color": 4294967295,
        "name": "Generic Point 44",
        "x": 1379.68,
        "y": 906.556,
        "z": 4903.46
    },
    {
        "color": 4294967295,
        "name": "Generic Point 45",
        "x": 1444.81,
        "y": 648.029,
        "z": 4636.91
    },
    {
        "color": 4294967295,
        "name": "Generic Point 46",
        "x": 1447.77,
        "y": 653.683,
        "z": 4673.2
    },
    {
        "color": 4294967295,
        "name": "Generic Point 47",
        "x": 1332.92,
        "y": 605.909,
        "z": 4744.76
    },
    {
        "color": 4294967295,
        "name": "Generic Point 48",
        "x": 1279.49,
        "y": 601.943,
        "z": 4713.44
    },
    {
        "color": 4294967295,
        "name": "Generic Point 49",
        "x": 1643.89,
        "y": 605.603,
        "z": 4443.98
    },
    {
        "color": 4294967295,
        "name": "Generic Point 5",
        "x": 1619.44,
        "y": 626.656,
        "z": 4600.9
    },
    {
        "color": 4294967295,
        "name": "Generic Point 50",
        "x": 1561.45,
        "y": 601.913,
        "z": 4607.11
    },
    {
        "color": 4294967295,
        "name": "Generic Point 51",
        "x": 1516.18,
        "y": 131.36,
        "z": 3878.57
    },
    {
        "color": 4294967295,
        "name": "Generic Point 52",
        "x": 1635.33,
        "y": 236.957,
        "z": 3706.74
    },
    {
        "color": 4294967295,
        "name": "Generic Point 53",
        "x": 1261.46,
        "y": 129.563,
        "z": 3870.52
    },
    {
        "color": 4294967295,
        "name": "Generic Point 54",
        "x": 1267.64,
        "y": 97.6725,
        "z": 3887.31
    },
    {
        "color": 4294967295,
        "name": "Generic Point 6",
        "x": 1696.44,
        "y": 655.332,
        "z": 4598.64
    },
    {
        "color": 4294967295,
        "name": "Generic Point 7",
        "x": 1732.62,
        "y": 661.923,
        "z": 4594.04
    },
    {
        "color": 4294967295,
        "name": "Generic Point 8",
        "x": 1763.12,
        "y": 661.999,
        "z": 4589.68
    },
    {
        "color": 4294967295,
        "name": "Generic Point 9",
        "x": 1635.84,
        "y": 605.514,
        "z": 4493.92
    }
]