[
    {
        "color": 4294967295,
        "name": "Generic Point 0",
        "x": 3777.138671875,
        "y": 476.9385681152344,
        "z": 4886.24169921875
    },
    {
        "color": 4294967295,
        "name": "Generic Point 1",
        "x": 3756.358154296875,
        "y": 474.4007873535156,
        "z": 4792.095703125
    },
    {
        "color": 4294967295,
        "name": "Generic Point 10",
        "x": 3881.78466796875,
        "y": 389.8946228027344,
        "z": 4257.14306640625
    },
    {
        "color": 4294967295,
        "name": "Generic Point 100",
        "x": 3146.673095703125,
        "y": 441.43243408203125,
        "z": 4656.1728515625
    },
    {
        "color": 4294967295,
        "name": "Generic Point 101",
        "x": 3695.49560546875,
        "y": 479.1291198730469,
        "z": 3706.4619140625
    },
    {
        "color": 4294967295,
        "name": "Generic Point 102",
        "x": 3663.11376953125,
        "y": 487.3636779785156,
        "z": 3679.653564453125
    },
    {
        "color": 4294967295,
        "name": "Generic Point 103",
        "x": 3620.232666015625,
        "y": 480.4346618652344,
        "z": 3687.736572265625
    },
    {
        "color": 4294967295,
        "name": "Generic Point 104",
        "x": 3632.9072265625,
        "y": 486.0805969238281,
        "z": 3630.640869140625
    },
    {
        "color": 4294967295,
        "name": "Generic Point 105",
        "x": 2749.10546875,
        "y": 457.7026062011719,
        "z": 4219.96728515625
    },
    {
        "color": 4294967295,
        "name": "Generic Point 106",
        "x": 2542.17041015625,
        "y": 490.0249328613281,
        "z": 4251.99169921875
    },
    {
        "color": 4294967295,
        "name": "Generic Point 107",
        "x": 2488.63720703125,
        "y": 524.6552124023438,
        "z": 4124.9169921875
    },
    {
        "color": 4294967295,
        "name": "Generic Point 108",
        "x": 2503.537841796875,
        "y": 446.7967834472656,
        "z": 4378.20849609375
    },
    {
        "color": 4294967295,
        "name": "Generic Point 109",
        "x": 2807.1630859375,
        "y": 463.8561706542969,
        "z": 4122.60009765625
    },
    {
        "color": 4294967295,
        "name": "Generic Point 11",
        "x": 3805.058837890625,
        "y": 441.0404357910156,
        "z": 4298.49462890625
    },
    {
        "color": 4294967295,
        "name": "Generic Point 110",
        "x": 2851.484375,
        "y": 455.2372741699219,
        "z": 4200.91455078125
    },
    {
        "color": 4294967295,
        "name": "Generic Point 111",
        "x": 2818.547119140625,
        "y": 415.89691162109375,
        "z": 4307.00830078125
    },
    {
        "color": 4294967295,
        "name": "Generic Point 12",
        "x": 3697.70556640625,
        "y": 426.61920166015625,
        "z": 4164.443359375
    },
    {
        "color": 4294967295,
        "name": "Generic Point 13",
        "x": 3485.97802734375,
        "y": 400.66571044921875,
        "z": 4117.3369140625
    },
    {
        "color": 4294967295,
        "name": "Generic Point 14",
        "x": 3442.89453125,
        "y": 403.7483215332031,
        "z": 4090.95654296875
    },
    {
        "color": 4294967295,
        "name": "Generic Point 15",
        "x": 3396.063232421875,
        "y": 401.29315185546875,
        "z": 4032.611328125
    },
    {
        "color": 4294967295,
        "name": "Generic Point 16",
        "x": 3316.60400390625,
        "y": 381.350830078125,
        "z": 4010.4375
    },
    {
        "color": 4294967295,
        "name": "Generic Point 17",
        "x": 3461.014404296875,
        "y": 427.39849853515625,
        "z": 3985.07421875
    },
    {
        "color": 4294967295,
        "name": "Generic Point 18",
        "x": 3366.760498046875,
        "y": 391.9508972167969,
        "z": 3796.8447265625
    },
    {
        "color": 4294967295,
        "name": "Generic Point 19",
        "x": 3235.010498046875,
        "y": 423.3511047363281,
        "z": 3907.015625
    },
    {
        "color": 4294967295,
        "name": "Generic Point 2",
        "x": 3671.45263671875,
        "y": 470.0856628417969,
        "z": 4777.16552734375
    },
    {
        "color": 4294967295,
        "name": "Generic Point 20",
        "x": 3319.845703125,
        "y": 418.5932312011719,
        "z": 3899.526123046875
    },
    {
        "color": 4294967295,
        "name": "Generic Point 21",
        "x": 3429.272705078125,
        "y": 411.9178771972656,
        "z": 4178.3837890625
    },
    {
        "color": 4294967295,
        "name": "Generic Point 22",
        "x": 3459.78955078125,
        "y": 391.2557678222656,
        "z": 4207.1630859375
    },
    {
        "color": 4294967295,
        "name": "Generic Point 23",
        "x": 3517.67431640625,
        "y": 410.4062805175781,
        "z": 4219.6171875
    },
    {
        "color": 4294967295,
        "name": "Generic Point 24",
        "x": 3535.395263671875,
        "y": 397.5009765625,
        "z": 4273.21484375
    },
    {
        "color": 4294967295,
        "name": "Generic Point 25",
        "x": 3738.352294921875,
        "y": 436.5805969238281,
        "z": 4029.031982421875
    },
    {
        "color": 4294967295,
        "name": "Generic Point 26",
        "x": 3654.587890625,
        "y": 415.2682189941406,
        "z": 3988.527099609375
    },
    {
        "color": 4294967295,
        "name": "Generic Point 27",
        "x": 3844.669921875,
        "y": 444.0634765625,
        "z": 4130.65673828125
    },
    {
        "color": 4294967295,
        "name": "Generic Point 28",
        "x": 3804.810546875,
        "y": 429.2688903808594,
        "z": 4107.99267578125
    },
    {
        "color": 4294967295,
        "name": "Generic Point 29",
        "x": 3927.9384765625,
        "y": 474.9858703613281,
        "z": 3986.060302734375
    },
    {
        "color": 4294967295,
        "name": "Generic Point 3",
        "x": 3869.242919921875,
        "y": 588.0042724609375,
        "z": 4716.42236328125
    },
    {
        "color": 4294967295,
        "name": "Generic Point 30",
        "x": 3508.550537109375,
        "y": 322.8820495605469,
        "z": 4968.44580078125
    },
    {
        "color": 4294967295,
        "name": "Generic Point 31",
        "x": 3392.624267578125,
        "y": 425.4641418457031,
        "z": 5023.94189453125
    },
    {
        "color": 4294967295,
        "name": "Generic Point 32",
        "x": 3625.502685546875,
        "y": 440.7825012207031,
        "z": 5034.1708984375
    },
    {
        "color": 4294967295,
        "name": "Generic Point 33",
        "x": 3237.611572265625,
        "y": 445.8968505859375,
        "z": 4753.37646484375
    },
    {
        "color": 4294967295,
        "name": "Generic Point 34",
        "x": 3360.1181640625,
        "y": 384.5943298339844,
        "z": 4825.45849609375
    },
    {
        "color": 4294967295,
        "name": "Generic Point 35",
        "x": 3218.093994140625,
        "y": 414.5325012207031,
        "z": 4853.47509765625
    },
    {
        "color": 4294967295,
        "name": "Generic Point 36",
        "x": 2669.557373046875,
        "y": 228.3898468017578,
        "z": 4988.986328125
    },
    {
        "color": 4294967295,
        "name": "Generic Point 37",
        "x": 2646.487060546875,
        "y": 215.59735107421875,
        "z": 5009.4609375
    },
    {
        "color": 4294967295,
        "name": "Generic Point 38",
        "x": 2621.171142578125,
        "y": 487.50836181640625,
        "z": 4999.01513671875
    },
    {
        "color": 4294967295,
        "name": "Generic Point 39",
        "x": 2701.67041015625,
        "y": 476.8608093261719,
        "z": 5178.5966796875
    },
    {
        "color": 4294967295,
        "name": "Generic Point 4",
        "x": 3990.956787109375,
        "y": 441.5499267578125,
        "z": 4553.18701171875
    },
    {
        "color": 4294967295,
        "name": "Generic Point 40",
        "x": 2797.802734375,
        "y": 509.7276611328125,
        "z": 5136.0400390625
    },
    {
        "color": 4294967295,
        "name": "Generic Point 41",
        "x": 2757.829833984375,
        "y": 515.6226196289062,
        "z": 5077.5927734375
    },
    {
        "color": 4294967295,
        "name": "Generic Point 42",
        "x": 2864.240966796875,
        "y": 540.281982421875,
        "z": 5076.21533203125
    },
    {
        "color": 4294967295,
        "name": "Generic Point 43",
        "x": 2759.620849609375,
        "y": 607.0801391601562,
        "z": 4954.30322265625
    },
    {
        "color": 4294967295,
        "name": "Generic Point 44",
        "x": 2752.66943359375,
        "y": 679.2042846679688,
        "z": 4952.44189453125
    },
    {
        "color": 4294967295,
        "name": "Generic Point 45",
        "x": 2961.5791015625,
        "y": 527.43017578125,
        "z": 4962.49365234375
    },
    {
        "color": 4294967295,
        "name": "Generic Point 46",
        "x": 3014.867919921875,
        "y": 512.7635498046875,
        "z": 5079.7490234375
    },
    {
        "color": 4294967295,
        "name": "Generic Point 47",
        "x": 2950.231689453125,
        "y": 543.58642578125,
        "z": 5159.37890625
    },
    {
        "color": 4294967295,
        "name": "Generic Point 48",
        "x": 3110.335205078125,
        "y": 498.2667541503906,
        "z": 5027.42431640625
    },
    {
        "color": 4294967295,
        "name": "Generic Point 49",
        "x": 3138.0859375,
        "y": 539.1502685546875,
        "z": 4982.18798828125
    },
    {
        "color": 4294967295,
        "name": "Generic Point 5",
        "x": 3740.6611328125,
        "y": 475.4437255859375,
        "z": 4905.92431640625
    },
    {
        "color": 4294967295,
        "name": "Generic Point 50",
        "x": 2961.405029296875,
        "y": 510.4610595703125,
        "z": 4911.16259765625
    },
    {
        "color": 4294967295,
        "name": "Generic Point 51",
        "x": 2472.4375,
        "y": 453.448974609375,
        "z": 5047.2294921875
    },
    {
        "color": 4294967295,
        "name": "Generic Point 52",
        "x": 2465.93017578125,
        "y": 215.09371948242188,
        "z": 4990.1962890625
    },
    {
        "color": 4294967295,
        "name": "Generic Point 53",
        "x": 2253.66943359375,
        "y": 440.5334777832031,
        "z": 4990.18896484375
    },
    {
        "color": 4294967295,
        "name": "Generic Point 54",
        "x": 2214.912353515625,
        "y": 451.1596984863281,
        "z": 4522.66943359375
    },
    {
        "color": 4294967295,
        "name": "Generic Point 55",
        "x": 2335.705322265625,
        "y": 462.7264404296875,
        "z": 4351.32666015625
    },
    {
        "color": 4294967295,
        "name": "Generic Point 56",
        "x": 2282.093994140625,
        "y": 503.83062744140625,
        "z": 4762.87939453125
    },
    {
        "color": 4294967295,
        "name": "Generic Point 57",
        "x": 2274.07421875,
        "y": 224.30517578125,
        "z": 4738.1640625
    },
    {
        "color": 4294967295,
        "name": "Generic Point 58",
        "x": 2298.896484375,
        "y": 538.09326171875,
        "z": 4844.703125
    },
    {
        "color": 4294967295,
        "name": "Generic Point 59",
        "x": 2286.371337890625,
        "y": 204.09869384765625,
        "z": 4820.63525390625
    },
    {
        "color": 4294967295,
        "name": "Generic Point 6",
        "x": 3994.295654296875,
        "y": 388.2107238769531,
        "z": 4334.14990234375
    },
    {
        "color": 4294967295,
        "name": "Generic Point 60",
        "x": 2452.899658203125,
        "y": 239.14259338378906,
        "z": 4755.8818359375
    },
    {
        "color": 4294967295,
        "name": "Generic Point 61",
        "x": 2488.454345703125,
        "y": 445.564453125,
        "z": 4718.57080078125
    },
    {
        "color": 4294967295,
        "name": "Generic Point 62",
        "x": 2498.615478515625,
        "y": 451.9439392089844,
        "z": 4714.4169921875
    },
    {
        "color": 4294967295,
        "name": "Generic Point 63",
        "x": 2506.7451171875,
        "y": 443.73541259765625,
        "z": 4722.00390625
    },
    {
        "color": 4294967295,
        "name": "Generic Point 64",
        "x": 2473.807373046875,
        "y": 374.4684753417969,
        "z": 4636.07421875
    },
    {
        "color": 4294967295,
        "name": "Generic Point 65",
        "x": 2529.0341796875,
        "y": 465.77191162109375,
        "z": 4789.04541015625
    },
    {
        "color": 4294967295,
        "name": "Generic Point 66",
        "x": 2619.8720703125,
        "y": 246.11065673828125,
        "z": 4782.05419921875
    },
    {
        "color": 4294967295,
        "name": "Generic Point 67",
        "x": 2597.406005859375,
        "y": 247.91741943359375,
        "z": 4765.03076171875
    },
    {
        "color": 4294967295,
        "name": "Generic Point 68",
        "x": 2685.636474609375,
        "y": 326.9661865234375,
        "z": 4805.68408203125
    },
    {
        "color": 4294967295,
        "name": "Generic Point 69",
        "x": 2439.951416015625,
        "y": 465.2454528808594,
        "z": 4752.27978515625
    },
    {
        "color": 4294967295,
        "name": "Generic Point 7",
        "x": 4014.447998046875,
        "y": 385.3533020019531,
        "z": 4316.595703125
    },
    {
        "color": 4294967295,
        "name": "Generic Point 70",
        "x": 2370.36083984375,
        "y": 234.55502319335938,
        "z": 4694.2119140625
    },
    {
        "color": 4294967295,
        "name": "Generic Point 71",
        "x": 2608.3154296875,
        "y": 337.8564758300781,
        "z": 4511.2685546875
    },
    {
        "color": 4294967295,
        "name": "Generic Point 72",
        "x": 2715.476806640625,
        "y": 411.76177978515625,
        "z": 4553.46240234375
    },
    {
        "color": 4294967295,
        "name": "Generic Point 73",
        "x": 2751.70703125,
        "y": 442.3173522949219,
        "z": 4635.41943359375
    },
    {
        "color": 4294967295,
        "name": "Generic Point 74",
        "x": 2640.854248046875,
        "y": 453.8968505859375,
        "z": 4667.6904296875
    },
    {
        "color": 4294967295,
        "name": "Generic Point 75",
        "x": 3123.78173828125,
        "y": 360.8347473144531,
        "z": 4108.77685546875
    },
    {
        "color": 4294967295,
        "name": "Generic Point 76",
        "x": 3101.364501953125,
        "y": 364.168701171875,
        "z": 4101.880859375
    },
    {
        "color": 4294967295,
        "name": "Generic Point 77",
        "x": 3125.006591796875,
        "y": 357.905029296875,
        "z": 4122.3466796875
    },
    {
        "color": 4294967295,
        "name": "Generic Point 78",
        "x": 3149.3857421875,
        "y": 358.294189453125,
        "z": 4126.52783203125
    },
    {
        "color": 4294967295,
        "name": "Generic Point 79",
        "x": 3110.1435546875,
        "y": 240.55616760253906,
        "z": 4180.09912109375
    },
    {
        "color": 4294967295,
        "name": "Generic Point 8",
        "x": 3741.46044921875,
        "y": 454.7439270019531,
        "z": 4456.0205078125
    },
    {
        "color": 4294967295,
        "name": "Generic Point 80",
        "x": 3018.130859375,
        "y": 385.3827819824219,
        "z": 4177.53369140625
    },
    {
        "color": 4294967295,
        "name": "Generic Point 81",
        "x": 3001.725830078125,
        "y": 366.6536560058594,
        "z": 4226.0068359375
    },
    {
        "color": 4294967295,
        "name": "Generic Point 82",
        "x": 2999.322998046875,
        "y": 390.76531982421875,
        "z": 4092.36279296875
    },
    {
        "color": 4294967295,
        "name": "Generic Point 83",
        "x": 3253.3544921875,
        "y": 222.5989532470703,
        "z": 4110.18701171875
    },
    {
        "color": 4294967295,
        "name": "Generic Point 84",
        "x": 3252.399169921875,
        "y": 419.0887756347656,
        "z": 4048.237060546875
    },
    {
        "color": 4294967295,
        "name": "Generic Point 85",
        "x": 3256.81298828125,
        "y": 339.35711669921875,
        "z": 4166.17919921875
    },
    {
        "color": 4294967295,
        "name": "Generic Point 86",
        "x": 3201.22607421875,
        "y": 256.2406005859375,
        "z": 4175.57470703125
    },
    {
        "color": 4294967295,
        "name": "Generic Point 87",
        "x": 3255.446044921875,
        "y": 274.80731201171875,
        "z": 4152.083984375
    },
    {
        "color": 4294967295,
        "name": "Generic Point 88",
        "x": 3330.61474609375,
        "y": 246.5557098388672,
        "z": 4147.68115234375
    },
    {
        "color": 4294967295,
        "name": "Generic Point 89",
        "x": 3245.87255859375,
        "y": 442.80255126953125,
        "z": 4309.36767578125
    },
    {
        "color": 4294967295,
        "name": "Generic Point 9",
        "x": 3989.167236328125,
        "y": 434.76739501953125,
        "z": 4279.98779296875
    },
    {
        "color": 4294967295,
        "name": "Generic Point 90",
        "x": 3283.44384765625,
        "y": 442.802734375,
        "z": 4267.33203125
    },
    {
        "color": 4294967295,
        "name": "Generic Point 91",
        "x": 3125.43896484375,
        "y": 351.8559265136719,
        "z": 4452.3544921875
    },
    {
        "color": 4294967295,
        "name": "Generic Point 92",
        "x": 3029.064697265625,
        "y": 370.4627685546875,
        "z": 4363.18994140625
    },
    {
        "color": 4294967295,
        "name": "Generic Point 93",
        "x": 3115.359375,
        "y": 381.19146728515625,
        "z": 4601.2705078125
    },
    {
        "color": 4294967295,
        "name": "Generic Point 94",
        "x": 3054.187744140625,
        "y": 418.5163269042969,
        "z": 4698.384765625
    },
    {
        "color": 4294967295,
        "name": "Generic Point 95",
        "x": 3053.732666015625,
        "y": 420.7851867675781,
        "z": 4733.52978515625
    },
    {
        "color": 4294967295,
        "name": "Generic Point 96",
        "x": 2921.666748046875,
        "y": 471.6295471191406,
        "z": 4719.177734375
    },
    {
        "color": 4294967295,
        "name": "Generic Point 97",
        "x": 3147.4189453125,
        "y": 411.5600280761719,
        "z": 4602.080078125
    },
    {
        "color": 4294967295,
        "name": "Generic Point 98",
        "x": 3320.2861328125,
        "y": 304.5207824707031,
        "z": 4524.53173828125
    },
    {
        "color": 4294967295,
        "name": "Generic Point 99",
        "x": 3147.786865234375,
        "y": 402.00811767578125,
        "z": 4640.65771484375
    }
]