[
    {
        "color": 4294967295,
        "name": "Generic Point 0",
        "x": 4782.63720703125,
        "y": 310.7900695800781,
        "z": 4956.98291015625
    },
    {
        "color": 4294967295,
        "name": "Generic Point 1",
        "x": 4884.1533203125,
        "y": 389.2986755371094,
        "z": 4951.1015625
    },
    {
        "color": 4294967295,
        "name": "Generic Point 10",
        "x": 4380.7265625,
        "y": 153.72659301757812,
        "z": 4625.12353515625
    },
    {
        "color": 4294967295,
        "name": "Generic Point 11",
        "x": 4813.08154296875,
        "y": 432.32244873046875,
        "z": 4749.20361328125
    },
    {
        "color": 4294967295,
        "name": "Generic Point 12",
        "x": 4446.033203125,
        "y": 330.2436828613281,
        "z": 4796.19189453125
    },
    {
        "color": 4294967295,
        "name": "Generic Point 13",
        "x": 4145.1943359375,
        "y": 441.2535705566406,
        "z": 4256.82421875
    },
    {
        "color": 4294967295,
        "name": "Generic Point 14",
        "x": 4965.1826171875,
        "y": 441.14892578125,
        "z": 4987.2138671875
    },
    {
        "color": 4294967295,
        "name": "Generic Point 15",
        "x": 4905.5068359375,
        "y": 426.6705017089844,
        "z": 4848.26513671875
    },
    {
        "color": 4294967295,
        "name": "Generic Point 16",
        "x": 4822.11572265625,
        "y": 197.30081176757812,
        "z": 4879.6259765625
    },
    {
        "color": 4294967295,
        "name": "Generic Point 17",
        "x": 4648.08203125,
        "y": 562.9705200195312,
        "z": 5130.6611328125
    },
    {
        "color": 4294967295,
        "name": "Generic Point 18",
        "x": 4670.4951171875,
        "y": 524.5923461914062,
        "z": 5132.86328125
    },
    {
        "color": 4294967295,
        "name": "Generic Point 19",
        "x": 4634.25732421875,
        "y": 541.7303466796875,
        "z": 5212.62451171875
    },
    {
        "color": 4294967295,
        "name": "Generic Point 2",
        "x": 4193.443359375,
        "y": 528.1881713867188,
        "z": 5018.82373046875
    },
    {
        "color": 4294967295,
        "name": "Generic Point 20",
        "x": 4283.814453125,
        "y": 415.22979736328125,
        "z": 4501.1083984375
    },
    {
        "color": 4294967295,
        "name": "Generic Point 21",
        "x": 4406.59619140625,
        "y": 494.96087646484375,
        "z": 4009.70361328125
    },
    {
        "color": 4294967295,
        "name": "Generic Point 22",
        "x": 4445.17333984375,
        "y": 542.5109252929688,
        "z": 3753.43212890625
    },
    {
        "color": 4294967295,
        "name": "Generic Point 23",
        "x": 4358.912109375,
        "y": 576.1002807617188,
        "z": 3795.950927734375
    },
    {
        "color": 4294967295,
        "name": "Generic Point 24",
        "x": 4159.345703125,
        "y": 537.2354736328125,
        "z": 4894.2666015625
    },
    {
        "color": 4294967295,
        "name": "Generic Point 25",
        "x": 4295.2275390625,
        "y": 441.8006896972656,
        "z": 4824.4541015625
    },
    {
        "color": 4294967295,
        "name": "Generic Point 26",
        "x": 4384.3388671875,
        "y": 445.5186462402344,
        "z": 4470.97607421875
    },
    {
        "color": 4294967295,
        "name": "Generic Point 27",
        "x": 4380.41162109375,
        "y": 413.8769836425781,
        "z": 4517.03662109375
    },
    {
        "color": 4294967295,
        "name": "Generic Point 28",
        "x": 4367.81591796875,
        "y": 469.82318115234375,
        "z": 4388.18603515625
    },
    {
        "color": 4294967295,
        "name": "Generic Point 29",
        "x": 4530.43310546875,
        "y": 326.7049255371094,
        "z": 4668.36181640625
    },
    {
        "color": 4294967295,
        "name": "Generic Point 3",
        "x": 4290.0322265625,
        "y": 442.9208679199219,
        "z": 4654.57373046875
    },
    {
        "color": 4294967295,
        "name": "Generic Point 30",
        "x": 4459.57275390625,
        "y": 308.26519775390625,
        "z": 4650.32373046875
    },
    {
        "color": 4294967295,
        "name": "Generic Point 31",
        "x": 4801.47265625,
        "y": 230.45645141601562,
        "z": 4486.720703125
    },
    {
        "color": 4294967295,
        "name": "Generic Point 32",
        "x": 4810.365234375,
        "y": 498.8271179199219,
        "z": 4431.416015625
    },
    {
        "color": 4294967295,
        "name": "Generic Point 33",
        "x": 4776.17626953125,
        "y": 497.06201171875,
        "z": 4106.861328125
    },
    {
        "color": 4294967295,
        "name": "Generic Point 34",
        "x": 4804.052734375,
        "y": 528.6827392578125,
        "z": 4112.7294921875
    },
    {
        "color": 4294967295,
        "name": "Generic Point 35",
        "x": 5044.48876953125,
        "y": 530.2437744140625,
        "z": 4015.365966796875
    },
    {
        "color": 4294967295,
        "name": "Generic Point 36",
        "x": 4521.73974609375,
        "y": 544.019775390625,
        "z": 3800.281494140625
    },
    {
        "color": 4294967295,
        "name": "Generic Point 37",
        "x": 4674.232421875,
        "y": 653.7654418945312,
        "z": 3920.96484375
    },
    {
        "color": 4294967295,
        "name": "Generic Point 38",
        "x": 4285.60888671875,
        "y": 494.5260314941406,
        "z": 4196.38818359375
    },
    {
        "color": 4294967295,
        "name": "Generic Point 39",
        "x": 4423.158203125,
        "y": 541.3536987304688,
        "z": 3619.2373046875
    },
    {
        "color": 4294967295,
        "name": "Generic Point 4",
        "x": 4292.72265625,
        "y": 441.2813415527344,
        "z": 4809.4345703125
    },
    {
        "color": 4294967295,
        "name": "Generic Point 40",
        "x": 4447.66259765625,
        "y": 541.4058837890625,
        "z": 3754.146484375
    },
    {
        "color": 4294967295,
        "name": "Generic Point 41",
        "x": 4344.43896484375,
        "y": 558.3948364257812,
        "z": 3607.242431640625
    },
    {
        "color": 4294967295,
        "name": "Generic Point 42",
        "x": 4356.08984375,
        "y": 454.75958251953125,
        "z": 3646.3232421875
    },
    {
        "color": 4294967295,
        "name": "Generic Point 43",
        "x": 4406.79931640625,
        "y": 412.0998229980469,
        "z": 3762.0439453125
    },
    {
        "color": 4294967295,
        "name": "Generic Point 44",
        "x": 4522.17919921875,
        "y": 563.1725463867188,
        "z": 3673.376953125
    },
    {
        "color": 4294967295,
        "name": "Generic Point 45",
        "x": 4546.82275390625,
        "y": 524.75146484375,
        "z": 3549.133544921875
    },
    {
        "color": 4294967295,
        "name": "Generic Point 46",
        "x": 4653.83740234375,
        "y": 504.5854187011719,
        "z": 3609.737548828125
    },
    {
        "color": 4294967295,
        "name": "Generic Point 47",
        "x": 4629.43603515625,
        "y": 510.880859375,
        "z": 3608.53857421875
    },
    {
        "color": 4294967295,
        "name": "Generic Point 48",
        "x": 4525.583984375,
        "y": 393.5953063964844,
        "z": 4082.530029296875
    },
    {
        "color": 4294967295,
        "name": "Generic Point 49",
        "x": 4681.95068359375,
        "y": 417.0141906738281,
        "z": 4032.75390625
    },
    {
        "color": 4294967295,
        "name": "Generic Point 5",
        "x": 4396.16796875,
        "y": 440.64410400390625,
        "z": 4904.92333984375
    },
    {
        "color": 4294967295,
        "name": "Generic Point 50",
        "x": 4766.697265625,
        "y": 442.65386962890625,
        "z": 3945.296630859375
    },
    {
        "color": 4294967295,
        "name": "Generic Point 51",
        "x": 4811.32763671875,
        "y": 442.8953552246094,
        "z": 3727.513671875
    },
    {
        "color": 4294967295,
        "name": "Generic Point 52",
        "x": 4897.95068359375,
        "y": 442.1353759765625,
        "z": 3603.60791015625
    },
    {
        "color": 4294967295,
        "name": "Generic Point 53",
        "x": 4700.1591796875,
        "y": 473.1376647949219,
        "z": 3794.1953125
    },
    {
        "color": 4294967295,
        "name": "Generic Point 54",
        "x": 4688.80126953125,
        "y": 545.5923461914062,
        "z": 3959.714111328125
    },
    {
        "color": 4294967295,
        "name": "Generic Point 55",
        "x": 4732.931640625,
        "y": 683.150390625,
        "z": 3871.4375
    },
    {
        "color": 4294967295,
        "name": "Generic Point 56",
        "x": 4950.99609375,
        "y": 522.7352905273438,
        "z": 3988.117431640625
    },
    {
        "color": 4294967295,
        "name": "Generic Point 57",
        "x": 4860.15869140625,
        "y": 464.0546875,
        "z": 3956.41357421875
    },
    {
        "color": 4294967295,
        "name": "Generic Point 58",
        "x": 4240.6201171875,
        "y": 441.24090576171875,
        "z": 4294.16650390625
    },
    {
        "color": 4294967295,
        "name": "Generic Point 59",
        "x": 4869.7705078125,
        "y": 455.6212158203125,
        "z": 3878.63037109375
    },
    {
        "color": 4294967295,
        "name": "Generic Point 6",
        "x": 4347.65380859375,
        "y": 447.935791015625,
        "z": 4971.91357421875
    },
    {
        "color": 4294967295,
        "name": "Generic Point 60",
        "x": 4945.13427734375,
        "y": 463.2986145019531,
        "z": 3862.5947265625
    },
    {
        "color": 4294967295,
        "name": "Generic Point 61",
        "x": 5054.52197265625,
        "y": 434.7669677734375,
        "z": 3750.38330078125
    },
    {
        "color": 4294967295,
        "name": "Generic Point 62",
        "x": 5003.068359375,
        "y": 525.4013671875,
        "z": 4471.31005859375
    },
    {
        "color": 4294967295,
        "name": "Generic Point 63",
        "x": 4924.97802734375,
        "y": 577.26220703125,
        "z": 4401.27392578125
    },
    {
        "color": 4294967295,
        "name": "Generic Point 64",
        "x": 4888.61279296875,
        "y": 578.42578125,
        "z": 4261.54052734375
    },
    {
        "color": 4294967295,
        "name": "Generic Point 65",
        "x": 4389.79541015625,
        "y": 443.83648681640625,
        "z": 4470.53466796875
    },
    {
        "color": 4294967295,
        "name": "Generic Point 66",
        "x": 4260.09375,
        "y": 557.0845336914062,
        "z": 4013.267578125
    },
    {
        "color": 4294967295,
        "name": "Generic Point 67",
        "x": 4682.92138671875,
        "y": 471.03314208984375,
        "z": 4186.5810546875
    },
    {
        "color": 4294967295,
        "name": "Generic Point 68",
        "x": 4275.0703125,
        "y": 622.2938232421875,
        "z": 3764.991455078125
    },
    {
        "color": 4294967295,
        "name": "Generic Point 69",
        "x": 4122.35546875,
        "y": 393.6924743652344,
        "z": 4450.5390625
    },
    {
        "color": 4294967295,
        "name": "Generic Point 7",
        "x": 4671.39599609375,
        "y": 523.8636474609375,
        "z": 5133.193359375
    },
    {
        "color": 4294967295,
        "name": "Generic Point 70",
        "x": 4540.8681640625,
        "y": 153.72579956054688,
        "z": 4592.9306640625
    },
    {
        "color": 4294967295,
        "name": "Generic Point 71",
        "x": 4496.12890625,
        "y": 131.87306213378906,
        "z": 4595.84423828125
    },
    {
        "color": 4294967295,
        "name": "Generic Point 72",
        "x": 4600.505859375,
        "y": -45.87599182128906,
        "z": 4797.2333984375
    },
    {
        "color": 4294967295,
        "name": "Generic Point 73",
        "x": 4525.046875,
        "y": -46.30702590942383,
        "z": 4700.66845703125
    },
    {
        "color": 4294967295,
        "name": "Generic Point 8",
        "x": 4592.7373046875,
        "y": -46.36419677734375,
        "z": 4590.41650390625
    },
    {
        "color": 4294967295,
        "name": "Generic Point 9",
        "x": 4406.93994140625,
        "y": 152.5051727294922,
        "z": 4760.0498046875
    }
]