[
    {
        "color": 4294967295,
        "name": "Generic Point 0",
        "x": 1978.21,
        "y": 295.113,
        "z": 1593.95
    },
    {
        "color": 4294967295,
        "name": "Generic Point 1",
        "x": 1388.57,
        "y": 267.204,
        "z": 1943.21
    },
    {
        "color": 4294967295,
        "name": "Generic Point 10",
        "x": 1481.59,
        "y": 278.555,
        "z": 2194.16
    },
    {
        "color": 4294967295,
        "name": "Generic Point 11",
        "x": 1662.3,
        "y": 261.916,
        "z": 1660.03
    },
    {
        "color": 4294967295,
        "name": "Generic Point 12",
        "x": 1558.1,
        "y": 408.298,
        "z": 2185.39
    },
    {
        "color": 4294967295,
        "name": "Generic Point 13",
        "x": 1657.83,
        "y": 377.564,
        "z": 2344.94
    },
    {
        "color": 4294967295,
        "name": "Generic Point 14",
        "x": 1526.65,
        "y": 381.795,
        "z": 2295.71
    },
    {
        "color": 4294967295,
        "name": "Generic Point 15",
        "x": 1463.93,
        "y": 423.962,
        "z": 2342.86
    },
    {
        "color": 4294967295,
        "name": "Generic Point 16",
        "x": 1639.41,
        "y": 418.416,
        "z": 2185.69
    },
    {
        "color": 4294967295,
        "name": "Generic Point 17",
        "x": 1777.09,
        "y": 336.54,
        "z": 2184.26
    },
    {
        "color": 4294967295,
        "name": "Generic Point 18",
        "x": 1750.81,
        "y": 418.862,
        "z": 2233.07
    },
    {
        "color": 4294967295,
        "name": "Generic Point 19",
        "x": 2301.4,
        "y": 302.813,
        "z": 1516.61
    },
    {
        "color": 4294967295,
        "name": "Generic Point 2",
        "x": 1328.98,
        "y": 242.105,
        "z": 1745.49
    },
    {
        "color": 4294967295,
        "name": "Generic Point 20",
        "x": 2386.84,
        "y": 338.885,
        "z": 1537.79
    },
    {
        "color": 4294967295,
        "name": "Generic Point 21",
        "x": 2560.3,
        "y": 367.821,
        "z": 1796.67
    },
    {
        "color": 4294967295,
        "name": "Generic Point 22",
        "x": 1123.55,
        "y": 354.276,
        "z": 1941.99
    },
    {
        "color": 4294967295,
        "name": "Generic Point 23",
        "x": 2469.94,
        "y": 329.747,
        "z": 1813.15
    },
    {
        "color": 4294967295,
        "name": "Generic Point 24",
        "x": 2401.77,
        "y": 378.179,
        "z": 1966.5
    },
    {
        "color": 4294967295,
        "name": "Generic Point 25",
        "x": 2144.09,
        "y": 322.359,
        "z": 1678.32
    },
    {
        "color": 4294967295,
        "name": "Generic Point 26",
        "x": 2250.55,
        "y": 428.593,
        "z": 1844.53
    },
    {
        "color": 4294967295,
        "name": "Generic Point 27",
        "x": 2177.13,
        "y": 407.545,
        "z": 1899.17
    },
    {
        "color": 4294967295,
        "name": "Generic Point 28",
        "x": 2251.13,
        "y": 444.524,
        "z": 2005.38
    },
    {
        "color": 4294967295,
        "name": "Generic Point 29",
        "x": 2008.24,
        "y": 586.779,
        "z": 2212.6
    },
    {
        "color": 4294967295,
        "name": "Generic Point 3",
        "x": 1203.29,
        "y": 293.082,
        "z": 1918.7
    },
    {
        "color": 4294967295,
        "name": "Generic Point 30",
        "x": 1903.06,
        "y": 391.778,
        "z": 2075.27
    },
    {
        "color": 4294967295,
        "name": "Generic Point 31",
        "x": 2369.07,
        "y": 339.258,
        "z": 2161.88
    },
    {
        "color": 4294967295,
        "name": "Generic Point 32",
        "x": 2512.72,
        "y": 458.585,
        "z": 2150.1
    },
    {
        "color": 4294967295,
        "name": "Generic Point 33",
        "x": 1831.1,
        "y": 295.353,
        "z": 1375.9
    },
    {
        "color": 4294967295,
        "name": "Generic Point 34",
        "x": 2624.97,
        "y": 342.322,
        "z": 2254.62
    },
    {
        "color": 4294967295,
        "name": "Generic Point 35",
        "x": 2555.52,
        "y": 383.355,
        "z": 2374.21
    },
    {
        "color": 4294967295,
        "name": "Generic Point 36",
        "x": 2651.29,
        "y": 413.912,
        "z": 2463.7
    },
    {
        "color": 4294967295,
        "name": "Generic Point 37",
        "x": 2524.07,
        "y": 603.689,
        "z": 2625.92
    },
    {
        "color": 4294967295,
        "name": "Generic Point 38",
        "x": 2332.32,
        "y": 518.763,
        "z": 2511.19
    },
    {
        "color": 4294967295,
        "name": "Generic Point 39",
        "x": 2173.78,
        "y": 436.519,
        "z": 2612.96
    },
    {
        "color": 4294967295,
        "name": "Generic Point 4",
        "x": 1123.58,
        "y": 356.251,
        "z": 1941.72
    },
    {
        "color": 4294967295,
        "name": "Generic Point 40",
        "x": 2054.01,
        "y": 364.381,
        "z": 2715.44
    },
    {
        "color": 4294967295,
        "name": "Generic Point 41",
        "x": 1937.31,
        "y": 481.273,
        "z": 2607.22
    },
    {
        "color": 4294967295,
        "name": "Generic Point 42",
        "x": 1519.9,
        "y": 402.688,
        "z": 2878.23
    },
    {
        "color": 4294967295,
        "name": "Generic Point 43",
        "x": 1435.92,
        "y": 434.201,
        "z": 2749.17
    },
    {
        "color": 4294967295,
        "name": "Generic Point 44",
        "x": 1561.43,
        "y": 177.919,
        "z": 1750.11
    },
    {
        "color": 4294967295,
        "name": "Generic Point 45",
        "x": 2225.25,
        "y": 362.883,
        "z": 2069.25
    },
    {
        "color": 4294967295,
        "name": "Generic Point 46",
        "x": 1521.66,
        "y": 210.41,
        "z": 1898.63
    },
    {
        "color": 4294967295,
        "name": "Generic Point 47",
        "x": 1591.22,
        "y": 212.78,
        "z": 1919.54
    },
    {
        "color": 4294967295,
        "name": "Generic Point 48",
        "x": 1539.23,
        "y": 416.596,
        "z": 1871.17
    },
    {
        "color": 4294967295,
        "name": "Generic Point 49",
        "x": 1545.22,
        "y": 435.53,
        "z": 1968.86
    },
    {
        "color": 4294967295,
        "name": "Generic Point 5",
        "x": 1164.02,
        "y": 443.007,
        "z": 2050.4
    },
    {
        "color": 4294967295,
        "name": "Generic Point 6",
        "x": 1220.19,
        "y": 329.986,
        "z": 2144.65
    },
    {
        "color": 4294967295,
        "name": "Generic Point 7",
        "x": 1072.65,
        "y": 349.462,
        "z": 2354.28
    },
    {
        "color": 4294967295,
        "name": "Generic Point 8",
        "x": 1369.39,
        "y": 378.637,
        "z": 2105.75
    },
    {
        "color": 4294967295,
        "name": "Generic Point 9",
        "x": 1439.98,
        "y": 409.576,
        "z": 2206.45
    }
]