[
    {
        "color": 4294967295,
        "name": "Generic Point 0",
        "x": -377.72,
        "y": 287.03,
        "z": 657.21
    },
    {
        "color": 4294967295,
        "name": "Generic Point 1",
        "x": -716.13,
        "y": 230.45,
        "z": 84.52
    },
    {
        "color": 4294967295,
        "name": "Generic Point 10",
        "x": -169.46,
        "y": 495.41,
        "z": 325.6
    },
    {
        "color": 4294967295,
        "name": "Generic Point 11",
        "x": 16.32,
        "y": 214.17,
        "z": 770.17
    },
    {
        "color": 4294967295,
        "name": "Generic Point 2",
        "x": -648.67,
        "y": 212.05,
        "z": -181.81
    },
    {
        "color": 4294967295,
        "name": "Generic Point 3",
        "x": 2248.1,
        "y": 265.34,
        "z": -749.8
    },
    {
        "color": 4294967295,
        "name": "Generic Point 4",
        "x": 2364.65,
        "y": 253.08,
        "z": -754.51
    },
    {
        "color": 4294967295,
        "name": "Generic Point 5",
        "x": 1373.5,
        "y": 236.57,
        "z": -1566.47
    },
    {
        "color": 4294967295,
        "name": "Generic Point 6",
        "x": 1875.25,
        "y": 205.8,
        "z": -114.25
    },
    {
        "color": 4294967295,
        "name": "Generic Point 7",
        "x": 2334.41,
        "y": 296.61,
        "z": -125.42
    },
    {
        "color": 4294967295,
        "name": "Generic Point 8",
        "x": 2654.0,
        "y": 326.07,
        "z": 130.87
    },
    {
        "color": 4294967295,
        "name": "Generic Point 9",
        "x": 1697.66,
        "y": 399.69,
        "z": 509.86
    }
]