[
    {
        "color": 4294967295,
        "name": "Generic Point 0",
        "x": -3197.062255859375,
        "y": 226.72042846679688,
        "z": -3958.068603515625
    },
    {
        "color": 4294967295,
        "name": "Generic Point 1",
        "x": -3218.863525390625,
        "y": 219.1669158935547,
        "z": -3939.857177734375
    },
    {
        "color": 4294967295,
        "name": "Generic Point 10",
        "x": -4299.85107421875,
        "y": 242.21957397460938,
        "z": -4185.435546875
    },
    {
        "color": 4294967295,
        "name": "Generic Point 100",
        "x": -2370.95361328125,
        "y": 96.43336486816406,
        "z": 5066.76513671875
    },
    {
        "color": 4294967295,
        "name": "Generic Point 101",
        "x": -2371.73828125,
        "y": 96.70513153076172,
        "z": 5091.01416015625
    },
    {
        "color": 4294967295,
        "name": "Generic Point 102",
        "x": -2380.999755859375,
        "y": 95.90753173828125,
        "z": 5091.4619140625
    },
    {
        "color": 4294967295,
        "name": "Generic Point 103",
        "x": -2305.8251953125,
        "y": 120.34166717529297,
        "z": 5036.19677734375
    },
    {
        "color": 4294967295,
        "name": "Generic Point 104",
        "x": -2296.373779296875,
        "y": 120.66068267822266,
        "z": 5037.51953125
    },
    {
        "color": 4294967295,
        "name": "Generic Point 105",
        "x": -2295.576904296875,
        "y": 120.59619903564453,
        "z": 5061.7841796875
    },
    {
        "color": 4294967295,
        "name": "Generic Point 106",
        "x": -2299.44580078125,
        "y": 120.9888687133789,
        "z": 5060.1533203125
    },
    {
        "color": 4294967295,
        "name": "Generic Point 107",
        "x": -2306.052978515625,
        "y": 120.0645980834961,
        "z": 5061.63427734375
    },
    {
        "color": 4294967295,
        "name": "Generic Point 108",
        "x": -2413.856201171875,
        "y": 119.88795471191406,
        "z": 5056.06787109375
    },
    {
        "color": 4294967295,
        "name": "Generic Point 109",
        "x": -2411.0859375,
        "y": 119.97266387939453,
        "z": 5042.03466796875
    },
    {
        "color": 4294967295,
        "name": "Generic Point 11",
        "x": -4453.2919921875,
        "y": 223.8231964111328,
        "z": -3977.7607421875
    },
    {
        "color": 4294967295,
        "name": "Generic Point 110",
        "x": -2400.6162109375,
        "y": 120.52183532714844,
        "z": 5042.1669921875
    },
    {
        "color": 4294967295,
        "name": "Generic Point 111",
        "x": 876.244384765625,
        "y": 349.07421875,
        "z": -782.666748046875
    },
    {
        "color": 4294967295,
        "name": "Generic Point 112",
        "x": 876.9923706054688,
        "y": 349.3327941894531,
        "z": -791.02978515625
    },
    {
        "color": 4294967295,
        "name": "Generic Point 113",
        "x": 1148.0068359375,
        "y": 273.2073974609375,
        "z": -509.00714111328125
    },
    {
        "color": 4294967295,
        "name": "Generic Point 114",
        "x": 1234.9881591796875,
        "y": 201.34951782226562,
        "z": -91.35002899169922
    },
    {
        "color": 4294967295,
        "name": "Generic Point 115",
        "x": 1238.8037109375,
        "y": 201.3501739501953,
        "z": -93.79944610595703
    },
    {
        "color": 4294967295,
        "name": "Generic Point 116",
        "x": 233.80239868164062,
        "y": 224.1555633544922,
        "z": 424.54510498046875
    },
    {
        "color": 4294967295,
        "name": "Generic Point 117",
        "x": 942.2203369140625,
        "y": 211.24415588378906,
        "z": 642.391357421875
    },
    {
        "color": 4294967295,
        "name": "Generic Point 118",
        "x": 834.7037353515625,
        "y": 211.1639862060547,
        "z": 645.920654296875
    },
    {
        "color": 4294967295,
        "name": "Generic Point 119",
        "x": 1276.3529052734375,
        "y": 234.9068145751953,
        "z": 1141.2855224609375
    },
    {
        "color": 4294967295,
        "name": "Generic Point 12",
        "x": -4397.71728515625,
        "y": 165.4368438720703,
        "z": -3829.93408203125
    },
    {
        "color": 4294967295,
        "name": "Generic Point 120",
        "x": 561.96630859375,
        "y": 183.52108764648438,
        "z": 1146.8118896484375
    },
    {
        "color": 4294967295,
        "name": "Generic Point 121",
        "x": 1285.4176025390625,
        "y": 231.5058135986328,
        "z": 1119.9317626953125
    },
    {
        "color": 4294967295,
        "name": "Generic Point 122",
        "x": 1285.032958984375,
        "y": 231.60794067382812,
        "z": 1114.9144287109375
    },
    {
        "color": 4294967295,
        "name": "Generic Point 123",
        "x": 1252.207275390625,
        "y": 211.48159790039062,
        "z": 1030.7000732421875
    },
    {
        "color": 4294967295,
        "name": "Generic Point 124",
        "x": 1257.536376953125,
        "y": 212.4643096923828,
        "z": 1031.1397705078125
    },
    {
        "color": 4294967295,
        "name": "Generic Point 125",
        "x": 1049.0032958984375,
        "y": 270.9892578125,
        "z": 1495.58837890625
    },
    {
        "color": 4294967295,
        "name": "Generic Point 126",
        "x": 1043.6224365234375,
        "y": 270.751708984375,
        "z": 1510.519287109375
    },
    {
        "color": 4294967295,
        "name": "Generic Point 127",
        "x": 570.0673828125,
        "y": 184.742431640625,
        "z": 1170.307861328125
    },
    {
        "color": 4294967295,
        "name": "Generic Point 128",
        "x": 558.03515625,
        "y": 183.03793334960938,
        "z": 1159.8360595703125
    },
    {
        "color": 4294967295,
        "name": "Generic Point 129",
        "x": 832.9471435546875,
        "y": 211.25039672851562,
        "z": 649.5660400390625
    },
    {
        "color": 4294967295,
        "name": "Generic Point 13",
        "x": -4438.73974609375,
        "y": 215.5791473388672,
        "z": -3970.22265625
    },
    {
        "color": 4294967295,
        "name": "Generic Point 130",
        "x": -291.4304504394531,
        "y": 314.08184814453125,
        "z": 1506.421142578125
    },
    {
        "color": 4294967295,
        "name": "Generic Point 131",
        "x": -281.5414733886719,
        "y": 303.82489013671875,
        "z": 1488.640625
    },
    {
        "color": 4294967295,
        "name": "Generic Point 132",
        "x": -276.0531005859375,
        "y": 303.8172302246094,
        "z": 1475.6473388671875
    },
    {
        "color": 4294967295,
        "name": "Generic Point 133",
        "x": 106.41685485839844,
        "y": 285.3990173339844,
        "z": 2347.0556640625
    },
    {
        "color": 4294967295,
        "name": "Generic Point 134",
        "x": 103.99366760253906,
        "y": 285.8545227050781,
        "z": 2350.7255859375
    },
    {
        "color": 4294967295,
        "name": "Generic Point 135",
        "x": -302.0547790527344,
        "y": 243.26536560058594,
        "z": 2864.648681640625
    },
    {
        "color": 4294967295,
        "name": "Generic Point 136",
        "x": -283.3392333984375,
        "y": 249.04981994628906,
        "z": 2788.343505859375
    },
    {
        "color": 4294967295,
        "name": "Generic Point 137",
        "x": -190.71791076660156,
        "y": 253.79505920410156,
        "z": 3308.8876953125
    },
    {
        "color": 4294967295,
        "name": "Generic Point 138",
        "x": -171.99295043945312,
        "y": 256.58624267578125,
        "z": 3335.35009765625
    },
    {
        "color": 4294967295,
        "name": "Generic Point 139",
        "x": -184.74789428710938,
        "y": 246.6454315185547,
        "z": 3377.294677734375
    },
    {
        "color": 4294967295,
        "name": "Generic Point 14",
        "x": -4435.24462890625,
        "y": 215.5162811279297,
        "z": -3966.011474609375
    },
    {
        "color": 4294967295,
        "name": "Generic Point 140",
        "x": -253.49253845214844,
        "y": 250.49380493164062,
        "z": 3396.810546875
    },
    {
        "color": 4294967295,
        "name": "Generic Point 141",
        "x": -235.58450317382812,
        "y": 248.1647186279297,
        "z": 3441.358642578125
    },
    {
        "color": 4294967295,
        "name": "Generic Point 142",
        "x": -243.93429565429688,
        "y": 240.63174438476562,
        "z": 3482.920166015625
    },
    {
        "color": 4294967295,
        "name": "Generic Point 143",
        "x": -193.67483520507812,
        "y": 232.12295532226562,
        "z": 3479.778564453125
    },
    {
        "color": 4294967295,
        "name": "Generic Point 144",
        "x": -172.5840606689453,
        "y": 238.666015625,
        "z": 3492.780029296875
    },
    {
        "color": 4294967295,
        "name": "Generic Point 145",
        "x": -206.8308563232422,
        "y": 242.7211151123047,
        "z": 3617.95751953125
    },
    {
        "color": 4294967295,
        "name": "Generic Point 146",
        "x": -219.5666046142578,
        "y": 256.9107360839844,
        "z": 3634.19580078125
    },
    {
        "color": 4294967295,
        "name": "Generic Point 147",
        "x": -197.3837890625,
        "y": 248.5545654296875,
        "z": 3645.25634765625
    },
    {
        "color": 4294967295,
        "name": "Generic Point 148",
        "x": -165.7469482421875,
        "y": 243.77503967285156,
        "z": 3660.357421875
    },
    {
        "color": 4294967295,
        "name": "Generic Point 149",
        "x": -665.2382202148438,
        "y": 243.60365295410156,
        "z": 3250.2421875
    },
    {
        "color": 4294967295,
        "name": "Generic Point 15",
        "x": -4423.8115234375,
        "y": 207.5859375,
        "z": -3972.828125
    },
    {
        "color": 4294967295,
        "name": "Generic Point 150",
        "x": -669.1617431640625,
        "y": 235.6248016357422,
        "z": 3243.453369140625
    },
    {
        "color": 4294967295,
        "name": "Generic Point 151",
        "x": -673.05615234375,
        "y": 234.36880493164062,
        "z": 3237.55517578125
    },
    {
        "color": 4294967295,
        "name": "Generic Point 152",
        "x": -668.4046020507812,
        "y": 231.83621215820312,
        "z": 3177.11474609375
    },
    {
        "color": 4294967295,
        "name": "Generic Point 153",
        "x": -666.0400390625,
        "y": 230.63583374023438,
        "z": 3166.9609375
    },
    {
        "color": 4294967295,
        "name": "Generic Point 154",
        "x": -574.1151733398438,
        "y": 220.5848388671875,
        "z": 3133.863525390625
    },
    {
        "color": 4294967295,
        "name": "Generic Point 155",
        "x": -479.60272216796875,
        "y": 204.2644805908203,
        "z": 3111.809326171875
    },
    {
        "color": 4294967295,
        "name": "Generic Point 156",
        "x": -472.0292663574219,
        "y": 204.20384216308594,
        "z": 3090.02294921875
    },
    {
        "color": 4294967295,
        "name": "Generic Point 157",
        "x": -470.4758605957031,
        "y": 204.5977783203125,
        "z": 3127.81640625
    },
    {
        "color": 4294967295,
        "name": "Generic Point 158",
        "x": -732.3853759765625,
        "y": 205.86569213867188,
        "z": 3592.485595703125
    },
    {
        "color": 4294967295,
        "name": "Generic Point 159",
        "x": -728.9368896484375,
        "y": 203.71542358398438,
        "z": 3608.90966796875
    },
    {
        "color": 4294967295,
        "name": "Generic Point 16",
        "x": -4423.890625,
        "y": 206.9628143310547,
        "z": -3977.19482421875
    },
    {
        "color": 4294967295,
        "name": "Generic Point 160",
        "x": -763.8460083007812,
        "y": 193.93600463867188,
        "z": 3626.581298828125
    },
    {
        "color": 4294967295,
        "name": "Generic Point 161",
        "x": -780.9305419921875,
        "y": 192.41693115234375,
        "z": 3644.40771484375
    },
    {
        "color": 4294967295,
        "name": "Generic Point 162",
        "x": -867.0151977539062,
        "y": 177.8106689453125,
        "z": 3673.433837890625
    },
    {
        "color": 4294967295,
        "name": "Generic Point 163",
        "x": -756.08740234375,
        "y": 150.2689666748047,
        "z": 4016.477783203125
    },
    {
        "color": 4294967295,
        "name": "Generic Point 164",
        "x": -761.4686889648438,
        "y": 149.99241638183594,
        "z": 4019.91357421875
    },
    {
        "color": 4294967295,
        "name": "Generic Point 165",
        "x": -771.946533203125,
        "y": 151.1637420654297,
        "z": 4013.62158203125
    },
    {
        "color": 4294967295,
        "name": "Generic Point 166",
        "x": -2211.5078125,
        "y": 5.15797233581543,
        "z": 5553.8798828125
    },
    {
        "color": 4294967295,
        "name": "Generic Point 167",
        "x": -2289.154052734375,
        "y": 3.54776668548584,
        "z": 5589.96826171875
    },
    {
        "color": 4294967295,
        "name": "Generic Point 168",
        "x": -2260.6416015625,
        "y": 3.2842936515808105,
        "z": 5620.19873046875
    },
    {
        "color": 4294967295,
        "name": "Generic Point 169",
        "x": -2279.849853515625,
        "y": 3.386503219604492,
        "z": 5533.7294921875
    },
    {
        "color": 4294967295,
        "name": "Generic Point 17",
        "x": -4402.5234375,
        "y": 210.95765686035156,
        "z": -3966.69384765625
    },
    {
        "color": 4294967295,
        "name": "Generic Point 170",
        "x": -3755.849609375,
        "y": 203.91712951660156,
        "z": -1365.212158203125
    },
    {
        "color": 4294967295,
        "name": "Generic Point 171",
        "x": -3874.57470703125,
        "y": 202.02137756347656,
        "z": -1061.2833251953125
    },
    {
        "color": 4294967295,
        "name": "Generic Point 172",
        "x": -3701.568359375,
        "y": 136.36550903320312,
        "z": -984.9320678710938
    },
    {
        "color": 4294967295,
        "name": "Generic Point 173",
        "x": -3699.935546875,
        "y": 136.10385131835938,
        "z": -988.4453735351562
    },
    {
        "color": 4294967295,
        "name": "Generic Point 174",
        "x": -3689.220947265625,
        "y": 130.71258544921875,
        "z": -994.6715087890625
    },
    {
        "color": 4294967295,
        "name": "Generic Point 175",
        "x": -3706.633056640625,
        "y": 130.08038330078125,
        "z": -1009.4345703125
    },
    {
        "color": 4294967295,
        "name": "Generic Point 176",
        "x": -3714.421142578125,
        "y": 130.713623046875,
        "z": -1016.0911254882812
    },
    {
        "color": 4294967295,
        "name": "Generic Point 177",
        "x": -4050.2666015625,
        "y": 202.51473999023438,
        "z": -703.0298461914062
    },
    {
        "color": 4294967295,
        "name": "Generic Point 178",
        "x": -4042.00048828125,
        "y": 201.4572296142578,
        "z": -688.5943603515625
    },
    {
        "color": 4294967295,
        "name": "Generic Point 179",
        "x": -4043.1904296875,
        "y": 203.4415283203125,
        "z": -672.1310424804688
    },
    {
        "color": 4294967295,
        "name": "Generic Point 18",
        "x": -4383.1328125,
        "y": 204.38702392578125,
        "z": -3968.025634765625
    },
    {
        "color": 4294967295,
        "name": "Generic Point 180",
        "x": -4086.94384765625,
        "y": 204.02969360351562,
        "z": -694.1575927734375
    },
    {
        "color": 4294967295,
        "name": "Generic Point 181",
        "x": -6214.1875,
        "y": 200.8375244140625,
        "z": -3270.347412109375
    },
    {
        "color": 4294967295,
        "name": "Generic Point 182",
        "x": -6220.24072265625,
        "y": 201.293212890625,
        "z": -3228.94482421875
    },
    {
        "color": 4294967295,
        "name": "Generic Point 183",
        "x": -6530.61474609375,
        "y": 200.63401794433594,
        "z": -2580.71484375
    },
    {
        "color": 4294967295,
        "name": "Generic Point 184",
        "x": -3546.938720703125,
        "y": 237.7035369873047,
        "z": -3397.1953125
    },
    {
        "color": 4294967295,
        "name": "Generic Point 185",
        "x": -3542.905029296875,
        "y": 234.39698791503906,
        "z": -3403.995361328125
    },
    {
        "color": 4294967295,
        "name": "Generic Point 186",
        "x": -3533.865966796875,
        "y": 232.73472595214844,
        "z": -3405.625
    },
    {
        "color": 4294967295,
        "name": "Generic Point 187",
        "x": -3552.7451171875,
        "y": 203.06727600097656,
        "z": -3445.452880859375
    },
    {
        "color": 4294967295,
        "name": "Generic Point 188",
        "x": -3566.52783203125,
        "y": 202.0138702392578,
        "z": -3435.244384765625
    },
    {
        "color": 4294967295,
        "name": "Generic Point 189",
        "x": -3574.09375,
        "y": 202.44937133789062,
        "z": -3420.53857421875
    },
    {
        "color": 4294967295,
        "name": "Generic Point 19",
        "x": -4510.1796875,
        "y": 213.73550415039062,
        "z": -3849.874267578125
    },
    {
        "color": 4294967295,
        "name": "Generic Point 190",
        "x": -3653.9169921875,
        "y": 202.85923767089844,
        "z": -3337.839599609375
    },
    {
        "color": 4294967295,
        "name": "Generic Point 191",
        "x": -3646.101318359375,
        "y": 203.42977905273438,
        "z": -3343.114990234375
    },
    {
        "color": 4294967295,
        "name": "Generic Point 192",
        "x": -3634.540771484375,
        "y": 202.2787322998047,
        "z": -3353.242431640625
    },
    {
        "color": 4294967295,
        "name": "Generic Point 193",
        "x": -3570.44482421875,
        "y": 210.4088897705078,
        "z": -3299.6005859375
    },
    {
        "color": 4294967295,
        "name": "Generic Point 194",
        "x": -3583.37060546875,
        "y": 226.23178100585938,
        "z": -3250.350830078125
    },
    {
        "color": 4294967295,
        "name": "Generic Point 195",
        "x": -3642.48583984375,
        "y": 264.29547119140625,
        "z": -3274.273681640625
    },
    {
        "color": 4294967295,
        "name": "Generic Point 196",
        "x": -3644.722900390625,
        "y": 262.8476867675781,
        "z": -3261.450927734375
    },
    {
        "color": 4294967295,
        "name": "Generic Point 197",
        "x": -3647.677734375,
        "y": 263.1842041015625,
        "z": -3240.529052734375
    },
    {
        "color": 4294967295,
        "name": "Generic Point 198",
        "x": -3604.48388671875,
        "y": 238.13632202148438,
        "z": -3210.06396484375
    },
    {
        "color": 4294967295,
        "name": "Generic Point 199",
        "x": -3615.75048828125,
        "y": 237.9706268310547,
        "z": -3205.271240234375
    },
    {
        "color": 4294967295,
        "name": "Generic Point 2",
        "x": -3268.673828125,
        "y": 213.27056884765625,
        "z": -3928.6162109375
    },
    {
        "color": 4294967295,
        "name": "Generic Point 20",
        "x": -4483.82763671875,
        "y": 215.76036071777344,
        "z": -3839.698974609375
    },
    {
        "color": 4294967295,
        "name": "Generic Point 200",
        "x": -3614.3603515625,
        "y": 216.60694885253906,
        "z": -3204.971435546875
    },
    {
        "color": 4294967295,
        "name": "Generic Point 201",
        "x": -3831.130615234375,
        "y": 255.119140625,
        "z": -3152.86572265625
    },
    {
        "color": 4294967295,
        "name": "Generic Point 202",
        "x": -3831.01611328125,
        "y": 257.30450439453125,
        "z": -3143.968505859375
    },
    {
        "color": 4294967295,
        "name": "Generic Point 203",
        "x": -3733.65673828125,
        "y": 236.7095489501953,
        "z": -3134.885009765625
    },
    {
        "color": 4294967295,
        "name": "Generic Point 204",
        "x": -3702.96044921875,
        "y": 238.1384735107422,
        "z": -3159.165771484375
    },
    {
        "color": 4294967295,
        "name": "Generic Point 205",
        "x": -3688.749755859375,
        "y": 237.7694854736328,
        "z": -3154.67919921875
    },
    {
        "color": 4294967295,
        "name": "Generic Point 206",
        "x": -3696.678466796875,
        "y": 237.9645538330078,
        "z": -3152.230712890625
    },
    {
        "color": 4294967295,
        "name": "Generic Point 207",
        "x": -3703.70068359375,
        "y": 232.988037109375,
        "z": -3144.1767578125
    },
    {
        "color": 4294967295,
        "name": "Generic Point 208",
        "x": -3723.191162109375,
        "y": 250.60877990722656,
        "z": -3115.71630859375
    },
    {
        "color": 4294967295,
        "name": "Generic Point 209",
        "x": -3730.55615234375,
        "y": 251.49850463867188,
        "z": -3121.321044921875
    },
    {
        "color": 4294967295,
        "name": "Generic Point 21",
        "x": -4421.43017578125,
        "y": 196.4319305419922,
        "z": -3785.654541015625
    },
    {
        "color": 4294967295,
        "name": "Generic Point 210",
        "x": -3722.339111328125,
        "y": 271.30902099609375,
        "z": -3172.12060546875
    },
    {
        "color": 4294967295,
        "name": "Generic Point 211",
        "x": -3738.893310546875,
        "y": 281.5585632324219,
        "z": -3149.36865234375
    },
    {
        "color": 4294967295,
        "name": "Generic Point 212",
        "x": -3726.5205078125,
        "y": 282.20855712890625,
        "z": -3156.64404296875
    },
    {
        "color": 4294967295,
        "name": "Generic Point 213",
        "x": -3723.710205078125,
        "y": 281.17431640625,
        "z": -3158.810546875
    },
    {
        "color": 4294967295,
        "name": "Generic Point 214",
        "x": -3705.6708984375,
        "y": 272.74005126953125,
        "z": -3163.7578125
    },
    {
        "color": 4294967295,
        "name": "Generic Point 215",
        "x": -3636.836181640625,
        "y": 254.0098419189453,
        "z": -3092.453857421875
    },
    {
        "color": 4294967295,
        "name": "Generic Point 216",
        "x": -3621.200439453125,
        "y": 221.0804901123047,
        "z": -3118.671630859375
    },
    {
        "color": 4294967295,
        "name": "Generic Point 217",
        "x": -3571.734375,
        "y": 213.87582397460938,
        "z": -3141.782470703125
    },
    {
        "color": 4294967295,
        "name": "Generic Point 218",
        "x": -3570.137451171875,
        "y": 220.49168395996094,
        "z": -3138.92919921875
    },
    {
        "color": 4294967295,
        "name": "Generic Point 219",
        "x": -3639.56396484375,
        "y": 237.03533935546875,
        "z": -3031.556640625
    },
    {
        "color": 4294967295,
        "name": "Generic Point 22",
        "x": -4424.1572265625,
        "y": 196.2746124267578,
        "z": -3790.10302734375
    },
    {
        "color": 4294967295,
        "name": "Generic Point 220",
        "x": -3630.7333984375,
        "y": 227.52029418945312,
        "z": -3194.86767578125
    },
    {
        "color": 4294967295,
        "name": "Generic Point 221",
        "x": -3695.582275390625,
        "y": 206.69461059570312,
        "z": -3187.228271484375
    },
    {
        "color": 4294967295,
        "name": "Generic Point 222",
        "x": -3651.704345703125,
        "y": 235.9402313232422,
        "z": -3190.787841796875
    },
    {
        "color": 4294967295,
        "name": "Generic Point 223",
        "x": -3697.996826171875,
        "y": 263.7769470214844,
        "z": -3115.187744140625
    },
    {
        "color": 4294967295,
        "name": "Generic Point 224",
        "x": -3692.4404296875,
        "y": 258.5523986816406,
        "z": -3137.671875
    },
    {
        "color": 4294967295,
        "name": "Generic Point 225",
        "x": -3697.91455078125,
        "y": 262.6685791015625,
        "z": -3125.2666015625
    },
    {
        "color": 4294967295,
        "name": "Generic Point 23",
        "x": -4441.05810546875,
        "y": 199.98484802246094,
        "z": -3774.427734375
    },
    {
        "color": 4294967295,
        "name": "Generic Point 24",
        "x": -4440.3544921875,
        "y": 201.91761779785156,
        "z": -3739.889892578125
    },
    {
        "color": 4294967295,
        "name": "Generic Point 25",
        "x": -4431.8974609375,
        "y": 201.0081787109375,
        "z": -3742.47607421875
    },
    {
        "color": 4294967295,
        "name": "Generic Point 26",
        "x": -4440.89208984375,
        "y": 194.90008544921875,
        "z": -3742.435546875
    },
    {
        "color": 4294967295,
        "name": "Generic Point 27",
        "x": -4440.37255859375,
        "y": 195.1719207763672,
        "z": -3738.76220703125
    },
    {
        "color": 4294967295,
        "name": "Generic Point 28",
        "x": -4440.14306640625,
        "y": 186.349853515625,
        "z": -3770.947021484375
    },
    {
        "color": 4294967295,
        "name": "Generic Point 29",
        "x": -4438.70166015625,
        "y": 186.899169921875,
        "z": -3775.59228515625
    },
    {
        "color": 4294967295,
        "name": "Generic Point 3",
        "x": -4240.76904296875,
        "y": 202.060546875,
        "z": -4163.935546875
    },
    {
        "color": 4294967295,
        "name": "Generic Point 30",
        "x": -4431.1123046875,
        "y": 188.2276153564453,
        "z": -3740.810791015625
    },
    {
        "color": 4294967295,
        "name": "Generic Point 31",
        "x": -4431.158203125,
        "y": 189.4590606689453,
        "z": -3726.55224609375
    },
    {
        "color": 4294967295,
        "name": "Generic Point 32",
        "x": -4431.57373046875,
        "y": 195.57325744628906,
        "z": -3719.654052734375
    },
    {
        "color": 4294967295,
        "name": "Generic Point 33",
        "x": -4428.8466796875,
        "y": 194.76727294921875,
        "z": -3726.215576171875
    },
    {
        "color": 4294967295,
        "name": "Generic Point 34",
        "x": -4747.3955078125,
        "y": 218.53273010253906,
        "z": -3712.333251953125
    },
    {
        "color": 4294967295,
        "name": "Generic Point 35",
        "x": 1275.5445556640625,
        "y": 234.8904571533203,
        "z": 1141.581298828125
    },
    {
        "color": 4294967295,
        "name": "Generic Point 36",
        "x": 1285.2734375,
        "y": 231.5204315185547,
        "z": 1120.106201171875
    },
    {
        "color": 4294967295,
        "name": "Generic Point 37",
        "x": 1285.3359375,
        "y": 231.56651306152344,
        "z": 1115.1533203125
    },
    {
        "color": 4294967295,
        "name": "Generic Point 38",
        "x": -291.2052001953125,
        "y": 313.950439453125,
        "z": 1506.2283935546875
    },
    {
        "color": 4294967295,
        "name": "Generic Point 39",
        "x": -281.43353271484375,
        "y": 303.8465270996094,
        "z": 1488.3201904296875
    },
    {
        "color": 4294967295,
        "name": "Generic Point 4",
        "x": -4244.8662109375,
        "y": 202.2960662841797,
        "z": -4161.2294921875
    },
    {
        "color": 4294967295,
        "name": "Generic Point 40",
        "x": -275.8330078125,
        "y": 303.7802429199219,
        "z": 1476.0191650390625
    },
    {
        "color": 4294967295,
        "name": "Generic Point 41",
        "x": 106.71641540527344,
        "y": 285.3001403808594,
        "z": 2347.0908203125
    },
    {
        "color": 4294967295,
        "name": "Generic Point 42",
        "x": 103.99369812011719,
        "y": 285.50457763671875,
        "z": 2350.29345703125
    },
    {
        "color": 4294967295,
        "name": "Generic Point 43",
        "x": -665.23583984375,
        "y": 243.58453369140625,
        "z": 3250.466064453125
    },
    {
        "color": 4294967295,
        "name": "Generic Point 44",
        "x": -668.959716796875,
        "y": 235.61277770996094,
        "z": 3243.2978515625
    },
    {
        "color": 4294967295,
        "name": "Generic Point 45",
        "x": -672.4490966796875,
        "y": 234.45489501953125,
        "z": 3237.778076171875
    },
    {
        "color": 4294967295,
        "name": "Generic Point 46",
        "x": -667.8758544921875,
        "y": 231.82925415039062,
        "z": 3176.94482421875
    },
    {
        "color": 4294967295,
        "name": "Generic Point 47",
        "x": -666.7567138671875,
        "y": 231.0211639404297,
        "z": 3167.00390625
    },
    {
        "color": 4294967295,
        "name": "Generic Point 48",
        "x": -737.6140747070312,
        "y": 240.17051696777344,
        "z": 3442.078369140625
    },
    {
        "color": 4294967295,
        "name": "Generic Point 49",
        "x": -573.802734375,
        "y": 220.60223388671875,
        "z": 3133.969970703125
    },
    {
        "color": 4294967295,
        "name": "Generic Point 5",
        "x": -4231.84912109375,
        "y": 202.1281280517578,
        "z": -4157.68896484375
    },
    {
        "color": 4294967295,
        "name": "Generic Point 50",
        "x": -480.2003173828125,
        "y": 203.93934631347656,
        "z": 3111.918701171875
    },
    {
        "color": 4294967295,
        "name": "Generic Point 51",
        "x": -472.8194274902344,
        "y": 204.16844177246094,
        "z": 3090.43359375
    },
    {
        "color": 4294967295,
        "name": "Generic Point 52",
        "x": -470.2451171875,
        "y": 203.7459259033203,
        "z": 3127.293212890625
    },
    {
        "color": 4294967295,
        "name": "Generic Point 53",
        "x": -733.708251953125,
        "y": 206.07272338867188,
        "z": 3592.484375
    },
    {
        "color": 4294967295,
        "name": "Generic Point 54",
        "x": -728.9857177734375,
        "y": 203.5736541748047,
        "z": 3608.55859375
    },
    {
        "color": 4294967295,
        "name": "Generic Point 55",
        "x": -764.147216796875,
        "y": 194.07733154296875,
        "z": 3626.4833984375
    },
    {
        "color": 4294967295,
        "name": "Generic Point 56",
        "x": -780.7991333007812,
        "y": 192.4069366455078,
        "z": 3644.2275390625
    },
    {
        "color": 4294967295,
        "name": "Generic Point 57",
        "x": -379.44061279296875,
        "y": 283.77398681640625,
        "z": 4017.797607421875
    },
    {
        "color": 4294967295,
        "name": "Generic Point 58",
        "x": -372.4702453613281,
        "y": 283.55511474609375,
        "z": 4010.50341796875
    },
    {
        "color": 4294967295,
        "name": "Generic Point 59",
        "x": -383.11029052734375,
        "y": 278.7742004394531,
        "z": 3997.408447265625
    },
    {
        "color": 4294967295,
        "name": "Generic Point 6",
        "x": -4234.3310546875,
        "y": 211.2366943359375,
        "z": -4246.67724609375
    },
    {
        "color": 4294967295,
        "name": "Generic Point 60",
        "x": -388.62384033203125,
        "y": 277.95965576171875,
        "z": 3995.98876953125
    },
    {
        "color": 4294967295,
        "name": "Generic Point 61",
        "x": -408.0776672363281,
        "y": 277.9341125488281,
        "z": 3991.557373046875
    },
    {
        "color": 4294967295,
        "name": "Generic Point 62",
        "x": -424.4184875488281,
        "y": 272.4639587402344,
        "z": 4007.6748046875
    },
    {
        "color": 4294967295,
        "name": "Generic Point 63",
        "x": -416.6233825683594,
        "y": 272.790771484375,
        "z": 4011.74560546875
    },
    {
        "color": 4294967295,
        "name": "Generic Point 64",
        "x": -358.7471923828125,
        "y": 270.7372131347656,
        "z": 3978.857666015625
    },
    {
        "color": 4294967295,
        "name": "Generic Point 65",
        "x": -359.940673828125,
        "y": 257.0,
        "z": 3940.2841796875
    },
    {
        "color": 4294967295,
        "name": "Generic Point 66",
        "x": -343.0313720703125,
        "y": 249.72080993652344,
        "z": 3919.362060546875
    },
    {
        "color": 4294967295,
        "name": "Generic Point 67",
        "x": -756.08740234375,
        "y": 150.2689666748047,
        "z": 4016.477783203125
    },
    {
        "color": 4294967295,
        "name": "Generic Point 68",
        "x": -761.4686889648438,
        "y": 149.99241638183594,
        "z": 4019.91357421875
    },
    {
        "color": 4294967295,
        "name": "Generic Point 69",
        "x": -771.946533203125,
        "y": 151.1637420654297,
        "z": 4013.62158203125
    },
    {
        "color": 4294967295,
        "name": "Generic Point 7",
        "x": -4260.43115234375,
        "y": 213.47084045410156,
        "z": -4236.5048828125
    },
    {
        "color": 4294967295,
        "name": "Generic Point 70",
        "x": -1054.7431640625,
        "y": 348.72265625,
        "z": 4010.6064453125
    },
    {
        "color": 4294967295,
        "name": "Generic Point 71",
        "x": -1039.304931640625,
        "y": 348.48187255859375,
        "z": 4024.748046875
    },
    {
        "color": 4294967295,
        "name": "Generic Point 72",
        "x": -1053.726806640625,
        "y": 342.8759765625,
        "z": 4028.26416015625
    },
    {
        "color": 4294967295,
        "name": "Generic Point 73",
        "x": -1092.0589599609375,
        "y": 273.6884460449219,
        "z": 3929.11328125
    },
    {
        "color": 4294967295,
        "name": "Generic Point 74",
        "x": -866.8092041015625,
        "y": 177.76123046875,
        "z": 3673.124755859375
    },
    {
        "color": 4294967295,
        "name": "Generic Point 75",
        "x": -1072.733642578125,
        "y": 342.8337097167969,
        "z": 4007.586181640625
    },
    {
        "color": 4294967295,
        "name": "Generic Point 76",
        "x": -1051.529541015625,
        "y": 343.5821228027344,
        "z": 3996.865966796875
    },
    {
        "color": 4294967295,
        "name": "Generic Point 77",
        "x": -1048.2120361328125,
        "y": 345.4166564941406,
        "z": 3994.48974609375
    },
    {
        "color": 4294967295,
        "name": "Generic Point 78",
        "x": -1089.3040771484375,
        "y": 342.1850280761719,
        "z": 3991.902587890625
    },
    {
        "color": 4294967295,
        "name": "Generic Point 79",
        "x": -2210.982177734375,
        "y": 4.354959011077881,
        "z": 5554.033203125
    },
    {
        "color": 4294967295,
        "name": "Generic Point 8",
        "x": -4236.234375,
        "y": 222.7498779296875,
        "z": -4228.57080078125
    },
    {
        "color": 4294967295,
        "name": "Generic Point 80",
        "x": -2260.54443359375,
        "y": 3.298677682876587,
        "z": 5620.388671875
    },
    {
        "color": 4294967295,
        "name": "Generic Point 81",
        "x": -2288.932373046875,
        "y": 3.416801929473877,
        "z": 5589.552734375
    },
    {
        "color": 4294967295,
        "name": "Generic Point 82",
        "x": -2279.430908203125,
        "y": 3.320528030395508,
        "z": 5533.6962890625
    },
    {
        "color": 4294967295,
        "name": "Generic Point 83",
        "x": -2320.5439453125,
        "y": 110.87247467041016,
        "z": 5236.45947265625
    },
    {
        "color": 4294967295,
        "name": "Generic Point 84",
        "x": -2320.4501953125,
        "y": 111.65494537353516,
        "z": 5261.716796875
    },
    {
        "color": 4294967295,
        "name": "Generic Point 85",
        "x": -2321.482421875,
        "y": 111.70526123046875,
        "z": 5280.23974609375
    },
    {
        "color": 4294967295,
        "name": "Generic Point 86",
        "x": -2381.8125,
        "y": 111.50894927978516,
        "z": 5280.7373046875
    },
    {
        "color": 4294967295,
        "name": "Generic Point 87",
        "x": -2382.05712890625,
        "y": 110.87259674072266,
        "z": 5261.6083984375
    },
    {
        "color": 4294967295,
        "name": "Generic Point 88",
        "x": -2380.70947265625,
        "y": 110.87273406982422,
        "z": 5241.4375
    },
    {
        "color": 4294967295,
        "name": "Generic Point 89",
        "x": -2380.0224609375,
        "y": 110.87335968017578,
        "z": 5216.34814453125
    },
    {
        "color": 4294967295,
        "name": "Generic Point 9",
        "x": -4250.919921875,
        "y": 226.34092712402344,
        "z": -4216.16552734375
    },
    {
        "color": 4294967295,
        "name": "Generic Point 90",
        "x": -2414.01708984375,
        "y": 99.48247528076172,
        "z": 5286.57763671875
    },
    {
        "color": 4294967295,
        "name": "Generic Point 91",
        "x": -2438.679443359375,
        "y": 99.1121597290039,
        "z": 5271.91357421875
    },
    {
        "color": 4294967295,
        "name": "Generic Point 92",
        "x": -2431.199951171875,
        "y": 99.10203552246094,
        "z": 5238.55029296875
    },
    {
        "color": 4294967295,
        "name": "Generic Point 93",
        "x": -2264.060791015625,
        "y": 75.15836334228516,
        "z": 5154.162109375
    },
    {
        "color": 4294967295,
        "name": "Generic Point 94",
        "x": -2264.08740234375,
        "y": 74.90070343017578,
        "z": 5163.810546875
    },
    {
        "color": 4294967295,
        "name": "Generic Point 95",
        "x": -2287.781982421875,
        "y": 75.5239486694336,
        "z": 5164.97802734375
    },
    {
        "color": 4294967295,
        "name": "Generic Point 96",
        "x": -2323.5634765625,
        "y": 96.57316589355469,
        "z": 5092.58056640625
    },
    {
        "color": 4294967295,
        "name": "Generic Point 97",
        "x": -2316.75927734375,
        "y": 96.09649658203125,
        "z": 5068.234375
    },
    {
        "color": 4294967295,
        "name": "Generic Point 98",
        "x": -2328.680908203125,
        "y": 95.87368774414062,
        "z": 5066.6240234375
    },
    {
        "color": 4294967295,
        "name": "Generic Point 99",
        "x": -2380.831298828125,
        "y": 95.87214660644531,
        "z": 5066.3974609375
    }
]