[
    {
        "color": 4294967295,
        "name": "Generic Point 0",
        "x": 2726.302734375,
        "y": 320.78985595703125,
        "z": 4466.150390625
    },
    {
        "color": 4294967295,
        "name": "Generic Point 1",
        "x": 2712.93017578125,
        "y": 527.26611328125,
        "z": 5083.71728515625
    },
    {
        "color": 4294967295,
        "name": "Generic Point 2",
        "x": 3897.665771484375,
        "y": 472.8832702636719,
        "z": 4631.224609375
    },
    {
        "color": 4294967295,
        "name": "Generic Point 3",
        "x": 4024.806396484375,
        "y": 476.4628601074219,
        "z": 4037.251953125
    }
]