[
    {
        "color": 4294967295,
        "name": "Generic Point 0",
        "x": 393.32,
        "y": 202.7,
        "z": -745.82
    },
    {
        "color": 4294967295,
        "name": "Generic Point 1",
        "x": 2371.29,
        "y": 300.43,
        "z": -652.51
    },
    {
        "color": 4294967295,
        "name": "Generic Point 10",
        "x": -173.88,
        "y": 158.56,
        "z": 946.35
    },
    {
        "color": 4294967295,
        "name": "Generic Point 11",
        "x": -172.61,
        "y": 171.48,
        "z": 1012.69
    },
    {
        "color": 4294967295,
        "name": "Generic Point 12",
        "x": 331.34,
        "y": 157.22,
        "z": 1007.29
    },
    {
        "color": 4294967295,
        "name": "Generic Point 13",
        "x": 201.84,
        "y": 214.1,
        "z": 1388.34
    },
    {
        "color": 4294967295,
        "name": "Generic Point 14",
        "x": 721.35,
        "y": 421.6,
        "z": 1442.48
    },
    {
        "color": 4294967295,
        "name": "Generic Point 15",
        "x": 1061.44,
        "y": 432.89,
        "z": 1595.62
    },
    {
        "color": 4294967295,
        "name": "Generic Point 16",
        "x": 773.79,
        "y": 407.3,
        "z": 1790.84
    },
    {
        "color": 4294967295,
        "name": "Generic Point 17",
        "x": 834.57,
        "y": 481.57,
        "z": 1428.12
    },
    {
        "color": 4294967295,
        "name": "Generic Point 18",
        "x": 833.0,
        "y": 542.97,
        "z": 1432.88
    },
    {
        "color": 4294967295,
        "name": "Generic Point 19",
        "x": -529.81,
        "y": 185.13,
        "z": 1139.83
    },
    {
        "color": 4294967295,
        "name": "Generic Point 2",
        "x": 2959.61,
        "y": 200.68,
        "z": -1425.6
    },
    {
        "color": 4294967295,
        "name": "Generic Point 20",
        "x": -852.01,
        "y": 191.55,
        "z": 1288.72
    },
    {
        "color": 4294967295,
        "name": "Generic Point 21",
        "x": -836.49,
        "y": 191.97,
        "z": 1307.38
    },
    {
        "color": 4294967295,
        "name": "Generic Point 22",
        "x": -813.97,
        "y": 188.66,
        "z": 1289.99
    },
    {
        "color": 4294967295,
        "name": "Generic Point 23",
        "x": -918.71,
        "y": 184.51,
        "z": 1281.82
    },
    {
        "color": 4294967295,
        "name": "Generic Point 24",
        "x": -349.99,
        "y": 201.85,
        "z": -719.59
    },
    {
        "color": 4294967295,
        "name": "Generic Point 25",
        "x": -376.13,
        "y": 240.88,
        "z": -1157.28
    },
    {
        "color": 4294967295,
        "name": "Generic Point 3",
        "x": 2634.31,
        "y": 194.66,
        "z": -2377.44
    },
    {
        "color": 4294967295,
        "name": "Generic Point 4",
        "x": 1893.86,
        "y": 213.68,
        "z": -124.61
    },
    {
        "color": 4294967295,
        "name": "Generic Point 5",
        "x": 1829.14,
        "y": 204.25,
        "z": -98.12
    },
    {
        "color": 4294967295,
        "name": "Generic Point 6",
        "x": 1864.89,
        "y": 205.02,
        "z": -203.15
    },
    {
        "color": 4294967295,
        "name": "Generic Point 7",
        "x": 2128.06,
        "y": 187.14,
        "z": 745.64
    },
    {
        "color": 4294967295,
        "name": "Generic Point 8",
        "x": 437.31,
        "y": 183.89,
        "z": 232.31
    },
    {
        "color": 4294967295,
        "name": "Generic Point 9",
        "x": -158.47,
        "y": 172.21,
        "z": 924.26
    }
]