[
    {
        "color": 4294967295,
        "name": "Generic Point 0",
        "x": 1341.706,
        "y": 257.77099999999996,
        "z": -676.333
    },
    {
        "color": 4294967295,
        "name": "Generic Point 1",
        "x": 1155.086,
        "y": 230.115,
        "z": -637.056
    },
    {
        "color": 4294967295,
        "name": "Generic Point 10",
        "x": 899.113,
        "y": 215.948,
        "z": 26.127
    },
    {
        "color": 4294967295,
        "name": "Generic Point 11",
        "x": 1343.787,
        "y": 253.969,
        "z": -693.98
    },
    {
        "color": 4294967295,
        "name": "Generic Point 12",
        "x": 895.013,
        "y": 220.697,
        "z": 88.511
    },
    {
        "color": 4294967295,
        "name": "Generic Point 13",
        "x": 818.272,
        "y": 249.724,
        "z": 170.373
    },
    {
        "color": 4294967295,
        "name": "Generic Point 14",
        "x": 863.622,
        "y": 244.265,
        "z": 174.598
    },
    {
        "color": 4294967295,
        "name": "Generic Point 15",
        "x": 850.148,
        "y": 236.86,
        "z": 196.217
    },
    {
        "color": 4294967295,
        "name": "Generic Point 16",
        "x": 915.704,
        "y": 246.688,
        "z": 164.627
    },
    {
        "color": 4294967295,
        "name": "Generic Point 17",
        "x": 1351.097,
        "y": 234.704,
        "z": 729.494
    },
    {
        "color": 4294967295,
        "name": "Generic Point 18",
        "x": 765.852,
        "y": 214.473,
        "z": 597.518
    },
    {
        "color": 4294967295,
        "name": "Generic Point 19",
        "x": 767.399,
        "y": 253.383,
        "z": 561.239
    },
    {
        "color": 4294967295,
        "name": "Generic Point 2",
        "x": 1170.723,
        "y": 230.989,
        "z": -637.396
    },
    {
        "color": 4294967295,
        "name": "Generic Point 20",
        "x": 735.167,
        "y": 249.715,
        "z": 580.67
    },
    {
        "color": 4294967295,
        "name": "Generic Point 21",
        "x": 683.127,
        "y": 245.101,
        "z": 577.293
    },
    {
        "color": 4294967295,
        "name": "Generic Point 22",
        "x": 1329.831,
        "y": 252.077,
        "z": -701.682
    },
    {
        "color": 4294967295,
        "name": "Generic Point 23",
        "x": 658.318,
        "y": 241.932,
        "z": 681.5
    },
    {
        "color": 4294967295,
        "name": "Generic Point 24",
        "x": 608.051,
        "y": 236.61,
        "z": 687.326
    },
    {
        "color": 4294967295,
        "name": "Generic Point 25",
        "x": 630.649,
        "y": 241.315,
        "z": 730.515
    },
    {
        "color": 4294967295,
        "name": "Generic Point 26",
        "x": 606.182,
        "y": 245.478,
        "z": 774.925
    },
    {
        "color": 4294967295,
        "name": "Generic Point 27",
        "x": 598.144,
        "y": 228.118,
        "z": 808.217
    },
    {
        "color": 4294967295,
        "name": "Generic Point 28",
        "x": 527.654,
        "y": 211.739,
        "z": 810.262
    },
    {
        "color": 4294967295,
        "name": "Generic Point 29",
        "x": 528.658,
        "y": 216.125,
        "z": 854.925
    },
    {
        "color": 4294967295,
        "name": "Generic Point 3",
        "x": 1158.931,
        "y": 227.885,
        "z": -623.93
    },
    {
        "color": 4294967295,
        "name": "Generic Point 30",
        "x": 533.753,
        "y": 167.685,
        "z": 895.888
    },
    {
        "color": 4294967295,
        "name": "Generic Point 31",
        "x": 513.906,
        "y": 164.128,
        "z": 915.079
    },
    {
        "color": 4294967295,
        "name": "Generic Point 32",
        "x": 498.519,
        "y": 156.742,
        "z": 935.52
    },
    {
        "color": 4294967295,
        "name": "Generic Point 33",
        "x": 1325.769,
        "y": 256.317,
        "z": -688.309
    },
    {
        "color": 4294967295,
        "name": "Generic Point 34",
        "x": 460.613,
        "y": 177.611,
        "z": 848.85
    },
    {
        "color": 4294967295,
        "name": "Generic Point 35",
        "x": 453.442,
        "y": 194.015,
        "z": 802.339
    },
    {
        "color": 4294967295,
        "name": "Generic Point 36",
        "x": 465.742,
        "y": 190.985,
        "z": 701.974
    },
    {
        "color": 4294967295,
        "name": "Generic Point 37",
        "x": 521.89,
        "y": 195.451,
        "z": 675.767
    },
    {
        "color": 4294967295,
        "name": "Generic Point 38",
        "x": 557.194,
        "y": 218.363,
        "z": 582.547
    },
    {
        "color": 4294967295,
        "name": "Generic Point 39",
        "x": 513.158,
        "y": 200.198,
        "z": 532.039
    },
    {
        "color": 4294967295,
        "name": "Generic Point 4",
        "x": 526.635,
        "y": 136.333,
        "z": -306.572
    },
    {
        "color": 4294967295,
        "name": "Generic Point 40",
        "x": 533.081,
        "y": 196.224,
        "z": 472.972
    },
    {
        "color": 4294967295,
        "name": "Generic Point 41",
        "x": 541.431,
        "y": 197.959,
        "z": 451.88
    },
    {
        "color": 4294967295,
        "name": "Generic Point 42",
        "x": 555.513,
        "y": 228.782,
        "z": 500.123
    },
    {
        "color": 4294967295,
        "name": "Generic Point 43",
        "x": 610.23,
        "y": 208.501,
        "z": 486.564
    },
    {
        "color": 4294967295,
        "name": "Generic Point 44",
        "x": 1183.607,
        "y": 251.453,
        "z": -723.668
    },
    {
        "color": 4294967295,
        "name": "Generic Point 45",
        "x": -44.511,
        "y": 178.249,
        "z": 15.387
    },
    {
        "color": 4294967295,
        "name": "Generic Point 46",
        "x": -155.655,
        "y": 240.662,
        "z": 205.981
    },
    {
        "color": 4294967295,
        "name": "Generic Point 47",
        "x": -183.905,
        "y": 248.851,
        "z": 185.687
    },
    {
        "color": 4294967295,
        "name": "Generic Point 48",
        "x": -206.35,
        "y": 248.671,
        "z": 172.317
    },
    {
        "color": 4294967295,
        "name": "Generic Point 49",
        "x": -160.769,
        "y": 229.216,
        "z": 256.812
    },
    {
        "color": 4294967295,
        "name": "Generic Point 5",
        "x": 500.042,
        "y": 136.078,
        "z": -328.922
    },
    {
        "color": 4294967295,
        "name": "Generic Point 50",
        "x": -209.153,
        "y": 233.315,
        "z": 328.477
    },
    {
        "color": 4294967295,
        "name": "Generic Point 51",
        "x": -255.239,
        "y": 242.604,
        "z": 386.303
    },
    {
        "color": 4294967295,
        "name": "Generic Point 52",
        "x": -106.848,
        "y": 249.351,
        "z": 443.377
    },
    {
        "color": 4294967295,
        "name": "Generic Point 53",
        "x": -117.428,
        "y": 214.587,
        "z": 470.615
    },
    {
        "color": 4294967295,
        "name": "Generic Point 54",
        "x": -102.367,
        "y": 184.614,
        "z": 489.954
    },
    {
        "color": 4294967295,
        "name": "Generic Point 55",
        "x": 1171.538,
        "y": 251.653,
        "z": -713.358
    },
    {
        "color": 4294967295,
        "name": "Generic Point 56",
        "x": -338.147,
        "y": 268.737,
        "z": 377.354
    },
    {
        "color": 4294967295,
        "name": "Generic Point 57",
        "x": -482.147,
        "y": 220.456,
        "z": 469.689
    },
    {
        "color": 4294967295,
        "name": "Generic Point 58",
        "x": -501.684,
        "y": 218.577,
        "z": 526.864
    },
    {
        "color": 4294967295,
        "name": "Generic Point 59",
        "x": -546.491,
        "y": 219.357,
        "z": 543.148
    },
    {
        "color": 4294967295,
        "name": "Generic Point 6",
        "x": 491.512,
        "y": 135.736,
        "z": -315.356
    },
    {
        "color": 4294967295,
        "name": "Generic Point 60",
        "x": -559.811,
        "y": 220.699,
        "z": 511.428
    },
    {
        "color": 4294967295,
        "name": "Generic Point 61",
        "x": -798.249,
        "y": 158.934,
        "z": -102.399
    },
    {
        "color": 4294967295,
        "name": "Generic Point 62",
        "x": -812.0,
        "y": 161.054,
        "z": -104.441
    },
    {
        "color": 4294967295,
        "name": "Generic Point 63",
        "x": -795.653,
        "y": 161.375,
        "z": -115.578
    },
    {
        "color": 4294967295,
        "name": "Generic Point 64",
        "x": -809.794,
        "y": 165.373,
        "z": -128.722
    },
    {
        "color": 4294967295,
        "name": "Generic Point 65",
        "x": -826.588,
        "y": 169.029,
        "z": -131.718
    },
    {
        "color": 4294967295,
        "name": "Generic Point 66",
        "x": 1169.533,
        "y": 251.355,
        "z": -700.377
    },
    {
        "color": 4294967295,
        "name": "Generic Point 67",
        "x": -769.512,
        "y": 205.729,
        "z": -166.469
    },
    {
        "color": 4294967295,
        "name": "Generic Point 68",
        "x": -782.575,
        "y": 203.787,
        "z": -170.004
    },
    {
        "color": 4294967295,
        "name": "Generic Point 69",
        "x": -840.221,
        "y": 158.357,
        "z": -182.665
    },
    {
        "color": 4294967295,
        "name": "Generic Point 7",
        "x": 489.028,
        "y": 135.462,
        "z": -296.099
    },
    {
        "color": 4294967295,
        "name": "Generic Point 70",
        "x": -852.69,
        "y": 158.801,
        "z": -200.19
    },
    {
        "color": 4294967295,
        "name": "Generic Point 71",
        "x": -844.12,
        "y": 159.48,
        "z": -217.108
    },
    {
        "color": 4294967295,
        "name": "Generic Point 72",
        "x": -804.862,
        "y": 202.964,
        "z": -222.661
    },
    {
        "color": 4294967295,
        "name": "Generic Point 73",
        "x": 1191.248,
        "y": 255.129,
        "z": -693.788
    },
    {
        "color": 4294967295,
        "name": "Generic Point 74",
        "x": 1163.211,
        "y": 231.577,
        "z": -649.417
    },
    {
        "color": 4294967295,
        "name": "Generic Point 8",
        "x": 495.648,
        "y": 134.861,
        "z": -280.132
    },
    {
        "color": 4294967295,
        "name": "Generic Point 9",
        "x": 527.797,
        "y": 138.592,
        "z": -274.469
    }
]