[
    {
        "color": 4294967295,
        "name": "Generic Point 0",
        "x": 2862.0,
        "y": 259.65,
        "z": -1875.28
    },
    {
        "color": 4294967295,
        "name": "Generic Point 1",
        "x": 2241.1,
        "y": 217.32,
        "z": -888.23
    },
    {
        "color": 4294967295,
        "name": "Generic Point 10",
        "x": 55.42,
        "y": 264.28,
        "z": 372.26
    },
    {
        "color": 4294967295,
        "name": "Generic Point 11",
        "x": 1142.04,
        "y": 350.26,
        "z": 1571.46
    },
    {
        "color": 4294967295,
        "name": "Generic Point 12",
        "x": -471.25,
        "y": 419.45,
        "z": 596.7
    },
    {
        "color": 4294967295,
        "name": "Generic Point 13",
        "x": 720.52,
        "y": 421.73,
        "z": 1442.59
    },
    {
        "color": 4294967295,
        "name": "Generic Point 14",
        "x": 772.5,
        "y": 407.14,
        "z": 1790.44
    },
    {
        "color": 4294967295,
        "name": "Generic Point 15",
        "x": 1063.28,
        "y": 432.83,
        "z": 1595.45
    },
    {
        "color": 4294967295,
        "name": "Generic Point 16",
        "x": 836.21,
        "y": 481.63,
        "z": 1427.73
    },
    {
        "color": 4294967295,
        "name": "Generic Point 17",
        "x": 833.02,
        "y": 543.25,
        "z": 1432.63
    },
    {
        "color": 4294967295,
        "name": "Generic Point 18",
        "x": -454.17,
        "y": 420.71,
        "z": 601.9
    },
    {
        "color": 4294967295,
        "name": "Generic Point 19",
        "x": -412.33,
        "y": 422.33,
        "z": 591.38
    },
    {
        "color": 4294967295,
        "name": "Generic Point 2",
        "x": 2243.96,
        "y": 239.87,
        "z": -779.34
    },
    {
        "color": 4294967295,
        "name": "Generic Point 20",
        "x": -427.68,
        "y": 240.3,
        "z": 434.05
    },
    {
        "color": 4294967295,
        "name": "Generic Point 21",
        "x": -521.05,
        "y": 229.74,
        "z": 380.13
    },
    {
        "color": 4294967295,
        "name": "Generic Point 22",
        "x": -668.29,
        "y": 220.76,
        "z": 228.54
    },
    {
        "color": 4294967295,
        "name": "Generic Point 23",
        "x": -222.81,
        "y": 259.55,
        "z": 294.97
    },
    {
        "color": 4294967295,
        "name": "Generic Point 3",
        "x": 2160.81,
        "y": 237.14,
        "z": -1642.0
    },
    {
        "color": 4294967295,
        "name": "Generic Point 4",
        "x": 1328.15,
        "y": 304.83,
        "z": -1869.21
    },
    {
        "color": 4294967295,
        "name": "Generic Point 5",
        "x": 1960.41,
        "y": 249.78,
        "z": -815.73
    },
    {
        "color": 4294967295,
        "name": "Generic Point 6",
        "x": 2616.4,
        "y": 215.65,
        "z": -65.04
    },
    {
        "color": 4294967295,
        "name": "Generic Point 7",
        "x": 2768.33,
        "y": 213.11,
        "z": 105.46
    },
    {
        "color": 4294967295,
        "name": "Generic Point 8",
        "x": 1725.73,
        "y": 250.25,
        "z": 551.69
    },
    {
        "color": 4294967295,
        "name": "Generic Point 9",
        "x": 895.46,
        "y": 256.64,
        "z": 324.05
    }
]