[
    {
        "color": 4294967295,
        "name": "Generic Point 0",
        "x": -2711.810546875,
        "y": 201.42173767089844,
        "z": -3961.144287109375
    },
    {
        "color": 4294967295,
        "name": "Generic Point 1",
        "x": -2835.017333984375,
        "y": 198.15118408203125,
        "z": -4088.386962890625
    },
    {
        "color": 4294967295,
        "name": "Generic Point 10",
        "x": -2968.267822265625,
        "y": 201.9787139892578,
        "z": -4117.06689453125
    },
    {
        "color": 4294967295,
        "name": "Generic Point 11",
        "x": -2703.69140625,
        "y": 210.71678161621094,
        "z": -4038.83935546875
    },
    {
        "color": 4294967295,
        "name": "Generic Point 12",
        "x": -2964.589599609375,
        "y": 206.04287719726562,
        "z": -4069.2958984375
    },
    {
        "color": 4294967295,
        "name": "Generic Point 13",
        "x": -2964.4267578125,
        "y": 201.98580932617188,
        "z": -3925.181640625
    },
    {
        "color": 4294967295,
        "name": "Generic Point 14",
        "x": -2837.156494140625,
        "y": 201.7637939453125,
        "z": -4568.947265625
    },
    {
        "color": 4294967295,
        "name": "Generic Point 15",
        "x": -2693.83154296875,
        "y": 205.40936279296875,
        "z": -4634.8974609375
    },
    {
        "color": 4294967295,
        "name": "Generic Point 16",
        "x": -2685.974609375,
        "y": 252.29835510253906,
        "z": -4474.7509765625
    },
    {
        "color": 4294967295,
        "name": "Generic Point 17",
        "x": -2674.158935546875,
        "y": 244.18809509277344,
        "z": -4361.29345703125
    },
    {
        "color": 4294967295,
        "name": "Generic Point 18",
        "x": -2746.91748046875,
        "y": 216.19049072265625,
        "z": -4337.89453125
    },
    {
        "color": 4294967295,
        "name": "Generic Point 19",
        "x": -2701.071044921875,
        "y": 232.6016387939453,
        "z": -4279.3720703125
    },
    {
        "color": 4294967295,
        "name": "Generic Point 2",
        "x": -2806.7451171875,
        "y": 190.3470001220703,
        "z": -4061.09619140625
    },
    {
        "color": 4294967295,
        "name": "Generic Point 20",
        "x": -2770.698486328125,
        "y": 217.4285125732422,
        "z": -4233.22265625
    },
    {
        "color": 4294967295,
        "name": "Generic Point 21",
        "x": -2800.556640625,
        "y": 207.95425415039062,
        "z": -4255.5244140625
    },
    {
        "color": 4294967295,
        "name": "Generic Point 22",
        "x": -2718.285400390625,
        "y": 203.08132934570312,
        "z": -4021.07666015625
    },
    {
        "color": 4294967295,
        "name": "Generic Point 23",
        "x": -2822.236572265625,
        "y": 225.72195434570312,
        "z": -4408.20263671875
    },
    {
        "color": 4294967295,
        "name": "Generic Point 24",
        "x": -2452.373291015625,
        "y": 200.93968200683594,
        "z": -4644.82568359375
    },
    {
        "color": 4294967295,
        "name": "Generic Point 25",
        "x": -2472.30810546875,
        "y": 205.78964233398438,
        "z": -4672.95166015625
    },
    {
        "color": 4294967295,
        "name": "Generic Point 26",
        "x": -2323.775390625,
        "y": 166.65512084960938,
        "z": -4814.67431640625
    },
    {
        "color": 4294967295,
        "name": "Generic Point 27",
        "x": -2239.50048828125,
        "y": 155.0086212158203,
        "z": -4845.46484375
    },
    {
        "color": 4294967295,
        "name": "Generic Point 28",
        "x": -2223.12158203125,
        "y": 156.12326049804688,
        "z": -4924.39501953125
    },
    {
        "color": 4294967295,
        "name": "Generic Point 29",
        "x": -2248.60498046875,
        "y": 201.38327026367188,
        "z": -4844.6162109375
    },
    {
        "color": 4294967295,
        "name": "Generic Point 3",
        "x": -2620.098876953125,
        "y": 201.205322265625,
        "z": -4089.277587890625
    },
    {
        "color": 4294967295,
        "name": "Generic Point 30",
        "x": -2528.301025390625,
        "y": 287.94451904296875,
        "z": -4523.06640625
    },
    {
        "color": 4294967295,
        "name": "Generic Point 31",
        "x": -2431.34228515625,
        "y": 305.3485107421875,
        "z": -4416.68798828125
    },
    {
        "color": 4294967295,
        "name": "Generic Point 32",
        "x": -2340.708740234375,
        "y": 213.80557250976562,
        "z": -4404.34619140625
    },
    {
        "color": 4294967295,
        "name": "Generic Point 33",
        "x": -2768.86962890625,
        "y": 200.89532470703125,
        "z": -3996.1337890625
    },
    {
        "color": 4294967295,
        "name": "Generic Point 34",
        "x": -2377.903564453125,
        "y": 240.40773010253906,
        "z": -4464.6416015625
    },
    {
        "color": 4294967295,
        "name": "Generic Point 35",
        "x": -2437.899658203125,
        "y": 246.80406188964844,
        "z": -4506.52294921875
    },
    {
        "color": 4294967295,
        "name": "Generic Point 36",
        "x": -2489.830078125,
        "y": 394.6054382324219,
        "z": -4429.0654296875
    },
    {
        "color": 4294967295,
        "name": "Generic Point 37",
        "x": -2489.817626953125,
        "y": 443.9534912109375,
        "z": -4396.37939453125
    },
    {
        "color": 4294967295,
        "name": "Generic Point 38",
        "x": -2456.955810546875,
        "y": 337.3878173828125,
        "z": -4313.80859375
    },
    {
        "color": 4294967295,
        "name": "Generic Point 39",
        "x": -2495.6025390625,
        "y": 278.34979248046875,
        "z": -4280.95068359375
    },
    {
        "color": 4294967295,
        "name": "Generic Point 4",
        "x": -2620.940673828125,
        "y": 213.0042266845703,
        "z": -4132.88232421875
    },
    {
        "color": 4294967295,
        "name": "Generic Point 40",
        "x": -2459.380859375,
        "y": 259.09820556640625,
        "z": -4258.63134765625
    },
    {
        "color": 4294967295,
        "name": "Generic Point 41",
        "x": -2430.57373046875,
        "y": 248.47601318359375,
        "z": -4290.03857421875
    },
    {
        "color": 4294967295,
        "name": "Generic Point 42",
        "x": -2394.560302734375,
        "y": 264.9434509277344,
        "z": -4309.1015625
    },
    {
        "color": 4294967295,
        "name": "Generic Point 43",
        "x": -2221.921142578125,
        "y": 200.90634155273438,
        "z": -4398.72265625
    },
    {
        "color": 4294967295,
        "name": "Generic Point 44",
        "x": -2836.1572265625,
        "y": 200.98439025878906,
        "z": -4021.0595703125
    },
    {
        "color": 4294967295,
        "name": "Generic Point 45",
        "x": -2437.651611328125,
        "y": 228.05992126464844,
        "z": -4204.82568359375
    },
    {
        "color": 4294967295,
        "name": "Generic Point 46",
        "x": -2507.638427734375,
        "y": 201.8946075439453,
        "z": -4114.64794921875
    },
    {
        "color": 4294967295,
        "name": "Generic Point 47",
        "x": -2401.681396484375,
        "y": 205.62608337402344,
        "z": -4174.58544921875
    },
    {
        "color": 4294967295,
        "name": "Generic Point 48",
        "x": -2281.8916015625,
        "y": 203.17091369628906,
        "z": -4206.90478515625
    },
    {
        "color": 4294967295,
        "name": "Generic Point 49",
        "x": -1752.883544921875,
        "y": 200.90289306640625,
        "z": -4106.7822265625
    },
    {
        "color": 4294967295,
        "name": "Generic Point 5",
        "x": -2613.670654296875,
        "y": 221.3709259033203,
        "z": -4192.240234375
    },
    {
        "color": 4294967295,
        "name": "Generic Point 50",
        "x": -1841.007568359375,
        "y": 210.15843200683594,
        "z": -4222.27880859375
    },
    {
        "color": 4294967295,
        "name": "Generic Point 51",
        "x": -1827.633056640625,
        "y": 206.8332977294922,
        "z": -4217.47705078125
    },
    {
        "color": 4294967295,
        "name": "Generic Point 52",
        "x": -1875.8546142578125,
        "y": 224.25894165039062,
        "z": -4230.14892578125
    },
    {
        "color": 4294967295,
        "name": "Generic Point 53",
        "x": -2320.3544921875,
        "y": 239.9486083984375,
        "z": -4175.90771484375
    },
    {
        "color": 4294967295,
        "name": "Generic Point 54",
        "x": -2293.922119140625,
        "y": 227.74098205566406,
        "z": -4251.2802734375
    },
    {
        "color": 4294967295,
        "name": "Generic Point 55",
        "x": -2853.752197265625,
        "y": 199.7241668701172,
        "z": -4080.354248046875
    },
    {
        "color": 4294967295,
        "name": "Generic Point 56",
        "x": -2301.71826171875,
        "y": 211.27053833007812,
        "z": -3596.20947265625
    },
    {
        "color": 4294967295,
        "name": "Generic Point 57",
        "x": -2865.741943359375,
        "y": 201.05816650390625,
        "z": -4280.36279296875
    },
    {
        "color": 4294967295,
        "name": "Generic Point 58",
        "x": -3056.11474609375,
        "y": 237.68951416015625,
        "z": -4439.240234375
    },
    {
        "color": 4294967295,
        "name": "Generic Point 59",
        "x": -3032.69580078125,
        "y": 219.38385009765625,
        "z": -4427.107421875
    },
    {
        "color": 4294967295,
        "name": "Generic Point 6",
        "x": -2569.89208984375,
        "y": 243.00352478027344,
        "z": -4303.81982421875
    },
    {
        "color": 4294967295,
        "name": "Generic Point 60",
        "x": -3101.050048828125,
        "y": 249.77093505859375,
        "z": -4449.02587890625
    },
    {
        "color": 4294967295,
        "name": "Generic Point 61",
        "x": -3153.9208984375,
        "y": 249.30209350585938,
        "z": -4403.22412109375
    },
    {
        "color": 4294967295,
        "name": "Generic Point 62",
        "x": -3097.69580078125,
        "y": 244.6446533203125,
        "z": -4377.80859375
    },
    {
        "color": 4294967295,
        "name": "Generic Point 63",
        "x": 11.600810050964355,
        "y": 0.8350157141685486,
        "z": -5.867084980010986
    },
    {
        "color": 4294967295,
        "name": "Generic Point 64",
        "x": -3112.567626953125,
        "y": 227.4832000732422,
        "z": -4365.1650390625
    },
    {
        "color": 4294967295,
        "name": "Generic Point 65",
        "x": -3276.491943359375,
        "y": 269.29132080078125,
        "z": -4515.283203125
    },
    {
        "color": 4294967295,
        "name": "Generic Point 66",
        "x": -2819.36962890625,
        "y": 218.53016662597656,
        "z": -4044.292236328125
    },
    {
        "color": 4294967295,
        "name": "Generic Point 67",
        "x": -3242.957763671875,
        "y": 271.96490478515625,
        "z": -4562.5498046875
    },
    {
        "color": 4294967295,
        "name": "Generic Point 68",
        "x": -3280.08544921875,
        "y": 295.4676818847656,
        "z": -4600.1640625
    },
    {
        "color": 4294967295,
        "name": "Generic Point 69",
        "x": -3424.4658203125,
        "y": 341.2601318359375,
        "z": -4610.70703125
    },
    {
        "color": 4294967295,
        "name": "Generic Point 7",
        "x": -2807.980224609375,
        "y": 209.2529296875,
        "z": -4187.52294921875
    },
    {
        "color": 4294967295,
        "name": "Generic Point 70",
        "x": -3355.36962890625,
        "y": 294.8174133300781,
        "z": -4530.759765625
    },
    {
        "color": 4294967295,
        "name": "Generic Point 71",
        "x": -3390.697509765625,
        "y": 282.91265869140625,
        "z": -4510.63232421875
    },
    {
        "color": 4294967295,
        "name": "Generic Point 72",
        "x": -3318.10107421875,
        "y": 269.3232116699219,
        "z": -4458.3037109375
    },
    {
        "color": 4294967295,
        "name": "Generic Point 73",
        "x": -2323.27099609375,
        "y": 220.75067138671875,
        "z": -4257.26708984375
    },
    {
        "color": 4294967295,
        "name": "Generic Point 74",
        "x": -2341.16552734375,
        "y": 201.21951293945312,
        "z": -4258.1513671875
    },
    {
        "color": 4294967295,
        "name": "Generic Point 75",
        "x": -2338.298828125,
        "y": 212.3090057373047,
        "z": -4248.478515625
    },
    {
        "color": 4294967295,
        "name": "Generic Point 76",
        "x": -2335.880859375,
        "y": 192.2052459716797,
        "z": -4278.29296875
    },
    {
        "color": 4294967295,
        "name": "Generic Point 77",
        "x": -2795.112548828125,
        "y": 193.86642456054688,
        "z": -4093.047119140625
    },
    {
        "color": 4294967295,
        "name": "Generic Point 78",
        "x": -2364.75732421875,
        "y": 191.6743927001953,
        "z": -4229.85205078125
    },
    {
        "color": 4294967295,
        "name": "Generic Point 79",
        "x": -2350.205078125,
        "y": 191.65182495117188,
        "z": -4252.21044921875
    },
    {
        "color": 4294967295,
        "name": "Generic Point 8",
        "x": -2831.49951171875,
        "y": 205.0074920654297,
        "z": -4118.51904296875
    },
    {
        "color": 4294967295,
        "name": "Generic Point 80",
        "x": -2110.002197265625,
        "y": 164.87889099121094,
        "z": -4386.58447265625
    },
    {
        "color": 4294967295,
        "name": "Generic Point 81",
        "x": -2893.83349609375,
        "y": 205.14739990234375,
        "z": -4207.4990234375
    },
    {
        "color": 4294967295,
        "name": "Generic Point 82",
        "x": -2793.909423828125,
        "y": 188.82911682128906,
        "z": -4098.14306640625
    },
    {
        "color": 4294967295,
        "name": "Generic Point 9",
        "x": -2925.43603515625,
        "y": 207.45729064941406,
        "z": -4168.8837890625
    }
]