[
    {
        "color": 4294967295,
        "name": "Generic Point 0",
        "x": -3865.574462890625,
        "y": 122.20145416259766,
        "z": -951.1795043945312
    },
    {
        "color": 4294967295,
        "name": "Generic Point 1",
        "x": -3672.113525390625,
        "y": 168.12405395507812,
        "z": -952.965087890625
    },
    {
        "color": 4294967295,
        "name": "Generic Point 2",
        "x": -4034.089111328125,
        "y": 214.15438842773438,
        "z": -1255.083740234375
    },
    {
        "color": 4294967295,
        "name": "Generic Point 3",
        "x": -4015.9287109375,
        "y": 204.53607177734375,
        "z": -750.0977783203125
    },
    {
        "color": 4294967295,
        "name": "Generic Point 4",
        "x": -3995.07373046875,
        "y": 214.2172393798828,
        "z": -725.9373779296875
    },
    {
        "color": 4294967295,
        "name": "Generic Point 5",
        "x": -3562.87451171875,
        "y": 216.27627563476562,
        "z": -651.8677978515625
    },
    {
        "color": 4294967295,
        "name": "Generic Point 6",
        "x": -3936.375,
        "y": 168.3188934326172,
        "z": -704.142822265625
    }
]