[
    {
        "color": 4294967295,
        "name": "Generic Point 0",
        "x": -848.6094970703125,
        "y": 132.43276977539062,
        "z": 2308.7724609375
    },
    {
        "color": 4294967295,
        "name": "Generic Point 1",
        "x": -486.73382568359375,
        "y": 210.0998077392578,
        "z": 2785.08740234375
    },
    {
        "color": 4294967295,
        "name": "Generic Point 10",
        "x": -1752.4656982421875,
        "y": 331.5587463378906,
        "z": 3703.711669921875
    },
    {
        "color": 4294967295,
        "name": "Generic Point 100",
        "x": -391.0067138671875,
        "y": 206.8422393798828,
        "z": 3742.13916015625
    },
    {
        "color": 4294967295,
        "name": "Generic Point 101",
        "x": -353.01422119140625,
        "y": 225.7736053466797,
        "z": 3747.6220703125
    },
    {
        "color": 4294967295,
        "name": "Generic Point 102",
        "x": -270.38055419921875,
        "y": 223.57138061523438,
        "z": 3813.14697265625
    },
    {
        "color": 4294967295,
        "name": "Generic Point 103",
        "x": -359.24658203125,
        "y": 258.858642578125,
        "z": 3942.3828125
    },
    {
        "color": 4294967295,
        "name": "Generic Point 104",
        "x": -271.96978759765625,
        "y": 247.11407470703125,
        "z": 3900.33203125
    },
    {
        "color": 4294967295,
        "name": "Generic Point 105",
        "x": -379.6035461425781,
        "y": 201.26490783691406,
        "z": 2920.473388671875
    },
    {
        "color": 4294967295,
        "name": "Generic Point 106",
        "x": -111.58729553222656,
        "y": 232.50033569335938,
        "z": 4047.544189453125
    },
    {
        "color": 4294967295,
        "name": "Generic Point 107",
        "x": -84.62532806396484,
        "y": 55.447044372558594,
        "z": 3875.203125
    },
    {
        "color": 4294967295,
        "name": "Generic Point 108",
        "x": -274.4395446777344,
        "y": 106.24708557128906,
        "z": 3943.503662109375
    },
    {
        "color": 4294967295,
        "name": "Generic Point 109",
        "x": -154.63418579101562,
        "y": 254.0519256591797,
        "z": 3186.1875
    },
    {
        "color": 4294967295,
        "name": "Generic Point 11",
        "x": -1791.7288818359375,
        "y": 176.08631896972656,
        "z": 3642.65576171875
    },
    {
        "color": 4294967295,
        "name": "Generic Point 110",
        "x": -174.74481201171875,
        "y": 252.0682830810547,
        "z": 3373.104248046875
    },
    {
        "color": 4294967295,
        "name": "Generic Point 111",
        "x": -228.01397705078125,
        "y": 237.2806854248047,
        "z": 3491.873046875
    },
    {
        "color": 4294967295,
        "name": "Generic Point 112",
        "x": -170.74627685546875,
        "y": 249.91224670410156,
        "z": 3556.322998046875
    },
    {
        "color": 4294967295,
        "name": "Generic Point 113",
        "x": -423.55859375,
        "y": 217.2916717529297,
        "z": 2983.279541015625
    },
    {
        "color": 4294967295,
        "name": "Generic Point 114",
        "x": -182.6184844970703,
        "y": 235.41854858398438,
        "z": 3747.058349609375
    },
    {
        "color": 4294967295,
        "name": "Generic Point 115",
        "x": 93.82891082763672,
        "y": 248.71612548828125,
        "z": 2847.99072265625
    },
    {
        "color": 4294967295,
        "name": "Generic Point 116",
        "x": -107.94490051269531,
        "y": 217.127685546875,
        "z": 2934.117919921875
    },
    {
        "color": 4294967295,
        "name": "Generic Point 117",
        "x": 91.35299682617188,
        "y": 134.23033142089844,
        "z": 2996.86767578125
    },
    {
        "color": 4294967295,
        "name": "Generic Point 118",
        "x": 138.52783203125,
        "y": 127.010498046875,
        "z": 3038.43798828125
    },
    {
        "color": 4294967295,
        "name": "Generic Point 119",
        "x": -333.0118713378906,
        "y": 201.7520294189453,
        "z": 3020.11279296875
    },
    {
        "color": 4294967295,
        "name": "Generic Point 12",
        "x": -1696.47705078125,
        "y": 156.73263549804688,
        "z": 3431.69482421875
    },
    {
        "color": 4294967295,
        "name": "Generic Point 120",
        "x": 40.557403564453125,
        "y": 102.76818084716797,
        "z": 2968.13330078125
    },
    {
        "color": 4294967295,
        "name": "Generic Point 121",
        "x": 247.18060302734375,
        "y": 94.80406188964844,
        "z": 2987.113525390625
    },
    {
        "color": 4294967295,
        "name": "Generic Point 122",
        "x": -203.57936096191406,
        "y": 198.71759033203125,
        "z": 2932.75
    },
    {
        "color": 4294967295,
        "name": "Generic Point 123",
        "x": -479.28912353515625,
        "y": 285.5979919433594,
        "z": 2234.626953125
    },
    {
        "color": 4294967295,
        "name": "Generic Point 124",
        "x": -300.8579406738281,
        "y": 245.24473571777344,
        "z": 2817.953125
    },
    {
        "color": 4294967295,
        "name": "Generic Point 125",
        "x": -426.52020263671875,
        "y": 221.71209716796875,
        "z": 2282.401611328125
    },
    {
        "color": 4294967295,
        "name": "Generic Point 126",
        "x": -387.44146728515625,
        "y": 150.6909637451172,
        "z": 2417.941650390625
    },
    {
        "color": 4294967295,
        "name": "Generic Point 127",
        "x": -162.2509765625,
        "y": 220.28038024902344,
        "z": 2471.9521484375
    },
    {
        "color": 4294967295,
        "name": "Generic Point 128",
        "x": -27.423828125,
        "y": 230.23577880859375,
        "z": 2462.22216796875
    },
    {
        "color": 4294967295,
        "name": "Generic Point 129",
        "x": -128.00030517578125,
        "y": 232.03854370117188,
        "z": 2356.22265625
    },
    {
        "color": 4294967295,
        "name": "Generic Point 13",
        "x": -1819.62548828125,
        "y": 117.63502502441406,
        "z": 3436.404052734375
    },
    {
        "color": 4294967295,
        "name": "Generic Point 130",
        "x": 104.9704818725586,
        "y": 284.8231506347656,
        "z": 2350.59423828125
    },
    {
        "color": 4294967295,
        "name": "Generic Point 131",
        "x": -756.5548706054688,
        "y": 214.69898986816406,
        "z": 2789.76806640625
    },
    {
        "color": 4294967295,
        "name": "Generic Point 132",
        "x": 74.61408996582031,
        "y": 251.32850646972656,
        "z": 2268.91552734375
    },
    {
        "color": 4294967295,
        "name": "Generic Point 133",
        "x": -29.475502014160156,
        "y": 230.4817657470703,
        "z": 2460.488037109375
    },
    {
        "color": 4294967295,
        "name": "Generic Point 134",
        "x": -256.8961486816406,
        "y": 291.23663330078125,
        "z": 2154.838134765625
    },
    {
        "color": 4294967295,
        "name": "Generic Point 135",
        "x": 346.7113952636719,
        "y": 343.6735534667969,
        "z": 2060.41259765625
    },
    {
        "color": 4294967295,
        "name": "Generic Point 136",
        "x": 321.3663330078125,
        "y": 290.14019775390625,
        "z": 2366.034912109375
    },
    {
        "color": 4294967295,
        "name": "Generic Point 137",
        "x": -1062.2481689453125,
        "y": 257.42010498046875,
        "z": 2399.836181640625
    },
    {
        "color": 4294967295,
        "name": "Generic Point 138",
        "x": 232.99740600585938,
        "y": 287.15875244140625,
        "z": 2380.24609375
    },
    {
        "color": 4294967295,
        "name": "Generic Point 139",
        "x": 295.7269592285156,
        "y": 200.6909637451172,
        "z": 2506.666015625
    },
    {
        "color": 4294967295,
        "name": "Generic Point 14",
        "x": -480.4729919433594,
        "y": 238.55979919433594,
        "z": 2746.40869140625
    },
    {
        "color": 4294967295,
        "name": "Generic Point 140",
        "x": 211.9022674560547,
        "y": 273.6036071777344,
        "z": 2291.337890625
    },
    {
        "color": 4294967295,
        "name": "Generic Point 141",
        "x": 280.345947265625,
        "y": 183.5026092529297,
        "z": 2269.76220703125
    },
    {
        "color": 4294967295,
        "name": "Generic Point 142",
        "x": 489.2186279296875,
        "y": 241.3019256591797,
        "z": 2190.54052734375
    },
    {
        "color": 4294967295,
        "name": "Generic Point 143",
        "x": 482.081298828125,
        "y": 272.7683410644531,
        "z": 2364.570068359375
    },
    {
        "color": 4294967295,
        "name": "Generic Point 144",
        "x": 453.64385986328125,
        "y": 227.27674865722656,
        "z": 2324.72900390625
    },
    {
        "color": 4294967295,
        "name": "Generic Point 145",
        "x": -1077.0517578125,
        "y": 230.50387573242188,
        "z": 2336.16455078125
    },
    {
        "color": 4294967295,
        "name": "Generic Point 146",
        "x": 495.8341979980469,
        "y": 99.31843566894531,
        "z": 2386.048828125
    },
    {
        "color": 4294967295,
        "name": "Generic Point 147",
        "x": -1539.4674072265625,
        "y": 371.9315185546875,
        "z": 2061.641845703125
    },
    {
        "color": 4294967295,
        "name": "Generic Point 148",
        "x": -796.9301147460938,
        "y": 192.73252868652344,
        "z": 2615.214111328125
    },
    {
        "color": 4294967295,
        "name": "Generic Point 149",
        "x": -1389.82080078125,
        "y": 334.936279296875,
        "z": 2090.006103515625
    },
    {
        "color": 4294967295,
        "name": "Generic Point 15",
        "x": -1749.1900634765625,
        "y": 11.030291557312012,
        "z": 3302.420166015625
    },
    {
        "color": 4294967295,
        "name": "Generic Point 150",
        "x": -1450.0625,
        "y": 275.1329650878906,
        "z": 2220.529296875
    },
    {
        "color": 4294967295,
        "name": "Generic Point 151",
        "x": -1806.43994140625,
        "y": 321.62054443359375,
        "z": 2320.665283203125
    },
    {
        "color": 4294967295,
        "name": "Generic Point 152",
        "x": -1705.912841796875,
        "y": 334.53948974609375,
        "z": 2418.631591796875
    },
    {
        "color": 4294967295,
        "name": "Generic Point 153",
        "x": -1745.93603515625,
        "y": 250.8787078857422,
        "z": 2459.064697265625
    },
    {
        "color": 4294967295,
        "name": "Generic Point 154",
        "x": -869.8478393554688,
        "y": 198.6026611328125,
        "z": 2540.57861328125
    },
    {
        "color": 4294967295,
        "name": "Generic Point 155",
        "x": -1603.35986328125,
        "y": 218.86410522460938,
        "z": 2481.55859375
    },
    {
        "color": 4294967295,
        "name": "Generic Point 156",
        "x": -1527.7181396484375,
        "y": 205.38912963867188,
        "z": 2685.73828125
    },
    {
        "color": 4294967295,
        "name": "Generic Point 157",
        "x": -1403.57275390625,
        "y": 259.224609375,
        "z": 2626.891845703125
    },
    {
        "color": 4294967295,
        "name": "Generic Point 158",
        "x": -1402.1358642578125,
        "y": 195.56187438964844,
        "z": 2481.895751953125
    },
    {
        "color": 4294967295,
        "name": "Generic Point 159",
        "x": -826.9200439453125,
        "y": 214.42678833007812,
        "z": 2471.48779296875
    },
    {
        "color": 4294967295,
        "name": "Generic Point 16",
        "x": -1886.2537841796875,
        "y": 11.352953910827637,
        "z": 3183.591796875
    },
    {
        "color": 4294967295,
        "name": "Generic Point 160",
        "x": -1600.7451171875,
        "y": 121.08832550048828,
        "z": 2104.8525390625
    },
    {
        "color": 4294967295,
        "name": "Generic Point 161",
        "x": -1911.4014892578125,
        "y": 214.91819763183594,
        "z": 2703.441650390625
    },
    {
        "color": 4294967295,
        "name": "Generic Point 162",
        "x": -656.9589233398438,
        "y": 132.34371948242188,
        "z": 2659.115478515625
    },
    {
        "color": 4294967295,
        "name": "Generic Point 163",
        "x": -2042.493896484375,
        "y": 206.481689453125,
        "z": 2549.058837890625
    },
    {
        "color": 4294967295,
        "name": "Generic Point 164",
        "x": -1865.6824951171875,
        "y": 248.69752502441406,
        "z": 2504.06298828125
    },
    {
        "color": 4294967295,
        "name": "Generic Point 165",
        "x": -1908.2373046875,
        "y": 244.14646911621094,
        "z": 2477.810546875
    },
    {
        "color": 4294967295,
        "name": "Generic Point 166",
        "x": -1892.49951171875,
        "y": 238.4140167236328,
        "z": 2510.216552734375
    },
    {
        "color": 4294967295,
        "name": "Generic Point 167",
        "x": -1811.391845703125,
        "y": 255.98574829101562,
        "z": 2739.680419921875
    },
    {
        "color": 4294967295,
        "name": "Generic Point 168",
        "x": -1871.6412353515625,
        "y": 263.05523681640625,
        "z": 2766.124267578125
    },
    {
        "color": 4294967295,
        "name": "Generic Point 169",
        "x": -1917.3397216796875,
        "y": 220.54232788085938,
        "z": 2963.87744140625
    },
    {
        "color": 4294967295,
        "name": "Generic Point 17",
        "x": -1899.1558837890625,
        "y": 54.26301574707031,
        "z": 3186.95654296875
    },
    {
        "color": 4294967295,
        "name": "Generic Point 170",
        "x": -627.1539306640625,
        "y": 149.02435302734375,
        "z": 2709.435791015625
    },
    {
        "color": 4294967295,
        "name": "Generic Point 171",
        "x": -1760.5487060546875,
        "y": 266.0907897949219,
        "z": 2859.42919921875
    },
    {
        "color": 4294967295,
        "name": "Generic Point 172",
        "x": -1633.74658203125,
        "y": 217.63963317871094,
        "z": 2969.76806640625
    },
    {
        "color": 4294967295,
        "name": "Generic Point 173",
        "x": -1538.7900390625,
        "y": 231.62255859375,
        "z": 2924.6044921875
    },
    {
        "color": 4294967295,
        "name": "Generic Point 174",
        "x": -1490.534912109375,
        "y": 273.2257080078125,
        "z": 2857.762939453125
    },
    {
        "color": 4294967295,
        "name": "Generic Point 175",
        "x": -1582.677001953125,
        "y": 250.85418701171875,
        "z": 2865.12353515625
    },
    {
        "color": 4294967295,
        "name": "Generic Point 176",
        "x": -610.2999267578125,
        "y": 179.75799560546875,
        "z": 2621.007080078125
    },
    {
        "color": 4294967295,
        "name": "Generic Point 177",
        "x": -1398.823486328125,
        "y": 190.81857299804688,
        "z": 3161.94140625
    },
    {
        "color": 4294967295,
        "name": "Generic Point 178",
        "x": -1306.2974853515625,
        "y": 216.48806762695312,
        "z": 3064.268798828125
    },
    {
        "color": 4294967295,
        "name": "Generic Point 179",
        "x": -1104.864013671875,
        "y": 230.14056396484375,
        "z": 2897.65380859375
    },
    {
        "color": 4294967295,
        "name": "Generic Point 18",
        "x": -1899.8536376953125,
        "y": 47.290889739990234,
        "z": 3212.66357421875
    },
    {
        "color": 4294967295,
        "name": "Generic Point 180",
        "x": -1223.0234375,
        "y": 203.77947998046875,
        "z": 2651.70458984375
    },
    {
        "color": 4294967295,
        "name": "Generic Point 181",
        "x": 191.32943725585938,
        "y": 106.8424301147461,
        "z": 2882.587890625
    },
    {
        "color": 4294967295,
        "name": "Generic Point 182",
        "x": -587.7157592773438,
        "y": 261.1101989746094,
        "z": 2288.1962890625
    },
    {
        "color": 4294967295,
        "name": "Generic Point 19",
        "x": -1867.3173828125,
        "y": 13.0266752243042,
        "z": 3341.078125
    },
    {
        "color": 4294967295,
        "name": "Generic Point 2",
        "x": -1327.758544921875,
        "y": 279.7818603515625,
        "z": 2754.195068359375
    },
    {
        "color": 4294967295,
        "name": "Generic Point 20",
        "x": -504.6131591796875,
        "y": 233.86007690429688,
        "z": 2739.970703125
    },
    {
        "color": 4294967295,
        "name": "Generic Point 21",
        "x": -1752.4991455078125,
        "y": 96.59272003173828,
        "z": 3332.598876953125
    },
    {
        "color": 4294967295,
        "name": "Generic Point 22",
        "x": -1903.534912109375,
        "y": 244.66610717773438,
        "z": 3362.46337890625
    },
    {
        "color": 4294967295,
        "name": "Generic Point 23",
        "x": -1838.295166015625,
        "y": 140.71697998046875,
        "z": 3276.939697265625
    },
    {
        "color": 4294967295,
        "name": "Generic Point 24",
        "x": -1901.75146484375,
        "y": 272.2578430175781,
        "z": 3226.79443359375
    },
    {
        "color": 4294967295,
        "name": "Generic Point 25",
        "x": -1921.6966552734375,
        "y": 201.2716522216797,
        "z": 3127.40673828125
    },
    {
        "color": 4294967295,
        "name": "Generic Point 26",
        "x": -442.1783447265625,
        "y": 241.1876983642578,
        "z": 2692.5185546875
    },
    {
        "color": 4294967295,
        "name": "Generic Point 27",
        "x": -1203.48876953125,
        "y": 220.35931396484375,
        "z": 3089.967041015625
    },
    {
        "color": 4294967295,
        "name": "Generic Point 28",
        "x": -1238.6812744140625,
        "y": 242.9046173095703,
        "z": 3212.470947265625
    },
    {
        "color": 4294967295,
        "name": "Generic Point 29",
        "x": -1236.0185546875,
        "y": 188.1395263671875,
        "z": 3439.7587890625
    },
    {
        "color": 4294967295,
        "name": "Generic Point 3",
        "x": -1350.281494140625,
        "y": 256.56951904296875,
        "z": 2956.2490234375
    },
    {
        "color": 4294967295,
        "name": "Generic Point 30",
        "x": -1412.1064453125,
        "y": 183.05029296875,
        "z": 3464.9150390625
    },
    {
        "color": 4294967295,
        "name": "Generic Point 31",
        "x": -1462.28369140625,
        "y": 213.093017578125,
        "z": 3519.70849609375
    },
    {
        "color": 4294967295,
        "name": "Generic Point 32",
        "x": -388.2236022949219,
        "y": 255.03973388671875,
        "z": 2737.14453125
    },
    {
        "color": 4294967295,
        "name": "Generic Point 33",
        "x": -1511.0750732421875,
        "y": 182.61575317382812,
        "z": 3320.244140625
    },
    {
        "color": 4294967295,
        "name": "Generic Point 34",
        "x": -1392.2891845703125,
        "y": 128.13983154296875,
        "z": 3388.08740234375
    },
    {
        "color": 4294967295,
        "name": "Generic Point 35",
        "x": -1441.4207763671875,
        "y": 272.53106689453125,
        "z": 3557.812744140625
    },
    {
        "color": 4294967295,
        "name": "Generic Point 36",
        "x": -1528.49267578125,
        "y": 244.20712280273438,
        "z": 3757.334228515625
    },
    {
        "color": 4294967295,
        "name": "Generic Point 37",
        "x": -1443.920166015625,
        "y": 250.56729125976562,
        "z": 3813.80322265625
    },
    {
        "color": 4294967295,
        "name": "Generic Point 38",
        "x": -1350.0972900390625,
        "y": 248.66671752929688,
        "z": 3779.3388671875
    },
    {
        "color": 4294967295,
        "name": "Generic Point 39",
        "x": -357.49224853515625,
        "y": 238.7158203125,
        "z": 2785.241455078125
    },
    {
        "color": 4294967295,
        "name": "Generic Point 4",
        "x": -1317.3563232421875,
        "y": 99.95545196533203,
        "z": 2836.885498046875
    },
    {
        "color": 4294967295,
        "name": "Generic Point 40",
        "x": -1441.6990966796875,
        "y": 284.16375732421875,
        "z": 3721.577880859375
    },
    {
        "color": 4294967295,
        "name": "Generic Point 41",
        "x": -1364.3323974609375,
        "y": 290.1736755371094,
        "z": 3740.335693359375
    },
    {
        "color": 4294967295,
        "name": "Generic Point 42",
        "x": -1099.600830078125,
        "y": 212.2113800048828,
        "z": 3513.84912109375
    },
    {
        "color": 4294967295,
        "name": "Generic Point 43",
        "x": -1123.965576171875,
        "y": 187.643798828125,
        "z": 3597.04150390625
    },
    {
        "color": 4294967295,
        "name": "Generic Point 44",
        "x": -1086.7906494140625,
        "y": 175.30078125,
        "z": 3589.9609375
    },
    {
        "color": 4294967295,
        "name": "Generic Point 45",
        "x": -1173.3074951171875,
        "y": 216.8941192626953,
        "z": 3782.603515625
    },
    {
        "color": 4294967295,
        "name": "Generic Point 46",
        "x": -1240.4190673828125,
        "y": 228.70994567871094,
        "z": 3971.352294921875
    },
    {
        "color": 4294967295,
        "name": "Generic Point 47",
        "x": -367.1210632324219,
        "y": 238.7135467529297,
        "z": 2807.8154296875
    },
    {
        "color": 4294967295,
        "name": "Generic Point 48",
        "x": -1196.655517578125,
        "y": 88.98600769042969,
        "z": 3794.822998046875
    },
    {
        "color": 4294967295,
        "name": "Generic Point 49",
        "x": -910.0064086914062,
        "y": 250.9527130126953,
        "z": 3954.99267578125
    },
    {
        "color": 4294967295,
        "name": "Generic Point 5",
        "x": -1250.0596923828125,
        "y": 143.4735107421875,
        "z": 2756.9794921875
    },
    {
        "color": 4294967295,
        "name": "Generic Point 50",
        "x": -1104.3489990234375,
        "y": 264.4253234863281,
        "z": 3941.90869140625
    },
    {
        "color": 4294967295,
        "name": "Generic Point 51",
        "x": -995.9234008789062,
        "y": 278.5113220214844,
        "z": 3829.471435546875
    },
    {
        "color": 4294967295,
        "name": "Generic Point 52",
        "x": -665.6367797851562,
        "y": 230.89796447753906,
        "z": 3172.683837890625
    },
    {
        "color": 4294967295,
        "name": "Generic Point 53",
        "x": -402.19683837890625,
        "y": 275.4963073730469,
        "z": 2813.151123046875
    },
    {
        "color": 4294967295,
        "name": "Generic Point 54",
        "x": -740.7540283203125,
        "y": 242.3807373046875,
        "z": 3444.85791015625
    },
    {
        "color": 4294967295,
        "name": "Generic Point 55",
        "x": -743.3634643554688,
        "y": 208.7508087158203,
        "z": 3638.449951171875
    },
    {
        "color": 4294967295,
        "name": "Generic Point 56",
        "x": -586.2246704101562,
        "y": 216.68943786621094,
        "z": 3130.374267578125
    },
    {
        "color": 4294967295,
        "name": "Generic Point 57",
        "x": -534.3759765625,
        "y": 203.52659606933594,
        "z": 2937.763671875
    },
    {
        "color": 4294967295,
        "name": "Generic Point 58",
        "x": -808.279541015625,
        "y": 191.0244140625,
        "z": 3793.197998046875
    },
    {
        "color": 4294967295,
        "name": "Generic Point 59",
        "x": -384.03375244140625,
        "y": 275.55242919921875,
        "z": 2806.8447265625
    },
    {
        "color": 4294967295,
        "name": "Generic Point 6",
        "x": -2022.739990234375,
        "y": 492.0653076171875,
        "z": 3613.0185546875
    },
    {
        "color": 4294967295,
        "name": "Generic Point 60",
        "x": -810.9515991210938,
        "y": 201.2071533203125,
        "z": 2867.578369140625
    },
    {
        "color": 4294967295,
        "name": "Generic Point 61",
        "x": -903.5301513671875,
        "y": 236.63705444335938,
        "z": 2784.024169921875
    },
    {
        "color": 4294967295,
        "name": "Generic Point 62",
        "x": -1028.264404296875,
        "y": 218.3834228515625,
        "z": 2802.62158203125
    },
    {
        "color": 4294967295,
        "name": "Generic Point 63",
        "x": -1014.81689453125,
        "y": 240.26194763183594,
        "z": 2907.868896484375
    },
    {
        "color": 4294967295,
        "name": "Generic Point 64",
        "x": -906.1663208007812,
        "y": 246.95065307617188,
        "z": 2833.495849609375
    },
    {
        "color": 4294967295,
        "name": "Generic Point 65",
        "x": -890.7789306640625,
        "y": 229.34971618652344,
        "z": 2883.13671875
    },
    {
        "color": 4294967295,
        "name": "Generic Point 66",
        "x": -819.3827514648438,
        "y": 223.4378662109375,
        "z": 3194.64013671875
    },
    {
        "color": 4294967295,
        "name": "Generic Point 67",
        "x": -962.5233154296875,
        "y": 212.53895568847656,
        "z": 2574.439697265625
    },
    {
        "color": 4294967295,
        "name": "Generic Point 68",
        "x": -365.9588317871094,
        "y": 315.623291015625,
        "z": 2831.224365234375
    },
    {
        "color": 4294967295,
        "name": "Generic Point 69",
        "x": -882.974609375,
        "y": 226.71243286132812,
        "z": 3256.474365234375
    },
    {
        "color": 4294967295,
        "name": "Generic Point 7",
        "x": -1900.2030029296875,
        "y": 403.040283203125,
        "z": 3629.908203125
    },
    {
        "color": 4294967295,
        "name": "Generic Point 70",
        "x": -862.9863891601562,
        "y": 15.972766876220703,
        "z": 3219.298828125
    },
    {
        "color": 4294967295,
        "name": "Generic Point 71",
        "x": -793.5255737304688,
        "y": 14.706836700439453,
        "z": 3189.046875
    },
    {
        "color": 4294967295,
        "name": "Generic Point 72",
        "x": -1017.8587036132812,
        "y": 285.98809814453125,
        "z": 3351.921142578125
    },
    {
        "color": 4294967295,
        "name": "Generic Point 73",
        "x": -846.30029296875,
        "y": 262.0093994140625,
        "z": 3444.4638671875
    },
    {
        "color": 4294967295,
        "name": "Generic Point 74",
        "x": -402.4459228515625,
        "y": 307.942138671875,
        "z": 2871.11376953125
    },
    {
        "color": 4294967295,
        "name": "Generic Point 75",
        "x": -914.3850708007812,
        "y": 251.78358459472656,
        "z": 3568.08935546875
    },
    {
        "color": 4294967295,
        "name": "Generic Point 76",
        "x": -835.6566772460938,
        "y": 233.26937866210938,
        "z": 3539.25390625
    },
    {
        "color": 4294967295,
        "name": "Generic Point 77",
        "x": -683.6288452148438,
        "y": 242.47900390625,
        "z": 3712.048095703125
    },
    {
        "color": 4294967295,
        "name": "Generic Point 78",
        "x": -615.8564453125,
        "y": 184.43629455566406,
        "z": 3614.72119140625
    },
    {
        "color": 4294967295,
        "name": "Generic Point 79",
        "x": -622.4168701171875,
        "y": 147.80934143066406,
        "z": 3502.800537109375
    },
    {
        "color": 4294967295,
        "name": "Generic Point 8",
        "x": -1914.8548583984375,
        "y": 416.8148193359375,
        "z": 3599.224609375
    },
    {
        "color": 4294967295,
        "name": "Generic Point 80",
        "x": -782.1580200195312,
        "y": 145.47653198242188,
        "z": 3388.298583984375
    },
    {
        "color": 4294967295,
        "name": "Generic Point 81",
        "x": -763.4924926757812,
        "y": 104.24661254882812,
        "z": 3401.746826171875
    },
    {
        "color": 4294967295,
        "name": "Generic Point 82",
        "x": -366.99676513671875,
        "y": 332.6914367675781,
        "z": 2891.133056640625
    },
    {
        "color": 4294967295,
        "name": "Generic Point 83",
        "x": -630.6851196289062,
        "y": -39.7015495300293,
        "z": 3742.396728515625
    },
    {
        "color": 4294967295,
        "name": "Generic Point 84",
        "x": -646.6806640625,
        "y": 128.58493041992188,
        "z": 3787.291015625
    },
    {
        "color": 4294967295,
        "name": "Generic Point 85",
        "x": -562.5448608398438,
        "y": 164.4330291748047,
        "z": 3895.891845703125
    },
    {
        "color": 4294967295,
        "name": "Generic Point 86",
        "x": -693.4990844726562,
        "y": 138.74266052246094,
        "z": 4047.869384765625
    },
    {
        "color": 4294967295,
        "name": "Generic Point 87",
        "x": -470.9450378417969,
        "y": 202.85780334472656,
        "z": 3120.91552734375
    },
    {
        "color": 4294967295,
        "name": "Generic Point 88",
        "x": -480.35589599609375,
        "y": 174.86575317382812,
        "z": 3193.332275390625
    },
    {
        "color": 4294967295,
        "name": "Generic Point 89",
        "x": -548.9058227539062,
        "y": 191.29869079589844,
        "z": 3348.635986328125
    },
    {
        "color": 4294967295,
        "name": "Generic Point 9",
        "x": -505.18603515625,
        "y": 203.19155883789062,
        "z": 2784.072509765625
    },
    {
        "color": 4294967295,
        "name": "Generic Point 90",
        "x": -363.62786865234375,
        "y": 417.3396911621094,
        "z": 2923.35791015625
    },
    {
        "color": 4294967295,
        "name": "Generic Point 91",
        "x": -510.37445068359375,
        "y": 206.25523376464844,
        "z": 3443.665283203125
    },
    {
        "color": 4294967295,
        "name": "Generic Point 92",
        "x": -454.1151123046875,
        "y": 225.9011688232422,
        "z": 3426.67431640625
    },
    {
        "color": 4294967295,
        "name": "Generic Point 93",
        "x": -390.61859130859375,
        "y": 257.2810974121094,
        "z": 3303.237060546875
    },
    {
        "color": 4294967295,
        "name": "Generic Point 94",
        "x": -308.12823486328125,
        "y": 271.3363342285156,
        "z": 3360.34765625
    },
    {
        "color": 4294967295,
        "name": "Generic Point 95",
        "x": -308.05133056640625,
        "y": 306.16754150390625,
        "z": 3268.580322265625
    },
    {
        "color": 4294967295,
        "name": "Generic Point 96",
        "x": -380.10296630859375,
        "y": 211.2740478515625,
        "z": 3137.6875
    },
    {
        "color": 4294967295,
        "name": "Generic Point 97",
        "x": -402.3605651855469,
        "y": 213.65696716308594,
        "z": 3504.0224609375
    },
    {
        "color": 4294967295,
        "name": "Generic Point 98",
        "x": -371.58148193359375,
        "y": 340.3952941894531,
        "z": 2914.00244140625
    },
    {
        "color": 4294967295,
        "name": "Generic Point 99",
        "x": -457.51824951171875,
        "y": 189.4390106201172,
        "z": 3830.291259765625
    }
]