[
    {
        "color": 4294967295,
        "name": "Generic Point 0",
        "x": 2003.3419189453125,
        "y": 220.9150390625,
        "z": -1562.220703125
    },
    {
        "color": 4294967295,
        "name": "Generic Point 1",
        "x": 1417.1461181640625,
        "y": 236.18777465820312,
        "z": -1463.270751953125
    },
    {
        "color": 4294967295,
        "name": "Generic Point 2",
        "x": 2339.035888671875,
        "y": 252.9109344482422,
        "z": -1337.6488037109375
    },
    {
        "color": 4294967295,
        "name": "Generic Point 3",
        "x": 2729.31298828125,
        "y": 260.1177062988281,
        "z": -1207.0606689453125
    },
    {
        "color": 4294967295,
        "name": "Generic Point 4",
        "x": 2222.26416015625,
        "y": 213.8454132080078,
        "z": -465.8767395019531
    },
    {
        "color": 4294967295,
        "name": "Generic Point 5",
        "x": 2711.815185546875,
        "y": 295.4981994628906,
        "z": -406.2041931152344
    },
    {
        "color": 4294967295,
        "name": "Generic Point 6",
        "x": 2691.030517578125,
        "y": 251.6885223388672,
        "z": -372.7148132324219
    }
]