[
    {
        "color": 4294967295,
        "name": "Generic Point 0",
        "x": -6754.83154296875,
        "y": 202.547119140625,
        "z": -2606.540771484375
    },
    {
        "color": 4294967295,
        "name": "Generic Point 1",
        "x": -6734.11279296875,
        "y": 202.3505096435547,
        "z": -2750.1494140625
    },
    {
        "color": 4294967295,
        "name": "Generic Point 2",
        "x": -6226.7138671875,
        "y": 203.3759307861328,
        "z": -2821.98779296875
    },
    {
        "color": 4294967295,
        "name": "Generic Point 3",
        "x": -5941.22314453125,
        "y": 171.14068603515625,
        "z": -2728.103515625
    },
    {
        "color": 4294967295,
        "name": "Generic Point 4",
        "x": -5035.73095703125,
        "y": 207.1772918701172,
        "z": -2715.447265625
    },
    {
        "color": 4294967295,
        "name": "Generic Point 5",
        "x": -4984.775390625,
        "y": 207.1796112060547,
        "z": -2720.4970703125
    },
    {
        "color": 4294967295,
        "name": "Generic Point 6",
        "x": -4761.9267578125,
        "y": 206.26109313964844,
        "z": -2518.227294921875
    }
]