[
    {
        "color": 4294967295,
        "name": "Generic Point 0",
        "x": -122.09815979003906,
        "y": 266.59942626953125,
        "z": 408.54071044921875
    },
    {
        "color": 4294967295,
        "name": "Generic Point 1",
        "x": 270.0827331542969,
        "y": 349.648681640625,
        "z": 207.14569091796875
    },
    {
        "color": 4294967295,
        "name": "Generic Point 2",
        "x": 269.0429382324219,
        "y": 349.4735107421875,
        "z": 213.11012268066406
    }
]