[
    {
        "color": 4294967295,
        "name": "Generic Point 0",
        "x": 1593.768798828125,
        "y": 277.00048828125,
        "z": 215.64889526367188
    },
    {
        "color": 4294967295,
        "name": "Generic Point 1",
        "x": 1508.0799560546875,
        "y": 201.81944274902344,
        "z": 242.7762451171875
    },
    {
        "color": 4294967295,
        "name": "Generic Point 2",
        "x": -512.13623046875,
        "y": 417.6791076660156,
        "z": 570.090087890625
    },
    {
        "color": 4294967295,
        "name": "Generic Point 3",
        "x": 111.09100341796875,
        "y": 212.04400634765625,
        "z": 658.0853881835938
    },
    {
        "color": 4294967295,
        "name": "Generic Point 4",
        "x": 214.63104248046875,
        "y": 240.2322235107422,
        "z": 155.8709259033203
    },
    {
        "color": 4294967295,
        "name": "Generic Point 5",
        "x": 871.8580322265625,
        "y": 208.9025421142578,
        "z": 290.1932373046875
    },
    {
        "color": 4294967295,
        "name": "Generic Point 6",
        "x": 1348.127685546875,
        "y": 223.95556640625,
        "z": 511.3782043457031
    },
    {
        "color": 4294967295,
        "name": "Generic Point 7",
        "x": 572.6761474609375,
        "y": 224.3004608154297,
        "z": 719.5518798828125
    }
]