[
    {
        "color": 4294967295,
        "name": "Generic Point 0",
        "x": 510.5309753417969,
        "y": 299.732177734375,
        "z": 6271.6728515625
    },
    {
        "color": 4294967295,
        "name": "Generic Point 1",
        "x": 622.20556640625,
        "y": 407.391357421875,
        "z": 6584.89599609375
    },
    {
        "color": 4294967295,
        "name": "Generic Point 2",
        "x": 322.8762512207031,
        "y": 266.9326477050781,
        "z": 6687.98876953125
    },
    {
        "color": 4294967295,
        "name": "Generic Point 3",
        "x": 338.60833740234375,
        "y": 269.89794921875,
        "z": 6438.23095703125
    }
]