[
    {
        "color": 4294967295,
        "name": "Generic Point 0",
        "x": -340.0628662109375,
        "y": 158.3414306640625,
        "z": 6074.119140625
    },
    {
        "color": 4294967295,
        "name": "Generic Point 1",
        "x": 206.53195190429688,
        "y": 259.4686279296875,
        "z": 6751.43896484375
    },
    {
        "color": 4294967295,
        "name": "Generic Point 10",
        "x": 423.5057678222656,
        "y": 323.111572265625,
        "z": 5780.173828125
    },
    {
        "color": 4294967295,
        "name": "Generic Point 11",
        "x": -82.05079650878906,
        "y": 263.2310485839844,
        "z": 6036.46630859375
    },
    {
        "color": 4294967295,
        "name": "Generic Point 12",
        "x": 493.61846923828125,
        "y": 423.40606689453125,
        "z": 5933.51904296875
    },
    {
        "color": 4294967295,
        "name": "Generic Point 13",
        "x": 644.3215942382812,
        "y": 339.19256591796875,
        "z": 5583.06640625
    },
    {
        "color": 4294967295,
        "name": "Generic Point 14",
        "x": 783.2357788085938,
        "y": 335.7614440917969,
        "z": 5512.41015625
    },
    {
        "color": 4294967295,
        "name": "Generic Point 15",
        "x": 889.9288330078125,
        "y": 288.2654724121094,
        "z": 5566.50390625
    },
    {
        "color": 4294967295,
        "name": "Generic Point 16",
        "x": 836.629150390625,
        "y": 326.0956726074219,
        "z": 5797.47265625
    },
    {
        "color": 4294967295,
        "name": "Generic Point 17",
        "x": 908.1910400390625,
        "y": 362.7183837890625,
        "z": 5853.3408203125
    },
    {
        "color": 4294967295,
        "name": "Generic Point 18",
        "x": 940.8936157226562,
        "y": 432.61932373046875,
        "z": 5904.62890625
    },
    {
        "color": 4294967295,
        "name": "Generic Point 19",
        "x": 1036.148681640625,
        "y": 465.4654541015625,
        "z": 6029.98486328125
    },
    {
        "color": 4294967295,
        "name": "Generic Point 2",
        "x": 362.2799072265625,
        "y": 358.7905578613281,
        "z": 6897.2314453125
    },
    {
        "color": 4294967295,
        "name": "Generic Point 20",
        "x": 677.2869873046875,
        "y": 199.81927490234375,
        "z": 6676.78369140625
    },
    {
        "color": 4294967295,
        "name": "Generic Point 21",
        "x": 764.1332397460938,
        "y": 221.08055114746094,
        "z": 6504.11767578125
    },
    {
        "color": 4294967295,
        "name": "Generic Point 22",
        "x": 141.14834594726562,
        "y": 260.9606018066406,
        "z": 6127.79248046875
    },
    {
        "color": 4294967295,
        "name": "Generic Point 23",
        "x": 770.253173828125,
        "y": 247.99705505371094,
        "z": 6154.85302734375
    },
    {
        "color": 4294967295,
        "name": "Generic Point 24",
        "x": 894.176025390625,
        "y": 129.78598022460938,
        "z": 6474.7294921875
    },
    {
        "color": 4294967295,
        "name": "Generic Point 25",
        "x": 1086.0870361328125,
        "y": 124.709228515625,
        "z": 6526.47021484375
    },
    {
        "color": 4294967295,
        "name": "Generic Point 26",
        "x": 455.3750305175781,
        "y": 115.02024841308594,
        "z": 6435.61279296875
    },
    {
        "color": 4294967295,
        "name": "Generic Point 27",
        "x": 552.982177734375,
        "y": 148.52781677246094,
        "z": 6275.6845703125
    },
    {
        "color": 4294967295,
        "name": "Generic Point 28",
        "x": 400.5538024902344,
        "y": 148.54591369628906,
        "z": 6280.0576171875
    },
    {
        "color": 4294967295,
        "name": "Generic Point 29",
        "x": 465.1424865722656,
        "y": 98.72233581542969,
        "z": 6331.11279296875
    },
    {
        "color": 4294967295,
        "name": "Generic Point 3",
        "x": 559.8453979492188,
        "y": 398.4201965332031,
        "z": 6916.58056640625
    },
    {
        "color": 4294967295,
        "name": "Generic Point 30",
        "x": 366.2975769042969,
        "y": 233.37306213378906,
        "z": 6188.5322265625
    },
    {
        "color": 4294967295,
        "name": "Generic Point 31",
        "x": 393.6295471191406,
        "y": 337.1643981933594,
        "z": 6237.0380859375
    },
    {
        "color": 4294967295,
        "name": "Generic Point 32",
        "x": 264.6774597167969,
        "y": 319.7093505859375,
        "z": 6374.62939453125
    },
    {
        "color": 4294967295,
        "name": "Generic Point 33",
        "x": 339.45379638671875,
        "y": 293.2669372558594,
        "z": 6444.58203125
    },
    {
        "color": 4294967295,
        "name": "Generic Point 34",
        "x": 546.0648193359375,
        "y": 310.05560302734375,
        "z": 6355.8408203125
    },
    {
        "color": 4294967295,
        "name": "Generic Point 35",
        "x": 487.81573486328125,
        "y": 216.94967651367188,
        "z": 6453.26416015625
    },
    {
        "color": 4294967295,
        "name": "Generic Point 4",
        "x": 617.8270263671875,
        "y": 404.9527282714844,
        "z": 6611.13671875
    },
    {
        "color": 4294967295,
        "name": "Generic Point 5",
        "x": 625.6817626953125,
        "y": 383.53216552734375,
        "z": 6534.42626953125
    },
    {
        "color": 4294967295,
        "name": "Generic Point 6",
        "x": 1131.6328125,
        "y": 212.80868530273438,
        "z": 6496.283203125
    },
    {
        "color": 4294967295,
        "name": "Generic Point 7",
        "x": 561.0384521484375,
        "y": 351.181884765625,
        "z": 6072.2255859375
    },
    {
        "color": 4294967295,
        "name": "Generic Point 8",
        "x": 638.3604736328125,
        "y": 347.0871887207031,
        "z": 5864.31787109375
    },
    {
        "color": 4294967295,
        "name": "Generic Point 9",
        "x": 486.78546142578125,
        "y": 378.72650146484375,
        "z": 5790.7373046875
    }
]