[
    {
        "color": 4294967295,
        "name": "Generic Point 0",
        "x": -1496.4298095703125,
        "y": 81.64064025878906,
        "z": 5036.83447265625
    },
    {
        "color": 4294967295,
        "name": "Generic Point 1",
        "x": -1304.314208984375,
        "y": 61.04817199707031,
        "z": 4990.00634765625
    },
    {
        "color": 4294967295,
        "name": "Generic Point 10",
        "x": -937.4759521484375,
        "y": 111.72950744628906,
        "z": 4756.12890625
    },
    {
        "color": 4294967295,
        "name": "Generic Point 100",
        "x": -1326.5216064453125,
        "y": 6.369271755218506,
        "z": 5367.78125
    },
    {
        "color": 4294967295,
        "name": "Generic Point 101",
        "x": -1126.44091796875,
        "y": -40.62095260620117,
        "z": 5449.837890625
    },
    {
        "color": 4294967295,
        "name": "Generic Point 102",
        "x": -1020.5592651367188,
        "y": 60.659271240234375,
        "z": 5589.56787109375
    },
    {
        "color": 4294967295,
        "name": "Generic Point 103",
        "x": -1883.163818359375,
        "y": 5.282072067260742,
        "z": 5539.634765625
    },
    {
        "color": 4294967295,
        "name": "Generic Point 104",
        "x": -1778.69091796875,
        "y": -32.69725799560547,
        "z": 5547.67236328125
    },
    {
        "color": 4294967295,
        "name": "Generic Point 105",
        "x": -1792.813720703125,
        "y": 2.039788007736206,
        "z": 5570.88720703125
    },
    {
        "color": 4294967295,
        "name": "Generic Point 106",
        "x": -1732.9764404296875,
        "y": -12.502448081970215,
        "z": 5837.5068359375
    },
    {
        "color": 4294967295,
        "name": "Generic Point 107",
        "x": -1487.255615234375,
        "y": -5.521834850311279,
        "z": 5360.58544921875
    },
    {
        "color": 4294967295,
        "name": "Generic Point 108",
        "x": -1394.190673828125,
        "y": 3.3065662384033203,
        "z": 5748.71142578125
    },
    {
        "color": 4294967295,
        "name": "Generic Point 109",
        "x": -931.0794067382812,
        "y": 49.19780349731445,
        "z": 4570.97998046875
    },
    {
        "color": 4294967295,
        "name": "Generic Point 11",
        "x": -1551.353759765625,
        "y": 33.0768928527832,
        "z": 5204.29296875
    },
    {
        "color": 4294967295,
        "name": "Generic Point 110",
        "x": -627.9932861328125,
        "y": 171.32774353027344,
        "z": 4755.12939453125
    },
    {
        "color": 4294967295,
        "name": "Generic Point 111",
        "x": -1226.82275390625,
        "y": 58.31230926513672,
        "z": 5808.1845703125
    },
    {
        "color": 4294967295,
        "name": "Generic Point 112",
        "x": -1313.6156005859375,
        "y": 46.079200744628906,
        "z": 5662.884765625
    },
    {
        "color": 4294967295,
        "name": "Generic Point 113",
        "x": -936.8070678710938,
        "y": 111.5091781616211,
        "z": 4754.607421875
    },
    {
        "color": 4294967295,
        "name": "Generic Point 114",
        "x": -1441.7152099609375,
        "y": 54.8524169921875,
        "z": 5297.58642578125
    },
    {
        "color": 4294967295,
        "name": "Generic Point 115",
        "x": -848.9266967773438,
        "y": -9.68173599243164,
        "z": 5869.37353515625
    },
    {
        "color": 4294967295,
        "name": "Generic Point 116",
        "x": -694.9229736328125,
        "y": -190.49058532714844,
        "z": 5872.70068359375
    },
    {
        "color": 4294967295,
        "name": "Generic Point 117",
        "x": -918.3775634765625,
        "y": 113.95834350585938,
        "z": 6005.39306640625
    },
    {
        "color": 4294967295,
        "name": "Generic Point 118",
        "x": -502.358642578125,
        "y": 137.27862548828125,
        "z": 5898.5712890625
    },
    {
        "color": 4294967295,
        "name": "Generic Point 119",
        "x": -824.522216796875,
        "y": -58.473114013671875,
        "z": 5729.99365234375
    },
    {
        "color": 4294967295,
        "name": "Generic Point 12",
        "x": -930.0135498046875,
        "y": 49.58905792236328,
        "z": 4570.6201171875
    },
    {
        "color": 4294967295,
        "name": "Generic Point 120",
        "x": -736.1947021484375,
        "y": -30.041915893554688,
        "z": 5738.72021484375
    },
    {
        "color": 4294967295,
        "name": "Generic Point 121",
        "x": -889.5162353515625,
        "y": -157.11422729492188,
        "z": 4911.984375
    },
    {
        "color": 4294967295,
        "name": "Generic Point 122",
        "x": -981.806884765625,
        "y": -134.522216796875,
        "z": 5010.72900390625
    },
    {
        "color": 4294967295,
        "name": "Generic Point 123",
        "x": -1052.6898193359375,
        "y": -147.30923461914062,
        "z": 5011.47509765625
    },
    {
        "color": 4294967295,
        "name": "Generic Point 124",
        "x": -817.7509155273438,
        "y": -38.72134780883789,
        "z": 4481.43310546875
    },
    {
        "color": 4294967295,
        "name": "Generic Point 125",
        "x": -480.3829040527344,
        "y": -56.50382995605469,
        "z": 5447.5166015625
    },
    {
        "color": 4294967295,
        "name": "Generic Point 126",
        "x": -378.55621337890625,
        "y": -87.02850341796875,
        "z": 5505.50634765625
    },
    {
        "color": 4294967295,
        "name": "Generic Point 127",
        "x": -339.46441650390625,
        "y": -248.033203125,
        "z": 5501.587890625
    },
    {
        "color": 4294967295,
        "name": "Generic Point 128",
        "x": -143.2349853515625,
        "y": 77.99341583251953,
        "z": 5619.2265625
    },
    {
        "color": 4294967295,
        "name": "Generic Point 129",
        "x": -118.06803131103516,
        "y": 75.2473373413086,
        "z": 5664.6904296875
    },
    {
        "color": 4294967295,
        "name": "Generic Point 13",
        "x": -816.2415161132812,
        "y": -38.23603820800781,
        "z": 4481.64990234375
    },
    {
        "color": 4294967295,
        "name": "Generic Point 130",
        "x": -1054.5130615234375,
        "y": 93.44822692871094,
        "z": 4774.89501953125
    },
    {
        "color": 4294967295,
        "name": "Generic Point 131",
        "x": -433.0675048828125,
        "y": 116.40404510498047,
        "z": 4372.6328125
    },
    {
        "color": 4294967295,
        "name": "Generic Point 132",
        "x": -260.29705810546875,
        "y": -37.173866271972656,
        "z": 4716.44873046875
    },
    {
        "color": 4294967295,
        "name": "Generic Point 133",
        "x": -361.376953125,
        "y": 209.4135284423828,
        "z": 4846.9267578125
    },
    {
        "color": 4294967295,
        "name": "Generic Point 134",
        "x": -375.90728759765625,
        "y": 179.64254760742188,
        "z": 4748.77734375
    },
    {
        "color": 4294967295,
        "name": "Generic Point 135",
        "x": -258.3706970214844,
        "y": 202.25123596191406,
        "z": 5160.84716796875
    },
    {
        "color": 4294967295,
        "name": "Generic Point 136",
        "x": -278.9396667480469,
        "y": 141.94139099121094,
        "z": 5340.79345703125
    },
    {
        "color": 4294967295,
        "name": "Generic Point 137",
        "x": -208.22091674804688,
        "y": 80.58245849609375,
        "z": 5201.52294921875
    },
    {
        "color": 4294967295,
        "name": "Generic Point 138",
        "x": -135.0732421875,
        "y": 72.76201629638672,
        "z": 5015.3017578125
    },
    {
        "color": 4294967295,
        "name": "Generic Point 139",
        "x": -438.15655517578125,
        "y": 258.3500061035156,
        "z": 4955.0458984375
    },
    {
        "color": 4294967295,
        "name": "Generic Point 14",
        "x": -607.8014526367188,
        "y": 134.6039581298828,
        "z": 4685.36474609375
    },
    {
        "color": 4294967295,
        "name": "Generic Point 140",
        "x": -428.63385009765625,
        "y": 240.2274932861328,
        "z": 5316.7890625
    },
    {
        "color": 4294967295,
        "name": "Generic Point 141",
        "x": -437.26275634765625,
        "y": 258.257568359375,
        "z": 4951.93115234375
    },
    {
        "color": 4294967295,
        "name": "Generic Point 142",
        "x": -1089.252685546875,
        "y": 113.85663604736328,
        "z": 5102.78466796875
    },
    {
        "color": 4294967295,
        "name": "Generic Point 143",
        "x": -1363.1376953125,
        "y": 46.275848388671875,
        "z": 5163.9169921875
    },
    {
        "color": 4294967295,
        "name": "Generic Point 144",
        "x": -1190.958740234375,
        "y": 111.87606048583984,
        "z": 5028.27294921875
    },
    {
        "color": 4294967295,
        "name": "Generic Point 145",
        "x": -992.33544921875,
        "y": 156.2206268310547,
        "z": 5002.6005859375
    },
    {
        "color": 4294967295,
        "name": "Generic Point 146",
        "x": -1047.98681640625,
        "y": 71.93146514892578,
        "z": 4958.5107421875
    },
    {
        "color": 4294967295,
        "name": "Generic Point 147",
        "x": -431.0118408203125,
        "y": 220.8369598388672,
        "z": 5438.13818359375
    },
    {
        "color": 4294967295,
        "name": "Generic Point 148",
        "x": -514.4662475585938,
        "y": 219.50039672851562,
        "z": 5507.28759765625
    },
    {
        "color": 4294967295,
        "name": "Generic Point 15",
        "x": -628.5912475585938,
        "y": 171.139892578125,
        "z": 4754.7802734375
    },
    {
        "color": 4294967295,
        "name": "Generic Point 16",
        "x": -583.397216796875,
        "y": 173.187744140625,
        "z": 4219.3916015625
    },
    {
        "color": 4294967295,
        "name": "Generic Point 17",
        "x": -478.9947509765625,
        "y": 221.5719451904297,
        "z": 4184.8798828125
    },
    {
        "color": 4294967295,
        "name": "Generic Point 18",
        "x": -369.83123779296875,
        "y": 210.97279357910156,
        "z": 4295.9404296875
    },
    {
        "color": 4294967295,
        "name": "Generic Point 19",
        "x": -262.4546203613281,
        "y": 246.1650390625,
        "z": 4271.51025390625
    },
    {
        "color": 4294967295,
        "name": "Generic Point 2",
        "x": -1190.851806640625,
        "y": 111.92052459716797,
        "z": 5028.7802734375
    },
    {
        "color": 4294967295,
        "name": "Generic Point 20",
        "x": -382.8108215332031,
        "y": 171.1788787841797,
        "z": 4370.9951171875
    },
    {
        "color": 4294967295,
        "name": "Generic Point 21",
        "x": -431.1592102050781,
        "y": 116.8970718383789,
        "z": 4372.74755859375
    },
    {
        "color": 4294967295,
        "name": "Generic Point 22",
        "x": -1457.97705078125,
        "y": 25.580469131469727,
        "z": 5224.97607421875
    },
    {
        "color": 4294967295,
        "name": "Generic Point 23",
        "x": -278.92108154296875,
        "y": -38.50827407836914,
        "z": 4647.2646484375
    },
    {
        "color": 4294967295,
        "name": "Generic Point 24",
        "x": -257.7035217285156,
        "y": -38.432830810546875,
        "z": 4661.19677734375
    },
    {
        "color": 4294967295,
        "name": "Generic Point 25",
        "x": -246.33717346191406,
        "y": -38.24549865722656,
        "z": 4686.04052734375
    },
    {
        "color": 4294967295,
        "name": "Generic Point 26",
        "x": -230.06410217285156,
        "y": -38.71123504638672,
        "z": 4726.19677734375
    },
    {
        "color": 4294967295,
        "name": "Generic Point 27",
        "x": -253.42832946777344,
        "y": -38.74565887451172,
        "z": 4725.15283203125
    },
    {
        "color": 4294967295,
        "name": "Generic Point 28",
        "x": -263.4842529296875,
        "y": -36.80982971191406,
        "z": 4713.04931640625
    },
    {
        "color": 4294967295,
        "name": "Generic Point 29",
        "x": -161.48602294921875,
        "y": -47.994651794433594,
        "z": 4860.818359375
    },
    {
        "color": 4294967295,
        "name": "Generic Point 3",
        "x": -1089.522705078125,
        "y": 114.58045196533203,
        "z": 5102.27734375
    },
    {
        "color": 4294967295,
        "name": "Generic Point 30",
        "x": -165.48745727539062,
        "y": -47.57839584350586,
        "z": 4868.7744140625
    },
    {
        "color": 4294967295,
        "name": "Generic Point 31",
        "x": -134.83782958984375,
        "y": 72.54743957519531,
        "z": 5015.76171875
    },
    {
        "color": 4294967295,
        "name": "Generic Point 32",
        "x": -438.38262939453125,
        "y": 258.3007507324219,
        "z": 4954.6201171875
    },
    {
        "color": 4294967295,
        "name": "Generic Point 33",
        "x": -1442.0513916015625,
        "y": 55.19554901123047,
        "z": 5297.0869140625
    },
    {
        "color": 4294967295,
        "name": "Generic Point 34",
        "x": -361.64776611328125,
        "y": 209.73199462890625,
        "z": 4848.5498046875
    },
    {
        "color": 4294967295,
        "name": "Generic Point 35",
        "x": -375.0708312988281,
        "y": 180.23011779785156,
        "z": 4749.71142578125
    },
    {
        "color": 4294967295,
        "name": "Generic Point 36",
        "x": -257.4409484863281,
        "y": 202.57179260253906,
        "z": 5159.90771484375
    },
    {
        "color": 4294967295,
        "name": "Generic Point 37",
        "x": -207.74806213378906,
        "y": 80.2166748046875,
        "z": 5200.62744140625
    },
    {
        "color": 4294967295,
        "name": "Generic Point 38",
        "x": -279.4104309082031,
        "y": 142.2237548828125,
        "z": 5341.984375
    },
    {
        "color": 4294967295,
        "name": "Generic Point 39",
        "x": -143.00172424316406,
        "y": 78.26362609863281,
        "z": 5618.47900390625
    },
    {
        "color": 4294967295,
        "name": "Generic Point 4",
        "x": -991.8226318359375,
        "y": 156.8912353515625,
        "z": 5001.86962890625
    },
    {
        "color": 4294967295,
        "name": "Generic Point 40",
        "x": -117.705810546875,
        "y": 75.2890853881836,
        "z": 5664.86083984375
    },
    {
        "color": 4294967295,
        "name": "Generic Point 41",
        "x": -511.3861389160156,
        "y": 239.89903259277344,
        "z": 5305.54150390625
    },
    {
        "color": 4294967295,
        "name": "Generic Point 42",
        "x": -427.8046569824219,
        "y": 241.28536987304688,
        "z": 5317.06494140625
    },
    {
        "color": 4294967295,
        "name": "Generic Point 43",
        "x": -431.6830139160156,
        "y": 221.5973358154297,
        "z": 5435.9677734375
    },
    {
        "color": 4294967295,
        "name": "Generic Point 44",
        "x": -1486.9549560546875,
        "y": -5.600765228271484,
        "z": 5361.32421875
    },
    {
        "color": 4294967295,
        "name": "Generic Point 45",
        "x": -514.666259765625,
        "y": 220.23048400878906,
        "z": 5505.47509765625
    },
    {
        "color": 4294967295,
        "name": "Generic Point 46",
        "x": -647.2837524414062,
        "y": 180.34889221191406,
        "z": 5554.314453125
    },
    {
        "color": 4294967295,
        "name": "Generic Point 47",
        "x": -379.5362548828125,
        "y": -86.96199035644531,
        "z": 5505.669921875
    },
    {
        "color": 4294967295,
        "name": "Generic Point 48",
        "x": -266.61370849609375,
        "y": -46.36286163330078,
        "z": 5584.0927734375
    },
    {
        "color": 4294967295,
        "name": "Generic Point 49",
        "x": -287.6641845703125,
        "y": -56.72999954223633,
        "z": 5446.84375
    },
    {
        "color": 4294967295,
        "name": "Generic Point 5",
        "x": -1047.7855224609375,
        "y": 72.35087585449219,
        "z": 4957.28466796875
    },
    {
        "color": 4294967295,
        "name": "Generic Point 50",
        "x": -338.318115234375,
        "y": -247.47547912597656,
        "z": 5502.29150390625
    },
    {
        "color": 4294967295,
        "name": "Generic Point 51",
        "x": -480.2483215332031,
        "y": -56.520111083984375,
        "z": 5447.78662109375
    },
    {
        "color": 4294967295,
        "name": "Generic Point 52",
        "x": -531.8460693359375,
        "y": -88.27598571777344,
        "z": 5424.99267578125
    },
    {
        "color": 4294967295,
        "name": "Generic Point 53",
        "x": -536.1110229492188,
        "y": -88.2118911743164,
        "z": 5420.6982421875
    },
    {
        "color": 4294967295,
        "name": "Generic Point 54",
        "x": -554.2958984375,
        "y": -62.74923324584961,
        "z": 5390.8876953125
    },
    {
        "color": 4294967295,
        "name": "Generic Point 55",
        "x": -1309.6141357421875,
        "y": 46.79570770263672,
        "z": 5310.85302734375
    },
    {
        "color": 4294967295,
        "name": "Generic Point 56",
        "x": -509.7256774902344,
        "y": -23.088064193725586,
        "z": 5251.96337890625
    },
    {
        "color": 4294967295,
        "name": "Generic Point 57",
        "x": -346.5992736816406,
        "y": 135.9186553955078,
        "z": 5764.14453125
    },
    {
        "color": 4294967295,
        "name": "Generic Point 58",
        "x": -502.16595458984375,
        "y": 136.79281616210938,
        "z": 5896.75830078125
    },
    {
        "color": 4294967295,
        "name": "Generic Point 59",
        "x": -917.5042724609375,
        "y": 113.82457733154297,
        "z": 6006.27294921875
    },
    {
        "color": 4294967295,
        "name": "Generic Point 6",
        "x": -890.1259155273438,
        "y": -157.1007080078125,
        "z": 4911.94091796875
    },
    {
        "color": 4294967295,
        "name": "Generic Point 60",
        "x": -1158.1942138671875,
        "y": 56.97121047973633,
        "z": 5473.4619140625
    },
    {
        "color": 4294967295,
        "name": "Generic Point 61",
        "x": -1022.7739868164062,
        "y": 60.243492126464844,
        "z": 5588.3310546875
    },
    {
        "color": 4294967295,
        "name": "Generic Point 62",
        "x": -1034.8016357421875,
        "y": 79.40143585205078,
        "z": 5653.27783203125
    },
    {
        "color": 4294967295,
        "name": "Generic Point 63",
        "x": -881.7699584960938,
        "y": 103.3212661743164,
        "z": 5537.9560546875
    },
    {
        "color": 4294967295,
        "name": "Generic Point 64",
        "x": -889.1446533203125,
        "y": 100.21969604492188,
        "z": 5661.5859375
    },
    {
        "color": 4294967295,
        "name": "Generic Point 65",
        "x": -824.5947875976562,
        "y": -58.17123031616211,
        "z": 5729.30908203125
    },
    {
        "color": 4294967295,
        "name": "Generic Point 66",
        "x": -1326.311279296875,
        "y": 6.766327857971191,
        "z": 5367.43505859375
    },
    {
        "color": 4294967295,
        "name": "Generic Point 67",
        "x": -735.4461059570312,
        "y": -29.80400276184082,
        "z": 5737.64404296875
    },
    {
        "color": 4294967295,
        "name": "Generic Point 68",
        "x": -737.6204833984375,
        "y": -45.55551528930664,
        "z": 5829.40478515625
    },
    {
        "color": 4294967295,
        "name": "Generic Point 69",
        "x": -1162.4765625,
        "y": -43.6234245300293,
        "z": 5479.8974609375
    },
    {
        "color": 4294967295,
        "name": "Generic Point 7",
        "x": -982.3656005859375,
        "y": -133.9429931640625,
        "z": 5011.3984375
    },
    {
        "color": 4294967295,
        "name": "Generic Point 70",
        "x": -1127.0052490234375,
        "y": -40.9276123046875,
        "z": 5450.23828125
    },
    {
        "color": 4294967295,
        "name": "Generic Point 71",
        "x": -1080.6741943359375,
        "y": -43.668025970458984,
        "z": 5565.48486328125
    },
    {
        "color": 4294967295,
        "name": "Generic Point 72",
        "x": -1058.165771484375,
        "y": -62.67305374145508,
        "z": 5616.5869140625
    },
    {
        "color": 4294967295,
        "name": "Generic Point 73",
        "x": -693.9705200195312,
        "y": -190.1569061279297,
        "z": 5872.962890625
    },
    {
        "color": 4294967295,
        "name": "Generic Point 74",
        "x": -697.9175415039062,
        "y": -228.4326171875,
        "z": 5793.58349609375
    },
    {
        "color": 4294967295,
        "name": "Generic Point 75",
        "x": -754.7965698242188,
        "y": -262.4142761230469,
        "z": 5715.10009765625
    },
    {
        "color": 4294967295,
        "name": "Generic Point 76",
        "x": -936.5513916015625,
        "y": -177.09364318847656,
        "z": 5792.84130859375
    },
    {
        "color": 4294967295,
        "name": "Generic Point 77",
        "x": -1336.214599609375,
        "y": 1.9689891338348389,
        "z": 5396.97802734375
    },
    {
        "color": 4294967295,
        "name": "Generic Point 78",
        "x": -849.4407348632812,
        "y": -9.839216232299805,
        "z": 5869.41552734375
    },
    {
        "color": 4294967295,
        "name": "Generic Point 79",
        "x": -1226.4725341796875,
        "y": 58.391536712646484,
        "z": 5808.7392578125
    },
    {
        "color": 4294967295,
        "name": "Generic Point 8",
        "x": -1052.266845703125,
        "y": -147.46572875976562,
        "z": 5011.83984375
    },
    {
        "color": 4294967295,
        "name": "Generic Point 80",
        "x": -1313.1585693359375,
        "y": 45.976097106933594,
        "z": 5664.81640625
    },
    {
        "color": 4294967295,
        "name": "Generic Point 81",
        "x": -1361.0380859375,
        "y": 7.1227335929870605,
        "z": 5776.0498046875
    },
    {
        "color": 4294967295,
        "name": "Generic Point 82",
        "x": -1396.9425048828125,
        "y": 3.5260581970214844,
        "z": 5749.64501953125
    },
    {
        "color": 4294967295,
        "name": "Generic Point 83",
        "x": -1735.08984375,
        "y": -12.434944152832031,
        "z": 5837.81689453125
    },
    {
        "color": 4294967295,
        "name": "Generic Point 84",
        "x": -1804.325927734375,
        "y": 38.52747344970703,
        "z": 5567.2158203125
    },
    {
        "color": 4294967295,
        "name": "Generic Point 85",
        "x": -1882.9405517578125,
        "y": 5.4402618408203125,
        "z": 5540.28466796875
    },
    {
        "color": 4294967295,
        "name": "Generic Point 86",
        "x": -1779.78369140625,
        "y": -32.606388092041016,
        "z": 5547.48876953125
    },
    {
        "color": 4294967295,
        "name": "Generic Point 87",
        "x": -1793.712158203125,
        "y": 1.5188124179840088,
        "z": 5573.5859375
    },
    {
        "color": 4294967295,
        "name": "Generic Point 88",
        "x": -1362.4615478515625,
        "y": 46.87744903564453,
        "z": 5164.7841796875
    },
    {
        "color": 4294967295,
        "name": "Generic Point 89",
        "x": -1713.39501953125,
        "y": 10.962787628173828,
        "z": 5638.68408203125
    },
    {
        "color": 4294967295,
        "name": "Generic Point 9",
        "x": -1054.509033203125,
        "y": 93.28363800048828,
        "z": 4775.81103515625
    },
    {
        "color": 4294967295,
        "name": "Generic Point 90",
        "x": -1222.62646484375,
        "y": -19.24774742126465,
        "z": 5276.11328125
    },
    {
        "color": 4294967295,
        "name": "Generic Point 91",
        "x": -1273.4918212890625,
        "y": 63.60298538208008,
        "z": 4810.20703125
    },
    {
        "color": 4294967295,
        "name": "Generic Point 92",
        "x": -1032.237060546875,
        "y": 78.87530517578125,
        "z": 5653.84130859375
    },
    {
        "color": 4294967295,
        "name": "Generic Point 93",
        "x": -883.5826416015625,
        "y": 102.4535140991211,
        "z": 5538.916015625
    },
    {
        "color": 4294967295,
        "name": "Generic Point 94",
        "x": -650.7100219726562,
        "y": 179.3837432861328,
        "z": 5557.4482421875
    },
    {
        "color": 4294967295,
        "name": "Generic Point 95",
        "x": -1495.29931640625,
        "y": 81.8199462890625,
        "z": 5035.13671875
    },
    {
        "color": 4294967295,
        "name": "Generic Point 96",
        "x": -1456.2659912109375,
        "y": 24.220455169677734,
        "z": 5227.56591796875
    },
    {
        "color": 4294967295,
        "name": "Generic Point 97",
        "x": -1550.5091552734375,
        "y": 32.86182403564453,
        "z": 5205.79296875
    },
    {
        "color": 4294967295,
        "name": "Generic Point 98",
        "x": -1486.6085205078125,
        "y": -5.472400188446045,
        "z": 5362.63818359375
    },
    {
        "color": 4294967295,
        "name": "Generic Point 99",
        "x": -1335.3575439453125,
        "y": 2.008471727371216,
        "z": 5394.58544921875
    }
]