[
    {
        "color": 4294967295,
        "name": "Generic Point 0",
        "x": -2422.504638671875,
        "y": 98.84320068359375,
        "z": 5261.22900390625
    },
    {
        "color": 4294967295,
        "name": "Generic Point 1",
        "x": -2339.911865234375,
        "y": 22.80582046508789,
        "z": 5334.33935546875
    },
    {
        "color": 4294967295,
        "name": "Generic Point 10",
        "x": -2340.1455078125,
        "y": 50.59458923339844,
        "z": 5318.12451171875
    },
    {
        "color": 4294967295,
        "name": "Generic Point 11",
        "x": -2369.876708984375,
        "y": 8.115553855895996,
        "z": 5314.1357421875
    },
    {
        "color": 4294967295,
        "name": "Generic Point 12",
        "x": -2352.796875,
        "y": 7.981947422027588,
        "z": 5315.20654296875
    },
    {
        "color": 4294967295,
        "name": "Generic Point 2",
        "x": -2339.948486328125,
        "y": 8.047571182250977,
        "z": 5311.99658203125
    },
    {
        "color": 4294967295,
        "name": "Generic Point 3",
        "x": -2435.339111328125,
        "y": 62.88043212890625,
        "z": 5296.171875
    },
    {
        "color": 4294967295,
        "name": "Generic Point 4",
        "x": -2441.289306640625,
        "y": 62.85257339477539,
        "z": 5287.94775390625
    },
    {
        "color": 4294967295,
        "name": "Generic Point 5",
        "x": -2468.193603515625,
        "y": 54.82108688354492,
        "z": 5309.92822265625
    },
    {
        "color": 4294967295,
        "name": "Generic Point 6",
        "x": -2435.007568359375,
        "y": 62.8469352722168,
        "z": 5296.17529296875
    },
    {
        "color": 4294967295,
        "name": "Generic Point 7",
        "x": -2439.04736328125,
        "y": 62.987144470214844,
        "z": 5304.4365234375
    },
    {
        "color": 4294967295,
        "name": "Generic Point 8",
        "x": -2375.4189453125,
        "y": 22.42279624938965,
        "z": 5310.87109375
    },
    {
        "color": 4294967295,
        "name": "Generic Point 9",
        "x": -2425.81884765625,
        "y": 63.31175231933594,
        "z": 5296.9833984375
    }
]