[
    {
        "color": 4294967295,
        "name": "Generic Point 0",
        "x": -108.16852569580078,
        "y": 250.07009887695312,
        "z": 3433.914306640625
    },
    {
        "color": 4294967295,
        "name": "Generic Point 1",
        "x": -1471.8936767578125,
        "y": 157.0110321044922,
        "z": 2605.10302734375
    },
    {
        "color": 4294967295,
        "name": "Generic Point 10",
        "x": 348.61126708984375,
        "y": 183.44247436523438,
        "z": 2262.451904296875
    },
    {
        "color": 4294967295,
        "name": "Generic Point 11",
        "x": -1184.4925537109375,
        "y": 184.2440948486328,
        "z": 2483.27880859375
    },
    {
        "color": 4294967295,
        "name": "Generic Point 12",
        "x": -1418.700927734375,
        "y": 208.35333251953125,
        "z": 2687.7412109375
    },
    {
        "color": 4294967295,
        "name": "Generic Point 2",
        "x": -284.84173583984375,
        "y": 205.64231872558594,
        "z": 3304.8271484375
    },
    {
        "color": 4294967295,
        "name": "Generic Point 3",
        "x": -276.99920654296875,
        "y": 194.62057495117188,
        "z": 3241.609619140625
    },
    {
        "color": 4294967295,
        "name": "Generic Point 4",
        "x": -236.3427734375,
        "y": 239.3108673095703,
        "z": 3470.0595703125
    },
    {
        "color": 4294967295,
        "name": "Generic Point 5",
        "x": 711.977294921875,
        "y": 774.7628173828125,
        "z": 111.66091918945312
    },
    {
        "color": 4294967295,
        "name": "Generic Point 6",
        "x": -1730.81005859375,
        "y": 126.47993469238281,
        "z": 3315.69189453125
    },
    {
        "color": 4294967295,
        "name": "Generic Point 7",
        "x": -1827.16357421875,
        "y": -2.135430335998535,
        "z": 3295.27197265625
    },
    {
        "color": 4294967295,
        "name": "Generic Point 8",
        "x": 117.19546508789062,
        "y": 251.70242309570312,
        "z": 2506.78173828125
    },
    {
        "color": 4294967295,
        "name": "Generic Point 9",
        "x": -560.0718994140625,
        "y": 103.49148559570312,
        "z": 2273.346435546875
    }
]