[
    {
        "color": 4294967295,
        "name": "Generic Point 0",
        "x": 2708.612305,
        "y": 389.067535,
        "z": 4810.250488
    },
    {
        "color": 4294967295,
        "name": "Generic Point 1",
        "x": 2486.455811,
        "y": 358.803619,
        "z": 4536.412109
    },
    {
        "color": 4294967295,
        "name": "Generic Point 2",
        "x": 3044.312744,
        "y": 435.480225,
        "z": 4779.175781
    },
    {
        "color": 4294967295,
        "name": "Generic Point 3",
        "x": 3154.170654,
        "y": 245.534363,
        "z": 4261.680176
    }
]