[
    {
        "color": 4294967295,
        "name": "Generic Point 0",
        "x": 1917.3,
        "y": 289.211,
        "z": 1668.27
    },
    {
        "color": 4294967295,
        "name": "Generic Point 1",
        "x": 1913.86,
        "y": 306.389,
        "z": 2026.38
    },
    {
        "color": 4294967295,
        "name": "Generic Point 10",
        "x": 2720.24,
        "y": 339.406,
        "z": 2184.71
    },
    {
        "color": 4294967295,
        "name": "Generic Point 11",
        "x": 1856.96,
        "y": 309.293,
        "z": 1646.41
    },
    {
        "color": 4294967295,
        "name": "Generic Point 12",
        "x": 2081.92,
        "y": 391.493,
        "z": 2018.5
    },
    {
        "color": 4294967295,
        "name": "Generic Point 13",
        "x": 2117.17,
        "y": 398.441,
        "z": 2087.26
    },
    {
        "color": 4294967295,
        "name": "Generic Point 14",
        "x": 2102.78,
        "y": 389.467,
        "z": 2131.42
    },
    {
        "color": 4294967295,
        "name": "Generic Point 15",
        "x": 2173.63,
        "y": 368.069,
        "z": 2119.01
    },
    {
        "color": 4294967295,
        "name": "Generic Point 16",
        "x": 2179.87,
        "y": 373.939,
        "z": 2095.49
    },
    {
        "color": 4294967295,
        "name": "Generic Point 17",
        "x": 2250.13,
        "y": 347.331,
        "z": 2068.21
    },
    {
        "color": 4294967295,
        "name": "Generic Point 18",
        "x": 2256.7,
        "y": 347.114,
        "z": 2065.29
    },
    {
        "color": 4294967295,
        "name": "Generic Point 19",
        "x": 2253.14,
        "y": 347.649,
        "z": 2075.12
    },
    {
        "color": 4294967295,
        "name": "Generic Point 2",
        "x": 2404.73,
        "y": 317.18,
        "z": 1496.22
    },
    {
        "color": 4294967295,
        "name": "Generic Point 20",
        "x": 2234.77,
        "y": 341.004,
        "z": 2170.39
    },
    {
        "color": 4294967295,
        "name": "Generic Point 21",
        "x": 2342.88,
        "y": 335.052,
        "z": 2089.11
    },
    {
        "color": 4294967295,
        "name": "Generic Point 22",
        "x": 1812.19,
        "y": 320.5,
        "z": 1668.8
    },
    {
        "color": 4294967295,
        "name": "Generic Point 23",
        "x": 2158.82,
        "y": 435.116,
        "z": 2270
    },
    {
        "color": 4294967295,
        "name": "Generic Point 24",
        "x": 2246.91,
        "y": 286.008,
        "z": 2284.05
    },
    {
        "color": 4294967295,
        "name": "Generic Point 25",
        "x": 2234.02,
        "y": 399.547,
        "z": 2197.22
    },
    {
        "color": 4294967295,
        "name": "Generic Point 26",
        "x": 2247.26,
        "y": 394.561,
        "z": 2102.68
    },
    {
        "color": 4294967295,
        "name": "Generic Point 27",
        "x": 2036.64,
        "y": 278.837,
        "z": 2442.8
    },
    {
        "color": 4294967295,
        "name": "Generic Point 28",
        "x": 2055.04,
        "y": 278.837,
        "z": 2370.8
    },
    {
        "color": 4294967295,
        "name": "Generic Point 29",
        "x": 2082.34,
        "y": 278.837,
        "z": 2383.62
    },
    {
        "color": 4294967295,
        "name": "Generic Point 3",
        "x": 2489.63,
        "y": 369.053,
        "z": 1796.07
    },
    {
        "color": 4294967295,
        "name": "Generic Point 30",
        "x": 2343.29,
        "y": 335.345,
        "z": 2366.1
    },
    {
        "color": 4294967295,
        "name": "Generic Point 31",
        "x": 2353.17,
        "y": 280.557,
        "z": 2332.99
    },
    {
        "color": 4294967295,
        "name": "Generic Point 32",
        "x": 2383.86,
        "y": 279.881,
        "z": 2342.05
    },
    {
        "color": 4294967295,
        "name": "Generic Point 33",
        "x": 2037.54,
        "y": 291.468,
        "z": 1557.51
    },
    {
        "color": 4294967295,
        "name": "Generic Point 34",
        "x": 2425.86,
        "y": 338.837,
        "z": 2344.72
    },
    {
        "color": 4294967295,
        "name": "Generic Point 35",
        "x": 2368.44,
        "y": 279.663,
        "z": 2298.85
    },
    {
        "color": 4294967295,
        "name": "Generic Point 36",
        "x": 2403.51,
        "y": 279.135,
        "z": 2253.03
    },
    {
        "color": 4294967295,
        "name": "Generic Point 37",
        "x": 2398.17,
        "y": 278.837,
        "z": 2252.55
    },
    {
        "color": 4294967295,
        "name": "Generic Point 38",
        "x": 2507.68,
        "y": 438.264,
        "z": 2619.66
    },
    {
        "color": 4294967295,
        "name": "Generic Point 39",
        "x": 2587.35,
        "y": 389.489,
        "z": 2652.1
    },
    {
        "color": 4294967295,
        "name": "Generic Point 4",
        "x": 2557.52,
        "y": 364.496,
        "z": 1778.71
    },
    {
        "color": 4294967295,
        "name": "Generic Point 40",
        "x": 2710.8,
        "y": 340.399,
        "z": 2652.22
    },
    {
        "color": 4294967295,
        "name": "Generic Point 41",
        "x": 2726.37,
        "y": 339.279,
        "z": 2577.27
    },
    {
        "color": 4294967295,
        "name": "Generic Point 42",
        "x": 2734.06,
        "y": 339.6,
        "z": 2554.97
    },
    {
        "color": 4294967295,
        "name": "Generic Point 43",
        "x": 2740.91,
        "y": 338.837,
        "z": 2557.73
    },
    {
        "color": 4294967295,
        "name": "Generic Point 44",
        "x": 2222.82,
        "y": 385.367,
        "z": 1927.91
    },
    {
        "color": 4294967295,
        "name": "Generic Point 45",
        "x": 2510.09,
        "y": 338.837,
        "z": 2805.25
    },
    {
        "color": 4294967295,
        "name": "Generic Point 46",
        "x": 2502.46,
        "y": 338.837,
        "z": 2822.87
    },
    {
        "color": 4294967295,
        "name": "Generic Point 47",
        "x": 2487.35,
        "y": 344.003,
        "z": 2820.53
    },
    {
        "color": 4294967295,
        "name": "Generic Point 48",
        "x": 2479.36,
        "y": 339.706,
        "z": 2823.88
    },
    {
        "color": 4294967295,
        "name": "Generic Point 49",
        "x": 2432.61,
        "y": 278.837,
        "z": 2851.13
    },
    {
        "color": 4294967295,
        "name": "Generic Point 5",
        "x": 2565.33,
        "y": 373.431,
        "z": 1727.23
    },
    {
        "color": 4294967295,
        "name": "Generic Point 50",
        "x": 2413.25,
        "y": 278.837,
        "z": 2860.4
    },
    {
        "color": 4294967295,
        "name": "Generic Point 51",
        "x": 2396.01,
        "y": 278.837,
        "z": 2876.44
    },
    {
        "color": 4294967295,
        "name": "Generic Point 52",
        "x": 2343.35,
        "y": 278.837,
        "z": 2875.65
    },
    {
        "color": 4294967295,
        "name": "Generic Point 53",
        "x": 2352.09,
        "y": 362.036,
        "z": 2794.1
    },
    {
        "color": 4294967295,
        "name": "Generic Point 54",
        "x": 2163.05,
        "y": 418.978,
        "z": 2614.91
    },
    {
        "color": 4294967295,
        "name": "Generic Point 55",
        "x": 2171.52,
        "y": 407.768,
        "z": 1979.66
    },
    {
        "color": 4294967295,
        "name": "Generic Point 56",
        "x": 2201.75,
        "y": 415.364,
        "z": 2590.07
    },
    {
        "color": 4294967295,
        "name": "Generic Point 57",
        "x": 2041.84,
        "y": 350.615,
        "z": 2721.25
    },
    {
        "color": 4294967295,
        "name": "Generic Point 58",
        "x": 1927.55,
        "y": 280.499,
        "z": 2874.57
    },
    {
        "color": 4294967295,
        "name": "Generic Point 59",
        "x": 1887.29,
        "y": 381.507,
        "z": 2661.69
    },
    {
        "color": 4294967295,
        "name": "Generic Point 6",
        "x": 2594.24,
        "y": 450.385,
        "z": 1702.75
    },
    {
        "color": 4294967295,
        "name": "Generic Point 60",
        "x": 1712.75,
        "y": 280.002,
        "z": 2581.27
    },
    {
        "color": 4294967295,
        "name": "Generic Point 61",
        "x": 1747.08,
        "y": 280.004,
        "z": 2600.98
    },
    {
        "color": 4294967295,
        "name": "Generic Point 62",
        "x": 1776.67,
        "y": 280.003,
        "z": 2651.91
    },
    {
        "color": 4294967295,
        "name": "Generic Point 63",
        "x": 1811.28,
        "y": 280,
        "z": 2747.33
    },
    {
        "color": 4294967295,
        "name": "Generic Point 64",
        "x": 1817.56,
        "y": 280,
        "z": 2741.39
    },
    {
        "color": 4294967295,
        "name": "Generic Point 65",
        "x": 1827.58,
        "y": 280,
        "z": 2749.37
    },
    {
        "color": 4294967295,
        "name": "Generic Point 66",
        "x": 2223.78,
        "y": 422.532,
        "z": 1982.31
    },
    {
        "color": 4294967295,
        "name": "Generic Point 67",
        "x": 1832.13,
        "y": 280.002,
        "z": 2757.61
    },
    {
        "color": 4294967295,
        "name": "Generic Point 68",
        "x": 2075.64,
        "y": 342.651,
        "z": 1824.19
    },
    {
        "color": 4294967295,
        "name": "Generic Point 69",
        "x": 2000.84,
        "y": 340.986,
        "z": 1978.47
    },
    {
        "color": 4294967295,
        "name": "Generic Point 7",
        "x": 2355.64,
        "y": 331.783,
        "z": 1904.96
    },
    {
        "color": 4294967295,
        "name": "Generic Point 8",
        "x": 2355.87,
        "y": 332.135,
        "z": 1894.35
    },
    {
        "color": 4294967295,
        "name": "Generic Point 9",
        "x": 2721.46,
        "y": 338.837,
        "z": 2176.78
    }
]