[
    {
        "color": 4294967295,
        "name": "Generic Point 0",
        "x": -1421.9425048828125,
        "y": 66.4830551147461,
        "z": 8260.1796875
    },
    {
        "color": 4294967295,
        "name": "Generic Point 1",
        "x": -1783.4345703125,
        "y": -3.48077130317688,
        "z": 8619.1376953125
    },
    {
        "color": 4294967295,
        "name": "Generic Point 10",
        "x": -1509.764892578125,
        "y": -4.951303005218506,
        "z": 8686.4423828125
    },
    {
        "color": 4294967295,
        "name": "Generic Point 11",
        "x": -1476.6236572265625,
        "y": 126.32701110839844,
        "z": 8452.8349609375
    },
    {
        "color": 4294967295,
        "name": "Generic Point 12",
        "x": -1323.417236328125,
        "y": 69.95702362060547,
        "z": 8350.7861328125
    },
    {
        "color": 4294967295,
        "name": "Generic Point 13",
        "x": -1424.92578125,
        "y": 11.673689842224121,
        "z": 8435.9296875
    },
    {
        "color": 4294967295,
        "name": "Generic Point 14",
        "x": -1429.8206787109375,
        "y": -120.20181274414062,
        "z": 8452.09375
    },
    {
        "color": 4294967295,
        "name": "Generic Point 15",
        "x": -1391.999755859375,
        "y": -170.45269775390625,
        "z": 8460.755859375
    },
    {
        "color": 4294967295,
        "name": "Generic Point 16",
        "x": -1387.088134765625,
        "y": -174.86038208007812,
        "z": 8464.3623046875
    },
    {
        "color": 4294967295,
        "name": "Generic Point 17",
        "x": -1368.0458984375,
        "y": -196.300537109375,
        "z": 8488.8251953125
    },
    {
        "color": 4294967295,
        "name": "Generic Point 18",
        "x": -1288.0972900390625,
        "y": -203.29736328125,
        "z": 8624.9599609375
    },
    {
        "color": 4294967295,
        "name": "Generic Point 19",
        "x": -1307.8070068359375,
        "y": -203.40945434570312,
        "z": 8593.951171875
    },
    {
        "color": 4294967295,
        "name": "Generic Point 2",
        "x": -1754.3687744140625,
        "y": -24.956878662109375,
        "z": 8641.76953125
    },
    {
        "color": 4294967295,
        "name": "Generic Point 20",
        "x": -1348.8875732421875,
        "y": -192.7292022705078,
        "z": 8563.36328125
    },
    {
        "color": 4294967295,
        "name": "Generic Point 21",
        "x": -1340.40966796875,
        "y": -184.5443115234375,
        "z": 8536.0595703125
    },
    {
        "color": 4294967295,
        "name": "Generic Point 22",
        "x": -1337.61083984375,
        "y": -193.89358520507812,
        "z": 8556.19921875
    },
    {
        "color": 4294967295,
        "name": "Generic Point 23",
        "x": -1349.28564453125,
        "y": -198.21400451660156,
        "z": 8635.2890625
    },
    {
        "color": 4294967295,
        "name": "Generic Point 24",
        "x": -1307.7618408203125,
        "y": -202.01722717285156,
        "z": 8615.6337890625
    },
    {
        "color": 4294967295,
        "name": "Generic Point 25",
        "x": -1295.5662841796875,
        "y": -203.4098663330078,
        "z": 8609.5595703125
    },
    {
        "color": 4294967295,
        "name": "Generic Point 26",
        "x": -1339.400146484375,
        "y": 68.09818267822266,
        "z": 8358.8232421875
    },
    {
        "color": 4294967295,
        "name": "Generic Point 27",
        "x": -1333.25390625,
        "y": 69.18661499023438,
        "z": 8367.35546875
    },
    {
        "color": 4294967295,
        "name": "Generic Point 28",
        "x": -1445.2269287109375,
        "y": 11.999058723449707,
        "z": 8712.4658203125
    },
    {
        "color": 4294967295,
        "name": "Generic Point 29",
        "x": -1476.98291015625,
        "y": 11.111211776733398,
        "z": 8720.27734375
    },
    {
        "color": 4294967295,
        "name": "Generic Point 3",
        "x": -1775.2760009765625,
        "y": -25.33454132080078,
        "z": 8638.716796875
    },
    {
        "color": 4294967295,
        "name": "Generic Point 30",
        "x": -1657.2877197265625,
        "y": 31.901226043701172,
        "z": 8701.3349609375
    },
    {
        "color": 4294967295,
        "name": "Generic Point 31",
        "x": -1653.507080078125,
        "y": 36.13823699951172,
        "z": 8685.4169921875
    },
    {
        "color": 4294967295,
        "name": "Generic Point 32",
        "x": -1752.653564453125,
        "y": -22.948503494262695,
        "z": 8642.525390625
    },
    {
        "color": 4294967295,
        "name": "Generic Point 33",
        "x": -1705.96826171875,
        "y": -0.042839765548706055,
        "z": 8663.9404296875
    },
    {
        "color": 4294967295,
        "name": "Generic Point 4",
        "x": -1681.8349609375,
        "y": 48.50285339355469,
        "z": 8694.5380859375
    },
    {
        "color": 4294967295,
        "name": "Generic Point 5",
        "x": -1635.29345703125,
        "y": 43.38431930541992,
        "z": 8679.22265625
    },
    {
        "color": 4294967295,
        "name": "Generic Point 6",
        "x": -1590.218505859375,
        "y": 32.322296142578125,
        "z": 8654.2578125
    },
    {
        "color": 4294967295,
        "name": "Generic Point 7",
        "x": -1536.693603515625,
        "y": 24.180551528930664,
        "z": 8670.4072265625
    },
    {
        "color": 4294967295,
        "name": "Generic Point 8",
        "x": -1505.6883544921875,
        "y": -7.155149936676025,
        "z": 8683.46875
    },
    {
        "color": 4294967295,
        "name": "Generic Point 9",
        "x": -1453.065185546875,
        "y": 63.79648971557617,
        "z": 8308.2119140625
    }
]