[
    {
        "color": 4294967295,
        "name": "Generic Point 0",
        "x": -3378.0522460938,
        "y": 201.07971191406,
        "z": 10624.745117188
    },
    {
        "color": 4294967295,
        "name": "Generic Point 1",
        "x": -2202.5812988281,
        "y": 201.96691894531,
        "z": 9848.462890625
    },
    {
        "color": 4294967295,
        "name": "Generic Point 10",
        "x": -2372.1123046875,
        "y": 202.65534973145,
        "z": 9984.8876953125
    },
    {
        "color": 4294967295,
        "name": "Generic Point 11",
        "x": -2341.3149414062,
        "y": 219.21170043945,
        "z": 9446.99609375
    },
    {
        "color": 4294967295,
        "name": "Generic Point 12",
        "x": -2176.9445800781,
        "y": 250.8688659668,
        "z": 9489.306640625
    },
    {
        "color": 4294967295,
        "name": "Generic Point 2",
        "x": -2944.7854003906,
        "y": 204.80953979492,
        "z": 9785.486328125
    },
    {
        "color": 4294967295,
        "name": "Generic Point 3",
        "x": -3154.0895996094,
        "y": 311.4709777832,
        "z": 10134.056640625
    },
    {
        "color": 4294967295,
        "name": "Generic Point 4",
        "x": -2606.994140625,
        "y": 253.51705932617,
        "z": 9930.8974609375
    },
    {
        "color": 4294967295,
        "name": "Generic Point 5",
        "x": -3111.724609375,
        "y": 232.18695068359,
        "z": 10826.857421875
    },
    {
        "color": 4294967295,
        "name": "Generic Point 6",
        "x": -3012.3520507812,
        "y": 200.6828918457,
        "z": 10879.834960938
    },
    {
        "color": 4294967295,
        "name": "Generic Point 7",
        "x": -3329.6821289062,
        "y": 227.48522949219,
        "z": 10331.443359375
    },
    {
        "color": 4294967295,
        "name": "Generic Point 8",
        "x": -2621.3596191406,
        "y": 208.67517089844,
        "z": 10793.967773438
    },
    {
        "color": 4294967295,
        "name": "Generic Point 9",
        "x": -2320.7163085938,
        "y": 200.93733215332,
        "z": 10286.486328125
    }
]