[
    {
        "color": 4294967295,
        "name": "Generic Point 0",
        "x": -85.67544555664062,
        "y": 279.47991943359375,
        "z": 2746.75537109375
    },
    {
        "color": 4294967295,
        "name": "Generic Point 1",
        "x": 765.669189453125,
        "y": 342.402587890625,
        "z": 6310.29248046875
    },
    {
        "color": 4294967295,
        "name": "Generic Point 2",
        "x": -1783.4371337890625,
        "y": 285.06451416015625,
        "z": 2843.830078125
    },
    {
        "color": 4294967295,
        "name": "Generic Point 3",
        "x": -1779.7071533203125,
        "y": 367.43634033203125,
        "z": 3601.504150390625
    },
    {
        "color": 4294967295,
        "name": "Generic Point 4",
        "x": -305.7889404296875,
        "y": 319.94793701171875,
        "z": 4013.36572265625
    },
    {
        "color": 4294967295,
        "name": "Generic Point 5",
        "x": -1113.116455078125,
        "y": 216.88668823242188,
        "z": 4329.7138671875
    },
    {
        "color": 4294967295,
        "name": "Generic Point 6",
        "x": -2660.828369140625,
        "y": 98.83646392822266,
        "z": 4585.47265625
    },
    {
        "color": 4294967295,
        "name": "Generic Point 7",
        "x": -2735.986083984375,
        "y": -14.778688430786133,
        "z": 5379.14208984375
    },
    {
        "color": 4294967295,
        "name": "Generic Point 8",
        "x": -819.7515869140625,
        "y": 134.6334228515625,
        "z": 5927.375
    },
    {
        "color": 4294967295,
        "name": "Generic Point 9",
        "x": -235.17120361328125,
        "y": 239.0309295654297,
        "z": 5136.82763671875
    }
]