[
    {
        "color": 4294967295,
        "name": "Generic Point 0",
        "x": -6134.267578,
        "y": 213.49231,
        "z": -3269.74292
    },
    {
        "color": 4294967295,
        "name": "Generic Point 1",
        "x": -2477.577148,
        "y": 218.699081,
        "z": -4624.786133
    },
    {
        "color": 4294967295,
        "name": "Generic Point 10",
        "x": -3693.536377,
        "y": 124.530746,
        "z": -902.823364
    },
    {
        "color": 4294967295,
        "name": "Generic Point 100",
        "x": -2627.524658,
        "y": 252.130737,
        "z": -4361.482422
    },
    {
        "color": 4294967295,
        "name": "Generic Point 101",
        "x": -2715.19043,
        "y": 216.579071,
        "z": -4347.366699
    },
    {
        "color": 4294967295,
        "name": "Generic Point 102",
        "x": -2758.910156,
        "y": 234.217041,
        "z": -4462.963379
    },
    {
        "color": 4294967295,
        "name": "Generic Point 103",
        "x": -2908.500732,
        "y": 282.515717,
        "z": -4415.866699
    },
    {
        "color": 4294967295,
        "name": "Generic Point 104",
        "x": -2470.005371,
        "y": 235.972885,
        "z": -4099.688965
    },
    {
        "color": 4294967295,
        "name": "Generic Point 105",
        "x": -2493.637451,
        "y": 214.351807,
        "z": -4167.397461
    },
    {
        "color": 4294967295,
        "name": "Generic Point 106",
        "x": -2507.74292,
        "y": 260.256622,
        "z": -3890.778564
    },
    {
        "color": 4294967295,
        "name": "Generic Point 107",
        "x": -2542.633057,
        "y": 273.501892,
        "z": -4261.773438
    },
    {
        "color": 4294967295,
        "name": "Generic Point 108",
        "x": -2636.026123,
        "y": 212.565292,
        "z": -3993.73584
    },
    {
        "color": 4294967295,
        "name": "Generic Point 109",
        "x": -2716.318848,
        "y": 238.136795,
        "z": -3981.504395
    },
    {
        "color": 4294967295,
        "name": "Generic Point 11",
        "x": -3829.32251,
        "y": 139.2173,
        "z": -745.04657
    },
    {
        "color": 4294967295,
        "name": "Generic Point 110",
        "x": -2825.262451,
        "y": 198.377029,
        "z": -4084.980957
    },
    {
        "color": 4294967295,
        "name": "Generic Point 111",
        "x": -2775.081787,
        "y": 221.213348,
        "z": -4143.929688
    },
    {
        "color": 4294967295,
        "name": "Generic Point 112",
        "x": -2829.379883,
        "y": 177.346756,
        "z": -4065.865479
    },
    {
        "color": 4294967295,
        "name": "Generic Point 113",
        "x": -2932.732178,
        "y": 220.347244,
        "z": -4171.729492
    },
    {
        "color": 4294967295,
        "name": "Generic Point 114",
        "x": -3379.203125,
        "y": 380.674377,
        "z": -4581.857422
    },
    {
        "color": 4294967295,
        "name": "Generic Point 115",
        "x": -3348.713623,
        "y": 214.325165,
        "z": -4609.620605
    },
    {
        "color": 4294967295,
        "name": "Generic Point 116",
        "x": -3021.341797,
        "y": 234.108948,
        "z": -4042.202393
    },
    {
        "color": 4294967295,
        "name": "Generic Point 117",
        "x": -2151.244629,
        "y": 232.514297,
        "z": -3467.555908
    },
    {
        "color": 4294967295,
        "name": "Generic Point 118",
        "x": -3376.322998,
        "y": 195.910019,
        "z": -4218.133789
    },
    {
        "color": 4294967295,
        "name": "Generic Point 119",
        "x": -3251.81958,
        "y": 201.7388,
        "z": -3933.799805
    },
    {
        "color": 4294967295,
        "name": "Generic Point 12",
        "x": -2326.581787,
        "y": 238.433731,
        "z": -4256.983398
    },
    {
        "color": 4294967295,
        "name": "Generic Point 120",
        "x": -3611.832031,
        "y": 236.44072,
        "z": -3198.142334
    },
    {
        "color": 4294967295,
        "name": "Generic Point 121",
        "x": -3206.102051,
        "y": 236.441376,
        "z": -3489.907715
    },
    {
        "color": 4294967295,
        "name": "Generic Point 122",
        "x": -3373.17334,
        "y": 238.099731,
        "z": -3704.925049
    },
    {
        "color": 4294967295,
        "name": "Generic Point 123",
        "x": -3588.547363,
        "y": 210.500198,
        "z": -3638.269043
    },
    {
        "color": 4294967295,
        "name": "Generic Point 124",
        "x": -2992.365479,
        "y": 206.633514,
        "z": -3208.176514
    },
    {
        "color": 4294967295,
        "name": "Generic Point 125",
        "x": -3272.806641,
        "y": 202.601761,
        "z": -3277.231934
    },
    {
        "color": 4294967295,
        "name": "Generic Point 126",
        "x": -3360.200928,
        "y": 199.908569,
        "z": -3138.894531
    },
    {
        "color": 4294967295,
        "name": "Generic Point 127",
        "x": -3456.398926,
        "y": 212.56131,
        "z": -3043.544922
    },
    {
        "color": 4294967295,
        "name": "Generic Point 128",
        "x": -2101.684082,
        "y": 165.948318,
        "z": -4505.266113
    },
    {
        "color": 4294967295,
        "name": "Generic Point 129",
        "x": -3415.308594,
        "y": 214.13031,
        "z": -2978.90918
    },
    {
        "color": 4294967295,
        "name": "Generic Point 13",
        "x": -3892.601074,
        "y": 110.340866,
        "z": -737.744019
    },
    {
        "color": 4294967295,
        "name": "Generic Point 130",
        "x": -3630.276367,
        "y": 234.912155,
        "z": -3254.903564
    },
    {
        "color": 4294967295,
        "name": "Generic Point 131",
        "x": -3341.341064,
        "y": 204.490738,
        "z": -3462.733154
    },
    {
        "color": 4294967295,
        "name": "Generic Point 132",
        "x": -3662.264893,
        "y": 212.306107,
        "z": -2992.296875
    },
    {
        "color": 4294967295,
        "name": "Generic Point 133",
        "x": -3606.324219,
        "y": 270.768066,
        "z": -3160.690918
    },
    {
        "color": 4294967295,
        "name": "Generic Point 134",
        "x": -3673.630615,
        "y": 272.840149,
        "z": -3060.999512
    },
    {
        "color": 4294967295,
        "name": "Generic Point 135",
        "x": -3744.760742,
        "y": 243.364899,
        "z": -2975.607666
    },
    {
        "color": 4294967295,
        "name": "Generic Point 136",
        "x": -3802.895508,
        "y": 287.474701,
        "z": -3005.574707
    },
    {
        "color": 4294967295,
        "name": "Generic Point 137",
        "x": -3876.96582,
        "y": 251.701706,
        "z": -2998.019287
    },
    {
        "color": 4294967295,
        "name": "Generic Point 138",
        "x": -3877.758057,
        "y": 228.584137,
        "z": -3039.044189
    },
    {
        "color": 4294967295,
        "name": "Generic Point 139",
        "x": -2093.579834,
        "y": 228.521362,
        "z": -4637.563477
    },
    {
        "color": 4294967295,
        "name": "Generic Point 14",
        "x": -3985.557373,
        "y": 164.479828,
        "z": -821.350769
    },
    {
        "color": 4294967295,
        "name": "Generic Point 140",
        "x": -3858.470459,
        "y": 297.069305,
        "z": -3120.573975
    },
    {
        "color": 4294967295,
        "name": "Generic Point 141",
        "x": -3782.425293,
        "y": 279.29895,
        "z": -3055.292236
    },
    {
        "color": 4294967295,
        "name": "Generic Point 142",
        "x": -3784.851074,
        "y": 210.61879,
        "z": -3071.757568
    },
    {
        "color": 4294967295,
        "name": "Generic Point 143",
        "x": -3863.6875,
        "y": 226.244751,
        "z": -3231.607666
    },
    {
        "color": 4294967295,
        "name": "Generic Point 144",
        "x": -3805.369629,
        "y": 274.797668,
        "z": -3219.952393
    },
    {
        "color": 4294967295,
        "name": "Generic Point 145",
        "x": -3712.393066,
        "y": 298.01593,
        "z": -3138.140625
    },
    {
        "color": 4294967295,
        "name": "Generic Point 146",
        "x": -3693.762207,
        "y": 259.155243,
        "z": -3125.023438
    },
    {
        "color": 4294967295,
        "name": "Generic Point 147",
        "x": -3706.108398,
        "y": 266.056488,
        "z": -3163.289307
    },
    {
        "color": 4294967295,
        "name": "Generic Point 148",
        "x": -3636.074219,
        "y": 207.117676,
        "z": -2809.339844
    },
    {
        "color": 4294967295,
        "name": "Generic Point 149",
        "x": -3540.353027,
        "y": 213.543091,
        "z": -2780.266602
    },
    {
        "color": 4294967295,
        "name": "Generic Point 15",
        "x": -4060.541504,
        "y": 207.064148,
        "z": -815.713135
    },
    {
        "color": 4294967295,
        "name": "Generic Point 150",
        "x": -2199.016846,
        "y": 212.385162,
        "z": -4934.198242
    },
    {
        "color": 4294967295,
        "name": "Generic Point 151",
        "x": -3484.600586,
        "y": 246.106415,
        "z": -2639.257568
    },
    {
        "color": 4294967295,
        "name": "Generic Point 152",
        "x": -3638.946289,
        "y": 215.969727,
        "z": -2439.140381
    },
    {
        "color": 4294967295,
        "name": "Generic Point 153",
        "x": -3755.878418,
        "y": 279.905273,
        "z": -2557.095947
    },
    {
        "color": 4294967295,
        "name": "Generic Point 154",
        "x": -3786.96875,
        "y": 263.026855,
        "z": -2439.724365
    },
    {
        "color": 4294967295,
        "name": "Generic Point 155",
        "x": -3808.0896,
        "y": 279.547278,
        "z": -2382.18335
    },
    {
        "color": 4294967295,
        "name": "Generic Point 156",
        "x": -3735.817383,
        "y": 297.606262,
        "z": -2329.799316
    },
    {
        "color": 4294967295,
        "name": "Generic Point 157",
        "x": -3871.988525,
        "y": 268.5383,
        "z": -2459.736084
    },
    {
        "color": 4294967295,
        "name": "Generic Point 158",
        "x": -3949.272949,
        "y": 199.924698,
        "z": -2417.483887
    },
    {
        "color": 4294967295,
        "name": "Generic Point 159",
        "x": -3970.655273,
        "y": 398.368103,
        "z": -2444.663086
    },
    {
        "color": 4294967295,
        "name": "Generic Point 16",
        "x": -4061.787354,
        "y": 238.084839,
        "z": -873.185181
    },
    {
        "color": 4294967295,
        "name": "Generic Point 160",
        "x": -4021.40918,
        "y": 253.713959,
        "z": -2426.664551
    },
    {
        "color": 4294967295,
        "name": "Generic Point 161",
        "x": -2347.243896,
        "y": 196.53038,
        "z": -4794.149414
    },
    {
        "color": 4294967295,
        "name": "Generic Point 162",
        "x": -4079.419189,
        "y": 229.869034,
        "z": -2396.014648
    },
    {
        "color": 4294967295,
        "name": "Generic Point 163",
        "x": -4078.148926,
        "y": 202.933029,
        "z": -2457.015137
    },
    {
        "color": 4294967295,
        "name": "Generic Point 164",
        "x": -4132.019531,
        "y": 252.605118,
        "z": -2349.680176
    },
    {
        "color": 4294967295,
        "name": "Generic Point 165",
        "x": -4346.466309,
        "y": 202.387634,
        "z": -2515.243652
    },
    {
        "color": 4294967295,
        "name": "Generic Point 166",
        "x": -4130.183105,
        "y": 261.049164,
        "z": -2243.270264
    },
    {
        "color": 4294967295,
        "name": "Generic Point 167",
        "x": -4024.604736,
        "y": 239.920685,
        "z": -2277.07666
    },
    {
        "color": 4294967295,
        "name": "Generic Point 168",
        "x": -3974.952881,
        "y": 249.998367,
        "z": -2178.191406
    },
    {
        "color": 4294967295,
        "name": "Generic Point 169",
        "x": -4027.549072,
        "y": 234.337524,
        "z": -2101.557861
    },
    {
        "color": 4294967295,
        "name": "Generic Point 17",
        "x": -4144.040527,
        "y": 208.485825,
        "z": -1023.576233
    },
    {
        "color": 4294967295,
        "name": "Generic Point 170",
        "x": -3858.712646,
        "y": 202.432434,
        "z": -2028.038086
    },
    {
        "color": 4294967295,
        "name": "Generic Point 171",
        "x": -3891.583496,
        "y": 260.132813,
        "z": -2276.716064
    },
    {
        "color": 4294967295,
        "name": "Generic Point 172",
        "x": -2561.321533,
        "y": 242.988983,
        "z": -4632.720215
    },
    {
        "color": 4294967295,
        "name": "Generic Point 173",
        "x": -3795.534424,
        "y": 246.295059,
        "z": -2194.287109
    },
    {
        "color": 4294967295,
        "name": "Generic Point 174",
        "x": -3759.826904,
        "y": 231.765976,
        "z": -2088.776611
    },
    {
        "color": 4294967295,
        "name": "Generic Point 175",
        "x": -3620.759521,
        "y": 288.444275,
        "z": -2181.983398
    },
    {
        "color": 4294967295,
        "name": "Generic Point 176",
        "x": -3524.238037,
        "y": 225.654938,
        "z": -2176.657227
    },
    {
        "color": 4294967295,
        "name": "Generic Point 177",
        "x": -3611.748535,
        "y": 228.975296,
        "z": -2000.366455
    },
    {
        "color": 4294967295,
        "name": "Generic Point 178",
        "x": -3505.840576,
        "y": 204.408859,
        "z": -1972.053223
    },
    {
        "color": 4294967295,
        "name": "Generic Point 179",
        "x": -3822.789307,
        "y": 212.057465,
        "z": -1801.541138
    },
    {
        "color": 4294967295,
        "name": "Generic Point 18",
        "x": -3990.781982,
        "y": 188.283295,
        "z": -932.838989
    },
    {
        "color": 4294967295,
        "name": "Generic Point 180",
        "x": -3728.341309,
        "y": 249.172348,
        "z": -1604.341309
    },
    {
        "color": 4294967295,
        "name": "Generic Point 181",
        "x": -3872.36499,
        "y": 222.855362,
        "z": -478.721863
    },
    {
        "color": 4294967295,
        "name": "Generic Point 182",
        "x": -3749.453125,
        "y": 193.265854,
        "z": -582.764893
    },
    {
        "color": 4294967295,
        "name": "Generic Point 19",
        "x": -3903.02124,
        "y": 131.885345,
        "z": -987.484009
    },
    {
        "color": 4294967295,
        "name": "Generic Point 2",
        "x": -3541.998779,
        "y": 217.121033,
        "z": -541.806946
    },
    {
        "color": 4294967295,
        "name": "Generic Point 20",
        "x": -3810.647461,
        "y": 169.625626,
        "z": -1066.960693
    },
    {
        "color": 4294967295,
        "name": "Generic Point 21",
        "x": -3804.355469,
        "y": 139.459503,
        "z": -1032.195313
    },
    {
        "color": 4294967295,
        "name": "Generic Point 22",
        "x": -4188.17334,
        "y": 226.846268,
        "z": -3584.015381
    },
    {
        "color": 4294967295,
        "name": "Generic Point 23",
        "x": -2183.331299,
        "y": 218.84964,
        "z": -4261.3125
    },
    {
        "color": 4294967295,
        "name": "Generic Point 24",
        "x": -4438.952148,
        "y": 208.840546,
        "z": -3968.205566
    },
    {
        "color": 4294967295,
        "name": "Generic Point 25",
        "x": -4494.427734,
        "y": 220.934982,
        "z": -3925.483398
    },
    {
        "color": 4294967295,
        "name": "Generic Point 26",
        "x": -4434.917969,
        "y": 346.154297,
        "z": -3819.507324
    },
    {
        "color": 4294967295,
        "name": "Generic Point 27",
        "x": -4433.274414,
        "y": 235.446793,
        "z": -3740.062744
    },
    {
        "color": 4294967295,
        "name": "Generic Point 28",
        "x": -4433.504395,
        "y": 202.032806,
        "z": -3765.212891
    },
    {
        "color": 4294967295,
        "name": "Generic Point 29",
        "x": -4438.262207,
        "y": 200.09021,
        "z": -3719.375977
    },
    {
        "color": 4294967295,
        "name": "Generic Point 3",
        "x": -3478.419434,
        "y": 220.912064,
        "z": -831.079041
    },
    {
        "color": 4294967295,
        "name": "Generic Point 30",
        "x": -4357.025879,
        "y": 229.493515,
        "z": -4019.44458
    },
    {
        "color": 4294967295,
        "name": "Generic Point 31",
        "x": -4359.072754,
        "y": 282.462311,
        "z": -4056.547607
    },
    {
        "color": 4294967295,
        "name": "Generic Point 32",
        "x": -4672.976074,
        "y": 216.0728,
        "z": -3727.079346
    },
    {
        "color": 4294967295,
        "name": "Generic Point 33",
        "x": -4739.959961,
        "y": 234.62381,
        "z": -3708.690186
    },
    {
        "color": 4294967295,
        "name": "Generic Point 34",
        "x": -2350.384033,
        "y": 196.620193,
        "z": -4251.452637
    },
    {
        "color": 4294967295,
        "name": "Generic Point 35",
        "x": -4738.340332,
        "y": 204.985413,
        "z": -3766.000977
    },
    {
        "color": 4294967295,
        "name": "Generic Point 36",
        "x": -4360.244141,
        "y": 297.049011,
        "z": -4230.258789
    },
    {
        "color": 4294967295,
        "name": "Generic Point 37",
        "x": -4350.970703,
        "y": 207.75676,
        "z": -4265.242676
    },
    {
        "color": 4294967295,
        "name": "Generic Point 38",
        "x": -4298.893555,
        "y": 210.287277,
        "z": -4223.754395
    },
    {
        "color": 4294967295,
        "name": "Generic Point 39",
        "x": -4311.146973,
        "y": 244.444321,
        "z": -4161.549805
    },
    {
        "color": 4294967295,
        "name": "Generic Point 4",
        "x": -3589.412842,
        "y": 217.891312,
        "z": -858.839172
    },
    {
        "color": 4294967295,
        "name": "Generic Point 40",
        "x": -4258.231445,
        "y": 203.654968,
        "z": -4475.414063
    },
    {
        "color": 4294967295,
        "name": "Generic Point 41",
        "x": -4408.166016,
        "y": 206.048798,
        "z": -4556.501953
    },
    {
        "color": 4294967295,
        "name": "Generic Point 42",
        "x": -4481.848145,
        "y": 217.473862,
        "z": -4641.298828
    },
    {
        "color": 4294967295,
        "name": "Generic Point 43",
        "x": -4545.658691,
        "y": 243.917801,
        "z": -4507.288574
    },
    {
        "color": 4294967295,
        "name": "Generic Point 44",
        "x": -4457.915527,
        "y": 204.062698,
        "z": -4346.964844
    },
    {
        "color": 4294967295,
        "name": "Generic Point 45",
        "x": -2436.662354,
        "y": 259.228302,
        "z": -4288.240723
    },
    {
        "color": 4294967295,
        "name": "Generic Point 46",
        "x": -4814.487793,
        "y": 266.702576,
        "z": -4656.414063
    },
    {
        "color": 4294967295,
        "name": "Generic Point 47",
        "x": -4867.562012,
        "y": 207.749527,
        "z": -4776.383789
    },
    {
        "color": 4294967295,
        "name": "Generic Point 48",
        "x": -4939.032227,
        "y": 306.276703,
        "z": -4245.119141
    },
    {
        "color": 4294967295,
        "name": "Generic Point 49",
        "x": -4906.117188,
        "y": 211.44046,
        "z": -3890.248779
    },
    {
        "color": 4294967295,
        "name": "Generic Point 5",
        "x": -3595.388916,
        "y": 181.563507,
        "z": -961.434998
    },
    {
        "color": 4294967295,
        "name": "Generic Point 50",
        "x": -4574.054199,
        "y": 377.138977,
        "z": -4226.197754
    },
    {
        "color": 4294967295,
        "name": "Generic Point 51",
        "x": -4570.033691,
        "y": 336.783295,
        "z": -4306.894043
    },
    {
        "color": 4294967295,
        "name": "Generic Point 52",
        "x": -4682.790527,
        "y": 558.460266,
        "z": -4159.651855
    },
    {
        "color": 4294967295,
        "name": "Generic Point 53",
        "x": -4697.199219,
        "y": 211.695648,
        "z": -4106.320801
    },
    {
        "color": 4294967295,
        "name": "Generic Point 54",
        "x": -4781.373535,
        "y": 510.610046,
        "z": -4268.385742
    },
    {
        "color": 4294967295,
        "name": "Generic Point 55",
        "x": -4809.398926,
        "y": 248.180008,
        "z": -4394.489746
    },
    {
        "color": 4294967295,
        "name": "Generic Point 56",
        "x": -2376.69873,
        "y": 231.493408,
        "z": -4356.192871
    },
    {
        "color": 4294967295,
        "name": "Generic Point 57",
        "x": -4665.23584,
        "y": 447.984222,
        "z": -4228.296387
    },
    {
        "color": 4294967295,
        "name": "Generic Point 58",
        "x": -4658.405273,
        "y": 196.799316,
        "z": -4248.062012
    },
    {
        "color": 4294967295,
        "name": "Generic Point 59",
        "x": -4644.57666,
        "y": 173.89086,
        "z": -4243.661133
    },
    {
        "color": 4294967295,
        "name": "Generic Point 6",
        "x": -3541.23877,
        "y": 197.804474,
        "z": -1152.112183
    },
    {
        "color": 4294967295,
        "name": "Generic Point 60",
        "x": -4677.226074,
        "y": 161.029617,
        "z": -4248.875
    },
    {
        "color": 4294967295,
        "name": "Generic Point 61",
        "x": -6678.304199,
        "y": 207.658218,
        "z": -2618.219727
    },
    {
        "color": 4294967295,
        "name": "Generic Point 62",
        "x": -6483.26123,
        "y": 222.136917,
        "z": -2448.496826
    },
    {
        "color": 4294967295,
        "name": "Generic Point 63",
        "x": -6377.48291,
        "y": 205.851944,
        "z": -2437.749268
    },
    {
        "color": 4294967295,
        "name": "Generic Point 64",
        "x": -6344.439941,
        "y": 281.856812,
        "z": -2464.951172
    },
    {
        "color": 4294967295,
        "name": "Generic Point 65",
        "x": -6284.29834,
        "y": 209.538437,
        "z": -2454.755371
    },
    {
        "color": 4294967295,
        "name": "Generic Point 66",
        "x": -6195.285645,
        "y": 223.995697,
        "z": -2367.073242
    },
    {
        "color": 4294967295,
        "name": "Generic Point 67",
        "x": -2485.887207,
        "y": 462.895569,
        "z": -4391.066406
    },
    {
        "color": 4294967295,
        "name": "Generic Point 68",
        "x": -6331.985352,
        "y": 269.99884,
        "z": -2594.241455
    },
    {
        "color": 4294967295,
        "name": "Generic Point 69",
        "x": -6401.015137,
        "y": 256.665833,
        "z": -2622.516602
    },
    {
        "color": 4294967295,
        "name": "Generic Point 7",
        "x": -3792.706299,
        "y": 201.102081,
        "z": -674.126709
    },
    {
        "color": 4294967295,
        "name": "Generic Point 70",
        "x": -6341.234375,
        "y": 381.687683,
        "z": -2677.608887
    },
    {
        "color": 4294967295,
        "name": "Generic Point 71",
        "x": -6292.309082,
        "y": 257.74057,
        "z": -2715.352539
    },
    {
        "color": 4294967295,
        "name": "Generic Point 72",
        "x": -6219.313965,
        "y": 259.04599,
        "z": -2707.765625
    },
    {
        "color": 4294967295,
        "name": "Generic Point 73",
        "x": -6187.799316,
        "y": 213.052979,
        "z": -2727.450684
    },
    {
        "color": 4294967295,
        "name": "Generic Point 74",
        "x": -6152.112305,
        "y": 222.537933,
        "z": -2816.592529
    },
    {
        "color": 4294967295,
        "name": "Generic Point 75",
        "x": -6224.924316,
        "y": 209.805557,
        "z": -2776.659424
    },
    {
        "color": 4294967295,
        "name": "Generic Point 76",
        "x": -6296.578613,
        "y": 250.810165,
        "z": -2787.19458
    },
    {
        "color": 4294967295,
        "name": "Generic Point 77",
        "x": -6369.473633,
        "y": 260.740784,
        "z": -2771.188477
    },
    {
        "color": 4294967295,
        "name": "Generic Point 78",
        "x": -2474.536133,
        "y": 377.455353,
        "z": -4377.503418
    },
    {
        "color": 4294967295,
        "name": "Generic Point 79",
        "x": -6410.95459,
        "y": 220.147415,
        "z": -2808.100342
    },
    {
        "color": 4294967295,
        "name": "Generic Point 8",
        "x": -3690.610596,
        "y": 140.688934,
        "z": -690.958374
    },
    {
        "color": 4294967295,
        "name": "Generic Point 80",
        "x": -6378.01123,
        "y": 204.392349,
        "z": -2918.410156
    },
    {
        "color": 4294967295,
        "name": "Generic Point 81",
        "x": -6237.109375,
        "y": 272.177002,
        "z": -2936.247559
    },
    {
        "color": 4294967295,
        "name": "Generic Point 82",
        "x": -6005.748535,
        "y": 215.668381,
        "z": -3275.836914
    },
    {
        "color": 4294967295,
        "name": "Generic Point 83",
        "x": -6016.835938,
        "y": 233.71666,
        "z": -2913.602539
    },
    {
        "color": 4294967295,
        "name": "Generic Point 84",
        "x": -6011.433105,
        "y": 170.469113,
        "z": -2824.067383
    },
    {
        "color": 4294967295,
        "name": "Generic Point 85",
        "x": -5964.590332,
        "y": 299.607758,
        "z": -2581.455322
    },
    {
        "color": 4294967295,
        "name": "Generic Point 86",
        "x": -5975.246582,
        "y": 196.131638,
        "z": -2564.419189
    },
    {
        "color": 4294967295,
        "name": "Generic Point 87",
        "x": -5927.022461,
        "y": 157.330643,
        "z": -2710.715088
    },
    {
        "color": 4294967295,
        "name": "Generic Point 88",
        "x": -5959.666992,
        "y": 209.163467,
        "z": -2613.889404
    },
    {
        "color": 4294967295,
        "name": "Generic Point 89",
        "x": -2450.553711,
        "y": 256.342316,
        "z": -4473.147461
    },
    {
        "color": 4294967295,
        "name": "Generic Point 9",
        "x": -3656.990967,
        "y": 148.773056,
        "z": -803.329041
    },
    {
        "color": 4294967295,
        "name": "Generic Point 90",
        "x": -5791.711426,
        "y": 205.077927,
        "z": -2625.749512
    },
    {
        "color": 4294967295,
        "name": "Generic Point 91",
        "x": -5870.152832,
        "y": 249.091751,
        "z": -2463.854736
    },
    {
        "color": 4294967295,
        "name": "Generic Point 92",
        "x": -5890.655762,
        "y": 170.843964,
        "z": -2691.935791
    },
    {
        "color": 4294967295,
        "name": "Generic Point 93",
        "x": -4952.536133,
        "y": 212.819733,
        "z": -2524.086182
    },
    {
        "color": 4294967295,
        "name": "Generic Point 94",
        "x": -2512.385498,
        "y": 311.018402,
        "z": -4507.421387
    },
    {
        "color": 4294967295,
        "name": "Generic Point 95",
        "x": -6691.513672,
        "y": 228.094803,
        "z": -2598.790283
    },
    {
        "color": 4294967295,
        "name": "Generic Point 96",
        "x": -2538.606689,
        "y": 246.364349,
        "z": -4395.202637
    },
    {
        "color": 4294967295,
        "name": "Generic Point 97",
        "x": -2575.006104,
        "y": 423.664185,
        "z": -4451.452148
    },
    {
        "color": 4294967295,
        "name": "Generic Point 98",
        "x": -2646.20752,
        "y": 260.48584,
        "z": -4471.272461
    },
    {
        "color": 4294967295,
        "name": "Generic Point 99",
        "x": -2561.049316,
        "y": 243.097382,
        "z": -4346.631836
    }
]