[
    {
        "color": 4294967295,
        "name": "Generic Point 0",
        "x": 272.5369873046875,
        "y": 339.4486999511719,
        "z": 238.37364196777344
    },
    {
        "color": 4294967295,
        "name": "Generic Point 1",
        "x": 266.2870788574219,
        "y": 338.672119140625,
        "z": 239.84788513183594
    },
    {
        "color": 4294967295,
        "name": "Generic Point 2",
        "x": 268.32110595703125,
        "y": 545.1139526367188,
        "z": 206.1008758544922
    },
    {
        "color": 4294967295,
        "name": "Generic Point 3",
        "x": -121.86244201660156,
        "y": 266.6048583984375,
        "z": 408.6511535644531
    },
    {
        "color": 4294967295,
        "name": "Generic Point 4",
        "x": -330.7732238769531,
        "y": 270.1339111328125,
        "z": 319.3917541503906
    },
    {
        "color": 4294967295,
        "name": "Generic Point 5",
        "x": 455.54217529296875,
        "y": 165.35708618164062,
        "z": -274.3232727050781
    },
    {
        "color": 4294967295,
        "name": "Generic Point 6",
        "x": 631.0364379882812,
        "y": 246.0361328125,
        "z": 774.9268798828125
    },
    {
        "color": 4294967295,
        "name": "Generic Point 7",
        "x": 277.1365051269531,
        "y": 337.83489990234375,
        "z": 280.3734436035156
    },
    {
        "color": 4294967295,
        "name": "Generic Point 8",
        "x": 278.4606628417969,
        "y": 339.1803894042969,
        "z": 239.38510131835938
    }
]