[
    {
        "color": 4294967295,
        "name": "Generic Point 0",
        "x": 2111.923,
        "y": 243.611,
        "z": -443.499
    },
    {
        "color": 4294967295,
        "name": "Generic Point 1",
        "x": 1958.847,
        "y": 249.041,
        "z": -357.728
    },
    {
        "color": 4294967295,
        "name": "Generic Point 10",
        "x": 1018.118,
        "y": 204.213,
        "z": 411.047
    },
    {
        "color": 4294967295,
        "name": "Generic Point 100",
        "x": 190.086,
        "y": 217.898,
        "z": 1130.411
    },
    {
        "color": 4294967295,
        "name": "Generic Point 101",
        "x": 740.525,
        "y": 231.588,
        "z": 1347.532
    },
    {
        "color": 4294967295,
        "name": "Generic Point 102",
        "x": 605.015,
        "y": 240.379,
        "z": 1603.138
    },
    {
        "color": 4294967295,
        "name": "Generic Point 103",
        "x": 461.055,
        "y": 334.414,
        "z": 1479.18
    },
    {
        "color": 4294967295,
        "name": "Generic Point 104",
        "x": -289.768,
        "y": 203.917,
        "z": -874.752
    },
    {
        "color": 4294967295,
        "name": "Generic Point 105",
        "x": 469.648,
        "y": 333.218,
        "z": 1490.71
    },
    {
        "color": 4294967295,
        "name": "Generic Point 106",
        "x": 403.178,
        "y": 284.626,
        "z": 1610.338
    },
    {
        "color": 4294967295,
        "name": "Generic Point 107",
        "x": 384.063,
        "y": 282.734,
        "z": 1596.802
    },
    {
        "color": 4294967295,
        "name": "Generic Point 108",
        "x": 377.946,
        "y": 239.339,
        "z": 1742.828
    },
    {
        "color": 4294967295,
        "name": "Generic Point 109",
        "x": 370.046,
        "y": 240.957,
        "z": 1747.348
    },
    {
        "color": 4294967295,
        "name": "Generic Point 11",
        "x": 1633.749,
        "y": 208.931,
        "z": 126.961
    },
    {
        "color": 4294967295,
        "name": "Generic Point 110",
        "x": 49.378,
        "y": 329.666,
        "z": 1850.866
    },
    {
        "color": 4294967295,
        "name": "Generic Point 111",
        "x": -42.291,
        "y": 312.14,
        "z": 1898.216
    },
    {
        "color": 4294967295,
        "name": "Generic Point 112",
        "x": -574.7,
        "y": 349.067,
        "z": 2170.272
    },
    {
        "color": 4294967295,
        "name": "Generic Point 113",
        "x": -604.37,
        "y": 200.592,
        "z": 2567.5
    },
    {
        "color": 4294967295,
        "name": "Generic Point 114",
        "x": -734.826,
        "y": 166.768,
        "z": 2635.33
    },
    {
        "color": 4294967295,
        "name": "Generic Point 115",
        "x": -94.904,
        "y": 204.988,
        "z": -883.713
    },
    {
        "color": 4294967295,
        "name": "Generic Point 116",
        "x": -876.354,
        "y": 209.998,
        "z": 2688.556
    },
    {
        "color": 4294967295,
        "name": "Generic Point 117",
        "x": -1011.389,
        "y": 224.33,
        "z": 2745.897
    },
    {
        "color": 4294967295,
        "name": "Generic Point 118",
        "x": -1373.718,
        "y": 332.155,
        "z": 2089.6
    },
    {
        "color": 4294967295,
        "name": "Generic Point 119",
        "x": -1391.023,
        "y": 339.99,
        "z": 2084.274
    },
    {
        "color": 4294967295,
        "name": "Generic Point 12",
        "x": 1598.205,
        "y": 253.923,
        "z": 261.874
    },
    {
        "color": 4294967295,
        "name": "Generic Point 120",
        "x": -1405.193,
        "y": 338.731,
        "z": 2099.486
    },
    {
        "color": 4294967295,
        "name": "Generic Point 121",
        "x": -1916.362,
        "y": 16.183,
        "z": 3182.416
    },
    {
        "color": 4294967295,
        "name": "Generic Point 122",
        "x": -1919.044,
        "y": 15.541,
        "z": 3202.05
    },
    {
        "color": 4294967295,
        "name": "Generic Point 123",
        "x": -1938.968,
        "y": 366.783,
        "z": 3470.005
    },
    {
        "color": 4294967295,
        "name": "Generic Point 124",
        "x": -1174.157,
        "y": 225.13,
        "z": 3027.507
    },
    {
        "color": 4294967295,
        "name": "Generic Point 125",
        "x": -686.003,
        "y": 259.512,
        "z": 3058.184
    },
    {
        "color": 4294967295,
        "name": "Generic Point 126",
        "x": 556.428,
        "y": 211.138,
        "z": -391.505
    },
    {
        "color": 4294967295,
        "name": "Generic Point 127",
        "x": -563.132,
        "y": 232.357,
        "z": 3172.586
    },
    {
        "color": 4294967295,
        "name": "Generic Point 128",
        "x": -666.393,
        "y": 137.836,
        "z": 3757.262
    },
    {
        "color": 4294967295,
        "name": "Generic Point 129",
        "x": -647.843,
        "y": 131.92,
        "z": 3778.31
    },
    {
        "color": 4294967295,
        "name": "Generic Point 13",
        "x": 1618.522,
        "y": 316.413,
        "z": 408.646
    },
    {
        "color": 4294967295,
        "name": "Generic Point 130",
        "x": -560.291,
        "y": 35.039,
        "z": 3756.148
    },
    {
        "color": 4294967295,
        "name": "Generic Point 131",
        "x": -598.723,
        "y": 42.45,
        "z": 3904.029
    },
    {
        "color": 4294967295,
        "name": "Generic Point 132",
        "x": -584.853,
        "y": 45.554,
        "z": 3916.976
    },
    {
        "color": 4294967295,
        "name": "Generic Point 133",
        "x": -692.736,
        "y": 140.711,
        "z": 4044.328
    },
    {
        "color": 4294967295,
        "name": "Generic Point 134",
        "x": -1280.409,
        "y": 233.014,
        "z": 4310.348
    },
    {
        "color": 4294967295,
        "name": "Generic Point 135",
        "x": -1267.741,
        "y": 229.934,
        "z": 4325.835
    },
    {
        "color": 4294967295,
        "name": "Generic Point 136",
        "x": -1362.828,
        "y": 95.013,
        "z": 4688.224
    },
    {
        "color": 4294967295,
        "name": "Generic Point 137",
        "x": -3778.749,
        "y": 249.132,
        "z": -2452.907
    },
    {
        "color": 4294967295,
        "name": "Generic Point 138",
        "x": 585.847,
        "y": 260.938,
        "z": -311.292
    },
    {
        "color": 4294967295,
        "name": "Generic Point 139",
        "x": -1362.874,
        "y": 93.409,
        "z": 4708.082
    },
    {
        "color": 4294967295,
        "name": "Generic Point 14",
        "x": 1587.903,
        "y": 303.602,
        "z": 185.471
    },
    {
        "color": 4294967295,
        "name": "Generic Point 140",
        "x": -1543.265,
        "y": 87.434,
        "z": 4935.575
    },
    {
        "color": 4294967295,
        "name": "Generic Point 141",
        "x": -1804.427,
        "y": 154.893,
        "z": 5649.438
    },
    {
        "color": 4294967295,
        "name": "Generic Point 142",
        "x": -1817.105,
        "y": 155.942,
        "z": 5665.796
    },
    {
        "color": 4294967295,
        "name": "Generic Point 143",
        "x": -1837.319,
        "y": 156.004,
        "z": 5664.428
    },
    {
        "color": 4294967295,
        "name": "Generic Point 144",
        "x": -1840.724,
        "y": 153.796,
        "z": 5647.006
    },
    {
        "color": 4294967295,
        "name": "Generic Point 145",
        "x": -1879.458,
        "y": 151.899,
        "z": 5534.335
    },
    {
        "color": 4294967295,
        "name": "Generic Point 146",
        "x": -1950.965,
        "y": 150.669,
        "z": 5734.041
    },
    {
        "color": 4294967295,
        "name": "Generic Point 147",
        "x": -2140.985,
        "y": -51.176,
        "z": 5826.99
    },
    {
        "color": 4294967295,
        "name": "Generic Point 148",
        "x": -2155.094,
        "y": -38.297,
        "z": 5940.061
    },
    {
        "color": 4294967295,
        "name": "Generic Point 149",
        "x": 661.719,
        "y": 290.043,
        "z": -389.62
    },
    {
        "color": 4294967295,
        "name": "Generic Point 15",
        "x": 1564.161,
        "y": 244.752,
        "z": 175.555
    },
    {
        "color": 4294967295,
        "name": "Generic Point 150",
        "x": -2627.235,
        "y": 5.257,
        "z": 5914.473
    },
    {
        "color": 4294967295,
        "name": "Generic Point 151",
        "x": -2589.023,
        "y": 6.3,
        "z": 5869.791
    },
    {
        "color": 4294967295,
        "name": "Generic Point 152",
        "x": -2604.048,
        "y": 23.477,
        "z": 5349.925
    },
    {
        "color": 4294967295,
        "name": "Generic Point 153",
        "x": -2711.047,
        "y": 155.389,
        "z": 5082.904
    },
    {
        "color": 4294967295,
        "name": "Generic Point 154",
        "x": -3167.143,
        "y": 330.226,
        "z": 4801.974
    },
    {
        "color": 4294967295,
        "name": "Generic Point 155",
        "x": -3084.675,
        "y": 332.717,
        "z": 4746.165
    },
    {
        "color": 4294967295,
        "name": "Generic Point 156",
        "x": -3024.304,
        "y": 327.39,
        "z": 4665.276
    },
    {
        "color": 4294967295,
        "name": "Generic Point 157",
        "x": -3054.915,
        "y": 330.01,
        "z": 4638.479
    },
    {
        "color": 4294967295,
        "name": "Generic Point 158",
        "x": -2999.666,
        "y": 319.793,
        "z": 4653.508
    },
    {
        "color": 4294967295,
        "name": "Generic Point 159",
        "x": -3001.99,
        "y": 323.924,
        "z": 4603.966
    },
    {
        "color": 4294967295,
        "name": "Generic Point 16",
        "x": 1408.284,
        "y": 220.503,
        "z": 100.008
    },
    {
        "color": 4294967295,
        "name": "Generic Point 160",
        "x": 723.817,
        "y": 253.369,
        "z": -332.589
    },
    {
        "color": 4294967295,
        "name": "Generic Point 161",
        "x": -2914.758,
        "y": 290.754,
        "z": 4615.991
    },
    {
        "color": 4294967295,
        "name": "Generic Point 162",
        "x": -3228.659,
        "y": 294.885,
        "z": 4410.861
    },
    {
        "color": 4294967295,
        "name": "Generic Point 163",
        "x": -2733.0,
        "y": 226.062,
        "z": 4266.836
    },
    {
        "color": 4294967295,
        "name": "Generic Point 164",
        "x": -2730.863,
        "y": 222.341,
        "z": 4280.218
    },
    {
        "color": 4294967295,
        "name": "Generic Point 165",
        "x": -2753.057,
        "y": 194.122,
        "z": 4563.927
    },
    {
        "color": 4294967295,
        "name": "Generic Point 166",
        "x": -2739.101,
        "y": 194.714,
        "z": 4571.205
    },
    {
        "color": 4294967295,
        "name": "Generic Point 167",
        "x": -2684.414,
        "y": 202.607,
        "z": 4626.82
    },
    {
        "color": 4294967295,
        "name": "Generic Point 168",
        "x": -2646.714,
        "y": 227.941,
        "z": 4797.374
    },
    {
        "color": 4294967295,
        "name": "Generic Point 169",
        "x": -2581.795,
        "y": 212.832,
        "z": 4727.518
    },
    {
        "color": 4294967295,
        "name": "Generic Point 17",
        "x": 1452.495,
        "y": 224.101,
        "z": 75.447
    },
    {
        "color": 4294967295,
        "name": "Generic Point 170",
        "x": -2521.631,
        "y": 194.77,
        "z": 4581.638
    },
    {
        "color": 4294967295,
        "name": "Generic Point 171",
        "x": 715.087,
        "y": 227.068,
        "z": -156.885
    },
    {
        "color": 4294967295,
        "name": "Generic Point 172",
        "x": -2200.354,
        "y": 227.863,
        "z": 4528.436
    },
    {
        "color": 4294967295,
        "name": "Generic Point 173",
        "x": -2169.729,
        "y": 141.062,
        "z": 4954.622
    },
    {
        "color": 4294967295,
        "name": "Generic Point 174",
        "x": -2097.782,
        "y": 152.803,
        "z": 4878.264
    },
    {
        "color": 4294967295,
        "name": "Generic Point 175",
        "x": -1791.219,
        "y": 101.188,
        "z": 4897.491
    },
    {
        "color": 4294967295,
        "name": "Generic Point 176",
        "x": -2129.53,
        "y": 45.309,
        "z": 4495.298
    },
    {
        "color": 4294967295,
        "name": "Generic Point 177",
        "x": -2134.178,
        "y": 49.108,
        "z": 4480.653
    },
    {
        "color": 4294967295,
        "name": "Generic Point 178",
        "x": -1700.582,
        "y": 263.08,
        "z": 4411.043
    },
    {
        "color": 4294967295,
        "name": "Generic Point 179",
        "x": -1748.33,
        "y": 345.491,
        "z": 4175.729
    },
    {
        "color": 4294967295,
        "name": "Generic Point 18",
        "x": 1482.806,
        "y": 257.801,
        "z": -140.05
    },
    {
        "color": 4294967295,
        "name": "Generic Point 180",
        "x": -1754.012,
        "y": 282.424,
        "z": 4015.851
    },
    {
        "color": 4294967295,
        "name": "Generic Point 181",
        "x": -1575.814,
        "y": 278.802,
        "z": 4052.156
    },
    {
        "color": 4294967295,
        "name": "Generic Point 182",
        "x": 979.899,
        "y": 258.036,
        "z": -292.989
    },
    {
        "color": 4294967295,
        "name": "Generic Point 183",
        "x": -1375.0,
        "y": 249.305,
        "z": 4078.252
    },
    {
        "color": 4294967295,
        "name": "Generic Point 184",
        "x": -1059.78,
        "y": 342.551,
        "z": 3980.559
    },
    {
        "color": 4294967295,
        "name": "Generic Point 185",
        "x": -465.673,
        "y": 232.198,
        "z": 3973.586
    },
    {
        "color": 4294967295,
        "name": "Generic Point 186",
        "x": -459.235,
        "y": 218.686,
        "z": 3881.509
    },
    {
        "color": 4294967295,
        "name": "Generic Point 187",
        "x": -428.578,
        "y": 228.072,
        "z": 3891.195
    },
    {
        "color": 4294967295,
        "name": "Generic Point 188",
        "x": -79.567,
        "y": 58.023,
        "z": 3884.774
    },
    {
        "color": 4294967295,
        "name": "Generic Point 189",
        "x": -86.946,
        "y": 203.811,
        "z": 3021.449
    },
    {
        "color": 4294967295,
        "name": "Generic Point 19",
        "x": 1519.865,
        "y": 257.978,
        "z": -164.589
    },
    {
        "color": 4294967295,
        "name": "Generic Point 190",
        "x": -142.139,
        "y": 237.091,
        "z": 2926.459
    },
    {
        "color": 4294967295,
        "name": "Generic Point 191",
        "x": 58.47,
        "y": 368.961,
        "z": 2156.288
    },
    {
        "color": 4294967295,
        "name": "Generic Point 192",
        "x": 260.322,
        "y": 356.777,
        "z": 1908.795
    },
    {
        "color": 4294967295,
        "name": "Generic Point 193",
        "x": 1013.368,
        "y": 259.495,
        "z": -189.584
    },
    {
        "color": 4294967295,
        "name": "Generic Point 194",
        "x": 270.725,
        "y": 353.794,
        "z": 1923.547
    },
    {
        "color": 4294967295,
        "name": "Generic Point 195",
        "x": 463.624,
        "y": 300.794,
        "z": 2099.786
    },
    {
        "color": 4294967295,
        "name": "Generic Point 196",
        "x": 806.685,
        "y": 339.114,
        "z": 1853.375
    },
    {
        "color": 4294967295,
        "name": "Generic Point 197",
        "x": 813.726,
        "y": 327.286,
        "z": 1535.027
    },
    {
        "color": 4294967295,
        "name": "Generic Point 198",
        "x": 858.858,
        "y": 350.344,
        "z": 1492.158
    },
    {
        "color": 4294967295,
        "name": "Generic Point 199",
        "x": 776.771,
        "y": 288.569,
        "z": 1388.596
    },
    {
        "color": 4294967295,
        "name": "Generic Point 2",
        "x": 2328.134,
        "y": 264.875,
        "z": -73.287
    },
    {
        "color": 4294967295,
        "name": "Generic Point 20",
        "x": 1531.226,
        "y": 274.447,
        "z": -84.447
    },
    {
        "color": 4294967295,
        "name": "Generic Point 200",
        "x": 874.439,
        "y": 225.804,
        "z": 1218.755
    },
    {
        "color": 4294967295,
        "name": "Generic Point 201",
        "x": 970.417,
        "y": 310.722,
        "z": 1204.976
    },
    {
        "color": 4294967295,
        "name": "Generic Point 202",
        "x": 1199.509,
        "y": 257.74,
        "z": 1234.02
    },
    {
        "color": 4294967295,
        "name": "Generic Point 203",
        "x": 1506.714,
        "y": 211.424,
        "z": 1116.37
    },
    {
        "color": 4294967295,
        "name": "Generic Point 204",
        "x": 945.24,
        "y": 220.656,
        "z": -6.245
    },
    {
        "color": 4294967295,
        "name": "Generic Point 205",
        "x": 1516.839,
        "y": 208.69,
        "z": 1104.124
    },
    {
        "color": 4294967295,
        "name": "Generic Point 206",
        "x": 2534.099,
        "y": 229.609,
        "z": 492.057
    },
    {
        "color": 4294967295,
        "name": "Generic Point 207",
        "x": 2427.32,
        "y": 225.545,
        "z": 414.165
    },
    {
        "color": 4294967295,
        "name": "Generic Point 208",
        "x": 2420.023,
        "y": 228.638,
        "z": 327.213
    },
    {
        "color": 4294967295,
        "name": "Generic Point 209",
        "x": 2453.496,
        "y": 226.776,
        "z": 298.081
    },
    {
        "color": 4294967295,
        "name": "Generic Point 21",
        "x": -3852.424,
        "y": 216.715,
        "z": -2102.417
    },
    {
        "color": 4294967295,
        "name": "Generic Point 210",
        "x": 2454.563,
        "y": 222.437,
        "z": 233.711
    },
    {
        "color": 4294967295,
        "name": "Generic Point 211",
        "x": 2593.167,
        "y": 209.356,
        "z": 300.377
    },
    {
        "color": 4294967295,
        "name": "Generic Point 212",
        "x": 2644.929,
        "y": 209.825,
        "z": 320.276
    },
    {
        "color": 4294967295,
        "name": "Generic Point 213",
        "x": 2754.527,
        "y": 212.909,
        "z": 282.557
    },
    {
        "color": 4294967295,
        "name": "Generic Point 214",
        "x": 2900.377,
        "y": 228.243,
        "z": 338.731
    },
    {
        "color": 4294967295,
        "name": "Generic Point 215",
        "x": 1069.581,
        "y": 208.864,
        "z": 3.088
    },
    {
        "color": 4294967295,
        "name": "Generic Point 216",
        "x": 2858.095,
        "y": 211.946,
        "z": 174.634
    },
    {
        "color": 4294967295,
        "name": "Generic Point 217",
        "x": 2817.919,
        "y": 209.825,
        "z": 2.006
    },
    {
        "color": 4294967295,
        "name": "Generic Point 218",
        "x": 2558.189,
        "y": 211.044,
        "z": -65.082
    },
    {
        "color": 4294967295,
        "name": "Generic Point 219",
        "x": 2679.36,
        "y": 212.216,
        "z": -135.183
    },
    {
        "color": 4294967295,
        "name": "Generic Point 22",
        "x": 1198.251,
        "y": 203.352,
        "z": 489.686
    },
    {
        "color": 4294967295,
        "name": "Generic Point 220",
        "x": 2643.439,
        "y": 209.45,
        "z": -523.929
    },
    {
        "color": 4294967295,
        "name": "Generic Point 221",
        "x": 2057.756,
        "y": 212.154,
        "z": -716.185
    },
    {
        "color": 4294967295,
        "name": "Generic Point 222",
        "x": 2031.812,
        "y": 233.979,
        "z": -675.941
    },
    {
        "color": 4294967295,
        "name": "Generic Point 223",
        "x": 2056.676,
        "y": 246.743,
        "z": -613.678
    },
    {
        "color": 4294967295,
        "name": "Generic Point 224",
        "x": 2213.636,
        "y": 247.764,
        "z": -411.374
    },
    {
        "color": 4294967295,
        "name": "Generic Point 225",
        "x": 2231.26,
        "y": 271.048,
        "z": -287.019
    },
    {
        "color": 4294967295,
        "name": "Generic Point 226",
        "x": 1268.624,
        "y": 203.692,
        "z": 279.575
    },
    {
        "color": 4294967295,
        "name": "Generic Point 23",
        "x": 1668.296,
        "y": 253.038,
        "z": -133.028
    },
    {
        "color": 4294967295,
        "name": "Generic Point 24",
        "x": 1796.945,
        "y": 249.457,
        "z": -523.638
    },
    {
        "color": 4294967295,
        "name": "Generic Point 25",
        "x": 1821.554,
        "y": 245.481,
        "z": -515.933
    },
    {
        "color": 4294967295,
        "name": "Generic Point 26",
        "x": 1824.941,
        "y": 246.031,
        "z": -534.702
    },
    {
        "color": 4294967295,
        "name": "Generic Point 27",
        "x": 1752.653,
        "y": 243.74,
        "z": -626.024
    },
    {
        "color": 4294967295,
        "name": "Generic Point 28",
        "x": 1697.853,
        "y": 259.339,
        "z": -675.419
    },
    {
        "color": 4294967295,
        "name": "Generic Point 29",
        "x": 2208.996,
        "y": 237.707,
        "z": -1299.108
    },
    {
        "color": 4294967295,
        "name": "Generic Point 3",
        "x": 2334.305,
        "y": 237.439,
        "z": -54.743
    },
    {
        "color": 4294967295,
        "name": "Generic Point 30",
        "x": 2679.681,
        "y": 235.574,
        "z": -1099.355
    },
    {
        "color": 4294967295,
        "name": "Generic Point 31",
        "x": 2669.733,
        "y": 289.047,
        "z": -1421.495
    },
    {
        "color": 4294967295,
        "name": "Generic Point 32",
        "x": 2749.351,
        "y": 286.711,
        "z": -1548.492
    },
    {
        "color": 4294967295,
        "name": "Generic Point 33",
        "x": 775.927,
        "y": 213.467,
        "z": 613.984
    },
    {
        "color": 4294967295,
        "name": "Generic Point 34",
        "x": 2906.718,
        "y": 265.983,
        "z": -1593.72
    },
    {
        "color": 4294967295,
        "name": "Generic Point 35",
        "x": 2927.021,
        "y": 237.504,
        "z": -1698.923
    },
    {
        "color": 4294967295,
        "name": "Generic Point 36",
        "x": 2151.107,
        "y": 238.018,
        "z": -1654.959
    },
    {
        "color": 4294967295,
        "name": "Generic Point 37",
        "x": 2068.553,
        "y": 227.387,
        "z": -1588.623
    },
    {
        "color": 4294967295,
        "name": "Generic Point 38",
        "x": 1688.573,
        "y": 221.74,
        "z": -1491.635
    },
    {
        "color": 4294967295,
        "name": "Generic Point 39",
        "x": 1613.128,
        "y": 249.626,
        "z": -1607.411
    },
    {
        "color": 4294967295,
        "name": "Generic Point 4",
        "x": 2183.258,
        "y": 255.657,
        "z": -57.089
    },
    {
        "color": 4294967295,
        "name": "Generic Point 40",
        "x": 1655.413,
        "y": 251.024,
        "z": -1330.533
    },
    {
        "color": 4294967295,
        "name": "Generic Point 41",
        "x": 1665.618,
        "y": 256.01,
        "z": -1315.706
    },
    {
        "color": 4294967295,
        "name": "Generic Point 42",
        "x": 1712.25,
        "y": 265.958,
        "z": -1291.043
    },
    {
        "color": 4294967295,
        "name": "Generic Point 43",
        "x": 1525.058,
        "y": 294.553,
        "z": -1227.314
    },
    {
        "color": 4294967295,
        "name": "Generic Point 44",
        "x": 635.094,
        "y": 216.95,
        "z": 488.784
    },
    {
        "color": 4294967295,
        "name": "Generic Point 45",
        "x": 1458.327,
        "y": 293.288,
        "z": -1310.439
    },
    {
        "color": 4294967295,
        "name": "Generic Point 46",
        "x": 1483.221,
        "y": 265.216,
        "z": -1360.919
    },
    {
        "color": 4294967295,
        "name": "Generic Point 47",
        "x": 1204.0,
        "y": 302.519,
        "z": -1397.575
    },
    {
        "color": 4294967295,
        "name": "Generic Point 48",
        "x": 1214.167,
        "y": 270.046,
        "z": -1699.963
    },
    {
        "color": 4294967295,
        "name": "Generic Point 49",
        "x": 1449.077,
        "y": 314.778,
        "z": -1945.099
    },
    {
        "color": 4294967295,
        "name": "Generic Point 5",
        "x": 2061.318,
        "y": 208.391,
        "z": -35.522
    },
    {
        "color": 4294967295,
        "name": "Generic Point 50",
        "x": 1476.137,
        "y": 310.069,
        "z": -1925.914
    },
    {
        "color": 4294967295,
        "name": "Generic Point 51",
        "x": 1499.827,
        "y": 312.98,
        "z": -1950.437
    },
    {
        "color": 4294967295,
        "name": "Generic Point 52",
        "x": 1490.847,
        "y": 333.872,
        "z": -1991.252
    },
    {
        "color": 4294967295,
        "name": "Generic Point 53",
        "x": 537.285,
        "y": 211.278,
        "z": 461.366
    },
    {
        "color": 4294967295,
        "name": "Generic Point 54",
        "x": 509.313,
        "y": 209.399,
        "z": 322.673
    },
    {
        "color": 4294967295,
        "name": "Generic Point 55",
        "x": 681.186,
        "y": 206.424,
        "z": 268.178
    },
    {
        "color": 4294967295,
        "name": "Generic Point 56",
        "x": 670.601,
        "y": 208.017,
        "z": 171.265
    },
    {
        "color": 4294967295,
        "name": "Generic Point 57",
        "x": 410.552,
        "y": 206.062,
        "z": 184.739
    },
    {
        "color": 4294967295,
        "name": "Generic Point 58",
        "x": 359.429,
        "y": 222.747,
        "z": 191.327
    },
    {
        "color": 4294967295,
        "name": "Generic Point 59",
        "x": 211.868,
        "y": 241.352,
        "z": 127.031
    },
    {
        "color": 4294967295,
        "name": "Generic Point 6",
        "x": 1781.91,
        "y": 275.59,
        "z": -74.088
    },
    {
        "color": 4294967295,
        "name": "Generic Point 60",
        "x": -3861.05,
        "y": 215.236,
        "z": -2092.278
    },
    {
        "color": 4294967295,
        "name": "Generic Point 61",
        "x": 102.318,
        "y": 259.51,
        "z": 183.706
    },
    {
        "color": 4294967295,
        "name": "Generic Point 62",
        "x": 158.086,
        "y": 246.396,
        "z": 221.856
    },
    {
        "color": 4294967295,
        "name": "Generic Point 63",
        "x": -140.57,
        "y": 288.212,
        "z": 67.455
    },
    {
        "color": 4294967295,
        "name": "Generic Point 64",
        "x": -267.005,
        "y": 240.929,
        "z": 79.698
    },
    {
        "color": 4294967295,
        "name": "Generic Point 65",
        "x": 19.041,
        "y": 272.756,
        "z": 347.095
    },
    {
        "color": 4294967295,
        "name": "Generic Point 66",
        "x": -92.297,
        "y": 292.749,
        "z": 595.542
    },
    {
        "color": 4294967295,
        "name": "Generic Point 67",
        "x": -84.743,
        "y": 338.266,
        "z": 741.035
    },
    {
        "color": 4294967295,
        "name": "Generic Point 68",
        "x": 21.206,
        "y": 238.858,
        "z": 818.245
    },
    {
        "color": 4294967295,
        "name": "Generic Point 69",
        "x": 66.393,
        "y": 215.068,
        "z": 473.249
    },
    {
        "color": 4294967295,
        "name": "Generic Point 7",
        "x": 1687.273,
        "y": 283.866,
        "z": -33.804
    },
    {
        "color": 4294967295,
        "name": "Generic Point 70",
        "x": 364.7,
        "y": 228.643,
        "z": 395.159
    },
    {
        "color": 4294967295,
        "name": "Generic Point 71",
        "x": -4086.63,
        "y": 205.121,
        "z": -1141.194
    },
    {
        "color": 4294967295,
        "name": "Generic Point 72",
        "x": 432.576,
        "y": 218.48,
        "z": 417.225
    },
    {
        "color": 4294967295,
        "name": "Generic Point 73",
        "x": 539.151,
        "y": 212.171,
        "z": 471.721
    },
    {
        "color": 4294967295,
        "name": "Generic Point 74",
        "x": 571.457,
        "y": 205.073,
        "z": 545.498
    },
    {
        "color": 4294967295,
        "name": "Generic Point 75",
        "x": 508.668,
        "y": 206.116,
        "z": 617.29
    },
    {
        "color": 4294967295,
        "name": "Generic Point 76",
        "x": 477.349,
        "y": 210.915,
        "z": 628.834
    },
    {
        "color": 4294967295,
        "name": "Generic Point 77",
        "x": 452.251,
        "y": 193.472,
        "z": 801.84
    },
    {
        "color": 4294967295,
        "name": "Generic Point 78",
        "x": 457.102,
        "y": 202.127,
        "z": 868.616
    },
    {
        "color": 4294967295,
        "name": "Generic Point 79",
        "x": 802.781,
        "y": 267.561,
        "z": 1066.04
    },
    {
        "color": 4294967295,
        "name": "Generic Point 8",
        "x": 1624.862,
        "y": 269.548,
        "z": -8.196
    },
    {
        "color": 4294967295,
        "name": "Generic Point 80",
        "x": 759.564,
        "y": 199.738,
        "z": 1081.223
    },
    {
        "color": 4294967295,
        "name": "Generic Point 81",
        "x": 640.35,
        "y": 190.179,
        "z": 1184.68
    },
    {
        "color": 4294967295,
        "name": "Generic Point 82",
        "x": -3563.631,
        "y": 206.647,
        "z": -728.146
    },
    {
        "color": 4294967295,
        "name": "Generic Point 83",
        "x": 464.81,
        "y": 221.365,
        "z": 939.055
    },
    {
        "color": 4294967295,
        "name": "Generic Point 84",
        "x": 346.545,
        "y": 188.491,
        "z": 825.302
    },
    {
        "color": 4294967295,
        "name": "Generic Point 85",
        "x": 232.414,
        "y": 212.694,
        "z": 912.815
    },
    {
        "color": 4294967295,
        "name": "Generic Point 86",
        "x": 200.95,
        "y": 209.529,
        "z": 857.331
    },
    {
        "color": 4294967295,
        "name": "Generic Point 87",
        "x": 176.969,
        "y": 206.403,
        "z": 839.821
    },
    {
        "color": 4294967295,
        "name": "Generic Point 88",
        "x": 225.042,
        "y": 211.814,
        "z": 908.439
    },
    {
        "color": 4294967295,
        "name": "Generic Point 89",
        "x": 229.445,
        "y": 210.547,
        "z": 942.474
    },
    {
        "color": 4294967295,
        "name": "Generic Point 9",
        "x": 1757.498,
        "y": 212.911,
        "z": 45.812
    },
    {
        "color": 4294967295,
        "name": "Generic Point 90",
        "x": 91.351,
        "y": 262.132,
        "z": 959.51
    },
    {
        "color": 4294967295,
        "name": "Generic Point 91",
        "x": -454.203,
        "y": 330.584,
        "z": 1384.431
    },
    {
        "color": 4294967295,
        "name": "Generic Point 92",
        "x": -578.716,
        "y": 252.852,
        "z": 1475.804
    },
    {
        "color": 4294967295,
        "name": "Generic Point 93",
        "x": -286.495,
        "y": 249.085,
        "z": -992.988
    },
    {
        "color": 4294967295,
        "name": "Generic Point 94",
        "x": -711.819,
        "y": 261.904,
        "z": 1444.893
    },
    {
        "color": 4294967295,
        "name": "Generic Point 95",
        "x": -761.117,
        "y": 215.039,
        "z": 1338.152
    },
    {
        "color": 4294967295,
        "name": "Generic Point 96",
        "x": -955.308,
        "y": 201.254,
        "z": 901.296
    },
    {
        "color": 4294967295,
        "name": "Generic Point 97",
        "x": -433.602,
        "y": 246.134,
        "z": 974.483
    },
    {
        "color": 4294967295,
        "name": "Generic Point 98",
        "x": -280.884,
        "y": 223.194,
        "z": 770.99
    },
    {
        "color": 4294967295,
        "name": "Generic Point 99",
        "x": -226.336,
        "y": 183.898,
        "z": 896.995
    }
]