[
    {
        "color": 4294967295,
        "name": "Generic Point 0",
        "x": -2095.069580078125,
        "y": 177.73394775390625,
        "z": 5020.849609375
    },
    {
        "color": 4294967295,
        "name": "Generic Point 1",
        "x": -2094.132568359375,
        "y": 153.65771484375,
        "z": 5153.7099609375
    },
    {
        "color": 4294967295,
        "name": "Generic Point 10",
        "x": -2121.023193359375,
        "y": 79.91586303710938,
        "z": 4536.349609375
    },
    {
        "color": 4294967295,
        "name": "Generic Point 11",
        "x": -2319.33251953125,
        "y": -34.75896072387695,
        "z": 5379.9521484375
    },
    {
        "color": 4294967295,
        "name": "Generic Point 12",
        "x": -2584.077880859375,
        "y": -1.7234489917755127,
        "z": 5889.92578125
    },
    {
        "color": 4294967295,
        "name": "Generic Point 13",
        "x": -2538.351806640625,
        "y": 199.06549072265625,
        "z": 6060.39453125
    },
    {
        "color": 4294967295,
        "name": "Generic Point 14",
        "x": -2493.932861328125,
        "y": 190.60662841796875,
        "z": 5961.93505859375
    },
    {
        "color": 4294967295,
        "name": "Generic Point 15",
        "x": -2836.498779296875,
        "y": 191.03318786621094,
        "z": 5817.35595703125
    },
    {
        "color": 4294967295,
        "name": "Generic Point 16",
        "x": -2769.176513671875,
        "y": 173.67141723632812,
        "z": 5187.15478515625
    },
    {
        "color": 4294967295,
        "name": "Generic Point 17",
        "x": -2816.24365234375,
        "y": 172.73597717285156,
        "z": 5126.98828125
    },
    {
        "color": 4294967295,
        "name": "Generic Point 18",
        "x": -2104.530517578125,
        "y": 11.834020614624023,
        "z": 5590.32421875
    },
    {
        "color": 4294967295,
        "name": "Generic Point 19",
        "x": -2366.39794921875,
        "y": 132.49295043945312,
        "z": 5592.43896484375
    },
    {
        "color": 4294967295,
        "name": "Generic Point 2",
        "x": -1833.2041015625,
        "y": 141.44175720214844,
        "z": 4999.02783203125
    },
    {
        "color": 4294967295,
        "name": "Generic Point 20",
        "x": -2335.1640625,
        "y": -52.578102111816406,
        "z": 5732.50244140625
    },
    {
        "color": 4294967295,
        "name": "Generic Point 21",
        "x": -2264.478759765625,
        "y": 357.28717041015625,
        "z": 4160.8359375
    },
    {
        "color": 4294967295,
        "name": "Generic Point 22",
        "x": -2425.246337890625,
        "y": -4.467256546020508,
        "z": 5836.80126953125
    },
    {
        "color": 4294967295,
        "name": "Generic Point 23",
        "x": -2259.15576171875,
        "y": -102.93121337890625,
        "z": 5956.5029296875
    },
    {
        "color": 4294967295,
        "name": "Generic Point 24",
        "x": -2171.357666015625,
        "y": -34.64815902709961,
        "z": 5861.3896484375
    },
    {
        "color": 4294967295,
        "name": "Generic Point 25",
        "x": -2123.423583984375,
        "y": 124.36276245117188,
        "z": 5954.53271484375
    },
    {
        "color": 4294967295,
        "name": "Generic Point 26",
        "x": -1939.7447509765625,
        "y": 114.15013122558594,
        "z": 5924.74853515625
    },
    {
        "color": 4294967295,
        "name": "Generic Point 27",
        "x": -2681.2529296875,
        "y": 295.1359558105469,
        "z": 4799.0859375
    },
    {
        "color": 4294967295,
        "name": "Generic Point 28",
        "x": -2782.4375,
        "y": 233.0380401611328,
        "z": 4645.33837890625
    },
    {
        "color": 4294967295,
        "name": "Generic Point 29",
        "x": -3307.55859375,
        "y": 258.4312744140625,
        "z": 4605.76318359375
    },
    {
        "color": 4294967295,
        "name": "Generic Point 3",
        "x": -2086.700439453125,
        "y": 313.77325439453125,
        "z": 4263.69970703125
    },
    {
        "color": 4294967295,
        "name": "Generic Point 30",
        "x": -2816.700439453125,
        "y": 31.89156150817871,
        "z": 4340.11328125
    },
    {
        "color": 4294967295,
        "name": "Generic Point 31",
        "x": -3196.77685546875,
        "y": 30.08285903930664,
        "z": 4283.59521484375
    },
    {
        "color": 4294967295,
        "name": "Generic Point 32",
        "x": -3342.697509765625,
        "y": 388.4046630859375,
        "z": 4722.888671875
    },
    {
        "color": 4294967295,
        "name": "Generic Point 33",
        "x": -2940.66259765625,
        "y": 320.5491943359375,
        "z": 4790.58984375
    },
    {
        "color": 4294967295,
        "name": "Generic Point 34",
        "x": -3020.39111328125,
        "y": 337.1966552734375,
        "z": 4628.87646484375
    },
    {
        "color": 4294967295,
        "name": "Generic Point 35",
        "x": -3136.34130859375,
        "y": 338.8092346191406,
        "z": 4706.7607421875
    },
    {
        "color": 4294967295,
        "name": "Generic Point 36",
        "x": -3182.3740234375,
        "y": 158.6750030517578,
        "z": 4618.05126953125
    },
    {
        "color": 4294967295,
        "name": "Generic Point 37",
        "x": -3242.23388671875,
        "y": 280.4527893066406,
        "z": 4644.3046875
    },
    {
        "color": 4294967295,
        "name": "Generic Point 38",
        "x": -2986.7255859375,
        "y": 262.6806640625,
        "z": 4729.5703125
    },
    {
        "color": 4294967295,
        "name": "Generic Point 39",
        "x": -2954.144775390625,
        "y": 226.18417358398438,
        "z": 5117.91796875
    },
    {
        "color": 4294967295,
        "name": "Generic Point 4",
        "x": -2137.530517578125,
        "y": 161.06463623046875,
        "z": 4788.99853515625
    },
    {
        "color": 4294967295,
        "name": "Generic Point 40",
        "x": -2687.000732421875,
        "y": 308.8539123535156,
        "z": 4159.9775390625
    },
    {
        "color": 4294967295,
        "name": "Generic Point 41",
        "x": -1876.154296875,
        "y": 291.9141540527344,
        "z": 3956.591796875
    },
    {
        "color": 4294967295,
        "name": "Generic Point 42",
        "x": -2381.3046875,
        "y": 150.34588623046875,
        "z": 4541.98681640625
    },
    {
        "color": 4294967295,
        "name": "Generic Point 43",
        "x": -1875.81494140625,
        "y": 290.2933044433594,
        "z": 4434.81298828125
    },
    {
        "color": 4294967295,
        "name": "Generic Point 44",
        "x": -2136.083251953125,
        "y": 241.09803771972656,
        "z": 4398.25146484375
    },
    {
        "color": 4294967295,
        "name": "Generic Point 45",
        "x": -1892.133056640625,
        "y": 220.9942169189453,
        "z": 4623.45068359375
    },
    {
        "color": 4294967295,
        "name": "Generic Point 46",
        "x": -1929.9337158203125,
        "y": 291.3038635253906,
        "z": 4117.390625
    },
    {
        "color": 4294967295,
        "name": "Generic Point 47",
        "x": -1563.86181640625,
        "y": 247.1693115234375,
        "z": 4104.26953125
    },
    {
        "color": 4294967295,
        "name": "Generic Point 48",
        "x": -1396.213623046875,
        "y": 173.36337280273438,
        "z": 4255.7900390625
    },
    {
        "color": 4294967295,
        "name": "Generic Point 49",
        "x": -1427.82861328125,
        "y": 94.2659912109375,
        "z": 4276.3037109375
    },
    {
        "color": 4294967295,
        "name": "Generic Point 5",
        "x": -2349.5556640625,
        "y": 104.98081970214844,
        "z": 4889.91064453125
    },
    {
        "color": 4294967295,
        "name": "Generic Point 6",
        "x": -2351.830322265625,
        "y": 150.37806701660156,
        "z": 4997.82568359375
    },
    {
        "color": 4294967295,
        "name": "Generic Point 7",
        "x": -2350.14306640625,
        "y": 104.8792495727539,
        "z": 5280.0859375
    },
    {
        "color": 4294967295,
        "name": "Generic Point 8",
        "x": -2635.07568359375,
        "y": -68.10987091064453,
        "z": 5349.8115234375
    },
    {
        "color": 4294967295,
        "name": "Generic Point 9",
        "x": -2742.41015625,
        "y": -49.91514205932617,
        "z": 5372.5380859375
    }
]