[
    {
        "color": 4294967295,
        "name": "Generic Point 0",
        "x": 1538.111328125,
        "y": 245.47784423828125,
        "z": 78.93077850341797
    },
    {
        "color": 4294967295,
        "name": "Generic Point 1",
        "x": 1019.3779296875,
        "y": 243.89134216308594,
        "z": -280.1811828613281
    },
    {
        "color": 4294967295,
        "name": "Generic Point 2",
        "x": 1654.466064453125,
        "y": 279.8873596191406,
        "z": 528.5206909179688
    },
    {
        "color": 4294967295,
        "name": "Generic Point 3",
        "x": 1441.6778564453125,
        "y": 246.9968719482422,
        "z": 1303.9432373046875
    },
    {
        "color": 4294967295,
        "name": "Generic Point 4",
        "x": 1214.2735595703125,
        "y": 262.8919372558594,
        "z": 1296.453857421875
    },
    {
        "color": 4294967295,
        "name": "Generic Point 5",
        "x": 1053.381103515625,
        "y": 319.0380554199219,
        "z": 1412.4696044921875
    },
    {
        "color": 4294967295,
        "name": "Generic Point 6",
        "x": 445.37451171875,
        "y": 302.107177734375,
        "z": 1574.096923828125
    },
    {
        "color": 4294967295,
        "name": "Generic Point 7",
        "x": -67.60066223144531,
        "y": 247.19129943847656,
        "z": 1085.2310791015625
    },
    {
        "color": 4294967295,
        "name": "Generic Point 8",
        "x": -638.2345581054688,
        "y": 146.30223083496094,
        "z": 893.8533325195312
    },
    {
        "color": 4294967295,
        "name": "Generic Point 9",
        "x": -608.1822509765625,
        "y": 203.4118194580078,
        "z": -682.2340087890625
    }
]