[
    {
        "color": 4294967295,
        "name": "Generic Point 0",
        "x": -1441.1271972656,
        "y": 174.23452758789,
        "z": 7229.0961914063
    },
    {
        "color": 4294967295,
        "name": "Generic Point 1",
        "x": -1409.4245605469,
        "y": 32.051666259766,
        "z": 8709.88671875
    },
    {
        "color": 4294967295,
        "name": "Generic Point 10",
        "x": -1856.546875,
        "y": 132.73515319824,
        "z": 8734.26953125
    },
    {
        "color": 4294967295,
        "name": "Generic Point 11",
        "x": -1356.9083251953,
        "y": 142.08590698242,
        "z": 7528.84375
    },
    {
        "color": 4294967295,
        "name": "Generic Point 12",
        "x": -1815.3392333984,
        "y": -62.52205657959,
        "z": 8428.5283203125
    },
    {
        "color": 4294967295,
        "name": "Generic Point 13",
        "x": -1735.8927001953,
        "y": 51.568550109863,
        "z": 8242.9306640625
    },
    {
        "color": 4294967295,
        "name": "Generic Point 14",
        "x": -1803.5164794922,
        "y": -39.451877593994,
        "z": 8112.9521484375
    },
    {
        "color": 4294967295,
        "name": "Generic Point 15",
        "x": -1748.7666015625,
        "y": 191.49076843262,
        "z": 7856.1069335938
    },
    {
        "color": 4294967295,
        "name": "Generic Point 16",
        "x": -2061.46875,
        "y": 151.8582611084,
        "z": 8669.19140625
    },
    {
        "color": 4294967295,
        "name": "Generic Point 17",
        "x": -2301.1037597656,
        "y": 244.36610412598,
        "z": 8945.76171875
    },
    {
        "color": 4294967295,
        "name": "Generic Point 18",
        "x": -2681.7353515625,
        "y": 218.39237976074,
        "z": 8913.5537109375
    },
    {
        "color": 4294967295,
        "name": "Generic Point 19",
        "x": -3012.7309570313,
        "y": 207.80714416504,
        "z": 8744.1279296875
    },
    {
        "color": 4294967295,
        "name": "Generic Point 2",
        "x": -1381.1055908203,
        "y": 244.28698730469,
        "z": 9051.9228515625
    },
    {
        "color": 4294967295,
        "name": "Generic Point 20",
        "x": -3029.8142089844,
        "y": 380.21914672852,
        "z": 8546.48046875
    },
    {
        "color": 4294967295,
        "name": "Generic Point 21",
        "x": -2845.3999023438,
        "y": 424.25927734375,
        "z": 8351.3935546875
    },
    {
        "color": 4294967295,
        "name": "Generic Point 22",
        "x": -1331.2119140625,
        "y": 61.095077514648,
        "z": 7994.34765625
    },
    {
        "color": 4294967295,
        "name": "Generic Point 23",
        "x": -2740.1735839844,
        "y": 44.00757598877,
        "z": 8660.71484375
    },
    {
        "color": 4294967295,
        "name": "Generic Point 24",
        "x": -2930.7214355469,
        "y": 253.48947143555,
        "z": 8285.9287109375
    },
    {
        "color": 4294967295,
        "name": "Generic Point 25",
        "x": -2752.037109375,
        "y": 201.19763183594,
        "z": 7876.3193359375
    },
    {
        "color": 4294967295,
        "name": "Generic Point 26",
        "x": -2520.8586425781,
        "y": 242.32614135742,
        "z": 8291.060546875
    },
    {
        "color": 4294967295,
        "name": "Generic Point 27",
        "x": -2442.13671875,
        "y": 254.14125061035,
        "z": 8640.9716796875
    },
    {
        "color": 4294967295,
        "name": "Generic Point 28",
        "x": -2219.8266601563,
        "y": 256.12442016602,
        "z": 8508.9287109375
    },
    {
        "color": 4294967295,
        "name": "Generic Point 29",
        "x": -2192.3869628906,
        "y": 357.24633789063,
        "z": 8366.587890625
    },
    {
        "color": 4294967295,
        "name": "Generic Point 3",
        "x": -1460.6245117188,
        "y": 127.26094818115,
        "z": 9045.0078125
    },
    {
        "color": 4294967295,
        "name": "Generic Point 30",
        "x": -2346.240234375,
        "y": 288.73071289063,
        "z": 8376.017578125
    },
    {
        "color": 4294967295,
        "name": "Generic Point 31",
        "x": -2369.416015625,
        "y": 226.37889099121,
        "z": 8064.7485351563
    },
    {
        "color": 4294967295,
        "name": "Generic Point 32",
        "x": -2226.8327636719,
        "y": 227.49891662598,
        "z": 7976.8881835938
    },
    {
        "color": 4294967295,
        "name": "Generic Point 33",
        "x": -1513.4595947266,
        "y": -75.528106689453,
        "z": 8024.5815429688
    },
    {
        "color": 4294967295,
        "name": "Generic Point 34",
        "x": -2120.8134765625,
        "y": 257.53616333008,
        "z": 8060.9428710938
    },
    {
        "color": 4294967295,
        "name": "Generic Point 35",
        "x": -2253.5083007813,
        "y": 252.31108093262,
        "z": 7738.5981445313
    },
    {
        "color": 4294967295,
        "name": "Generic Point 36",
        "x": -2106.9724121094,
        "y": 111.51515197754,
        "z": 7657.3349609375
    },
    {
        "color": 4294967295,
        "name": "Generic Point 37",
        "x": -2046.9947509766,
        "y": 267.52426147461,
        "z": 7847.6284179688
    },
    {
        "color": 4294967295,
        "name": "Generic Point 38",
        "x": -2284.5104980469,
        "y": 354.58148193359,
        "z": 8193.951171875
    },
    {
        "color": 4294967295,
        "name": "Generic Point 39",
        "x": -1565.1390380859,
        "y": 103.6734085083,
        "z": 7974.3310546875
    },
    {
        "color": 4294967295,
        "name": "Generic Point 4",
        "x": -1485.4868164063,
        "y": 128.49237060547,
        "z": 8444.3134765625
    },
    {
        "color": 4294967295,
        "name": "Generic Point 40",
        "x": -1644.7084960938,
        "y": 269.35244750977,
        "z": 7629.470703125
    },
    {
        "color": 4294967295,
        "name": "Generic Point 41",
        "x": -1424.9688720703,
        "y": 66.547271728516,
        "z": 8269.52734375
    },
    {
        "color": 4294967295,
        "name": "Generic Point 42",
        "x": -1216.9356689453,
        "y": 175.47897338867,
        "z": 8396.7568359375
    },
    {
        "color": 4294967295,
        "name": "Generic Point 43",
        "x": -1265.9853515625,
        "y": 255.5005645752,
        "z": 8672.7646484375
    },
    {
        "color": 4294967295,
        "name": "Generic Point 5",
        "x": -1579.9141845703,
        "y": 145.48120117188,
        "z": 8708.74609375
    },
    {
        "color": 4294967295,
        "name": "Generic Point 6",
        "x": -1631.9141845703,
        "y": 130.73086547852,
        "z": 8907.529296875
    },
    {
        "color": 4294967295,
        "name": "Generic Point 7",
        "x": -1848.0832519531,
        "y": 67.640335083008,
        "z": 9050.9931640625
    },
    {
        "color": 4294967295,
        "name": "Generic Point 8",
        "x": -1969.6749267578,
        "y": 65.776023864746,
        "z": 9089.826171875
    },
    {
        "color": 4294967295,
        "name": "Generic Point 9",
        "x": -1878.8100585938,
        "y": 60.481876373291,
        "z": 8973.5009765625
    }
]