[
    {
        "color": 4294967295,
        "name": "Generic Point 0",
        "x": 304.2157897949219,
        "y": 156.28759765625,
        "z": 1321.5604248046875
    },
    {
        "color": 4294967295,
        "name": "Generic Point 1",
        "x": 507.60797119140625,
        "y": 97.77568817138672,
        "z": 1213.2630615234375
    },
    {
        "color": 4294967295,
        "name": "Generic Point 10",
        "x": 710.7565307617188,
        "y": 396.5159606933594,
        "z": 663.9920043945312
    },
    {
        "color": 4294967295,
        "name": "Generic Point 11",
        "x": 1021.4221801757812,
        "y": 1087.500732421875,
        "z": 895.8256225585938
    },
    {
        "color": 4294967295,
        "name": "Generic Point 12",
        "x": 763.0552368164062,
        "y": 964.116455078125,
        "z": 887.734130859375
    },
    {
        "color": 4294967295,
        "name": "Generic Point 13",
        "x": 767.8749389648438,
        "y": 760.2700805664062,
        "z": 278.458740234375
    },
    {
        "color": 4294967295,
        "name": "Generic Point 2",
        "x": 339.9915771484375,
        "y": 181.32444763183594,
        "z": 812.7974853515625
    },
    {
        "color": 4294967295,
        "name": "Generic Point 3",
        "x": 212.2649688720703,
        "y": 457.8201599121094,
        "z": 596.9696044921875
    },
    {
        "color": 4294967295,
        "name": "Generic Point 4",
        "x": 179.81668090820312,
        "y": 308.0484924316406,
        "z": 353.9912414550781
    },
    {
        "color": 4294967295,
        "name": "Generic Point 5",
        "x": 402.1670227050781,
        "y": 419.86407470703125,
        "z": 396.24957275390625
    },
    {
        "color": 4294967295,
        "name": "Generic Point 6",
        "x": 506.9737243652344,
        "y": 707.9895629882812,
        "z": 304.4322204589844
    },
    {
        "color": 4294967295,
        "name": "Generic Point 7",
        "x": 767.8749389648438,
        "y": 760.2700805664062,
        "z": 278.458740234375
    },
    {
        "color": 4294967295,
        "name": "Generic Point 8",
        "x": 975.522705078125,
        "y": 797.2506713867188,
        "z": 338.8725891113281
    },
    {
        "color": 4294967295,
        "name": "Generic Point 9",
        "x": 951.3386840820312,
        "y": 951.4286499023438,
        "z": 551.2290649414062
    }
]