[
    {
        "color": 4294967295,
        "name": "Generic Point 0",
        "x": -474.8542175292969,
        "y": 277.8070983886719,
        "z": 2235.394775390625
    },
    {
        "color": 4294967295,
        "name": "Generic Point 1",
        "x": -225.8756561279297,
        "y": 256.44293212890625,
        "z": 2219.486083984375
    },
    {
        "color": 4294967295,
        "name": "Generic Point 10",
        "x": -468.3798828125,
        "y": 201.77769470214844,
        "z": 3117.8818359375
    },
    {
        "color": 4294967295,
        "name": "Generic Point 11",
        "x": -379.90118408203125,
        "y": 209.62648010253906,
        "z": 3145.236572265625
    },
    {
        "color": 4294967295,
        "name": "Generic Point 12",
        "x": -212.86196899414062,
        "y": 236.33819580078125,
        "z": 3144.23388671875
    },
    {
        "color": 4294967295,
        "name": "Generic Point 13",
        "x": 327.45086669921875,
        "y": 360.7786560058594,
        "z": 3490.037841796875
    },
    {
        "color": 4294967295,
        "name": "Generic Point 14",
        "x": 357.6711730957031,
        "y": 387.1795349121094,
        "z": 3597.087646484375
    },
    {
        "color": 4294967295,
        "name": "Generic Point 15",
        "x": 322.73736572265625,
        "y": 407.7201843261719,
        "z": 3597.052490234375
    },
    {
        "color": 4294967295,
        "name": "Generic Point 16",
        "x": 357.8805236816406,
        "y": 457.026611328125,
        "z": 3753.07080078125
    },
    {
        "color": 4294967295,
        "name": "Generic Point 17",
        "x": 153.92625427246094,
        "y": 564.4285278320312,
        "z": 3766.29345703125
    },
    {
        "color": 4294967295,
        "name": "Generic Point 18",
        "x": 78.73193359375,
        "y": 575.7379150390625,
        "z": 3798.81298828125
    },
    {
        "color": 4294967295,
        "name": "Generic Point 19",
        "x": -339.08770751953125,
        "y": 200.49937438964844,
        "z": 3020.429443359375
    },
    {
        "color": 4294967295,
        "name": "Generic Point 2",
        "x": -245.26905822753906,
        "y": 241.43548583984375,
        "z": 2240.0478515625
    },
    {
        "color": 4294967295,
        "name": "Generic Point 20",
        "x": -580.7798461914062,
        "y": 215.99072265625,
        "z": 3129.892578125
    },
    {
        "color": 4294967295,
        "name": "Generic Point 21",
        "x": -664.8872680664062,
        "y": 229.94696044921875,
        "z": 3169.74072265625
    },
    {
        "color": 4294967295,
        "name": "Generic Point 22",
        "x": -669.5262451171875,
        "y": 241.11651611328125,
        "z": 3247.378662109375
    },
    {
        "color": 4294967295,
        "name": "Generic Point 23",
        "x": -690.1095581054688,
        "y": 261.6810302734375,
        "z": 3264.905029296875
    },
    {
        "color": 4294967295,
        "name": "Generic Point 24",
        "x": -1115.77783203125,
        "y": 268.02447509765625,
        "z": 2182.71630859375
    },
    {
        "color": 4294967295,
        "name": "Generic Point 25",
        "x": -1163.708740234375,
        "y": 288.2348937988281,
        "z": 2163.38916015625
    },
    {
        "color": 4294967295,
        "name": "Generic Point 26",
        "x": -1323.97998046875,
        "y": 104.06706237792969,
        "z": 2272.89501953125
    },
    {
        "color": 4294967295,
        "name": "Generic Point 27",
        "x": -1539.428466796875,
        "y": 371.8547058105469,
        "z": 2066.03662109375
    },
    {
        "color": 4294967295,
        "name": "Generic Point 28",
        "x": -1566.5638427734375,
        "y": 524.463623046875,
        "z": 2158.5244140625
    },
    {
        "color": 4294967295,
        "name": "Generic Point 29",
        "x": -1872.574951171875,
        "y": 261.8577575683594,
        "z": 2774.523681640625
    },
    {
        "color": 4294967295,
        "name": "Generic Point 3",
        "x": -280.69317626953125,
        "y": 231.2447967529297,
        "z": 2260.426025390625
    },
    {
        "color": 4294967295,
        "name": "Generic Point 30",
        "x": -1758.0311279296875,
        "y": 254.59225463867188,
        "z": 2867.46240234375
    },
    {
        "color": 4294967295,
        "name": "Generic Point 31",
        "x": -1812.651123046875,
        "y": 221.09982299804688,
        "z": 2961.248779296875
    },
    {
        "color": 4294967295,
        "name": "Generic Point 32",
        "x": -1929.2471923828125,
        "y": 209.6005859375,
        "z": 2922.543701171875
    },
    {
        "color": 4294967295,
        "name": "Generic Point 33",
        "x": -1642.7298583984375,
        "y": 222.81556701660156,
        "z": 2876.178466796875
    },
    {
        "color": 4294967295,
        "name": "Generic Point 34",
        "x": -1574.3759765625,
        "y": 239.6141357421875,
        "z": 2863.37841796875
    },
    {
        "color": 4294967295,
        "name": "Generic Point 35",
        "x": -1631.80322265625,
        "y": 216.822265625,
        "z": 2979.283447265625
    },
    {
        "color": 4294967295,
        "name": "Generic Point 36",
        "x": -1991.77294921875,
        "y": 289.3596496582031,
        "z": 3393.1806640625
    },
    {
        "color": 4294967295,
        "name": "Generic Point 37",
        "x": -1937.6356201171875,
        "y": 294.8298645019531,
        "z": 3411.69580078125
    },
    {
        "color": 4294967295,
        "name": "Generic Point 38",
        "x": -1907.1590576171875,
        "y": 243.83230590820312,
        "z": 3361.80322265625
    },
    {
        "color": 4294967295,
        "name": "Generic Point 39",
        "x": -1801.6021728515625,
        "y": 230.80320739746094,
        "z": 3422.826171875
    },
    {
        "color": 4294967295,
        "name": "Generic Point 4",
        "x": -143.65223693847656,
        "y": 232.8160400390625,
        "z": 2314.8720703125
    },
    {
        "color": 4294967295,
        "name": "Generic Point 40",
        "x": -1518.372802734375,
        "y": 230.28631591796875,
        "z": 3583.3974609375
    },
    {
        "color": 4294967295,
        "name": "Generic Point 41",
        "x": -1441.9365234375,
        "y": 271.7236328125,
        "z": 3552.892333984375
    },
    {
        "color": 4294967295,
        "name": "Generic Point 42",
        "x": -1405.731201171875,
        "y": 182.16285705566406,
        "z": 3468.997314453125
    },
    {
        "color": 4294967295,
        "name": "Generic Point 43",
        "x": -1449.03125,
        "y": 284.2632751464844,
        "z": 3710.10400390625
    },
    {
        "color": 4294967295,
        "name": "Generic Point 44",
        "x": -1401.874267578125,
        "y": 284.78692626953125,
        "z": 3724.80712890625
    },
    {
        "color": 4294967295,
        "name": "Generic Point 45",
        "x": -1337.7896728515625,
        "y": 280.4736022949219,
        "z": 3739.491455078125
    },
    {
        "color": 4294967295,
        "name": "Generic Point 46",
        "x": -1254.140869140625,
        "y": 249.16400146484375,
        "z": 3729.43994140625
    },
    {
        "color": 4294967295,
        "name": "Generic Point 47",
        "x": -1215.4759521484375,
        "y": 227.43707275390625,
        "z": 3765.947998046875
    },
    {
        "color": 4294967295,
        "name": "Generic Point 48",
        "x": -1173.595947265625,
        "y": 216.08657836914062,
        "z": 3779.056640625
    },
    {
        "color": 4294967295,
        "name": "Generic Point 49",
        "x": -805.3330688476562,
        "y": 190.15101623535156,
        "z": 3795.7509765625
    },
    {
        "color": 4294967295,
        "name": "Generic Point 5",
        "x": -126.15585327148438,
        "y": 231.59011840820312,
        "z": 2347.2880859375
    },
    {
        "color": 4294967295,
        "name": "Generic Point 50",
        "x": -762.1822509765625,
        "y": 200.47793579101562,
        "z": 3642.84326171875
    },
    {
        "color": 4294967295,
        "name": "Generic Point 51",
        "x": -845.220703125,
        "y": 234.77345275878906,
        "z": 3547.054443359375
    },
    {
        "color": 4294967295,
        "name": "Generic Point 6",
        "x": -29.45307159423828,
        "y": 229.42897033691406,
        "z": 2461.07080078125
    },
    {
        "color": 4294967295,
        "name": "Generic Point 7",
        "x": -229.2672576904297,
        "y": 200.45631408691406,
        "z": 2618.48828125
    },
    {
        "color": 4294967295,
        "name": "Generic Point 8",
        "x": -808.826416015625,
        "y": 200.25204467773438,
        "z": 2870.70849609375
    },
    {
        "color": 4294967295,
        "name": "Generic Point 9",
        "x": -548.70751953125,
        "y": 200.2459716796875,
        "z": 2929.80712890625
    }
]