[
    {
        "color": 4294967295,
        "name": "Generic Point 0",
        "x": -3917.787353515625,
        "y": 202.3031463623047,
        "z": -1159.05419921875
    },
    {
        "color": 4294967295,
        "name": "Generic Point 1",
        "x": -4177.46435546875,
        "y": 200.9004669189453,
        "z": -893.7244262695312
    },
    {
        "color": 4294967295,
        "name": "Generic Point 10",
        "x": -3728.09716796875,
        "y": 202.59584045410156,
        "z": -1005.0016479492188
    },
    {
        "color": 4294967295,
        "name": "Generic Point 11",
        "x": -3988.125,
        "y": 171.4347381591797,
        "z": -763.2286987304688
    },
    {
        "color": 4294967295,
        "name": "Generic Point 12",
        "x": -4029.76025390625,
        "y": 209.4671630859375,
        "z": -902.9527587890625
    },
    {
        "color": 4294967295,
        "name": "Generic Point 13",
        "x": -3938.240966796875,
        "y": 200.66944885253906,
        "z": -677.2922973632812
    },
    {
        "color": 4294967295,
        "name": "Generic Point 14",
        "x": -4045.100341796875,
        "y": 200.90042114257812,
        "z": -367.11248779296875
    },
    {
        "color": 4294967295,
        "name": "Generic Point 2",
        "x": -3563.10400390625,
        "y": 201.84384155273438,
        "z": -800.562255859375
    },
    {
        "color": 4294967295,
        "name": "Generic Point 3",
        "x": -3574.21923828125,
        "y": 208.8099822998047,
        "z": -905.1578369140625
    },
    {
        "color": 4294967295,
        "name": "Generic Point 4",
        "x": -3753.889892578125,
        "y": 171.68521118164062,
        "z": -721.1639404296875
    },
    {
        "color": 4294967295,
        "name": "Generic Point 5",
        "x": -3553.482177734375,
        "y": 177.3336181640625,
        "z": -1178.4364013671875
    },
    {
        "color": 4294967295,
        "name": "Generic Point 6",
        "x": -3430.15966796875,
        "y": 200.9020233154297,
        "z": -620.34912109375
    },
    {
        "color": 4294967295,
        "name": "Generic Point 7",
        "x": -3892.63623046875,
        "y": 123.42112731933594,
        "z": -969.5743408203125
    },
    {
        "color": 4294967295,
        "name": "Generic Point 8",
        "x": -3900.952392578125,
        "y": 121.21420288085938,
        "z": -906.1138305664062
    },
    {
        "color": 4294967295,
        "name": "Generic Point 9",
        "x": -3860.14599609375,
        "y": 203.2010498046875,
        "z": -1078.8607177734375
    }
]