[
    {
        "color": 4294967295,
        "name": "Generic Point 0",
        "x": -1676.474,
        "y": 454.203,
        "z": 2221.397
    },
    {
        "color": 4294967295,
        "name": "Generic Point 1",
        "x": -1415.194,
        "y": 326.391,
        "z": 1995.836
    },
    {
        "color": 4294967295,
        "name": "Generic Point 10",
        "x": -706.422,
        "y": 238.466,
        "z": 3670.331
    },
    {
        "color": 4294967295,
        "name": "Generic Point 100",
        "x": -106.141,
        "y": 330.64,
        "z": 2231.609
    },
    {
        "color": 4294967295,
        "name": "Generic Point 101",
        "x": 68.678,
        "y": 431.32,
        "z": 2009.164
    },
    {
        "color": 4294967295,
        "name": "Generic Point 102",
        "x": -21.088,
        "y": 273.198,
        "z": 2405.066
    },
    {
        "color": 4294967295,
        "name": "Generic Point 103",
        "x": -73.252,
        "y": 271.048,
        "z": 2504.614
    },
    {
        "color": 4294967295,
        "name": "Generic Point 104",
        "x": -200.625,
        "y": 226.274,
        "z": 2548.551
    },
    {
        "color": 4294967295,
        "name": "Generic Point 105",
        "x": -81.304,
        "y": 164.949,
        "z": 2560.196
    },
    {
        "color": 4294967295,
        "name": "Generic Point 106",
        "x": -75.991,
        "y": 277.242,
        "z": 2721.845
    },
    {
        "color": 4294967295,
        "name": "Generic Point 107",
        "x": 62.312,
        "y": 199.099,
        "z": 2746.892
    },
    {
        "color": 4294967295,
        "name": "Generic Point 108",
        "x": -1306.087,
        "y": 375.407,
        "z": 1965.576
    },
    {
        "color": 4294967295,
        "name": "Generic Point 109",
        "x": 83.134,
        "y": 250.664,
        "z": 2801.488
    },
    {
        "color": 4294967295,
        "name": "Generic Point 11",
        "x": -1134.254,
        "y": 85.776,
        "z": 3865.473
    },
    {
        "color": 4294967295,
        "name": "Generic Point 110",
        "x": 101.932,
        "y": 250.998,
        "z": 2798.034
    },
    {
        "color": 4294967295,
        "name": "Generic Point 111",
        "x": 92.386,
        "y": 251.274,
        "z": 2836.026
    },
    {
        "color": 4294967295,
        "name": "Generic Point 112",
        "x": 116.871,
        "y": 252.12,
        "z": 2841.295
    },
    {
        "color": 4294967295,
        "name": "Generic Point 113",
        "x": 142.284,
        "y": 253.616,
        "z": 2781.85
    },
    {
        "color": 4294967295,
        "name": "Generic Point 114",
        "x": 130.465,
        "y": 254.352,
        "z": 2505.949
    },
    {
        "color": 4294967295,
        "name": "Generic Point 115",
        "x": 312.225,
        "y": 362.061,
        "z": 2535.69
    },
    {
        "color": 4294967295,
        "name": "Generic Point 116",
        "x": 428.91,
        "y": 288.358,
        "z": 2146.288
    },
    {
        "color": 4294967295,
        "name": "Generic Point 117",
        "x": 493.851,
        "y": 309.259,
        "z": 2019.536
    },
    {
        "color": 4294967295,
        "name": "Generic Point 118",
        "x": 484.356,
        "y": 307.37,
        "z": 2138.668
    },
    {
        "color": 4294967295,
        "name": "Generic Point 12",
        "x": -1416.523,
        "y": 347.428,
        "z": 2041.3
    },
    {
        "color": 4294967295,
        "name": "Generic Point 13",
        "x": -1149.217,
        "y": 188.573,
        "z": 3626.368
    },
    {
        "color": 4294967295,
        "name": "Generic Point 14",
        "x": -997.219,
        "y": 200.461,
        "z": 3618.65
    },
    {
        "color": 4294967295,
        "name": "Generic Point 15",
        "x": -859.91,
        "y": 215.623,
        "z": 3601.881
    },
    {
        "color": 4294967295,
        "name": "Generic Point 16",
        "x": -567.543,
        "y": 165.706,
        "z": 3589.999
    },
    {
        "color": 4294967295,
        "name": "Generic Point 17",
        "x": -433.99,
        "y": 200.123,
        "z": 3801.187
    },
    {
        "color": 4294967295,
        "name": "Generic Point 18",
        "x": -354.914,
        "y": 227.36,
        "z": 3664.291
    },
    {
        "color": 4294967295,
        "name": "Generic Point 19",
        "x": -248.03,
        "y": 250.127,
        "z": 3549.277
    },
    {
        "color": 4294967295,
        "name": "Generic Point 2",
        "x": 530.565,
        "y": 316.719,
        "z": 2468.563
    },
    {
        "color": 4294967295,
        "name": "Generic Point 20",
        "x": -233.766,
        "y": 240.589,
        "z": 3522.734
    },
    {
        "color": 4294967295,
        "name": "Generic Point 21",
        "x": -195.019,
        "y": 262.467,
        "z": 3456.922
    },
    {
        "color": 4294967295,
        "name": "Generic Point 22",
        "x": -178.965,
        "y": 243.495,
        "z": 3753.153
    },
    {
        "color": 4294967295,
        "name": "Generic Point 23",
        "x": -1471.965,
        "y": 359.288,
        "z": 2040.836
    },
    {
        "color": 4294967295,
        "name": "Generic Point 24",
        "x": -1679.293,
        "y": 183.614,
        "z": 2074.509
    },
    {
        "color": 4294967295,
        "name": "Generic Point 25",
        "x": -1556.492,
        "y": 153.808,
        "z": 2162.378
    },
    {
        "color": 4294967295,
        "name": "Generic Point 26",
        "x": -1551.922,
        "y": 127.887,
        "z": 2211.203
    },
    {
        "color": 4294967295,
        "name": "Generic Point 27",
        "x": -1637.938,
        "y": 122.827,
        "z": 2296.516
    },
    {
        "color": 4294967295,
        "name": "Generic Point 28",
        "x": -1364.263,
        "y": 293.183,
        "z": 2188.24
    },
    {
        "color": 4294967295,
        "name": "Generic Point 29",
        "x": -1321.023,
        "y": 284.089,
        "z": 2189.67
    },
    {
        "color": 4294967295,
        "name": "Generic Point 3",
        "x": 183.541,
        "y": 276.147,
        "z": 2876.14
    },
    {
        "color": 4294967295,
        "name": "Generic Point 30",
        "x": -1288.373,
        "y": 283.457,
        "z": 2192.03
    },
    {
        "color": 4294967295,
        "name": "Generic Point 31",
        "x": -1656.14,
        "y": 471.464,
        "z": 2185.259
    },
    {
        "color": 4294967295,
        "name": "Generic Point 32",
        "x": -1295.971,
        "y": 243.004,
        "z": 2217.734
    },
    {
        "color": 4294967295,
        "name": "Generic Point 33",
        "x": -1098.511,
        "y": 283.392,
        "z": 2056.332
    },
    {
        "color": 4294967295,
        "name": "Generic Point 34",
        "x": -1058.253,
        "y": 265.175,
        "z": 2052.101
    },
    {
        "color": 4294967295,
        "name": "Generic Point 35",
        "x": -1101.653,
        "y": 289.68,
        "z": 2109.004
    },
    {
        "color": 4294967295,
        "name": "Generic Point 36",
        "x": -1088.219,
        "y": 284.968,
        "z": 2129.218
    },
    {
        "color": 4294967295,
        "name": "Generic Point 37",
        "x": -1137.587,
        "y": 299.532,
        "z": 2495.013
    },
    {
        "color": 4294967295,
        "name": "Generic Point 38",
        "x": -888.987,
        "y": 196.257,
        "z": 2306.161
    },
    {
        "color": 4294967295,
        "name": "Generic Point 39",
        "x": -900.825,
        "y": 206.256,
        "z": 2502.841
    },
    {
        "color": 4294967295,
        "name": "Generic Point 4",
        "x": 91.269,
        "y": 272.865,
        "z": 2979.374
    },
    {
        "color": 4294967295,
        "name": "Generic Point 40",
        "x": -870.786,
        "y": 201.401,
        "z": 2535.874
    },
    {
        "color": 4294967295,
        "name": "Generic Point 41",
        "x": -820.965,
        "y": 184.726,
        "z": 2532.321
    },
    {
        "color": 4294967295,
        "name": "Generic Point 42",
        "x": -1661.613,
        "y": 471.587,
        "z": 2172.996
    },
    {
        "color": 4294967295,
        "name": "Generic Point 43",
        "x": -1022.953,
        "y": 231.891,
        "z": 2563.643
    },
    {
        "color": 4294967295,
        "name": "Generic Point 44",
        "x": -912.382,
        "y": 211.932,
        "z": 2609.87
    },
    {
        "color": 4294967295,
        "name": "Generic Point 45",
        "x": -776.63,
        "y": 223.495,
        "z": 2681.78
    },
    {
        "color": 4294967295,
        "name": "Generic Point 46",
        "x": -835.572,
        "y": 204.148,
        "z": 2733.926
    },
    {
        "color": 4294967295,
        "name": "Generic Point 47",
        "x": -868.249,
        "y": 207.146,
        "z": 2771.369
    },
    {
        "color": 4294967295,
        "name": "Generic Point 48",
        "x": -1003.956,
        "y": 220.164,
        "z": 2801.05
    },
    {
        "color": 4294967295,
        "name": "Generic Point 49",
        "x": -1085.548,
        "y": 239.993,
        "z": 2838.222
    },
    {
        "color": 4294967295,
        "name": "Generic Point 5",
        "x": -125.453,
        "y": 239.125,
        "z": 2983.243
    },
    {
        "color": 4294967295,
        "name": "Generic Point 50",
        "x": -1124.299,
        "y": 251.137,
        "z": 2782.968
    },
    {
        "color": 4294967295,
        "name": "Generic Point 51",
        "x": -1188.106,
        "y": 277.095,
        "z": 2880.085
    },
    {
        "color": 4294967295,
        "name": "Generic Point 52",
        "x": -1031.945,
        "y": 299.985,
        "z": 2963.383
    },
    {
        "color": 4294967295,
        "name": "Generic Point 53",
        "x": -1648.445,
        "y": 499.593,
        "z": 2158.987
    },
    {
        "color": 4294967295,
        "name": "Generic Point 54",
        "x": -1223.812,
        "y": 243.523,
        "z": 3182.518
    },
    {
        "color": 4294967295,
        "name": "Generic Point 55",
        "x": -1455.85,
        "y": 199.474,
        "z": 3250.469
    },
    {
        "color": 4294967295,
        "name": "Generic Point 56",
        "x": -1787.013,
        "y": 111.97,
        "z": 3209.445
    },
    {
        "color": 4294967295,
        "name": "Generic Point 57",
        "x": -1869.37,
        "y": 183.917,
        "z": 3136.802
    },
    {
        "color": 4294967295,
        "name": "Generic Point 58",
        "x": -1859.734,
        "y": 181.449,
        "z": 3151.104
    },
    {
        "color": 4294967295,
        "name": "Generic Point 59",
        "x": -1887.603,
        "y": 199.663,
        "z": 3254.515
    },
    {
        "color": 4294967295,
        "name": "Generic Point 6",
        "x": -151.95,
        "y": 262.094,
        "z": 3149.711
    },
    {
        "color": 4294967295,
        "name": "Generic Point 60",
        "x": -1896.545,
        "y": 214.653,
        "z": 3274.987
    },
    {
        "color": 4294967295,
        "name": "Generic Point 61",
        "x": -1805.007,
        "y": 4.362,
        "z": 3307.228
    },
    {
        "color": 4294967295,
        "name": "Generic Point 62",
        "x": -1772.185,
        "y": -1.391,
        "z": 3313.999
    },
    {
        "color": 4294967295,
        "name": "Generic Point 63",
        "x": -1755.858,
        "y": 249.774,
        "z": 2908.702
    },
    {
        "color": 4294967295,
        "name": "Generic Point 64",
        "x": -1353.868,
        "y": 415.92,
        "z": 1896.243
    },
    {
        "color": 4294967295,
        "name": "Generic Point 65",
        "x": -1987.778,
        "y": 238.292,
        "z": 2725.507
    },
    {
        "color": 4294967295,
        "name": "Generic Point 66",
        "x": -1733.407,
        "y": 240.272,
        "z": 2727.244
    },
    {
        "color": 4294967295,
        "name": "Generic Point 67",
        "x": -1592.494,
        "y": 218.848,
        "z": 2775.116
    },
    {
        "color": 4294967295,
        "name": "Generic Point 68",
        "x": -1525.538,
        "y": 220.379,
        "z": 2515.21
    },
    {
        "color": 4294967295,
        "name": "Generic Point 69",
        "x": -1464.901,
        "y": 212.333,
        "z": 2511.651
    },
    {
        "color": 4294967295,
        "name": "Generic Point 7",
        "x": -265.128,
        "y": 246.219,
        "z": 3377.097
    },
    {
        "color": 4294967295,
        "name": "Generic Point 70",
        "x": -1542.568,
        "y": 214.525,
        "z": 2674.482
    },
    {
        "color": 4294967295,
        "name": "Generic Point 71",
        "x": -1297.376,
        "y": 275.493,
        "z": 2597.908
    },
    {
        "color": 4294967295,
        "name": "Generic Point 72",
        "x": -1340.34,
        "y": 206.397,
        "z": 2696.992
    },
    {
        "color": 4294967295,
        "name": "Generic Point 73",
        "x": -1299.186,
        "y": 279.032,
        "z": 2887.927
    },
    {
        "color": 4294967295,
        "name": "Generic Point 74",
        "x": -1508.786,
        "y": 235.036,
        "z": 2939.91
    },
    {
        "color": 4294967295,
        "name": "Generic Point 75",
        "x": -1344.158,
        "y": 419.477,
        "z": 1908.341
    },
    {
        "color": 4294967295,
        "name": "Generic Point 76",
        "x": -1596.908,
        "y": 281.226,
        "z": 3027.594
    },
    {
        "color": 4294967295,
        "name": "Generic Point 77",
        "x": -1606.737,
        "y": 278.585,
        "z": 3038.673
    },
    {
        "color": 4294967295,
        "name": "Generic Point 78",
        "x": -1192.607,
        "y": 224.74,
        "z": 3065.786
    },
    {
        "color": 4294967295,
        "name": "Generic Point 79",
        "x": -886.816,
        "y": 68.573,
        "z": 3212.484
    },
    {
        "color": 4294967295,
        "name": "Generic Point 8",
        "x": -389.188,
        "y": 270.885,
        "z": 3377.132
    },
    {
        "color": 4294967295,
        "name": "Generic Point 80",
        "x": -853.067,
        "y": 51.142,
        "z": 3195.616
    },
    {
        "color": 4294967295,
        "name": "Generic Point 81",
        "x": -754.744,
        "y": 218.39,
        "z": 3098.97
    },
    {
        "color": 4294967295,
        "name": "Generic Point 82",
        "x": -838.397,
        "y": 302.072,
        "z": 3155.477
    },
    {
        "color": 4294967295,
        "name": "Generic Point 83",
        "x": -709.129,
        "y": 257.85400000000004,
        "z": 3356.41
    },
    {
        "color": 4294967295,
        "name": "Generic Point 84",
        "x": -587.067,
        "y": 241.663,
        "z": 3261.045
    },
    {
        "color": 4294967295,
        "name": "Generic Point 85",
        "x": -446.032,
        "y": 177.379,
        "z": 3177.139
    },
    {
        "color": 4294967295,
        "name": "Generic Point 86",
        "x": -1295.51,
        "y": 379.837,
        "z": 1880.196
    },
    {
        "color": 4294967295,
        "name": "Generic Point 87",
        "x": -369.637,
        "y": 241.315,
        "z": 2892.074
    },
    {
        "color": 4294967295,
        "name": "Generic Point 88",
        "x": -431.89,
        "y": 242.235,
        "z": 2863.698
    },
    {
        "color": 4294967295,
        "name": "Generic Point 89",
        "x": -607.038,
        "y": 203.77,
        "z": 2875.447
    },
    {
        "color": 4294967295,
        "name": "Generic Point 9",
        "x": -440.837,
        "y": 184.19,
        "z": 3551.057
    },
    {
        "color": 4294967295,
        "name": "Generic Point 90",
        "x": -497.83,
        "y": 216.85,
        "z": 2572.683
    },
    {
        "color": 4294967295,
        "name": "Generic Point 91",
        "x": -507.055,
        "y": 164.45,
        "z": 2553.848
    },
    {
        "color": 4294967295,
        "name": "Generic Point 92",
        "x": -478.945,
        "y": 218.789,
        "z": 2319.27
    },
    {
        "color": 4294967295,
        "name": "Generic Point 93",
        "x": -504.612,
        "y": 279.191,
        "z": 2242.935
    },
    {
        "color": 4294967295,
        "name": "Generic Point 94",
        "x": -653.256,
        "y": 288.998,
        "z": 2188.416
    },
    {
        "color": 4294967295,
        "name": "Generic Point 95",
        "x": -417.815,
        "y": 316.944,
        "z": 2096.258
    },
    {
        "color": 4294967295,
        "name": "Generic Point 96",
        "x": -393.192,
        "y": 286.145,
        "z": 2188.25
    },
    {
        "color": 4294967295,
        "name": "Generic Point 97",
        "x": -1281.799,
        "y": 373.258,
        "z": 1926.687
    },
    {
        "color": 4294967295,
        "name": "Generic Point 98",
        "x": -429.484,
        "y": 216.333,
        "z": 2318.457
    },
    {
        "color": 4294967295,
        "name": "Generic Point 99",
        "x": -239.199,
        "y": 247.298,
        "z": 2258.639
    }
]