[
    {
        "color": 4294967295,
        "name": "Generic Point 0",
        "x": 2749.531494140625,
        "y": 252.1643829345703,
        "z": -532.2008056640625
    },
    {
        "color": 4294967295,
        "name": "Generic Point 1",
        "x": 2871.1220703125,
        "y": 288.2266845703125,
        "z": -1191.310791015625
    },
    {
        "color": 4294967295,
        "name": "Generic Point 2",
        "x": 2154.39404296875,
        "y": 280.69964599609375,
        "z": -286.9383544921875
    },
    {
        "color": 4294967295,
        "name": "Generic Point 3",
        "x": 1987.7115478515625,
        "y": 237.8105926513672,
        "z": -625.7867431640625
    },
    {
        "color": 4294967295,
        "name": "Generic Point 4",
        "x": 1577.9720458984375,
        "y": 235.8730926513672,
        "z": -201.59487915039062
    },
    {
        "color": 4294967295,
        "name": "Generic Point 5",
        "x": 1978.6671142578125,
        "y": 226.913330078125,
        "z": -995.7823486328125
    },
    {
        "color": 4294967295,
        "name": "Generic Point 6",
        "x": 1707.5689697265625,
        "y": 268.0631408691406,
        "z": -1200.2353515625
    },
    {
        "color": 4294967295,
        "name": "Generic Point 7",
        "x": 1369.547119140625,
        "y": 314.41796875,
        "z": -1292.85546875
    },
    {
        "color": 4294967295,
        "name": "Generic Point 8",
        "x": 1587.9232177734375,
        "y": 280.9632568359375,
        "z": -1514.4949951171875
    },
    {
        "color": 4294967295,
        "name": "Generic Point 9",
        "x": 2585.079833984375,
        "y": 262.8862609863281,
        "z": -1678.802001953125
    }
]