[
    {
        "color": 4294967295,
        "name": "Generic Point 0",
        "x": -847.3788452148438,
        "y": 197.1890411376953,
        "z": 2659.075927734375
    },
    {
        "color": 4294967295,
        "name": "Generic Point 1",
        "x": -1256.6312255859375,
        "y": 177.0366973876953,
        "z": 3004.85302734375
    },
    {
        "color": 4294967295,
        "name": "Generic Point 10",
        "x": -1373.097412109375,
        "y": 188.92111206054688,
        "z": 2917.0087890625
    },
    {
        "color": 4294967295,
        "name": "Generic Point 11",
        "x": -1086.78271484375,
        "y": 202.24462890625,
        "z": 2653.11962890625
    },
    {
        "color": 4294967295,
        "name": "Generic Point 12",
        "x": -1421.609130859375,
        "y": 206.3278350830078,
        "z": 2667.13671875
    },
    {
        "color": 4294967295,
        "name": "Generic Point 13",
        "x": -1147.771240234375,
        "y": 200.94564819335938,
        "z": 2664.8349609375
    },
    {
        "color": 4294967295,
        "name": "Generic Point 14",
        "x": -914.527587890625,
        "y": 205.3531494140625,
        "z": 2617.668212890625
    },
    {
        "color": 4294967295,
        "name": "Generic Point 15",
        "x": -181.2799072265625,
        "y": 235.10317993164062,
        "z": 3475.483154296875
    },
    {
        "color": 4294967295,
        "name": "Generic Point 16",
        "x": -204.70191955566406,
        "y": 227.00839233398438,
        "z": 3519.197509765625
    },
    {
        "color": 4294967295,
        "name": "Generic Point 17",
        "x": -200.36012268066406,
        "y": 226.56893920898438,
        "z": 3525.656005859375
    },
    {
        "color": 4294967295,
        "name": "Generic Point 18",
        "x": -193.44383239746094,
        "y": 241.13516235351562,
        "z": 3603.540771484375
    },
    {
        "color": 4294967295,
        "name": "Generic Point 19",
        "x": -224.1583251953125,
        "y": 227.77320861816406,
        "z": 3541.078857421875
    },
    {
        "color": 4294967295,
        "name": "Generic Point 2",
        "x": -1317.1473388671875,
        "y": 178.7657012939453,
        "z": 3109.3984375
    },
    {
        "color": 4294967295,
        "name": "Generic Point 20",
        "x": -275.9632873535156,
        "y": 266.78851318359375,
        "z": 3491.500244140625
    },
    {
        "color": 4294967295,
        "name": "Generic Point 21",
        "x": -305.5104675292969,
        "y": 226.7102813720703,
        "z": 3498.56103515625
    },
    {
        "color": 4294967295,
        "name": "Generic Point 22",
        "x": -180.01759338378906,
        "y": 234.70660400390625,
        "z": 3476.798828125
    },
    {
        "color": 4294967295,
        "name": "Generic Point 23",
        "x": -47.862823486328125,
        "y": 252.60414123535156,
        "z": 3440.08984375
    },
    {
        "color": 4294967295,
        "name": "Generic Point 24",
        "x": -1061.9925537109375,
        "y": 202.2721405029297,
        "z": 2641.61083984375
    },
    {
        "color": 4294967295,
        "name": "Generic Point 25",
        "x": -1104.0450439453125,
        "y": 204.26731872558594,
        "z": 2659.3369140625
    },
    {
        "color": 4294967295,
        "name": "Generic Point 26",
        "x": -1156.186279296875,
        "y": 230.58847045898438,
        "z": 2718.383056640625
    },
    {
        "color": 4294967295,
        "name": "Generic Point 27",
        "x": -1153.964599609375,
        "y": 230.5992889404297,
        "z": 2725.68798828125
    },
    {
        "color": 4294967295,
        "name": "Generic Point 28",
        "x": -1148.056396484375,
        "y": 229.49761962890625,
        "z": 2729.273193359375
    },
    {
        "color": 4294967295,
        "name": "Generic Point 29",
        "x": -1152.7115478515625,
        "y": 230.60020446777344,
        "z": 2719.308349609375
    },
    {
        "color": 4294967295,
        "name": "Generic Point 3",
        "x": -1338.1998291015625,
        "y": 179.0450897216797,
        "z": 3107.5810546875
    },
    {
        "color": 4294967295,
        "name": "Generic Point 30",
        "x": -1095.459716796875,
        "y": 219.6431884765625,
        "z": 2732.9140625
    },
    {
        "color": 4294967295,
        "name": "Generic Point 31",
        "x": -1043.7210693359375,
        "y": 219.32044982910156,
        "z": 2768.854736328125
    },
    {
        "color": 4294967295,
        "name": "Generic Point 32",
        "x": -1031.9559326171875,
        "y": 214.2961883544922,
        "z": 2853.766357421875
    },
    {
        "color": 4294967295,
        "name": "Generic Point 33",
        "x": -1183.66357421875,
        "y": 177.78367614746094,
        "z": 2967.87451171875
    },
    {
        "color": 4294967295,
        "name": "Generic Point 4",
        "x": -1350.6075439453125,
        "y": 179.4141082763672,
        "z": 3126.76416015625
    },
    {
        "color": 4294967295,
        "name": "Generic Point 5",
        "x": -1323.8619384765625,
        "y": 179.5950927734375,
        "z": 3160.368896484375
    },
    {
        "color": 4294967295,
        "name": "Generic Point 6",
        "x": -1323.1951904296875,
        "y": 179.54266357421875,
        "z": 3160.83154296875
    },
    {
        "color": 4294967295,
        "name": "Generic Point 7",
        "x": -1249.708984375,
        "y": 177.1217803955078,
        "z": 2983.260986328125
    },
    {
        "color": 4294967295,
        "name": "Generic Point 8",
        "x": -1336.225341796875,
        "y": 196.53233337402344,
        "z": 2939.86279296875
    },
    {
        "color": 4294967295,
        "name": "Generic Point 9",
        "x": -1374.229736328125,
        "y": 152.38372802734375,
        "z": 2874.129150390625
    }
]