[
    {
        "color": 4294967295,
        "name": "Generic Point 0",
        "x": -3174.76171875,
        "y": 203.56863403320312,
        "z": -3363.02294921875
    },
    {
        "color": 4294967295,
        "name": "Generic Point 1",
        "x": -3674.876708984375,
        "y": 233.84959411621094,
        "z": -3278.838623046875
    },
    {
        "color": 4294967295,
        "name": "Generic Point 2",
        "x": -3728.56298828125,
        "y": 201.1527099609375,
        "z": -3407.27783203125
    },
    {
        "color": 4294967295,
        "name": "Generic Point 3",
        "x": -3327.06494140625,
        "y": 217.23678588867188,
        "z": -3477.099365234375
    },
    {
        "color": 4294967295,
        "name": "Generic Point 4",
        "x": -3871.53076171875,
        "y": 358.0353088378906,
        "z": -3144.550537109375
    },
    {
        "color": 4294967295,
        "name": "Generic Point 5",
        "x": -3880.40673828125,
        "y": 238.1502685546875,
        "z": -3068.558349609375
    },
    {
        "color": 4294967295,
        "name": "Generic Point 6",
        "x": -3220.814453125,
        "y": 228.9127197265625,
        "z": -3516.65576171875
    }
]