[
    {
        "color": 4294967295,
        "name": "Generic Point 0",
        "x": -4088.8564453125,
        "y": 201.08619689941406,
        "z": -837.0009155273438
    },
    {
        "color": 4294967295,
        "name": "Generic Point 1",
        "x": -5098.06640625,
        "y": 202.7344207763672,
        "z": -4260.744140625
    },
    {
        "color": 4294967295,
        "name": "Generic Point 10",
        "x": -4533.8828125,
        "y": 200.06402587890625,
        "z": -3728.608642578125
    },
    {
        "color": 4294967295,
        "name": "Generic Point 11",
        "x": -3926.632080078125,
        "y": 126.48860168457031,
        "z": -658.0189819335938
    },
    {
        "color": 4294967295,
        "name": "Generic Point 12",
        "x": -373.0283203125,
        "y": 207.74505615234375,
        "z": 3634.621337890625
    },
    {
        "color": 4294967295,
        "name": "Generic Point 13",
        "x": -2606.95703125,
        "y": 161.05079650878906,
        "z": 5258.826171875
    },
    {
        "color": 4294967295,
        "name": "Generic Point 14",
        "x": -4090.564453125,
        "y": 200.22991943359375,
        "z": -832.1402587890625
    },
    {
        "color": 4294967295,
        "name": "Generic Point 15",
        "x": -3989.63818359375,
        "y": 213.83241271972656,
        "z": -1044.568359375
    },
    {
        "color": 4294967295,
        "name": "Generic Point 16",
        "x": -3996.087158203125,
        "y": 200.9226837158203,
        "z": -1151.3970947265625
    },
    {
        "color": 4294967295,
        "name": "Generic Point 17",
        "x": -3989.40966796875,
        "y": 200.7549591064453,
        "z": -1144.962158203125
    },
    {
        "color": 4294967295,
        "name": "Generic Point 18",
        "x": -3783.991455078125,
        "y": 111.31172943115234,
        "z": -789.3114624023438
    },
    {
        "color": 4294967295,
        "name": "Generic Point 19",
        "x": -3574.90380859375,
        "y": 151.5303497314453,
        "z": -784.3090209960938
    },
    {
        "color": 4294967295,
        "name": "Generic Point 2",
        "x": -5009.22705078125,
        "y": 199.85232543945312,
        "z": -4668.57568359375
    },
    {
        "color": 4294967295,
        "name": "Generic Point 20",
        "x": -3720.60595703125,
        "y": 130.47145080566406,
        "z": -602.44091796875
    },
    {
        "color": 4294967295,
        "name": "Generic Point 3",
        "x": -4786.29296875,
        "y": 200.83438110351562,
        "z": -4472.8662109375
    },
    {
        "color": 4294967295,
        "name": "Generic Point 4",
        "x": -4901.39794921875,
        "y": 200.00184631347656,
        "z": -4146.072265625
    },
    {
        "color": 4294967295,
        "name": "Generic Point 5",
        "x": -4920.9833984375,
        "y": 201.81658935546875,
        "z": -3998.356201171875
    },
    {
        "color": 4294967295,
        "name": "Generic Point 6",
        "x": -4907.376953125,
        "y": 201.2018280029297,
        "z": -4157.41943359375
    },
    {
        "color": 4294967295,
        "name": "Generic Point 7",
        "x": -4523.99951171875,
        "y": 202.9148406982422,
        "z": -3734.34228515625
    },
    {
        "color": 4294967295,
        "name": "Generic Point 8",
        "x": -4359.03955078125,
        "y": 201.7688446044922,
        "z": -4266.05859375
    },
    {
        "color": 4294967295,
        "name": "Generic Point 9",
        "x": -4245.2392578125,
        "y": 224.9833221435547,
        "z": -4219.38916015625
    }
]