[
    {
        "color": 4294967295,
        "name": "fred0211 0",
        "x": -1288.618408203125,
        "y": 229.8618621826172,
        "z": 9848.4775390625
    },
    {
        "color": 4294967295,
        "name": "fred0211 1",
        "x": -1777.448974609375,
        "y": 161.93678283691406,
        "z": 9520.916015625
    },
    {
        "color": 4294967295,
        "name": "fred0211 2",
        "x": -616.863037109375,
        "y": 295.5394287109375,
        "z": 9755.884765625
    }
]