[
    {
        "color": 4294967295,
        "name": "Generic Point 0",
        "x": 2959.09,
        "y": 200.85,
        "z": -1425.88
    },
    {
        "color": 4294967295,
        "name": "Generic Point 1",
        "x": 2651.46,
        "y": 326.24,
        "z": 132.0
    },
    {
        "color": 4294967295,
        "name": "Generic Point 10",
        "x": -648.63,
        "y": 212.12,
        "z": -182.82
    },
    {
        "color": 4294967295,
        "name": "Generic Point 11",
        "x": -376.81,
        "y": 241.01,
        "z": -1157.44
    },
    {
        "color": 4294967295,
        "name": "Generic Point 2",
        "x": 2632.64,
        "y": 194.68,
        "z": -2377.18
    },
    {
        "color": 4294967295,
        "name": "Generic Point 3",
        "x": 2246.84,
        "y": 265.36,
        "z": -750.31
    },
    {
        "color": 4294967295,
        "name": "Generic Point 4",
        "x": 2374.35,
        "y": 300.45,
        "z": -650.39
    },
    {
        "color": 4294967295,
        "name": "Generic Point 5",
        "x": 2335.97,
        "y": 296.8,
        "z": -121.53
    },
    {
        "color": 4294967295,
        "name": "Generic Point 6",
        "x": 200.2,
        "y": 214.08,
        "z": 1384.07
    },
    {
        "color": 4294967295,
        "name": "Generic Point 7",
        "x": 15.28,
        "y": 215.0,
        "z": 770.56
    },
    {
        "color": 4294967295,
        "name": "Generic Point 8",
        "x": -169.6,
        "y": 495.57,
        "z": 325.16
    },
    {
        "color": 4294967295,
        "name": "Generic Point 9",
        "x": -716.17,
        "y": 230.57,
        "z": 84.04
    }
]