[
    {
        "color": 4294967295,
        "name": "Generic Point 0",
        "x": 790.555,
        "y": 709.021,
        "z": 226.138
    },
    {
        "color": 4294967295,
        "name": "Generic Point 1",
        "x": 897.436,
        "y": 709.866,
        "z": 228.766
    },
    {
        "color": 4294967295,
        "name": "Generic Point 2",
        "x": 998.709,
        "y": 741.021,
        "z": 400.749
    },
    {
        "color": 4294967295,
        "name": "Generic Point 3",
        "x": 1000.849,
        "y": 740.389,
        "z": 417.258
    },
    {
        "color": 4294967295,
        "name": "Generic Point 4",
        "x": 976.206,
        "y": 1023.64,
        "z": 845.643
    },
    {
        "color": 4294967295,
        "name": "Generic Point 5",
        "x": 991.705,
        "y": 1020.711,
        "z": 856.259
    }
]