[
    {
        "color": 4294967295,
        "name": "nopuzle 0",
        "x": -1788.1085205078,
        "y": 98.446159362793,
        "z": 9299.998046875
    },
    {
        "color": 4294967295,
        "name": "nopuzle 1",
        "x": -1706.9656982422,
        "y": 187.69889831543,
        "z": 9677.8203125
    },
    {
        "color": 4294967295,
        "name": "nopuzle 10",
        "x": -1388.3818359375,
        "y": 100.6678314209,
        "z": 9760.6103515625
    },
    {
        "color": 4294967295,
        "name": "nopuzle 11",
        "x": -1821.9439697266,
        "y": 155.4553527832,
        "z": 9457.541015625
    },
    {
        "color": 4294967295,
        "name": "nopuzle 12",
        "x": -1381.6528320313,
        "y": 277.21453857422,
        "z": 9382.0615234375
    },
    {
        "color": 4294967295,
        "name": "nopuzle 13",
        "x": -1205.8325195313,
        "y": 327.44003295898,
        "z": 9483.203125
    },
    {
        "color": 4294967295,
        "name": "nopuzle 14",
        "x": -1090.9434814453,
        "y": 276.57894897461,
        "z": 9400.8076171875
    },
    {
        "color": 4294967295,
        "name": "nopuzle 15",
        "x": -1014.7698364258,
        "y": 265.41354370117,
        "z": 9635.28125
    },
    {
        "color": 4294967295,
        "name": "nopuzle 16",
        "x": -1143.7022705078,
        "y": 206.81256103516,
        "z": 9844.470703125
    },
    {
        "color": 4294967295,
        "name": "nopuzle 17",
        "x": -744.48986816406,
        "y": 253.25370788574,
        "z": 9594.16015625
    },
    {
        "color": 4294967295,
        "name": "nopuzle 18",
        "x": -605.36962890625,
        "y": 377.90625,
        "z": 9120.2783203125
    },
    {
        "color": 4294967295,
        "name": "nopuzle 19",
        "x": -322.54095458984,
        "y": 262.54531860352,
        "z": 9093.7890625
    },
    {
        "color": 4294967295,
        "name": "nopuzle 2",
        "x": -1775.1833496094,
        "y": 162.72541809082,
        "z": 9621.337890625
    },
    {
        "color": 4294967295,
        "name": "nopuzle 20",
        "x": -376.23547363281,
        "y": 224.19749450684,
        "z": 9396.8974609375
    },
    {
        "color": 4294967295,
        "name": "nopuzle 21",
        "x": 194.76483154297,
        "y": 336.10284423828,
        "z": 9648.919921875
    },
    {
        "color": 4294967295,
        "name": "nopuzle 22",
        "x": -1580.3719482422,
        "y": 98.466751098633,
        "z": 9386.259765625
    },
    {
        "color": 4294967295,
        "name": "nopuzle 23",
        "x": 223.76049804688,
        "y": 252.85917663574,
        "z": 9645.3740234375
    },
    {
        "color": 4294967295,
        "name": "nopuzle 24",
        "x": -137.80513000488,
        "y": 210.25076293945,
        "z": 9877.341796875
    },
    {
        "color": 4294967295,
        "name": "nopuzle 25",
        "x": -207.63452148438,
        "y": 287.06076049805,
        "z": 9846.94921875
    },
    {
        "color": 4294967295,
        "name": "nopuzle 26",
        "x": -155.5343170166,
        "y": 501.40957641602,
        "z": 9999.005859375
    },
    {
        "color": 4294967295,
        "name": "nopuzle 27",
        "x": -36.249435424805,
        "y": 699.36578369141,
        "z": 9853.416015625
    },
    {
        "color": 4294967295,
        "name": "nopuzle 28",
        "x": -193.49975585938,
        "y": 499.66677856445,
        "z": 10072.690429688
    },
    {
        "color": 4294967295,
        "name": "nopuzle 29",
        "x": -123.6470489502,
        "y": 397.61807250977,
        "z": 10144.29296875
    },
    {
        "color": 4294967295,
        "name": "nopuzle 3",
        "x": -1822.1208496094,
        "y": 158.34089660645,
        "z": 9726.375
    },
    {
        "color": 4294967295,
        "name": "nopuzle 30",
        "x": -153.45999145508,
        "y": 205.08616638184,
        "z": 10305.823242188
    },
    {
        "color": 4294967295,
        "name": "nopuzle 31",
        "x": -192.13031005859,
        "y": 299.63055419922,
        "z": 10379.546875
    },
    {
        "color": 4294967295,
        "name": "nopuzle 32",
        "x": -424.89584350586,
        "y": 394.59375,
        "z": 10285.080078125
    },
    {
        "color": 4294967295,
        "name": "nopuzle 33",
        "x": -1688.6317138672,
        "y": 67.263832092285,
        "z": 9392.990234375
    },
    {
        "color": 4294967295,
        "name": "nopuzle 34",
        "x": -330.28900146484,
        "y": 217.83108520508,
        "z": 10137.227539063
    },
    {
        "color": 4294967295,
        "name": "nopuzle 35",
        "x": -255.47131347656,
        "y": 334.08380126953,
        "z": 10029.321289063
    },
    {
        "color": 4294967295,
        "name": "nopuzle 36",
        "x": -344.56402587891,
        "y": 291.80590820313,
        "z": 9979.0791015625
    },
    {
        "color": 4294967295,
        "name": "nopuzle 37",
        "x": -372.64376831055,
        "y": 288.04037475586,
        "z": 9876.3916015625
    },
    {
        "color": 4294967295,
        "name": "nopuzle 38",
        "x": -426.44055175781,
        "y": 241.09576416016,
        "z": 9900.5166015625
    },
    {
        "color": 4294967295,
        "name": "nopuzle 39",
        "x": -295.22775268555,
        "y": 6.9089136123657,
        "z": 9779.0888671875
    },
    {
        "color": 4294967295,
        "name": "nopuzle 4",
        "x": -1819.0571289063,
        "y": 184.1911315918,
        "z": 9831.2138671875
    },
    {
        "color": 4294967295,
        "name": "nopuzle 40",
        "x": -122.95027160645,
        "y": 340.76129150391,
        "z": 10105.03125
    },
    {
        "color": 4294967295,
        "name": "nopuzle 41",
        "x": -107.35731506348,
        "y": 334.27597045898,
        "z": 10033.208984375
    },
    {
        "color": 4294967295,
        "name": "nopuzle 42",
        "x": -113.72708892822,
        "y": 335.16287231445,
        "z": 10089.77734375
    },
    {
        "color": 4294967295,
        "name": "nopuzle 43",
        "x": -1619.5323486328,
        "y": 221.38182067871,
        "z": 10587.1875
    },
    {
        "color": 4294967295,
        "name": "nopuzle 44",
        "x": -1429.6407470703,
        "y": 166.27749633789,
        "z": 9490.4765625
    },
    {
        "color": 4294967295,
        "name": "nopuzle 45",
        "x": -1468.8610839844,
        "y": 253.09376525879,
        "z": 10813.340820313
    },
    {
        "color": 4294967295,
        "name": "nopuzle 46",
        "x": -385.42483520508,
        "y": 81.623718261719,
        "z": 10294.415039063
    },
    {
        "color": 4294967295,
        "name": "nopuzle 47",
        "x": -1415.8813476563,
        "y": 22.119100570679,
        "z": 9208.3125
    },
    {
        "color": 4294967295,
        "name": "nopuzle 48",
        "x": -1552.7703857422,
        "y": 47.46231842041,
        "z": 9571.6455078125
    },
    {
        "color": 4294967295,
        "name": "nopuzle 49",
        "x": -1531.3760986328,
        "y": 318.16006469727,
        "z": 9687.3115234375
    },
    {
        "color": 4294967295,
        "name": "nopuzle 5",
        "x": -1912.0554199219,
        "y": 207.35539245605,
        "z": 9910.337890625
    },
    {
        "color": 4294967295,
        "name": "nopuzle 50",
        "x": -1691.2247314453,
        "y": 133.43891906738,
        "z": 9738.076171875
    },
    {
        "color": 4294967295,
        "name": "nopuzle 51",
        "x": -1669.7912597656,
        "y": 103.05308532715,
        "z": 9657.203125
    },
    {
        "color": 4294967295,
        "name": "nopuzle 6",
        "x": -1977.8706054688,
        "y": 275.70455932617,
        "z": 9864.818359375
    },
    {
        "color": 4294967295,
        "name": "nopuzle 7",
        "x": -1742.9691162109,
        "y": 231.64038085938,
        "z": 9978.1728515625
    },
    {
        "color": 4294967295,
        "name": "nopuzle 8",
        "x": -1604.6184082031,
        "y": 240.19906616211,
        "z": 9993.5185546875
    },
    {
        "color": 4294967295,
        "name": "nopuzle 9",
        "x": -1455.9104003906,
        "y": 238.23414611816,
        "z": 9771.2265625
    }
]