[
    {
        "color": 4294967295,
        "name": "Generic Point 0",
        "x": 2855.64453125,
        "y": 274.8755187988281,
        "z": -1553.72802734375
    },
    {
        "color": 4294967295,
        "name": "Generic Point 1",
        "x": 2232.203125,
        "y": 234.0746307373047,
        "z": -1373.5712890625
    },
    {
        "color": 4294967295,
        "name": "Generic Point 2",
        "x": 2197.1171875,
        "y": 245.83351135253906,
        "z": -417.98687744140625
    }
]