[
    {
        "color": 4294967295,
        "name": "Generic Point 0",
        "x": 2708.33203125,
        "y": 249.0247802734375,
        "z": -1225.782470703125
    },
    {
        "color": 4294967295,
        "name": "Generic Point 1",
        "x": 2410.187744140625,
        "y": 208.45672607421875,
        "z": -1189.791748046875
    },
    {
        "color": 4294967295,
        "name": "Generic Point 2",
        "x": 2429.778076171875,
        "y": 209.95591735839844,
        "z": -1111.522216796875
    },
    {
        "color": 4294967295,
        "name": "Generic Point 3",
        "x": 2145.70556640625,
        "y": 219.51832580566406,
        "z": -494.63592529296875
    },
    {
        "color": 4294967295,
        "name": "Generic Point 4",
        "x": 2280.966796875,
        "y": 271.9361572265625,
        "z": -237.70431518554688
    },
    {
        "color": 4294967295,
        "name": "Generic Point 5",
        "x": 2379.84619140625,
        "y": 295.74407958984375,
        "z": -313.7754821777344
    },
    {
        "color": 4294967295,
        "name": "Generic Point 6",
        "x": 2476.11865234375,
        "y": 211.48670959472656,
        "z": -416.90673828125
    },
    {
        "color": 4294967295,
        "name": "Generic Point 7",
        "x": 2565.019287109375,
        "y": 201.02830505371094,
        "z": 365.96661376953125
    },
    {
        "color": 4294967295,
        "name": "Generic Point 8",
        "x": 2797.426513671875,
        "y": 208.87806701660156,
        "z": 158.05758666992188
    },
    {
        "color": 4294967295,
        "name": "Generic Point 9",
        "x": 2934.084716796875,
        "y": 213.6306610107422,
        "z": 177.18930053710938
    }
]