[
    {
        "color": 4294967295,
        "name": "Generic Point 0",
        "x": 1584.92,
        "y": 288.72,
        "z": -1084.44
    },
    {
        "color": 4294967295,
        "name": "Generic Point 1",
        "x": 1154.12,
        "y": 349.84,
        "z": -1032.13
    },
    {
        "color": 4294967295,
        "name": "Generic Point 2",
        "x": 1098.55,
        "y": 400.74,
        "z": -655.8
    },
    {
        "color": 4294967295,
        "name": "Generic Point 3",
        "x": 1108.65,
        "y": 405.97,
        "z": -916.18
    },
    {
        "color": 4294967295,
        "name": "Generic Point 4",
        "x": 1113.48,
        "y": 404.91,
        "z": -916.37
    }
]