[
    {
        "color": 4294967295,
        "name": "Generic Point 0",
        "x": 955.7,
        "y": 212.47,
        "z": 666.35
    },
    {
        "color": 4294967295,
        "name": "Generic Point 1",
        "x": 2596.39,
        "y": 228.4,
        "z": -1120.43
    },
    {
        "color": 4294967295,
        "name": "Generic Point 10",
        "x": 2209.79,
        "y": 280.15,
        "z": -200.86
    },
    {
        "color": 4294967295,
        "name": "Generic Point 11",
        "x": 992.8,
        "y": 202.95,
        "z": 653.04
    },
    {
        "color": 4294967295,
        "name": "Generic Point 12",
        "x": 2538.82,
        "y": 216.84,
        "z": -1398.31
    },
    {
        "color": 4294967295,
        "name": "Generic Point 13",
        "x": 2346.33,
        "y": 278.73,
        "z": -391.85
    },
    {
        "color": 4294967295,
        "name": "Generic Point 14",
        "x": 1552.7,
        "y": 231.96,
        "z": 793.99
    },
    {
        "color": 4294967295,
        "name": "Generic Point 15",
        "x": 1688.88,
        "y": 269.45,
        "z": 230.98
    },
    {
        "color": 4294967295,
        "name": "Generic Point 16",
        "x": 2104.99,
        "y": 223.29,
        "z": -1255.95
    },
    {
        "color": 4294967295,
        "name": "Generic Point 17",
        "x": 1737.69,
        "y": 264.01,
        "z": -1226.78
    },
    {
        "color": 4294967295,
        "name": "Generic Point 18",
        "x": 2721.87,
        "y": 278.95,
        "z": -1271.23
    },
    {
        "color": 4294967295,
        "name": "Generic Point 2",
        "x": 1923.18,
        "y": 200.69,
        "z": -1136.07
    },
    {
        "color": 4294967295,
        "name": "Generic Point 3",
        "x": 630.79,
        "y": 226.6,
        "z": 790.08
    },
    {
        "color": 4294967295,
        "name": "Generic Point 4",
        "x": 2715.77,
        "y": 235.75,
        "z": -1101.83
    },
    {
        "color": 4294967295,
        "name": "Generic Point 5",
        "x": 2365.88,
        "y": 226.55,
        "z": -1194.92
    },
    {
        "color": 4294967295,
        "name": "Generic Point 6",
        "x": 1772.63,
        "y": 213.65,
        "z": -496.87
    },
    {
        "color": 4294967295,
        "name": "Generic Point 7",
        "x": 2211.14,
        "y": 280.03,
        "z": -202.08
    },
    {
        "color": 4294967295,
        "name": "Generic Point 8",
        "x": 1539.97,
        "y": 277.2,
        "z": 369.17
    },
    {
        "color": 4294967295,
        "name": "Generic Point 9",
        "x": 2232.82,
        "y": 243.42,
        "z": -519.12
    }
]