[
    {
        "color": 4294967295,
        "name": "Generic Point 0",
        "x": 1036.4639892578125,
        "y": 351.0380859375,
        "z": 1690.0179443359375
    },
    {
        "color": 4294967295,
        "name": "Generic Point 1",
        "x": 1536.8255615234375,
        "y": 260.68292236328125,
        "z": 118.55488586425781
    },
    {
        "color": 4294967295,
        "name": "Generic Point 10",
        "x": 1563.3546142578125,
        "y": 225.1780242919922,
        "z": 1202.0079345703125
    },
    {
        "color": 4294967295,
        "name": "Generic Point 11",
        "x": 1457.913818359375,
        "y": 244.17796325683594,
        "z": 1279.4755859375
    },
    {
        "color": 4294967295,
        "name": "Generic Point 12",
        "x": 1714.649169921875,
        "y": 205.94761657714844,
        "z": 77.74739074707031
    },
    {
        "color": 4294967295,
        "name": "Generic Point 13",
        "x": 1290.7581787109375,
        "y": 213.85960388183594,
        "z": 1045.9873046875
    },
    {
        "color": 4294967295,
        "name": "Generic Point 14",
        "x": 940.9555053710938,
        "y": 249.51919555664062,
        "z": 778.272705078125
    },
    {
        "color": 4294967295,
        "name": "Generic Point 15",
        "x": 751.4242553710938,
        "y": 230.05186462402344,
        "z": 730.560791015625
    },
    {
        "color": 4294967295,
        "name": "Generic Point 16",
        "x": 577.6390991210938,
        "y": 183.04251098632812,
        "z": 1188.0341796875
    },
    {
        "color": 4294967295,
        "name": "Generic Point 17",
        "x": 805.6549072265625,
        "y": 268.62823486328125,
        "z": 1314.947509765625
    },
    {
        "color": 4294967295,
        "name": "Generic Point 18",
        "x": 696.857421875,
        "y": 374.82305908203125,
        "z": 1462.0587158203125
    },
    {
        "color": 4294967295,
        "name": "Generic Point 19",
        "x": 742.9371337890625,
        "y": 327.9525451660156,
        "z": 1558.677734375
    },
    {
        "color": 4294967295,
        "name": "Generic Point 2",
        "x": -257.9546813964844,
        "y": 265.80377197265625,
        "z": 717.0814208984375
    },
    {
        "color": 4294967295,
        "name": "Generic Point 20",
        "x": 868.5089721679688,
        "y": 428.04693603515625,
        "z": 1442.02587890625
    },
    {
        "color": 4294967295,
        "name": "Generic Point 21",
        "x": 910.833740234375,
        "y": 373.6656494140625,
        "z": 1452.3739013671875
    },
    {
        "color": 4294967295,
        "name": "Generic Point 22",
        "x": 987.869384765625,
        "y": 364.32220458984375,
        "z": 1482.868408203125
    },
    {
        "color": 4294967295,
        "name": "Generic Point 23",
        "x": 889.69384765625,
        "y": 262.8986511230469,
        "z": -90.29521179199219
    },
    {
        "color": 4294967295,
        "name": "Generic Point 24",
        "x": 1108.85009765625,
        "y": 350.3149719238281,
        "z": 1541.8294677734375
    },
    {
        "color": 4294967295,
        "name": "Generic Point 25",
        "x": 976.552734375,
        "y": 306.0003356933594,
        "z": 1274.450927734375
    },
    {
        "color": 4294967295,
        "name": "Generic Point 26",
        "x": 921.065185546875,
        "y": 277.501220703125,
        "z": 1542.161376953125
    },
    {
        "color": 4294967295,
        "name": "Generic Point 27",
        "x": 702.6644287109375,
        "y": 246.9611358642578,
        "z": 1634.330322265625
    },
    {
        "color": 4294967295,
        "name": "Generic Point 28",
        "x": 744.52685546875,
        "y": 391.0453186035156,
        "z": 1876.724853515625
    },
    {
        "color": 4294967295,
        "name": "Generic Point 29",
        "x": 843.3663330078125,
        "y": 250.14076232910156,
        "z": 1741.355224609375
    },
    {
        "color": 4294967295,
        "name": "Generic Point 3",
        "x": 37.61932373046875,
        "y": 206.9409942626953,
        "z": 534.798828125
    },
    {
        "color": 4294967295,
        "name": "Generic Point 30",
        "x": 540.794189453125,
        "y": 233.9966278076172,
        "z": 1738.8040771484375
    },
    {
        "color": 4294967295,
        "name": "Generic Point 31",
        "x": 293.98297119140625,
        "y": 233.68572998046875,
        "z": 969.5180053710938
    },
    {
        "color": 4294967295,
        "name": "Generic Point 32",
        "x": 89.84378051757812,
        "y": 226.41091918945312,
        "z": 1136.3839111328125
    },
    {
        "color": 4294967295,
        "name": "Generic Point 33",
        "x": 443.5350036621094,
        "y": 207.91476440429688,
        "z": 108.8197021484375
    },
    {
        "color": 4294967295,
        "name": "Generic Point 34",
        "x": 156.7652130126953,
        "y": 189.1014404296875,
        "z": 1287.0345458984375
    },
    {
        "color": 4294967295,
        "name": "Generic Point 35",
        "x": 119.87077331542969,
        "y": 194.97206115722656,
        "z": 1420.90380859375
    },
    {
        "color": 4294967295,
        "name": "Generic Point 36",
        "x": 193.68739318847656,
        "y": 227.703857421875,
        "z": 1395.5194091796875
    },
    {
        "color": 4294967295,
        "name": "Generic Point 37",
        "x": -111.11267852783203,
        "y": 230.25926208496094,
        "z": 1211.0028076171875
    },
    {
        "color": 4294967295,
        "name": "Generic Point 38",
        "x": -97.28085327148438,
        "y": 252.47303771972656,
        "z": 1127.5989990234375
    },
    {
        "color": 4294967295,
        "name": "Generic Point 39",
        "x": -276.9109802246094,
        "y": 233.30410766601562,
        "z": 943.712646484375
    },
    {
        "color": 4294967295,
        "name": "Generic Point 4",
        "x": -55.477149963378906,
        "y": 291.5014953613281,
        "z": 45.97405242919922
    },
    {
        "color": 4294967295,
        "name": "Generic Point 40",
        "x": -302.0963134765625,
        "y": 267.57427978515625,
        "z": 1034.6187744140625
    },
    {
        "color": 4294967295,
        "name": "Generic Point 41",
        "x": -120.12689208984375,
        "y": 187.93539428710938,
        "z": 962.08349609375
    },
    {
        "color": 4294967295,
        "name": "Generic Point 42",
        "x": -582.7136840820312,
        "y": 310.67437744140625,
        "z": 838.38916015625
    },
    {
        "color": 4294967295,
        "name": "Generic Point 43",
        "x": -691.4910278320312,
        "y": 210.9361114501953,
        "z": 931.4071655273438
    },
    {
        "color": 4294967295,
        "name": "Generic Point 44",
        "x": 598.7874755859375,
        "y": 211.74176025390625,
        "z": -497.49542236328125
    },
    {
        "color": 4294967295,
        "name": "Generic Point 45",
        "x": -961.3231811523438,
        "y": 215.8732452392578,
        "z": 807.3484497070312
    },
    {
        "color": 4294967295,
        "name": "Generic Point 46",
        "x": -792.33740234375,
        "y": 228.17868041992188,
        "z": 955.0966186523438
    },
    {
        "color": 4294967295,
        "name": "Generic Point 47",
        "x": -746.0695190429688,
        "y": 168.37937927246094,
        "z": 1060.79833984375
    },
    {
        "color": 4294967295,
        "name": "Generic Point 48",
        "x": -700.96240234375,
        "y": 211.7180938720703,
        "z": 1154.32666015625
    },
    {
        "color": 4294967295,
        "name": "Generic Point 49",
        "x": -918.5389404296875,
        "y": 157.0240478515625,
        "z": 1325.72900390625
    },
    {
        "color": 4294967295,
        "name": "Generic Point 5",
        "x": 280.64093017578125,
        "y": 219.50709533691406,
        "z": 100.66626739501953
    },
    {
        "color": 4294967295,
        "name": "Generic Point 50",
        "x": 8.836570739746094,
        "y": 287.1778869628906,
        "z": 1678.442138671875
    },
    {
        "color": 4294967295,
        "name": "Generic Point 51",
        "x": 603.967041015625,
        "y": 300.5241394042969,
        "z": -209.8016815185547
    },
    {
        "color": 4294967295,
        "name": "Generic Point 52",
        "x": 572.5316772460938,
        "y": 255.54684448242188,
        "z": -239.53797912597656
    },
    {
        "color": 4294967295,
        "name": "Generic Point 53",
        "x": -107.34375762939453,
        "y": 205.21278381347656,
        "z": -618.5374145507812
    },
    {
        "color": 4294967295,
        "name": "Generic Point 54",
        "x": -357.8500061035156,
        "y": 208.96841430664062,
        "z": -742.2443237304688
    },
    {
        "color": 4294967295,
        "name": "Generic Point 6",
        "x": 565.6998291015625,
        "y": 207.91941833496094,
        "z": 455.70623779296875
    },
    {
        "color": 4294967295,
        "name": "Generic Point 7",
        "x": 441.94403076171875,
        "y": 215.05979919433594,
        "z": 287.3004150390625
    },
    {
        "color": 4294967295,
        "name": "Generic Point 8",
        "x": 1307.17138671875,
        "y": 208.25119018554688,
        "z": 336.9033203125
    },
    {
        "color": 4294967295,
        "name": "Generic Point 9",
        "x": 1047.9605712890625,
        "y": 210.5535430908203,
        "z": 264.8407287597656
    }
]