[
    {
        "color": 4294967295,
        "name": "Generic Point 0",
        "x": 1758.068115234375,
        "y": 255.24676513671875,
        "z": -1195.84228515625
    },
    {
        "color": 4294967295,
        "name": "Generic Point 1",
        "x": 1665.2181396484375,
        "y": 293.6385803222656,
        "z": -895.957275390625
    },
    {
        "color": 4294967295,
        "name": "Generic Point 10",
        "x": 1313.44580078125,
        "y": 201.96275329589844,
        "z": 1035.9345703125
    },
    {
        "color": 4294967295,
        "name": "Generic Point 11",
        "x": 1247.5157470703125,
        "y": 201.68894958496094,
        "z": 908.1808471679688
    },
    {
        "color": 4294967295,
        "name": "Generic Point 12",
        "x": 1064.7926025390625,
        "y": 201.99761962890625,
        "z": 754.1024780273438
    },
    {
        "color": 4294967295,
        "name": "Generic Point 13",
        "x": 989.6882934570312,
        "y": 225.14315795898438,
        "z": 715.10693359375
    },
    {
        "color": 4294967295,
        "name": "Generic Point 14",
        "x": 986.77734375,
        "y": 269.0247802734375,
        "z": 1076.5633544921875
    },
    {
        "color": 4294967295,
        "name": "Generic Point 15",
        "x": 2745.7734375,
        "y": 260.0625305175781,
        "z": -1652.95849609375
    },
    {
        "color": 4294967295,
        "name": "Generic Point 16",
        "x": 989.416748046875,
        "y": 345.38177490234375,
        "z": 1497.167236328125
    },
    {
        "color": 4294967295,
        "name": "Generic Point 17",
        "x": 1047.7352294921875,
        "y": 317.5466613769531,
        "z": 1404.9371337890625
    },
    {
        "color": 4294967295,
        "name": "Generic Point 18",
        "x": 780.5755615234375,
        "y": 276.9494934082031,
        "z": 1365.2362060546875
    },
    {
        "color": 4294967295,
        "name": "Generic Point 19",
        "x": 625.1148071289062,
        "y": 294.39447021484375,
        "z": 1418.2166748046875
    },
    {
        "color": 4294967295,
        "name": "Generic Point 2",
        "x": 1590.146240234375,
        "y": 243.1565704345703,
        "z": -273.5005798339844
    },
    {
        "color": 4294967295,
        "name": "Generic Point 20",
        "x": 557.2864990234375,
        "y": 249.4833221435547,
        "z": 1524.46826171875
    },
    {
        "color": 4294967295,
        "name": "Generic Point 21",
        "x": 676.468994140625,
        "y": 243.73031616210938,
        "z": 1583.5687255859375
    },
    {
        "color": 4294967295,
        "name": "Generic Point 22",
        "x": 873.6651611328125,
        "y": 261.79241943359375,
        "z": 1603.3870849609375
    },
    {
        "color": 4294967295,
        "name": "Generic Point 23",
        "x": 730.7520751953125,
        "y": 424.504150390625,
        "z": 1809.6502685546875
    },
    {
        "color": 4294967295,
        "name": "Generic Point 24",
        "x": 7.586639404296875,
        "y": 256.40191650390625,
        "z": 762.5411987304688
    },
    {
        "color": 4294967295,
        "name": "Generic Point 25",
        "x": -589.3460693359375,
        "y": 211.44386291503906,
        "z": 901.7926025390625
    },
    {
        "color": 4294967295,
        "name": "Generic Point 26",
        "x": 148.2235565185547,
        "y": 240.52748107910156,
        "z": 144.66819763183594
    },
    {
        "color": 4294967295,
        "name": "Generic Point 27",
        "x": 610.4307250976562,
        "y": 311.6446838378906,
        "z": -289.6031494140625
    },
    {
        "color": 4294967295,
        "name": "Generic Point 28",
        "x": -143.0530548095703,
        "y": 201.35594177246094,
        "z": -545.16845703125
    },
    {
        "color": 4294967295,
        "name": "Generic Point 29",
        "x": -2928.644775390625,
        "y": 204.2852325439453,
        "z": -4213.7841796875
    },
    {
        "color": 4294967295,
        "name": "Generic Point 3",
        "x": 1487.47265625,
        "y": 262.85406494140625,
        "z": -110.19108581542969
    },
    {
        "color": 4294967295,
        "name": "Generic Point 30",
        "x": 2046.9970703125,
        "y": 225.18051147460938,
        "z": -1581.4468994140625
    },
    {
        "color": 4294967295,
        "name": "Generic Point 31",
        "x": -2828.61572265625,
        "y": 220.48744201660156,
        "z": -4579.66796875
    },
    {
        "color": 4294967295,
        "name": "Generic Point 32",
        "x": -3633.044677734375,
        "y": 243.41598510742188,
        "z": -3231.39453125
    },
    {
        "color": 4294967295,
        "name": "Generic Point 33",
        "x": -3616.923095703125,
        "y": 240.86456298828125,
        "z": -3233.521728515625
    },
    {
        "color": 4294967295,
        "name": "Generic Point 34",
        "x": -3622.106689453125,
        "y": 246.07371520996094,
        "z": -3247.7392578125
    },
    {
        "color": 4294967295,
        "name": "Generic Point 35",
        "x": -3716.654296875,
        "y": 297.8048400878906,
        "z": -3104.2431640625
    },
    {
        "color": 4294967295,
        "name": "Generic Point 36",
        "x": -3702.5712890625,
        "y": 294.6112365722656,
        "z": -3102.7080078125
    },
    {
        "color": 4294967295,
        "name": "Generic Point 37",
        "x": -3938.814208984375,
        "y": 232.4427947998047,
        "z": -2154.884765625
    },
    {
        "color": 4294967295,
        "name": "Generic Point 38",
        "x": -3957.95458984375,
        "y": 208.02188110351562,
        "z": -2072.0703125
    },
    {
        "color": 4294967295,
        "name": "Generic Point 39",
        "x": -3961.150634765625,
        "y": 208.43826293945312,
        "z": -2083.7021484375
    },
    {
        "color": 4294967295,
        "name": "Generic Point 4",
        "x": 1690.766357421875,
        "y": 207.20709228515625,
        "z": -225.69700622558594
    },
    {
        "color": 4294967295,
        "name": "Generic Point 40",
        "x": -3560.273193359375,
        "y": 215.5547332763672,
        "z": -657.7324829101562
    },
    {
        "color": 4294967295,
        "name": "Generic Point 41",
        "x": -3572.6904296875,
        "y": 206.83238220214844,
        "z": -607.52587890625
    },
    {
        "color": 4294967295,
        "name": "Generic Point 42",
        "x": -4040.501220703125,
        "y": 216.29888916015625,
        "z": -662.3665771484375
    },
    {
        "color": 4294967295,
        "name": "Generic Point 43",
        "x": -4111.9765625,
        "y": 201.18690490722656,
        "z": -814.0786743164062
    },
    {
        "color": 4294967295,
        "name": "Generic Point 44",
        "x": -3982.15673828125,
        "y": 213.3006134033203,
        "z": -1046.3988037109375
    },
    {
        "color": 4294967295,
        "name": "Generic Point 45",
        "x": -3829.8974609375,
        "y": 201.62843322753906,
        "z": -1274.4376220703125
    },
    {
        "color": 4294967295,
        "name": "Generic Point 46",
        "x": -4630.14453125,
        "y": 201.69439697265625,
        "z": -3720.91064453125
    },
    {
        "color": 4294967295,
        "name": "Generic Point 47",
        "x": -4536.62451171875,
        "y": 210.79476928710938,
        "z": -3800.062744140625
    },
    {
        "color": 4294967295,
        "name": "Generic Point 48",
        "x": -4256.4482421875,
        "y": 211.8775634765625,
        "z": -3897.4677734375
    },
    {
        "color": 4294967295,
        "name": "Generic Point 49",
        "x": -4167.68701171875,
        "y": 201.829345703125,
        "z": -3813.7490234375
    },
    {
        "color": 4294967295,
        "name": "Generic Point 5",
        "x": 1330.9356689453125,
        "y": 201.62110900878906,
        "z": 557.5991821289062
    },
    {
        "color": 4294967295,
        "name": "Generic Point 50",
        "x": -4253.9072265625,
        "y": 204.5465545654297,
        "z": -4101.4345703125
    },
    {
        "color": 4294967295,
        "name": "Generic Point 51",
        "x": -4322.52587890625,
        "y": 201.62200927734375,
        "z": -4077.546875
    },
    {
        "color": 4294967295,
        "name": "Generic Point 52",
        "x": -4215.1591796875,
        "y": 204.5353240966797,
        "z": -4477.25537109375
    },
    {
        "color": 4294967295,
        "name": "Generic Point 53",
        "x": -6243.4775390625,
        "y": 204.3272247314453,
        "z": -3091.02197265625
    },
    {
        "color": 4294967295,
        "name": "Generic Point 54",
        "x": -6495.69775390625,
        "y": 246.57843017578125,
        "z": -2590.9130859375
    },
    {
        "color": 4294967295,
        "name": "Generic Point 55",
        "x": -6084.2138671875,
        "y": 203.17787170410156,
        "z": -2720.222412109375
    },
    {
        "color": 4294967295,
        "name": "Generic Point 56",
        "x": -6117.57373046875,
        "y": 202.79931640625,
        "z": -2542.316162109375
    },
    {
        "color": 4294967295,
        "name": "Generic Point 57",
        "x": -607.6742553710938,
        "y": 285.2563781738281,
        "z": 2231.963134765625
    },
    {
        "color": 4294967295,
        "name": "Generic Point 58",
        "x": -699.9972534179688,
        "y": 200.98373413085938,
        "z": 2925.917236328125
    },
    {
        "color": 4294967295,
        "name": "Generic Point 59",
        "x": -643.22998046875,
        "y": 162.8299102783203,
        "z": 2730.576904296875
    },
    {
        "color": 4294967295,
        "name": "Generic Point 6",
        "x": 1516.751953125,
        "y": 241.9744110107422,
        "z": 476.3323059082031
    },
    {
        "color": 4294967295,
        "name": "Generic Point 60",
        "x": -200.8994903564453,
        "y": 200.9871368408203,
        "z": 2723.75244140625
    },
    {
        "color": 4294967295,
        "name": "Generic Point 7",
        "x": 1754.53857421875,
        "y": 217.62637329101562,
        "z": 853.1121215820312
    },
    {
        "color": 4294967295,
        "name": "Generic Point 8",
        "x": 1440.00732421875,
        "y": 224.7359619140625,
        "z": 1166.539794921875
    },
    {
        "color": 4294967295,
        "name": "Generic Point 9",
        "x": 1363.174072265625,
        "y": 235.60552978515625,
        "z": 1186.604736328125
    }
]