[
    {
        "color": 4294967295,
        "name": "Generic Point 0",
        "x": -665.5443725585938,
        "y": 150.87831115722656,
        "z": 4739.3447265625
    },
    {
        "color": 4294967295,
        "name": "Generic Point 1",
        "x": -859.8687744140625,
        "y": 81.59365844726562,
        "z": 4418.6416015625
    },
    {
        "color": 4294967295,
        "name": "Generic Point 10",
        "x": -1453.8975830078125,
        "y": 53.590431213378906,
        "z": 5040.0634765625
    },
    {
        "color": 4294967295,
        "name": "Generic Point 100",
        "x": -410.73126220703125,
        "y": 184.51168823242188,
        "z": 4835.8984375
    },
    {
        "color": 4294967295,
        "name": "Generic Point 101",
        "x": -281.3354187011719,
        "y": 213.47097778320312,
        "z": 5011.21728515625
    },
    {
        "color": 4294967295,
        "name": "Generic Point 102",
        "x": -732.6488037109375,
        "y": 133.025146484375,
        "z": 4208.99169921875
    },
    {
        "color": 4294967295,
        "name": "Generic Point 103",
        "x": -74.0118408203125,
        "y": 33.59072494506836,
        "z": 5013.68798828125
    },
    {
        "color": 4294967295,
        "name": "Generic Point 104",
        "x": -368.81378173828125,
        "y": 221.64051818847656,
        "z": 5170.53173828125
    },
    {
        "color": 4294967295,
        "name": "Generic Point 105",
        "x": -535.4750366210938,
        "y": 227.0360107421875,
        "z": 5094.98046875
    },
    {
        "color": 4294967295,
        "name": "Generic Point 106",
        "x": -522.9856567382812,
        "y": 239.18357849121094,
        "z": 5078.095703125
    },
    {
        "color": 4294967295,
        "name": "Generic Point 107",
        "x": -817.46728515625,
        "y": 143.84811401367188,
        "z": 4262.3681640625
    },
    {
        "color": 4294967295,
        "name": "Generic Point 108",
        "x": -729.3753662109375,
        "y": 245.42507934570312,
        "z": 5047.7490234375
    },
    {
        "color": 4294967295,
        "name": "Generic Point 109",
        "x": -936.8209838867188,
        "y": 178.99514770507812,
        "z": 4964.04248046875
    },
    {
        "color": 4294967295,
        "name": "Generic Point 11",
        "x": -892.68505859375,
        "y": 55.76242446899414,
        "z": 4579.6064453125
    },
    {
        "color": 4294967295,
        "name": "Generic Point 110",
        "x": -1246.10302734375,
        "y": 72.78984832763672,
        "z": 5134.1982421875
    },
    {
        "color": 4294967295,
        "name": "Generic Point 111",
        "x": -1161.100830078125,
        "y": 103.8921127319336,
        "z": 5051.6640625
    },
    {
        "color": 4294967295,
        "name": "Generic Point 112",
        "x": -986.75634765625,
        "y": 130.1439208984375,
        "z": 5056.2509765625
    },
    {
        "color": 4294967295,
        "name": "Generic Point 113",
        "x": -919.9822998046875,
        "y": 170.90516662597656,
        "z": 4284.5908203125
    },
    {
        "color": 4294967295,
        "name": "Generic Point 114",
        "x": -1029.548828125,
        "y": 87.13162994384766,
        "z": 4980.1845703125
    },
    {
        "color": 4294967295,
        "name": "Generic Point 115",
        "x": -1232.7325439453125,
        "y": 85.31952667236328,
        "z": 5009.21142578125
    },
    {
        "color": 4294967295,
        "name": "Generic Point 116",
        "x": -497.8914489746094,
        "y": 168.66488647460938,
        "z": 5588.4736328125
    },
    {
        "color": 4294967295,
        "name": "Generic Point 117",
        "x": -526.4210815429688,
        "y": 206.8829345703125,
        "z": 5443.5703125
    },
    {
        "color": 4294967295,
        "name": "Generic Point 12",
        "x": -1348.936279296875,
        "y": 56.08658218383789,
        "z": 5043.71337890625
    },
    {
        "color": 4294967295,
        "name": "Generic Point 13",
        "x": -1338.586181640625,
        "y": 83.637451171875,
        "z": 4898.7978515625
    },
    {
        "color": 4294967295,
        "name": "Generic Point 14",
        "x": -1186.396240234375,
        "y": 112.03887176513672,
        "z": 4861.9931640625
    },
    {
        "color": 4294967295,
        "name": "Generic Point 15",
        "x": -1102.9512939453125,
        "y": 134.24404907226562,
        "z": 4908.10009765625
    },
    {
        "color": 4294967295,
        "name": "Generic Point 16",
        "x": -1266.7857666015625,
        "y": 64.3681869506836,
        "z": 4802.30078125
    },
    {
        "color": 4294967295,
        "name": "Generic Point 17",
        "x": -836.083251953125,
        "y": 70.42498016357422,
        "z": 4655.037109375
    },
    {
        "color": 4294967295,
        "name": "Generic Point 18",
        "x": -1267.221435546875,
        "y": 65.0302505493164,
        "z": 4754.60302734375
    },
    {
        "color": 4294967295,
        "name": "Generic Point 19",
        "x": -1410.205322265625,
        "y": 64.09126281738281,
        "z": 5017.279296875
    },
    {
        "color": 4294967295,
        "name": "Generic Point 2",
        "x": -336.6185302734375,
        "y": 214.63792419433594,
        "z": 5339.6728515625
    },
    {
        "color": 4294967295,
        "name": "Generic Point 20",
        "x": -1304.66455078125,
        "y": -10.377006530761719,
        "z": 5421.1748046875
    },
    {
        "color": 4294967295,
        "name": "Generic Point 21",
        "x": -778.6478271484375,
        "y": 64.26029205322266,
        "z": 4580.75341796875
    },
    {
        "color": 4294967295,
        "name": "Generic Point 22",
        "x": -1362.323486328125,
        "y": 37.75645065307617,
        "z": 5213.04833984375
    },
    {
        "color": 4294967295,
        "name": "Generic Point 23",
        "x": -1309.4024658203125,
        "y": 44.9565544128418,
        "z": 5272.00390625
    },
    {
        "color": 4294967295,
        "name": "Generic Point 24",
        "x": -1222.8958740234375,
        "y": 62.43794631958008,
        "z": 5344.1611328125
    },
    {
        "color": 4294967295,
        "name": "Generic Point 25",
        "x": -1009.0712890625,
        "y": 52.50180435180664,
        "z": 4627.2880859375
    },
    {
        "color": 4294967295,
        "name": "Generic Point 26",
        "x": -1133.44677734375,
        "y": -43.15658187866211,
        "z": 5518.3828125
    },
    {
        "color": 4294967295,
        "name": "Generic Point 27",
        "x": -1873.7083740234375,
        "y": 29.483633041381836,
        "z": 5525.216796875
    },
    {
        "color": 4294967295,
        "name": "Generic Point 28",
        "x": -1961.5291748046875,
        "y": 7.341809272766113,
        "z": 5576.19970703125
    },
    {
        "color": 4294967295,
        "name": "Generic Point 29",
        "x": -1826.260498046875,
        "y": -31.177183151245117,
        "z": 5491.73828125
    },
    {
        "color": 4294967295,
        "name": "Generic Point 3",
        "x": -276.3847961425781,
        "y": 133.75018310546875,
        "z": 5628.427734375
    },
    {
        "color": 4294967295,
        "name": "Generic Point 30",
        "x": -1737.27001953125,
        "y": 10.493244171142578,
        "z": 5559.865234375
    },
    {
        "color": 4294967295,
        "name": "Generic Point 31",
        "x": -1675.0777587890625,
        "y": 10.763091087341309,
        "z": 5541.35498046875
    },
    {
        "color": 4294967295,
        "name": "Generic Point 32",
        "x": -1662.343994140625,
        "y": 27.20231819152832,
        "z": 5607.5390625
    },
    {
        "color": 4294967295,
        "name": "Generic Point 33",
        "x": -1696.8194580078125,
        "y": 11.399810791015625,
        "z": 5714.0771484375
    },
    {
        "color": 4294967295,
        "name": "Generic Point 34",
        "x": -1708.915283203125,
        "y": 7.6308794021606445,
        "z": 5675.935546875
    },
    {
        "color": 4294967295,
        "name": "Generic Point 35",
        "x": -1734.1533203125,
        "y": 24.208694458007812,
        "z": 5584.1806640625
    },
    {
        "color": 4294967295,
        "name": "Generic Point 36",
        "x": -1704.4033203125,
        "y": 24.12514305114746,
        "z": 5771.97705078125
    },
    {
        "color": 4294967295,
        "name": "Generic Point 37",
        "x": -1652.109130859375,
        "y": 24.18745231628418,
        "z": 5805.44482421875
    },
    {
        "color": 4294967295,
        "name": "Generic Point 38",
        "x": -1590.267822265625,
        "y": -20.49258804321289,
        "z": 5816.51416015625
    },
    {
        "color": 4294967295,
        "name": "Generic Point 39",
        "x": -1489.1688232421875,
        "y": 12.249679565429688,
        "z": 5445.8583984375
    },
    {
        "color": 4294967295,
        "name": "Generic Point 4",
        "x": -401.20452880859375,
        "y": 122.72637176513672,
        "z": 5599.251953125
    },
    {
        "color": 4294967295,
        "name": "Generic Point 40",
        "x": -1469.1824951171875,
        "y": 19.63687515258789,
        "z": 5692.7724609375
    },
    {
        "color": 4294967295,
        "name": "Generic Point 41",
        "x": -1397.9697265625,
        "y": -29.033496856689453,
        "z": 5380.3173828125
    },
    {
        "color": 4294967295,
        "name": "Generic Point 42",
        "x": -1253.5888671875,
        "y": -66.85438537597656,
        "z": 5574.12744140625
    },
    {
        "color": 4294967295,
        "name": "Generic Point 43",
        "x": -1107.050048828125,
        "y": -65.05594635009766,
        "z": 5688.25048828125
    },
    {
        "color": 4294967295,
        "name": "Generic Point 44",
        "x": -1277.787353515625,
        "y": 15.993280410766602,
        "z": 5758.66064453125
    },
    {
        "color": 4294967295,
        "name": "Generic Point 45",
        "x": -1393.23828125,
        "y": 69.21278381347656,
        "z": 5490.75927734375
    },
    {
        "color": 4294967295,
        "name": "Generic Point 46",
        "x": -594.115234375,
        "y": 41.48052215576172,
        "z": 5731.98193359375
    },
    {
        "color": 4294967295,
        "name": "Generic Point 47",
        "x": -878.6077270507812,
        "y": -31.353971481323242,
        "z": 5798.2587890625
    },
    {
        "color": 4294967295,
        "name": "Generic Point 48",
        "x": -983.4536743164062,
        "y": -221.5749969482422,
        "z": 5834.60791015625
    },
    {
        "color": 4294967295,
        "name": "Generic Point 49",
        "x": -785.8062744140625,
        "y": 103.04460906982422,
        "z": 4737.53076171875
    },
    {
        "color": 4294967295,
        "name": "Generic Point 5",
        "x": -871.1838989257812,
        "y": 99.09507751464844,
        "z": 5604.77490234375
    },
    {
        "color": 4294967295,
        "name": "Generic Point 50",
        "x": -740.8818969726562,
        "y": -234.74462890625,
        "z": 6010.6220703125
    },
    {
        "color": 4294967295,
        "name": "Generic Point 51",
        "x": -717.8159790039062,
        "y": -228.8124237060547,
        "z": 5810.6650390625
    },
    {
        "color": 4294967295,
        "name": "Generic Point 52",
        "x": -652.4345092773438,
        "y": -216.78158569335938,
        "z": 5831.716796875
    },
    {
        "color": 4294967295,
        "name": "Generic Point 53",
        "x": -792.963134765625,
        "y": 22.0670166015625,
        "z": 5734.0810546875
    },
    {
        "color": 4294967295,
        "name": "Generic Point 54",
        "x": -775.9874267578125,
        "y": 101.72792053222656,
        "z": 4680.5361328125
    },
    {
        "color": 4294967295,
        "name": "Generic Point 55",
        "x": -837.262939453125,
        "y": 111.21334075927734,
        "z": 5955.408203125
    },
    {
        "color": 4294967295,
        "name": "Generic Point 56",
        "x": -750.5623168945312,
        "y": 139.5800018310547,
        "z": 6046.32177734375
    },
    {
        "color": 4294967295,
        "name": "Generic Point 57",
        "x": -596.4100952148438,
        "y": 154.43812561035156,
        "z": 6012.19091796875
    },
    {
        "color": 4294967295,
        "name": "Generic Point 58",
        "x": -534.8984985351562,
        "y": 151.6014862060547,
        "z": 5906.03271484375
    },
    {
        "color": 4294967295,
        "name": "Generic Point 59",
        "x": -690.7233276367188,
        "y": 123.06072235107422,
        "z": 5951.07373046875
    },
    {
        "color": 4294967295,
        "name": "Generic Point 6",
        "x": -660.4589233398438,
        "y": 113.17896270751953,
        "z": 5655.4169921875
    },
    {
        "color": 4294967295,
        "name": "Generic Point 60",
        "x": -825.335693359375,
        "y": -62.10679244995117,
        "z": 5743.29931640625
    },
    {
        "color": 4294967295,
        "name": "Generic Point 61",
        "x": -879.614501953125,
        "y": -28.161134719848633,
        "z": 5902.0869140625
    },
    {
        "color": 4294967295,
        "name": "Generic Point 62",
        "x": -759.1060180664062,
        "y": -87.03426361083984,
        "z": 4882.64794921875
    },
    {
        "color": 4294967295,
        "name": "Generic Point 63",
        "x": -800.567626953125,
        "y": -54.054351806640625,
        "z": 5046.3671875
    },
    {
        "color": 4294967295,
        "name": "Generic Point 64",
        "x": -832.9637451171875,
        "y": -63.508544921875,
        "z": 5057.85546875
    },
    {
        "color": 4294967295,
        "name": "Generic Point 65",
        "x": -843.9387817382812,
        "y": -146.6127166748047,
        "z": 4924.23681640625
    },
    {
        "color": 4294967295,
        "name": "Generic Point 66",
        "x": -554.7238159179688,
        "y": 188.06521606445312,
        "z": 4899.88818359375
    },
    {
        "color": 4294967295,
        "name": "Generic Point 67",
        "x": -981.7241821289062,
        "y": -27.725101470947266,
        "z": 4416.3603515625
    },
    {
        "color": 4294967295,
        "name": "Generic Point 68",
        "x": -1076.8543701171875,
        "y": 29.215679168701172,
        "z": 4452.99853515625
    },
    {
        "color": 4294967295,
        "name": "Generic Point 69",
        "x": -919.58251953125,
        "y": -82.0461196899414,
        "z": 4444.974609375
    },
    {
        "color": 4294967295,
        "name": "Generic Point 7",
        "x": -978.5723876953125,
        "y": 62.93029022216797,
        "z": 4515.8798828125
    },
    {
        "color": 4294967295,
        "name": "Generic Point 70",
        "x": -789.1490478515625,
        "y": -87.29634094238281,
        "z": 4471.44482421875
    },
    {
        "color": 4294967295,
        "name": "Generic Point 71",
        "x": -761.6604614257812,
        "y": -50.028968811035156,
        "z": 4413.08740234375
    },
    {
        "color": 4294967295,
        "name": "Generic Point 72",
        "x": -744.485107421875,
        "y": -65.0943603515625,
        "z": 4408.0302734375
    },
    {
        "color": 4294967295,
        "name": "Generic Point 73",
        "x": -769.0847778320312,
        "y": -53.494808197021484,
        "z": 4450.2509765625
    },
    {
        "color": 4294967295,
        "name": "Generic Point 74",
        "x": -679.6643676757812,
        "y": -123.00382232666016,
        "z": 4457.7373046875
    },
    {
        "color": 4294967295,
        "name": "Generic Point 75",
        "x": -898.1455688476562,
        "y": 122.91363525390625,
        "z": 4782.4697265625
    },
    {
        "color": 4294967295,
        "name": "Generic Point 76",
        "x": -762.1422119140625,
        "y": -125.6500015258789,
        "z": 4434.716796875
    },
    {
        "color": 4294967295,
        "name": "Generic Point 77",
        "x": -715.7521362304688,
        "y": -11.421466827392578,
        "z": 4473.12939453125
    },
    {
        "color": 4294967295,
        "name": "Generic Point 78",
        "x": -843.1314697265625,
        "y": -27.722152709960938,
        "z": 4525.994140625
    },
    {
        "color": 4294967295,
        "name": "Generic Point 79",
        "x": -836.7972412109375,
        "y": -12.861435890197754,
        "z": 4703.474609375
    },
    {
        "color": 4294967295,
        "name": "Generic Point 8",
        "x": -649.9735107421875,
        "y": 159.5659637451172,
        "z": 5541.9208984375
    },
    {
        "color": 4294967295,
        "name": "Generic Point 80",
        "x": -822.6122436523438,
        "y": 39.824337005615234,
        "z": 4708.66748046875
    },
    {
        "color": 4294967295,
        "name": "Generic Point 81",
        "x": -480.9034423828125,
        "y": -89.21485137939453,
        "z": 5468.51171875
    },
    {
        "color": 4294967295,
        "name": "Generic Point 82",
        "x": -461.045654296875,
        "y": -8.700998306274414,
        "z": 5227.24853515625
    },
    {
        "color": 4294967295,
        "name": "Generic Point 83",
        "x": -455.93878173828125,
        "y": -23.411691665649414,
        "z": 5227.52294921875
    },
    {
        "color": 4294967295,
        "name": "Generic Point 84",
        "x": -433.826171875,
        "y": -26.629972457885742,
        "z": 5311.04931640625
    },
    {
        "color": 4294967295,
        "name": "Generic Point 85",
        "x": -337.54937744140625,
        "y": -31.75853729248047,
        "z": 5563.1240234375
    },
    {
        "color": 4294967295,
        "name": "Generic Point 86",
        "x": -341.53448486328125,
        "y": -70.15229034423828,
        "z": 5455.77001953125
    },
    {
        "color": 4294967295,
        "name": "Generic Point 87",
        "x": -348.079833984375,
        "y": -69.44645690917969,
        "z": 5469.9091796875
    },
    {
        "color": 4294967295,
        "name": "Generic Point 88",
        "x": -322.2419128417969,
        "y": -117.8338394165039,
        "z": 5474.3896484375
    },
    {
        "color": 4294967295,
        "name": "Generic Point 89",
        "x": -823.7239379882812,
        "y": 147.7093963623047,
        "z": 4884.60595703125
    },
    {
        "color": 4294967295,
        "name": "Generic Point 9",
        "x": -389.474853515625,
        "y": 132.74705505371094,
        "z": 5496.4716796875
    },
    {
        "color": 4294967295,
        "name": "Generic Point 90",
        "x": -248.76039123535156,
        "y": 232.07249450683594,
        "z": 4364.2763671875
    },
    {
        "color": 4294967295,
        "name": "Generic Point 91",
        "x": -116.79327392578125,
        "y": 320.73370361328125,
        "z": 4248.611328125
    },
    {
        "color": 4294967295,
        "name": "Generic Point 92",
        "x": -295.5350646972656,
        "y": 106.6543960571289,
        "z": 4506.59375
    },
    {
        "color": 4294967295,
        "name": "Generic Point 93",
        "x": -124.18540954589844,
        "y": -6.646575927734375,
        "z": 4942.81494140625
    },
    {
        "color": 4294967295,
        "name": "Generic Point 94",
        "x": -216.59918212890625,
        "y": -32.93513107299805,
        "z": 4760.54736328125
    },
    {
        "color": 4294967295,
        "name": "Generic Point 95",
        "x": -320.25665283203125,
        "y": -48.29642868041992,
        "z": 4789.78515625
    },
    {
        "color": 4294967295,
        "name": "Generic Point 96",
        "x": -283.301513671875,
        "y": -71.98993682861328,
        "z": 4765.232421875
    },
    {
        "color": 4294967295,
        "name": "Generic Point 97",
        "x": -651.5718383789062,
        "y": 102.29608917236328,
        "z": 4311.84814453125
    },
    {
        "color": 4294967295,
        "name": "Generic Point 98",
        "x": -630.2297973632812,
        "y": 98.01557159423828,
        "z": 4637.64892578125
    },
    {
        "color": 4294967295,
        "name": "Generic Point 99",
        "x": -438.2148132324219,
        "y": 146.93734741210938,
        "z": 4687.6279296875
    }
]