[
    {
        "color": 4294967295,
        "name": "Generic Point 0",
        "x": 457.04,
        "y": 202.35,
        "z": 812.56
    },
    {
        "color": 4294967295,
        "name": "Generic Point 1",
        "x": 402.73,
        "y": 184.46,
        "z": 813.14
    },
    {
        "color": 4294967295,
        "name": "Generic Point 10",
        "x": 334.46,
        "y": 155.62,
        "z": 1002.3
    },
    {
        "color": 4294967295,
        "name": "Generic Point 2",
        "x": 345.26,
        "y": 210.14,
        "z": 821.7
    },
    {
        "color": 4294967295,
        "name": "Generic Point 3",
        "x": 298.04,
        "y": 197.71,
        "z": 857.58
    },
    {
        "color": 4294967295,
        "name": "Generic Point 4",
        "x": 286.24,
        "y": 222.23,
        "z": 914.24
    },
    {
        "color": 4294967295,
        "name": "Generic Point 5",
        "x": 339.42,
        "y": 227.59,
        "z": 969.11
    },
    {
        "color": 4294967295,
        "name": "Generic Point 6",
        "x": 396.96,
        "y": 199.46,
        "z": 957.49
    },
    {
        "color": 4294967295,
        "name": "Generic Point 7",
        "x": 453.37,
        "y": 211.99,
        "z": 891.81
    },
    {
        "color": 4294967295,
        "name": "Generic Point 8",
        "x": 439.43,
        "y": 181.79,
        "z": 859.04
    },
    {
        "color": 4294967295,
        "name": "Generic Point 9",
        "x": 331.01,
        "y": 158.45,
        "z": 1009.12
    }
]