[
    {
        "color": 4294967295,
        "name": "Generic Point 0",
        "x": -3633.340576171875,
        "y": 209.2290496826172,
        "z": -3285.63037109375
    },
    {
        "color": 4294967295,
        "name": "Generic Point 1",
        "x": -3371.325439453125,
        "y": 201.28390502929688,
        "z": -2993.21337890625
    },
    {
        "color": 4294967295,
        "name": "Generic Point 10",
        "x": -3675.56689453125,
        "y": 239.67344665527344,
        "z": -3167.24462890625
    },
    {
        "color": 4294967295,
        "name": "Generic Point 11",
        "x": -3710.09033203125,
        "y": 202.2616729736328,
        "z": -3335.784423828125
    },
    {
        "color": 4294967295,
        "name": "Generic Point 12",
        "x": -3818.488037109375,
        "y": 232.0876007080078,
        "z": -3164.667236328125
    },
    {
        "color": 4294967295,
        "name": "Generic Point 13",
        "x": -3225.54931640625,
        "y": 201.2473602294922,
        "z": -3272.012451171875
    },
    {
        "color": 4294967295,
        "name": "Generic Point 14",
        "x": -3591.382080078125,
        "y": 200.90174865722656,
        "z": -3594.021240234375
    },
    {
        "color": 4294967295,
        "name": "Generic Point 15",
        "x": -3377.777587890625,
        "y": 211.92526245117188,
        "z": -3655.423828125
    },
    {
        "color": 4294967295,
        "name": "Generic Point 16",
        "x": -3314.634765625,
        "y": 213.42617797851562,
        "z": -3512.3232421875
    },
    {
        "color": 4294967295,
        "name": "Generic Point 17",
        "x": -3479.409912109375,
        "y": 200.8970184326172,
        "z": -3243.31494140625
    },
    {
        "color": 4294967295,
        "name": "Generic Point 18",
        "x": -3585.310302734375,
        "y": 256.28009033203125,
        "z": -3208.74658203125
    },
    {
        "color": 4294967295,
        "name": "Generic Point 19",
        "x": -3463.576416015625,
        "y": 212.32412719726562,
        "z": -3054.576416015625
    },
    {
        "color": 4294967295,
        "name": "Generic Point 2",
        "x": -3875.1298828125,
        "y": 203.33201599121094,
        "z": -3293.216552734375
    },
    {
        "color": 4294967295,
        "name": "Generic Point 20",
        "x": -3424.017333984375,
        "y": 201.17410278320312,
        "z": -3001.71484375
    },
    {
        "color": 4294967295,
        "name": "Generic Point 3",
        "x": -3949.534912109375,
        "y": 202.1903839111328,
        "z": -3086.60595703125
    },
    {
        "color": 4294967295,
        "name": "Generic Point 4",
        "x": -3985.642333984375,
        "y": 203.81556701660156,
        "z": -2910.29638671875
    },
    {
        "color": 4294967295,
        "name": "Generic Point 5",
        "x": -3787.586669921875,
        "y": 304.07080078125,
        "z": -3034.2802734375
    },
    {
        "color": 4294967295,
        "name": "Generic Point 6",
        "x": -3745.915771484375,
        "y": 289.9949035644531,
        "z": -3020.02001953125
    },
    {
        "color": 4294967295,
        "name": "Generic Point 7",
        "x": -3754.822509765625,
        "y": 203.64425659179688,
        "z": -2965.637451171875
    },
    {
        "color": 4294967295,
        "name": "Generic Point 8",
        "x": -3651.745849609375,
        "y": 234.92977905273438,
        "z": -3191.608154296875
    },
    {
        "color": 4294967295,
        "name": "Generic Point 9",
        "x": -3704.62255859375,
        "y": 228.25277709960938,
        "z": -3127.257568359375
    }
]