[
    {
        "color": 4294967295,
        "name": "Generic Point 0",
        "x": 1227.21,
        "y": 290.893,
        "z": 4265.49
    },
    {
        "color": 4294967295,
        "name": "Generic Point 1",
        "x": 1184.41,
        "y": 281.262,
        "z": 4149.77
    },
    {
        "color": 4294967295,
        "name": "Generic Point 10",
        "x": 1744.96,
        "y": 517.32,
        "z": 4555.04
    },
    {
        "color": 4294967295,
        "name": "Generic Point 11",
        "x": 1539.8,
        "y": 204.51,
        "z": 4032.2
    },
    {
        "color": 4294967295,
        "name": "Generic Point 12",
        "x": 1562.57,
        "y": 150.025,
        "z": 3886.47
    },
    {
        "color": 4294967295,
        "name": "Generic Point 13",
        "x": 1448.63,
        "y": 267.232,
        "z": 3632.42
    },
    {
        "color": 4294967295,
        "name": "Generic Point 14",
        "x": 1593.87,
        "y": 167.942,
        "z": 3810.02
    },
    {
        "color": 4294967295,
        "name": "Generic Point 15",
        "x": 1734.65,
        "y": 652.272,
        "z": 4529.28
    },
    {
        "color": 4294967295,
        "name": "Generic Point 16",
        "x": 1752.24,
        "y": 665.951,
        "z": 4552.35
    },
    {
        "color": 4294967295,
        "name": "Generic Point 17",
        "x": 1432.07,
        "y": 624.519,
        "z": 4610.48
    },
    {
        "color": 4294967295,
        "name": "Generic Point 18",
        "x": 1545.19,
        "y": 141.496,
        "z": 3956.48
    },
    {
        "color": 4294967295,
        "name": "Generic Point 19",
        "x": 1491.87,
        "y": 129.481,
        "z": 3864.43
    },
    {
        "color": 4294967295,
        "name": "Generic Point 2",
        "x": 1653.09,
        "y": 568.26,
        "z": 4494.89
    },
    {
        "color": 4294967295,
        "name": "Generic Point 20",
        "x": 1646.41,
        "y": 196.813,
        "z": 3861.53
    },
    {
        "color": 4294967295,
        "name": "Generic Point 21",
        "x": 1644.76,
        "y": 196.715,
        "z": 3859.62
    },
    {
        "color": 4294967295,
        "name": "Generic Point 22",
        "x": 1504.49,
        "y": 265.544,
        "z": 3749.76
    },
    {
        "color": 4294967295,
        "name": "Generic Point 23",
        "x": 1325.68,
        "y": 315.933,
        "z": 3554.14
    },
    {
        "color": 4294967295,
        "name": "Generic Point 24",
        "x": 1716.74,
        "y": 670.976,
        "z": 4592
    },
    {
        "color": 4294967295,
        "name": "Generic Point 25",
        "x": 1511.16,
        "y": 619.559,
        "z": 4437.15
    },
    {
        "color": 4294967295,
        "name": "Generic Point 26",
        "x": 1414.2,
        "y": 611.193,
        "z": 4370.22
    },
    {
        "color": 4294967295,
        "name": "Generic Point 27",
        "x": 1606.09,
        "y": 701.092,
        "z": 4488.44
    },
    {
        "color": 4294967295,
        "name": "Generic Point 28",
        "x": 1323.9,
        "y": 228.06,
        "z": 3860.11
    },
    {
        "color": 4294967295,
        "name": "Generic Point 29",
        "x": 1303.46,
        "y": 225.506,
        "z": 3832.53
    },
    {
        "color": 4294967295,
        "name": "Generic Point 3",
        "x": 1510.95,
        "y": 640.23,
        "z": 4485.52
    },
    {
        "color": 4294967295,
        "name": "Generic Point 30",
        "x": 1342.67,
        "y": 270.926,
        "z": 3977.92
    },
    {
        "color": 4294967295,
        "name": "Generic Point 31",
        "x": 1474.79,
        "y": 149.903,
        "z": 3986.82
    },
    {
        "color": 4294967295,
        "name": "Generic Point 32",
        "x": 1649.54,
        "y": 629.938,
        "z": 4585.58
    },
    {
        "color": 4294967295,
        "name": "Generic Point 33",
        "x": 1617.14,
        "y": 609.026,
        "z": 4393.91
    },
    {
        "color": 4294967295,
        "name": "Generic Point 34",
        "x": 1504.34,
        "y": 134.523,
        "z": 3980.67
    },
    {
        "color": 4294967295,
        "name": "Generic Point 35",
        "x": 1655.92,
        "y": 582.441,
        "z": 4405.42
    },
    {
        "color": 4294967295,
        "name": "Generic Point 36",
        "x": 1581.78,
        "y": 634.24,
        "z": 4453.9
    },
    {
        "color": 4294967295,
        "name": "Generic Point 37",
        "x": 1486.93,
        "y": 185.657,
        "z": 4050.74
    },
    {
        "color": 4294967295,
        "name": "Generic Point 38",
        "x": 1480.35,
        "y": 143.27,
        "z": 3927.08
    },
    {
        "color": 4294967295,
        "name": "Generic Point 39",
        "x": 1416.94,
        "y": 148.929,
        "z": 3918.48
    },
    {
        "color": 4294967295,
        "name": "Generic Point 4",
        "x": 1510.59,
        "y": 128.396,
        "z": 3928.99
    },
    {
        "color": 4294967295,
        "name": "Generic Point 40",
        "x": 1462.66,
        "y": 329.328,
        "z": 3438.56
    },
    {
        "color": 4294967295,
        "name": "Generic Point 41",
        "x": 1355.13,
        "y": 339.244,
        "z": 3518.5
    },
    {
        "color": 4294967295,
        "name": "Generic Point 42",
        "x": 1415.35,
        "y": 339.152,
        "z": 3577.77
    },
    {
        "color": 4294967295,
        "name": "Generic Point 43",
        "x": 1580.92,
        "y": 595.015,
        "z": 4582.76
    },
    {
        "color": 4294967295,
        "name": "Generic Point 44",
        "x": 1639.1,
        "y": 572.853,
        "z": 4426.91
    },
    {
        "color": 4294967295,
        "name": "Generic Point 45",
        "x": 1472.09,
        "y": 608.23,
        "z": 4539.4
    },
    {
        "color": 4294967295,
        "name": "Generic Point 46",
        "x": 1521.74,
        "y": 667.597,
        "z": 4429.72
    },
    {
        "color": 4294967295,
        "name": "Generic Point 47",
        "x": 1370.96,
        "y": 213.876,
        "z": 3801.29
    },
    {
        "color": 4294967295,
        "name": "Generic Point 48",
        "x": 1461.96,
        "y": 169.961,
        "z": 3937.33
    },
    {
        "color": 4294967295,
        "name": "Generic Point 49",
        "x": 1165.28,
        "y": 127.902,
        "z": 3830.84
    },
    {
        "color": 4294967295,
        "name": "Generic Point 5",
        "x": 1501.18,
        "y": 267.174,
        "z": 3758.77
    },
    {
        "color": 4294967295,
        "name": "Generic Point 50",
        "x": 1157.43,
        "y": 118.843,
        "z": 3860.83
    },
    {
        "color": 4294967295,
        "name": "Generic Point 51",
        "x": 1194.25,
        "y": 150.227,
        "z": 3863.02
    },
    {
        "color": 4294967295,
        "name": "Generic Point 52",
        "x": 1251.94,
        "y": 86.6389,
        "z": 3947.04
    },
    {
        "color": 4294967295,
        "name": "Generic Point 53",
        "x": 1275.54,
        "y": 97.8433,
        "z": 3923.75
    },
    {
        "color": 4294967295,
        "name": "Generic Point 54",
        "x": 1267.55,
        "y": 97.7112,
        "z": 3885.1
    },
    {
        "color": 4294967295,
        "name": "Generic Point 55",
        "x": 1250.33,
        "y": 52.4356,
        "z": 3879.25
    },
    {
        "color": 4294967295,
        "name": "Generic Point 56",
        "x": 1486.18,
        "y": 599.714,
        "z": 4633.97
    },
    {
        "color": 4294967295,
        "name": "Generic Point 57",
        "x": 1443.51,
        "y": 618.208,
        "z": 4476.23
    },
    {
        "color": 4294967295,
        "name": "Generic Point 58",
        "x": 1245.64,
        "y": 97.4077,
        "z": 3823.76
    },
    {
        "color": 4294967295,
        "name": "Generic Point 6",
        "x": 1495.91,
        "y": 388.598,
        "z": 3529.87
    },
    {
        "color": 4294967295,
        "name": "Generic Point 7",
        "x": 1221.89,
        "y": 68.7294,
        "z": 3915.85
    },
    {
        "color": 4294967295,
        "name": "Generic Point 8",
        "x": 1548.49,
        "y": 553.184,
        "z": 4476.16
    },
    {
        "color": 4294967295,
        "name": "Generic Point 9",
        "x": 1590.44,
        "y": 306.796,
        "z": 3548.45
    }
]