[
    {
        "color": 4294967295,
        "name": "Generic Point 0",
        "x": 1315.73,
        "y": 223.298,
        "z": 3852.35
    },
    {
        "color": 4294967295,
        "name": "Generic Point 1",
        "x": 1323.9,
        "y": 228.06,
        "z": 3860.11
    },
    {
        "color": 4294967295,
        "name": "Generic Point 10",
        "x": 1289.03,
        "y": 230.077,
        "z": 3834.37
    },
    {
        "color": 4294967295,
        "name": "Generic Point 11",
        "x": 1207.77,
        "y": 152.896,
        "z": 3863.68
    },
    {
        "color": 4294967295,
        "name": "Generic Point 12",
        "x": 1275.64,
        "y": 98.8521,
        "z": 3924.45
    },
    {
        "color": 4294967295,
        "name": "Generic Point 2",
        "x": 1303.46,
        "y": 225.506,
        "z": 3832.53
    },
    {
        "color": 4294967295,
        "name": "Generic Point 3",
        "x": 1285.72,
        "y": 626.051,
        "z": 4604.2
    },
    {
        "color": 4294967295,
        "name": "Generic Point 4",
        "x": 1420.3,
        "y": 131.233,
        "z": 4004
    },
    {
        "color": 4294967295,
        "name": "Generic Point 5",
        "x": 1475.73,
        "y": 91.7637,
        "z": 3954.63
    },
    {
        "color": 4294967295,
        "name": "Generic Point 6",
        "x": 1518.73,
        "y": 148.234,
        "z": 3816.95
    },
    {
        "color": 4294967295,
        "name": "Generic Point 7",
        "x": 1609.35,
        "y": 255.842,
        "z": 3695
    },
    {
        "color": 4294967295,
        "name": "Generic Point 8",
        "x": 1394.09,
        "y": 308.565,
        "z": 3430.06
    },
    {
        "color": 4294967295,
        "name": "Generic Point 9",
        "x": 1362.98,
        "y": 348.434,
        "z": 3871.98
    }
]