[
    {
        "color": 4294967295,
        "name": "Generic Point 0",
        "x": -2424.669189453125,
        "y": 258.5447082519531,
        "z": -3904.88330078125
    },
    {
        "color": 4294967295,
        "name": "Generic Point 1",
        "x": -2528.447998046875,
        "y": 202.89227294921875,
        "z": -3637.865966796875
    },
    {
        "color": 4294967295,
        "name": "Generic Point 10",
        "x": -2797.913330078125,
        "y": 224.21286010742188,
        "z": -4429.5166015625
    },
    {
        "color": 4294967295,
        "name": "Generic Point 11",
        "x": -3001.522705078125,
        "y": 205.7453155517578,
        "z": -4231.962890625
    },
    {
        "color": 4294967295,
        "name": "Generic Point 12",
        "x": -3052.8798828125,
        "y": 248.14659118652344,
        "z": -4402.5625
    },
    {
        "color": 4294967295,
        "name": "Generic Point 13",
        "x": -3208.02294921875,
        "y": 266.1084289550781,
        "z": -4492.01220703125
    },
    {
        "color": 4294967295,
        "name": "Generic Point 14",
        "x": -3534.18017578125,
        "y": 236.79502868652344,
        "z": -3236.07275390625
    },
    {
        "color": 4294967295,
        "name": "Generic Point 15",
        "x": -3155.072509765625,
        "y": 210.0677032470703,
        "z": -3233.85986328125
    },
    {
        "color": 4294967295,
        "name": "Generic Point 16",
        "x": -3313.22265625,
        "y": 232.58609008789062,
        "z": -3435.555908203125
    },
    {
        "color": 4294967295,
        "name": "Generic Point 17",
        "x": -3555.370361328125,
        "y": 237.28721618652344,
        "z": -3392.822509765625
    },
    {
        "color": 4294967295,
        "name": "Generic Point 18",
        "x": -3753.467041015625,
        "y": 206.8804931640625,
        "z": -3475.8583984375
    },
    {
        "color": 4294967295,
        "name": "Generic Point 19",
        "x": -3654.423583984375,
        "y": 273.8617248535156,
        "z": -3289.815185546875
    },
    {
        "color": 4294967295,
        "name": "Generic Point 2",
        "x": -2547.9365234375,
        "y": 214.057373046875,
        "z": -3811.149169921875
    },
    {
        "color": 4294967295,
        "name": "Generic Point 20",
        "x": -3623.035888671875,
        "y": 234.71958923339844,
        "z": -3016.44775390625
    },
    {
        "color": 4294967295,
        "name": "Generic Point 21",
        "x": -3885.53271484375,
        "y": 362.9250793457031,
        "z": -3156.26904296875
    },
    {
        "color": 4294967295,
        "name": "Generic Point 22",
        "x": -3702.46533203125,
        "y": 244.46240234375,
        "z": -2216.724609375
    },
    {
        "color": 4294967295,
        "name": "Generic Point 23",
        "x": -3410.411376953125,
        "y": 200.95603942871094,
        "z": -2738.45166015625
    },
    {
        "color": 4294967295,
        "name": "Generic Point 24",
        "x": -3541.022705078125,
        "y": 201.42381286621094,
        "z": -2536.38427734375
    },
    {
        "color": 4294967295,
        "name": "Generic Point 25",
        "x": -3485.011962890625,
        "y": 215.69424438476562,
        "z": -2193.440673828125
    },
    {
        "color": 4294967295,
        "name": "Generic Point 26",
        "x": -3575.830810546875,
        "y": 216.93756103515625,
        "z": -1963.8067626953125
    },
    {
        "color": 4294967295,
        "name": "Generic Point 27",
        "x": -3541.647705078125,
        "y": 201.4702606201172,
        "z": -2536.714111328125
    },
    {
        "color": 4294967295,
        "name": "Generic Point 28",
        "x": -3921.9580078125,
        "y": 346.0088806152344,
        "z": -2404.61572265625
    },
    {
        "color": 4294967295,
        "name": "Generic Point 29",
        "x": -4127.87109375,
        "y": 201.4789581298828,
        "z": -2399.5439453125
    },
    {
        "color": 4294967295,
        "name": "Generic Point 3",
        "x": -1774.450927734375,
        "y": 227.04425048828125,
        "z": -4122.26416015625
    },
    {
        "color": 4294967295,
        "name": "Generic Point 30",
        "x": -3833.64306640625,
        "y": 243.48239135742188,
        "z": -577.110595703125
    },
    {
        "color": 4294967295,
        "name": "Generic Point 31",
        "x": -3556.74462890625,
        "y": 202.28811645507812,
        "z": -765.546142578125
    },
    {
        "color": 4294967295,
        "name": "Generic Point 32",
        "x": -3799.8017578125,
        "y": 165.17787170410156,
        "z": -761.0257568359375
    },
    {
        "color": 4294967295,
        "name": "Generic Point 33",
        "x": -4000.4716796875,
        "y": 213.07508850097656,
        "z": -755.3040771484375
    },
    {
        "color": 4294967295,
        "name": "Generic Point 34",
        "x": -3945.370361328125,
        "y": 205.70785522460938,
        "z": -1057.4815673828125
    },
    {
        "color": 4294967295,
        "name": "Generic Point 35",
        "x": -3775.5361328125,
        "y": 208.3314208984375,
        "z": -1314.83642578125
    },
    {
        "color": 4294967295,
        "name": "Generic Point 36",
        "x": -4433.9541015625,
        "y": 219.56546020507812,
        "z": -4027.827880859375
    },
    {
        "color": 4294967295,
        "name": "Generic Point 37",
        "x": -4279.41064453125,
        "y": 201.5115203857422,
        "z": -3681.092041015625
    },
    {
        "color": 4294967295,
        "name": "Generic Point 38",
        "x": -4395.400390625,
        "y": 249.792724609375,
        "z": -3893.5498046875
    },
    {
        "color": 4294967295,
        "name": "Generic Point 39",
        "x": -4244.80908203125,
        "y": 204.12631225585938,
        "z": -4189.72509765625
    },
    {
        "color": 4294967295,
        "name": "Generic Point 4",
        "x": -2150.06689453125,
        "y": 172.1002655029297,
        "z": -4350.42822265625
    },
    {
        "color": 4294967295,
        "name": "Generic Point 40",
        "x": -4386.27392578125,
        "y": 249.5219268798828,
        "z": -4187.71240234375
    },
    {
        "color": 4294967295,
        "name": "Generic Point 41",
        "x": -4287.6435546875,
        "y": 219.18243408203125,
        "z": -4444.640625
    },
    {
        "color": 4294967295,
        "name": "Generic Point 42",
        "x": -4577.8251953125,
        "y": 201.34437561035156,
        "z": -4476.25634765625
    },
    {
        "color": 4294967295,
        "name": "Generic Point 43",
        "x": -4689.84326171875,
        "y": 215.9518280029297,
        "z": -3698.6611328125
    },
    {
        "color": 4294967295,
        "name": "Generic Point 44",
        "x": -4570.6904296875,
        "y": 418.5858459472656,
        "z": -4170.25634765625
    },
    {
        "color": 4294967295,
        "name": "Generic Point 45",
        "x": -4793.5400390625,
        "y": 513.4393920898438,
        "z": -4255.298828125
    },
    {
        "color": 4294967295,
        "name": "Generic Point 46",
        "x": -6134.0244140625,
        "y": 213.3368377685547,
        "z": -3270.0234375
    },
    {
        "color": 4294967295,
        "name": "Generic Point 47",
        "x": -6689.8310546875,
        "y": 227.79481506347656,
        "z": -2598.036376953125
    },
    {
        "color": 4294967295,
        "name": "Generic Point 5",
        "x": -2397.204833984375,
        "y": 285.4545593261719,
        "z": -4217.634765625
    },
    {
        "color": 4294967295,
        "name": "Generic Point 6",
        "x": -2501.346435546875,
        "y": 444.5811767578125,
        "z": -4380.8828125
    },
    {
        "color": 4294967295,
        "name": "Generic Point 7",
        "x": -2578.429443359375,
        "y": 274.607666015625,
        "z": -4581.3271484375
    },
    {
        "color": 4294967295,
        "name": "Generic Point 8",
        "x": -2658.405517578125,
        "y": 205.85833740234375,
        "z": -4047.193603515625
    },
    {
        "color": 4294967295,
        "name": "Generic Point 9",
        "x": -2755.126220703125,
        "y": 206.17140197753906,
        "z": -4124.87255859375
    }
]