[
    {
        "color": 4294967295,
        "name": "Generic Point 0",
        "x": -1329.411376953125,
        "y": 175.35354614257812,
        "z": 2448.70751953125
    },
    {
        "color": 4294967295,
        "name": "Generic Point 1",
        "x": -1600.523681640625,
        "y": 273.3202819824219,
        "z": 2286.6533203125
    },
    {
        "color": 4294967295,
        "name": "Generic Point 10",
        "x": -1101.76708984375,
        "y": 206.4101104736328,
        "z": 2685.197265625
    },
    {
        "color": 4294967295,
        "name": "Generic Point 11",
        "x": -1639.8828125,
        "y": 243.12599182128906,
        "z": 2305.26513671875
    },
    {
        "color": 4294967295,
        "name": "Generic Point 12",
        "x": -1369.490234375,
        "y": 171.60501098632812,
        "z": 2446.20703125
    },
    {
        "color": 4294967295,
        "name": "Generic Point 13",
        "x": -1636.0810546875,
        "y": 126.94149017333984,
        "z": 2086.22607421875
    },
    {
        "color": 4294967295,
        "name": "Generic Point 14",
        "x": -1661.8175048828125,
        "y": 96.85523986816406,
        "z": 2100.619873046875
    },
    {
        "color": 4294967295,
        "name": "Generic Point 15",
        "x": -1676.635498046875,
        "y": 98.03178405761719,
        "z": 2120.775390625
    },
    {
        "color": 4294967295,
        "name": "Generic Point 16",
        "x": -1636.216796875,
        "y": 109.16577911376953,
        "z": 2076.08154296875
    },
    {
        "color": 4294967295,
        "name": "Generic Point 17",
        "x": -1144.46875,
        "y": 165.93212890625,
        "z": 2124.653076171875
    },
    {
        "color": 4294967295,
        "name": "Generic Point 18",
        "x": -1176.4791259765625,
        "y": 187.9292755126953,
        "z": 2267.335205078125
    },
    {
        "color": 4294967295,
        "name": "Generic Point 19",
        "x": -1145.058349609375,
        "y": 180.39727783203125,
        "z": 2068.684814453125
    },
    {
        "color": 4294967295,
        "name": "Generic Point 2",
        "x": -1581.1024169921875,
        "y": 273.01495361328125,
        "z": 2322.04345703125
    },
    {
        "color": 4294967295,
        "name": "Generic Point 20",
        "x": -1104.9017333984375,
        "y": 199.87255859375,
        "z": 2113.973388671875
    },
    {
        "color": 4294967295,
        "name": "Generic Point 21",
        "x": -1105.1513671875,
        "y": 199.94076538085938,
        "z": 2109.47998046875
    },
    {
        "color": 4294967295,
        "name": "Generic Point 22",
        "x": -1082.807861328125,
        "y": 158.3446807861328,
        "z": 2191.449462890625
    },
    {
        "color": 4294967295,
        "name": "Generic Point 23",
        "x": -1084.1268310546875,
        "y": 179.5382537841797,
        "z": 2198.456787109375
    },
    {
        "color": 4294967295,
        "name": "Generic Point 24",
        "x": -1191.142578125,
        "y": 216.48182678222656,
        "z": 2594.5390625
    },
    {
        "color": 4294967295,
        "name": "Generic Point 25",
        "x": -1201.6666259765625,
        "y": 204.57176208496094,
        "z": 2542.1171875
    },
    {
        "color": 4294967295,
        "name": "Generic Point 26",
        "x": -1188.132568359375,
        "y": 173.6468963623047,
        "z": 2445.158447265625
    },
    {
        "color": 4294967295,
        "name": "Generic Point 27",
        "x": -1140.271240234375,
        "y": 152.51077270507812,
        "z": 2197.237060546875
    },
    {
        "color": 4294967295,
        "name": "Generic Point 28",
        "x": -1200.212646484375,
        "y": 182.89154052734375,
        "z": 2470.30712890625
    },
    {
        "color": 4294967295,
        "name": "Generic Point 29",
        "x": -1577.383544921875,
        "y": 271.6239013671875,
        "z": 2321.68896484375
    },
    {
        "color": 4294967295,
        "name": "Generic Point 3",
        "x": -1952.854248046875,
        "y": 204.54290771484375,
        "z": 2656.479736328125
    },
    {
        "color": 4294967295,
        "name": "Generic Point 30",
        "x": -1483.8326416015625,
        "y": 187.63674926757812,
        "z": 2463.63427734375
    },
    {
        "color": 4294967295,
        "name": "Generic Point 31",
        "x": -1539.04296875,
        "y": 229.8771514892578,
        "z": 2342.650390625
    },
    {
        "color": 4294967295,
        "name": "Generic Point 32",
        "x": -1561.1424560546875,
        "y": 237.3489227294922,
        "z": 2334.41455078125
    },
    {
        "color": 4294967295,
        "name": "Generic Point 33",
        "x": -1546.7874755859375,
        "y": 231.84461975097656,
        "z": 2332.508544921875
    },
    {
        "color": 4294967295,
        "name": "Generic Point 34",
        "x": -1543.01904296875,
        "y": 230.51412963867188,
        "z": 2332.307861328125
    },
    {
        "color": 4294967295,
        "name": "Generic Point 35",
        "x": -1518.9957275390625,
        "y": 240.7760009765625,
        "z": 2340.430419921875
    },
    {
        "color": 4294967295,
        "name": "Generic Point 36",
        "x": -1536.388916015625,
        "y": 245.65773010253906,
        "z": 2314.25537109375
    },
    {
        "color": 4294967295,
        "name": "Generic Point 37",
        "x": -1553.4322509765625,
        "y": 254.30799865722656,
        "z": 2361.94140625
    },
    {
        "color": 4294967295,
        "name": "Generic Point 38",
        "x": -1556.2357177734375,
        "y": 255.94358825683594,
        "z": 2372.1826171875
    },
    {
        "color": 4294967295,
        "name": "Generic Point 39",
        "x": -1517.6180419921875,
        "y": 240.25624084472656,
        "z": 2339.328369140625
    },
    {
        "color": 4294967295,
        "name": "Generic Point 4",
        "x": -1189.997802734375,
        "y": 217.09303283691406,
        "z": 2597.914306640625
    },
    {
        "color": 4294967295,
        "name": "Generic Point 40",
        "x": -1522.73828125,
        "y": 243.12464904785156,
        "z": 2358.853759765625
    },
    {
        "color": 4294967295,
        "name": "Generic Point 41",
        "x": -1513.7950439453125,
        "y": 238.8649444580078,
        "z": 2339.289306640625
    },
    {
        "color": 4294967295,
        "name": "Generic Point 42",
        "x": -1518.5242919921875,
        "y": 240.56924438476562,
        "z": 2340.168212890625
    },
    {
        "color": 4294967295,
        "name": "Generic Point 43",
        "x": -1555.604736328125,
        "y": 255.758544921875,
        "z": 2372.509765625
    },
    {
        "color": 4294967295,
        "name": "Generic Point 44",
        "x": -1556.7044677734375,
        "y": 255.98483276367188,
        "z": 2369.209716796875
    },
    {
        "color": 4294967295,
        "name": "Generic Point 45",
        "x": -1536.8699951171875,
        "y": 245.7575225830078,
        "z": 2314.201416015625
    },
    {
        "color": 4294967295,
        "name": "Generic Point 46",
        "x": -1534.496337890625,
        "y": 244.673095703125,
        "z": 2307.845947265625
    },
    {
        "color": 4294967295,
        "name": "Generic Point 47",
        "x": -1533.8602294921875,
        "y": 244.34201049804688,
        "z": 2306.0830078125
    },
    {
        "color": 4294967295,
        "name": "Generic Point 48",
        "x": -1522.9637451171875,
        "y": 243.15997314453125,
        "z": 2358.322998046875
    },
    {
        "color": 4294967295,
        "name": "Generic Point 49",
        "x": -1532.6148681640625,
        "y": 243.60366821289062,
        "z": 2346.476806640625
    },
    {
        "color": 4294967295,
        "name": "Generic Point 5",
        "x": -1185.3077392578125,
        "y": 217.07371520996094,
        "z": 2605.456787109375
    },
    {
        "color": 4294967295,
        "name": "Generic Point 50",
        "x": -1540.039306640625,
        "y": 229.5407257080078,
        "z": 2331.3583984375
    },
    {
        "color": 4294967295,
        "name": "Generic Point 51",
        "x": -1540.30908203125,
        "y": 272.8740539550781,
        "z": 2373.249267578125
    },
    {
        "color": 4294967295,
        "name": "Generic Point 52",
        "x": -1533.8682861328125,
        "y": 270.67877197265625,
        "z": 2374.7998046875
    },
    {
        "color": 4294967295,
        "name": "Generic Point 53",
        "x": -1540.71875,
        "y": 273.2410888671875,
        "z": 2374.58837890625
    },
    {
        "color": 4294967295,
        "name": "Generic Point 54",
        "x": -1546.525390625,
        "y": 275.1246337890625,
        "z": 2371.193115234375
    },
    {
        "color": 4294967295,
        "name": "Generic Point 55",
        "x": -1547.6424560546875,
        "y": 275.30694580078125,
        "z": 2367.44091796875
    },
    {
        "color": 4294967295,
        "name": "Generic Point 56",
        "x": -1527.8455810546875,
        "y": 264.9945068359375,
        "z": 2307.77783203125
    },
    {
        "color": 4294967295,
        "name": "Generic Point 57",
        "x": -1539.0040283203125,
        "y": 270.65704345703125,
        "z": 2337.83349609375
    },
    {
        "color": 4294967295,
        "name": "Generic Point 58",
        "x": -1542.7701416015625,
        "y": 269.9366760253906,
        "z": 2335.796630859375
    },
    {
        "color": 4294967295,
        "name": "Generic Point 59",
        "x": -1560.0186767578125,
        "y": 261.65203857421875,
        "z": 2389.10888671875
    },
    {
        "color": 4294967295,
        "name": "Generic Point 6",
        "x": -1201.6622314453125,
        "y": 204.57223510742188,
        "z": 2542.129638671875
    },
    {
        "color": 4294967295,
        "name": "Generic Point 60",
        "x": -1489.245361328125,
        "y": 186.18365478515625,
        "z": 2463.40576171875
    },
    {
        "color": 4294967295,
        "name": "Generic Point 61",
        "x": -1491.5953369140625,
        "y": 205.9734344482422,
        "z": 2275.09326171875
    },
    {
        "color": 4294967295,
        "name": "Generic Point 62",
        "x": -1474.162841796875,
        "y": 161.1661834716797,
        "z": 2636.04833984375
    },
    {
        "color": 4294967295,
        "name": "Generic Point 63",
        "x": -1487.8841552734375,
        "y": 160.0968017578125,
        "z": 2647.707763671875
    },
    {
        "color": 4294967295,
        "name": "Generic Point 64",
        "x": -1519.4920654296875,
        "y": 146.99017333984375,
        "z": 2675.73974609375
    },
    {
        "color": 4294967295,
        "name": "Generic Point 65",
        "x": -1544.779296875,
        "y": 142.08062744140625,
        "z": 2675.8134765625
    },
    {
        "color": 4294967295,
        "name": "Generic Point 66",
        "x": -1470.9532470703125,
        "y": 154.13890075683594,
        "z": 2484.65283203125
    },
    {
        "color": 4294967295,
        "name": "Generic Point 67",
        "x": -1579.6031494140625,
        "y": 129.04762268066406,
        "z": 2690.991943359375
    },
    {
        "color": 4294967295,
        "name": "Generic Point 68",
        "x": -1612.02392578125,
        "y": 142.37860107421875,
        "z": 2648.41259765625
    },
    {
        "color": 4294967295,
        "name": "Generic Point 69",
        "x": -1707.4322509765625,
        "y": 152.61520385742188,
        "z": 2739.993408203125
    },
    {
        "color": 4294967295,
        "name": "Generic Point 7",
        "x": -1203.880859375,
        "y": 182.46771240234375,
        "z": 2474.159912109375
    },
    {
        "color": 4294967295,
        "name": "Generic Point 70",
        "x": -1552.28076171875,
        "y": 139.3126220703125,
        "z": 2673.931640625
    },
    {
        "color": 4294967295,
        "name": "Generic Point 71",
        "x": -1651.990966796875,
        "y": 155.3873291015625,
        "z": 2705.96484375
    },
    {
        "color": 4294967295,
        "name": "Generic Point 72",
        "x": -1652.9857177734375,
        "y": 101.91307830810547,
        "z": 2699.62158203125
    },
    {
        "color": 4294967295,
        "name": "Generic Point 73",
        "x": -1653.9119873046875,
        "y": 155.38427734375,
        "z": 2705.6279296875
    },
    {
        "color": 4294967295,
        "name": "Generic Point 74",
        "x": -1651.682861328125,
        "y": 181.98202514648438,
        "z": 2777.95166015625
    },
    {
        "color": 4294967295,
        "name": "Generic Point 75",
        "x": -1495.288818359375,
        "y": 196.66064453125,
        "z": 2255.906494140625
    },
    {
        "color": 4294967295,
        "name": "Generic Point 76",
        "x": -1695.776123046875,
        "y": 239.9562530517578,
        "z": 2705.314453125
    },
    {
        "color": 4294967295,
        "name": "Generic Point 77",
        "x": -1536.03125,
        "y": 157.35089111328125,
        "z": 2236.942138671875
    },
    {
        "color": 4294967295,
        "name": "Generic Point 78",
        "x": -1723.2813720703125,
        "y": 193.248779296875,
        "z": 2106.21533203125
    },
    {
        "color": 4294967295,
        "name": "Generic Point 79",
        "x": -1716.6123046875,
        "y": 208.66905212402344,
        "z": 2282.315185546875
    },
    {
        "color": 4294967295,
        "name": "Generic Point 8",
        "x": -1188.400146484375,
        "y": 173.79132080078125,
        "z": 2441.898193359375
    },
    {
        "color": 4294967295,
        "name": "Generic Point 80",
        "x": -1582.0877685546875,
        "y": 273.5943603515625,
        "z": 2322.232421875
    },
    {
        "color": 4294967295,
        "name": "Generic Point 9",
        "x": -1130.16845703125,
        "y": 169.20249938964844,
        "z": 2449.778076171875
    }
]