[
    {
        "color": 4294967295,
        "name": "Generic Point 0",
        "x": 2708.232421875,
        "y": 527.2991943359375,
        "z": 5078.095703125
    },
    {
        "color": 4294967295,
        "name": "Generic Point 1",
        "x": 2717.36328125,
        "y": 320.5738525390625,
        "z": 4469.841796875
    },
    {
        "color": 4294967295,
        "name": "Generic Point 2",
        "x": 3891.476806640625,
        "y": 472.8123779296875,
        "z": 4635.51171875
    },
    {
        "color": 4294967295,
        "name": "Generic Point 3",
        "x": 4025.66552734375,
        "y": 475.9726867675781,
        "z": 4038.128662109375
    },
    {
        "color": 4294967295,
        "name": "Generic Point 4",
        "x": 3615.8994140625,
        "y": 520.0669555664062,
        "z": 3124.60107421875
    },
    {
        "color": 4294967295,
        "name": "Generic Point 5",
        "x": 4184.10009765625,
        "y": 603.6031494140625,
        "z": 3235.989013671875
    },
    {
        "color": 4294967295,
        "name": "Generic Point 6",
        "x": 4627.58447265625,
        "y": 413.06951904296875,
        "z": 4016.91748046875
    },
    {
        "color": 4294967295,
        "name": "Generic Point 7",
        "x": 4970.19677734375,
        "y": 629.3419799804688,
        "z": 4175.1015625
    }
]