[
    {
        "color": 4294967295,
        "name": "Generic Point 0",
        "x": -691.44140625,
        "y": 138.4234161376953,
        "z": 3753.909912109375
    },
    {
        "color": 4294967295,
        "name": "Generic Point 1",
        "x": -621.4942016601562,
        "y": 128.50692749023438,
        "z": 3775.064208984375
    },
    {
        "color": 4294967295,
        "name": "Generic Point 2",
        "x": -559.3392944335938,
        "y": 153.2088165283203,
        "z": 3836.85693359375
    },
    {
        "color": 4294967295,
        "name": "Generic Point 3",
        "x": -651.8394165039062,
        "y": 142.01025390625,
        "z": 3948.600341796875
    },
    {
        "color": 4294967295,
        "name": "Generic Point 4",
        "x": -592.2163696289062,
        "y": 163.38404846191406,
        "z": 4051.7861328125
    },
    {
        "color": 4294967295,
        "name": "Generic Point 5",
        "x": -689.634521484375,
        "y": 135.42105102539062,
        "z": 4077.3046875
    },
    {
        "color": 4294967295,
        "name": "Generic Point 6",
        "x": -762.0364379882812,
        "y": 155.90484619140625,
        "z": 4048.09765625
    }
]