[
    {
        "color": 4294967295,
        "name": "Generic Point 0",
        "x": -192.383544921875,
        "y": 228.1200714111328,
        "z": 3514.936279296875
    },
    {
        "color": 4294967295,
        "name": "Generic Point 1",
        "x": -1387.5067138671875,
        "y": 265.6999206542969,
        "z": 3565.21435546875
    },
    {
        "color": 4294967295,
        "name": "Generic Point 10",
        "x": -1291.1573486328125,
        "y": 193.4091339111328,
        "z": 3594.154296875
    },
    {
        "color": 4294967295,
        "name": "Generic Point 11",
        "x": -1274.60986328125,
        "y": 112.56105041503906,
        "z": 3613.40185546875
    },
    {
        "color": 4294967295,
        "name": "Generic Point 12",
        "x": -1235.201904296875,
        "y": 113.24684143066406,
        "z": 3689.513427734375
    },
    {
        "color": 4294967295,
        "name": "Generic Point 13",
        "x": -1165.814697265625,
        "y": 83.50413513183594,
        "z": 3738.95654296875
    },
    {
        "color": 4294967295,
        "name": "Generic Point 14",
        "x": -1184.02783203125,
        "y": 82.94709014892578,
        "z": 3783.987548828125
    },
    {
        "color": 4294967295,
        "name": "Generic Point 15",
        "x": -1198.3203125,
        "y": 87.96224212646484,
        "z": 3771.82666015625
    },
    {
        "color": 4294967295,
        "name": "Generic Point 16",
        "x": -1322.103271484375,
        "y": 309.3644714355469,
        "z": 2139.64501953125
    },
    {
        "color": 4294967295,
        "name": "Generic Point 17",
        "x": -1142.567138671875,
        "y": 83.38243103027344,
        "z": 3828.69970703125
    },
    {
        "color": 4294967295,
        "name": "Generic Point 18",
        "x": -1112.803955078125,
        "y": 83.4466552734375,
        "z": 3853.29345703125
    },
    {
        "color": 4294967295,
        "name": "Generic Point 19",
        "x": -1093.4871826171875,
        "y": 86.48876953125,
        "z": 3848.5537109375
    },
    {
        "color": 4294967295,
        "name": "Generic Point 2",
        "x": -1366.6568603515625,
        "y": 265.9434814453125,
        "z": 3570.701904296875
    },
    {
        "color": 4294967295,
        "name": "Generic Point 20",
        "x": -339.6066589355469,
        "y": 260.2014465332031,
        "z": 2223.1669921875
    },
    {
        "color": 4294967295,
        "name": "Generic Point 21",
        "x": -360.1440124511719,
        "y": 261.4184875488281,
        "z": 2231.21240234375
    },
    {
        "color": 4294967295,
        "name": "Generic Point 22",
        "x": -362.212646484375,
        "y": 261.87066650390625,
        "z": 2233.841064453125
    },
    {
        "color": 4294967295,
        "name": "Generic Point 23",
        "x": -117.0274658203125,
        "y": 308.83221435546875,
        "z": 2137.08349609375
    },
    {
        "color": 4294967295,
        "name": "Generic Point 24",
        "x": -90.8062744140625,
        "y": 230.61900329589844,
        "z": 2110.186767578125
    },
    {
        "color": 4294967295,
        "name": "Generic Point 25",
        "x": -80.6272201538086,
        "y": 241.45504760742188,
        "z": 2077.621826171875
    },
    {
        "color": 4294967295,
        "name": "Generic Point 26",
        "x": -1328.9288330078125,
        "y": 309.6591796875,
        "z": 2122.26953125
    },
    {
        "color": 4294967295,
        "name": "Generic Point 27",
        "x": -1328.0367431640625,
        "y": 309.5507507324219,
        "z": 2121.365966796875
    },
    {
        "color": 4294967295,
        "name": "Generic Point 28",
        "x": -1372.357666015625,
        "y": 305.83721923828125,
        "z": 1970.3392333984375
    },
    {
        "color": 4294967295,
        "name": "Generic Point 29",
        "x": -1359.72265625,
        "y": 272.5047302246094,
        "z": 1948.7099609375
    },
    {
        "color": 4294967295,
        "name": "Generic Point 3",
        "x": -1369.3226318359375,
        "y": 265.50885009765625,
        "z": 3568.914794921875
    },
    {
        "color": 4294967295,
        "name": "Generic Point 30",
        "x": -1307.9859619140625,
        "y": 237.76959228515625,
        "z": 1880.38671875
    },
    {
        "color": 4294967295,
        "name": "Generic Point 31",
        "x": -1301.156982421875,
        "y": 254.94520568847656,
        "z": 1866.107666015625
    },
    {
        "color": 4294967295,
        "name": "Generic Point 4",
        "x": -1319.1739501953125,
        "y": 308.1062927246094,
        "z": 2139.4375
    },
    {
        "color": 4294967295,
        "name": "Generic Point 5",
        "x": -1292.241455078125,
        "y": 210.857666015625,
        "z": 3519.553955078125
    },
    {
        "color": 4294967295,
        "name": "Generic Point 6",
        "x": -1296.7952880859375,
        "y": 208.68948364257812,
        "z": 3532.58349609375
    },
    {
        "color": 4294967295,
        "name": "Generic Point 7",
        "x": -1297.76416015625,
        "y": 199.9309539794922,
        "z": 3556.499267578125
    },
    {
        "color": 4294967295,
        "name": "Generic Point 8",
        "x": -1303.3382568359375,
        "y": 195.9324493408203,
        "z": 3575.32373046875
    },
    {
        "color": 4294967295,
        "name": "Generic Point 9",
        "x": -1264.035400390625,
        "y": 111.2916259765625,
        "z": 3623.625
    }
]