[
    {
        "color": 4294967295,
        "name": "Generic Point 0",
        "x": -630.81,
        "y": 256.73,
        "z": 435.4
    },
    {
        "color": 4294967295,
        "name": "Generic Point 1",
        "x": 1228.34,
        "y": 363.66,
        "z": 1549.08
    },
    {
        "color": 4294967295,
        "name": "Generic Point 10",
        "x": 1678.92,
        "y": 238.48,
        "z": 651.4
    },
    {
        "color": 4294967295,
        "name": "Generic Point 11",
        "x": 1674.29,
        "y": 213.55,
        "z": 692.08
    },
    {
        "color": 4294967295,
        "name": "Generic Point 12",
        "x": 1756.77,
        "y": 221.48,
        "z": 863.91
    },
    {
        "color": 4294967295,
        "name": "Generic Point 13",
        "x": 1738.78,
        "y": 222.69,
        "z": 874.86
    },
    {
        "color": 4294967295,
        "name": "Generic Point 14",
        "x": -575.48,
        "y": 252.65,
        "z": 460.66
    },
    {
        "color": 4294967295,
        "name": "Generic Point 15",
        "x": -682.31,
        "y": 221.8,
        "z": 257.53
    },
    {
        "color": 4294967295,
        "name": "Generic Point 16",
        "x": -560.9,
        "y": 229.1,
        "z": 334.34
    },
    {
        "color": 4294967295,
        "name": "Generic Point 2",
        "x": 1026.91,
        "y": 338.13,
        "z": 1559.88
    },
    {
        "color": 4294967295,
        "name": "Generic Point 3",
        "x": 602.29,
        "y": 232.11,
        "z": 1707.8
    },
    {
        "color": 4294967295,
        "name": "Generic Point 4",
        "x": 602.26,
        "y": 231.52,
        "z": 1652.54
    },
    {
        "color": 4294967295,
        "name": "Generic Point 5",
        "x": 599.78,
        "y": 232.33,
        "z": 1710.78
    },
    {
        "color": 4294967295,
        "name": "Generic Point 6",
        "x": -274.45,
        "y": 235.7,
        "z": 347.7
    },
    {
        "color": 4294967295,
        "name": "Generic Point 7",
        "x": -604.9,
        "y": 206.28,
        "z": 151.15
    },
    {
        "color": 4294967295,
        "name": "Generic Point 8",
        "x": -571.3,
        "y": 252.06,
        "z": 459.88
    },
    {
        "color": 4294967295,
        "name": "Generic Point 9",
        "x": -510.22,
        "y": 204.33,
        "z": 320.47
    }
]