[
    {
        "color": 4294967295,
        "name": "Generic Point 0",
        "x": -201.29,
        "y": 293.42,
        "z": 215.1
    },
    {
        "color": 4294967295,
        "name": "Generic Point 1",
        "x": 687.88,
        "y": 242.61,
        "z": 1604.35
    },
    {
        "color": 4294967295,
        "name": "Generic Point 10",
        "x": -679.56,
        "y": 216.28,
        "z": 191.03
    },
    {
        "color": 4294967295,
        "name": "Generic Point 11",
        "x": -430.4,
        "y": 259.84,
        "z": 531.56
    },
    {
        "color": 4294967295,
        "name": "Generic Point 12",
        "x": 1187.71,
        "y": 210.0,
        "z": 252.35
    },
    {
        "color": 4294967295,
        "name": "Generic Point 13",
        "x": 1517.86,
        "y": 201.08,
        "z": 229.98
    },
    {
        "color": 4294967295,
        "name": "Generic Point 14",
        "x": 453.31,
        "y": 214.22,
        "z": 288.34
    },
    {
        "color": 4294967295,
        "name": "Generic Point 15",
        "x": 1856.88,
        "y": 222.18,
        "z": 806.35
    },
    {
        "color": 4294967295,
        "name": "Generic Point 16",
        "x": 669.03,
        "y": 184.29,
        "z": 1098.76
    },
    {
        "color": 4294967295,
        "name": "Generic Point 2",
        "x": 846.45,
        "y": 390.24,
        "z": 1463.46
    },
    {
        "color": 4294967295,
        "name": "Generic Point 3",
        "x": 243.7,
        "y": 244.44,
        "z": 808.43
    },
    {
        "color": 4294967295,
        "name": "Generic Point 4",
        "x": -125.34,
        "y": 219.98,
        "z": -218.06
    },
    {
        "color": 4294967295,
        "name": "Generic Point 5",
        "x": -678.19,
        "y": 206.76,
        "z": 1189.78
    },
    {
        "color": 4294967295,
        "name": "Generic Point 6",
        "x": -346.06,
        "y": 264.22,
        "z": 1218.24
    },
    {
        "color": 4294967295,
        "name": "Generic Point 7",
        "x": -890.52,
        "y": 196.94,
        "z": 1161.32
    },
    {
        "color": 4294967295,
        "name": "Generic Point 8",
        "x": 432.0,
        "y": 194.1,
        "z": 774.16
    },
    {
        "color": 4294967295,
        "name": "Generic Point 9",
        "x": -598.5,
        "y": 227.68,
        "z": 323.62
    }
]