[
    {
        "color": 4294967295,
        "name": "Generic Point 0",
        "x": -3654.159,
        "y": 220.185,
        "z": -2980.698
    },
    {
        "color": 4294967295,
        "name": "Generic Point 1",
        "x": -3785.442,
        "y": 309.581,
        "z": -3054.353
    },
    {
        "color": 4294967295,
        "name": "Generic Point 10",
        "x": -4400.238,
        "y": 214.892,
        "z": -3755.346
    },
    {
        "color": 4294967295,
        "name": "Generic Point 100",
        "x": -3510.14,
        "y": 204.901,
        "z": -2562.029
    },
    {
        "color": 4294967295,
        "name": "Generic Point 101",
        "x": -3497.326,
        "y": 205.448,
        "z": -2427.427
    },
    {
        "color": 4294967295,
        "name": "Generic Point 102",
        "x": -3659.99,
        "y": 241.551,
        "z": -2372.265
    },
    {
        "color": 4294967295,
        "name": "Generic Point 103",
        "x": -3721.408,
        "y": 256.736,
        "z": -2337.773
    },
    {
        "color": 4294967295,
        "name": "Generic Point 104",
        "x": -3748.653,
        "y": 239.837,
        "z": -2274.525
    },
    {
        "color": 4294967295,
        "name": "Generic Point 105",
        "x": -3885.861,
        "y": 275.914,
        "z": -2332.097
    },
    {
        "color": 4294967295,
        "name": "Generic Point 106",
        "x": -3852.794,
        "y": 252.165,
        "z": -2223.416
    },
    {
        "color": 4294967295,
        "name": "Generic Point 107",
        "x": -1410.387,
        "y": 277.843,
        "z": 2567.521
    },
    {
        "color": 4294967295,
        "name": "Generic Point 108",
        "x": -3894.148,
        "y": 248.742,
        "z": -2228.044
    },
    {
        "color": 4294967295,
        "name": "Generic Point 109",
        "x": -3937.106,
        "y": 204.941,
        "z": -2055.92
    },
    {
        "color": 4294967295,
        "name": "Generic Point 11",
        "x": -4386.513,
        "y": 206.847,
        "z": -3971.64
    },
    {
        "color": 4294967295,
        "name": "Generic Point 110",
        "x": -3836.003,
        "y": 204.891,
        "z": -2080.966
    },
    {
        "color": 4294967295,
        "name": "Generic Point 111",
        "x": -3746.692,
        "y": 229.423,
        "z": -2100.377
    },
    {
        "color": 4294967295,
        "name": "Generic Point 112",
        "x": -3679.914,
        "y": 230.316,
        "z": -2034.294
    },
    {
        "color": 4294967295,
        "name": "Generic Point 113",
        "x": -3654.708,
        "y": 231.281,
        "z": -2033.177
    },
    {
        "color": 4294967295,
        "name": "Generic Point 114",
        "x": -3648.404,
        "y": 238.729,
        "z": -2050.876
    },
    {
        "color": 4294967295,
        "name": "Generic Point 115",
        "x": -3631.216,
        "y": 252.072,
        "z": -2163.264
    },
    {
        "color": 4294967295,
        "name": "Generic Point 116",
        "x": -3596.88,
        "y": 255.095,
        "z": -2179.628
    },
    {
        "color": 4294967295,
        "name": "Generic Point 117",
        "x": -3532.306,
        "y": 229.547,
        "z": -2198.516
    },
    {
        "color": 4294967295,
        "name": "Generic Point 118",
        "x": -1538.374,
        "y": 210.635,
        "z": 2472.017
    },
    {
        "color": 4294967295,
        "name": "Generic Point 119",
        "x": -3548.014,
        "y": 233.743,
        "z": -2292.402
    },
    {
        "color": 4294967295,
        "name": "Generic Point 12",
        "x": -4781.864,
        "y": 206.72,
        "z": -4627.305
    },
    {
        "color": 4294967295,
        "name": "Generic Point 120",
        "x": -3486.731,
        "y": 205.051,
        "z": -2248.101
    },
    {
        "color": 4294967295,
        "name": "Generic Point 121",
        "x": -3492.995,
        "y": 215.738,
        "z": -2144.656
    },
    {
        "color": 4294967295,
        "name": "Generic Point 122",
        "x": -3611.451,
        "y": 213.994,
        "z": -1951.314
    },
    {
        "color": 4294967295,
        "name": "Generic Point 123",
        "x": -3814.178,
        "y": 212.069,
        "z": -1802.996
    },
    {
        "color": 4294967295,
        "name": "Generic Point 124",
        "x": -3655.094,
        "y": 205.161,
        "z": -1611.916
    },
    {
        "color": 4294967295,
        "name": "Generic Point 125",
        "x": -3545.454,
        "y": 206.725,
        "z": -1204.254
    },
    {
        "color": 4294967295,
        "name": "Generic Point 126",
        "x": -3560.063,
        "y": 204.146,
        "z": -1112.922
    },
    {
        "color": 4294967295,
        "name": "Generic Point 127",
        "x": -3690.135,
        "y": 207.97,
        "z": -979.56
    },
    {
        "color": 4294967295,
        "name": "Generic Point 128",
        "x": -3602.259,
        "y": 206.931,
        "z": -897.342
    },
    {
        "color": 4294967295,
        "name": "Generic Point 129",
        "x": -1408.921,
        "y": 209.316,
        "z": 2665.75
    },
    {
        "color": 4294967295,
        "name": "Generic Point 13",
        "x": -4757.618,
        "y": 209.347,
        "z": -4670.688
    },
    {
        "color": 4294967295,
        "name": "Generic Point 130",
        "x": -3589.478,
        "y": 219.286,
        "z": -615.633
    },
    {
        "color": 4294967295,
        "name": "Generic Point 131",
        "x": -3592.351,
        "y": 215.557,
        "z": -561.327
    },
    {
        "color": 4294967295,
        "name": "Generic Point 132",
        "x": -3803.312,
        "y": 241.432,
        "z": -590.008
    },
    {
        "color": 4294967295,
        "name": "Generic Point 133",
        "x": -3778.632,
        "y": 125.666,
        "z": -624.05
    },
    {
        "color": 4294967295,
        "name": "Generic Point 134",
        "x": -3886.848,
        "y": 258.517,
        "z": -512.764
    },
    {
        "color": 4294967295,
        "name": "Generic Point 135",
        "x": -3908.633,
        "y": 216.66,
        "z": -585.052
    },
    {
        "color": 4294967295,
        "name": "Generic Point 136",
        "x": -3987.626,
        "y": 223.061,
        "z": -650.84
    },
    {
        "color": 4294967295,
        "name": "Generic Point 137",
        "x": -4040.203,
        "y": 219.729,
        "z": -640.587
    },
    {
        "color": 4294967295,
        "name": "Generic Point 138",
        "x": -4016.408,
        "y": 198.774,
        "z": -784.542
    },
    {
        "color": 4294967295,
        "name": "Generic Point 139",
        "x": -4032.285,
        "y": 207.86,
        "z": -942.305
    },
    {
        "color": 4294967295,
        "name": "Generic Point 14",
        "x": -4942.583,
        "y": 206.275,
        "z": -4610.168
    },
    {
        "color": 4294967295,
        "name": "Generic Point 140",
        "x": -1297.239,
        "y": 243.665,
        "z": 2631.462
    },
    {
        "color": 4294967295,
        "name": "Generic Point 141",
        "x": -3970.449,
        "y": 182.863,
        "z": -1010.687
    },
    {
        "color": 4294967295,
        "name": "Generic Point 142",
        "x": -3967.217,
        "y": 132.363,
        "z": -1013.885
    },
    {
        "color": 4294967295,
        "name": "Generic Point 143",
        "x": -3931.049,
        "y": 181.863,
        "z": -1033.563
    },
    {
        "color": 4294967295,
        "name": "Generic Point 144",
        "x": -3820.578,
        "y": 204.956,
        "z": -1042.255
    },
    {
        "color": 4294967295,
        "name": "Generic Point 145",
        "x": -1258.682,
        "y": 204.701,
        "z": 2660.441
    },
    {
        "color": 4294967295,
        "name": "Generic Point 146",
        "x": -1400.891,
        "y": 223.09,
        "z": 2748.071
    },
    {
        "color": 4294967295,
        "name": "Generic Point 147",
        "x": -1348.947,
        "y": 299.73,
        "z": 2904.913
    },
    {
        "color": 4294967295,
        "name": "Generic Point 148",
        "x": -34.882,
        "y": 350.924,
        "z": 2159.109
    },
    {
        "color": 4294967295,
        "name": "Generic Point 149",
        "x": -1640.362,
        "y": 223.157,
        "z": 2733.214
    },
    {
        "color": 4294967295,
        "name": "Generic Point 15",
        "x": -4911.695,
        "y": 205.573,
        "z": -4730.064
    },
    {
        "color": 4294967295,
        "name": "Generic Point 150",
        "x": -1688.041,
        "y": 240.081,
        "z": 2692.156
    },
    {
        "color": 4294967295,
        "name": "Generic Point 151",
        "x": -1789.976,
        "y": 303.724,
        "z": 2782.618
    },
    {
        "color": 4294967295,
        "name": "Generic Point 152",
        "x": -1823.007,
        "y": 189.597,
        "z": 3030.459
    },
    {
        "color": 4294967295,
        "name": "Generic Point 153",
        "x": -1807.263,
        "y": 190.052,
        "z": 3037.416
    },
    {
        "color": 4294967295,
        "name": "Generic Point 154",
        "x": -1556.688,
        "y": 249.932,
        "z": 2962.336
    },
    {
        "color": 4294967295,
        "name": "Generic Point 155",
        "x": -1478.359,
        "y": 244.197,
        "z": 2924.963
    },
    {
        "color": 4294967295,
        "name": "Generic Point 156",
        "x": -1331.571,
        "y": 262.072,
        "z": 2949.644
    },
    {
        "color": 4294967295,
        "name": "Generic Point 157",
        "x": -1328.479,
        "y": 245.809,
        "z": 2999.868
    },
    {
        "color": 4294967295,
        "name": "Generic Point 158",
        "x": -875.424,
        "y": 213.477,
        "z": 2975.067
    },
    {
        "color": 4294967295,
        "name": "Generic Point 159",
        "x": -208.724,
        "y": 304.448,
        "z": 1960.22
    },
    {
        "color": 4294967295,
        "name": "Generic Point 16",
        "x": -4864.399,
        "y": 205.042,
        "z": -4805.864
    },
    {
        "color": 4294967295,
        "name": "Generic Point 160",
        "x": -618.991,
        "y": 229.031,
        "z": 2906.488
    },
    {
        "color": 4294967295,
        "name": "Generic Point 161",
        "x": -125.966,
        "y": 244.922,
        "z": 2742.847
    },
    {
        "color": 4294967295,
        "name": "Generic Point 162",
        "x": -16.203,
        "y": 207.407,
        "z": 2598.648
    },
    {
        "color": 4294967295,
        "name": "Generic Point 163",
        "x": 25.48,
        "y": 166.879,
        "z": 2591.258
    },
    {
        "color": 4294967295,
        "name": "Generic Point 164",
        "x": 91.351,
        "y": 234.72,
        "z": 2512.228
    },
    {
        "color": 4294967295,
        "name": "Generic Point 165",
        "x": 99.877,
        "y": 250.015,
        "z": 2485.227
    },
    {
        "color": 4294967295,
        "name": "Generic Point 166",
        "x": 46.069,
        "y": 248.153,
        "z": 2416.268
    },
    {
        "color": 4294967295,
        "name": "Generic Point 167",
        "x": -447.305,
        "y": 246.032,
        "z": 2615.772
    },
    {
        "color": 4294967295,
        "name": "Generic Point 168",
        "x": -243.698,
        "y": 197.96,
        "z": 2484.875
    },
    {
        "color": 4294967295,
        "name": "Generic Point 169",
        "x": -309.051,
        "y": 151.073,
        "z": 2421.767
    },
    {
        "color": 4294967295,
        "name": "Generic Point 17",
        "x": -4802.388,
        "y": 208.658,
        "z": -4740.035
    },
    {
        "color": 4294967295,
        "name": "Generic Point 170",
        "x": -462.068,
        "y": 301.567,
        "z": 1998.814
    },
    {
        "color": 4294967295,
        "name": "Generic Point 171",
        "x": -531.614,
        "y": 221.52,
        "z": 2339.785
    },
    {
        "color": 4294967295,
        "name": "Generic Point 172",
        "x": -777.392,
        "y": 245.985,
        "z": 2031.88
    },
    {
        "color": 4294967295,
        "name": "Generic Point 173",
        "x": -618.719,
        "y": 271.213,
        "z": 2052.206
    },
    {
        "color": 4294967295,
        "name": "Generic Point 174",
        "x": -638.666,
        "y": 238.203,
        "z": 1982.195
    },
    {
        "color": 4294967295,
        "name": "Generic Point 175",
        "x": -638.404,
        "y": 146.932,
        "z": 1872.078
    },
    {
        "color": 4294967295,
        "name": "Generic Point 176",
        "x": -714.353,
        "y": 126.505,
        "z": 2009.121
    },
    {
        "color": 4294967295,
        "name": "Generic Point 177",
        "x": -848.154,
        "y": 230.886,
        "z": 1900.273
    },
    {
        "color": 4294967295,
        "name": "Generic Point 178",
        "x": -879.494,
        "y": 191.42,
        "z": 1747.229
    },
    {
        "color": 4294967295,
        "name": "Generic Point 179",
        "x": -886.356,
        "y": 162.803,
        "z": 1707.147
    },
    {
        "color": 4294967295,
        "name": "Generic Point 18",
        "x": -934.985,
        "y": 211.211,
        "z": 2564.727
    },
    {
        "color": 4294967295,
        "name": "Generic Point 180",
        "x": -844.708,
        "y": 124.95,
        "z": 1718.583
    },
    {
        "color": 4294967295,
        "name": "Generic Point 181",
        "x": -545.858,
        "y": 274.239,
        "z": 1902.174
    },
    {
        "color": 4294967295,
        "name": "Generic Point 182",
        "x": -661.02,
        "y": 159.844,
        "z": 1669.521
    },
    {
        "color": 4294967295,
        "name": "Generic Point 183",
        "x": -570.245,
        "y": 182.186,
        "z": 1637.092
    },
    {
        "color": 4294967295,
        "name": "Generic Point 184",
        "x": -628.839,
        "y": 157.577,
        "z": 1607.644
    },
    {
        "color": 4294967295,
        "name": "Generic Point 185",
        "x": -717.338,
        "y": 161.824,
        "z": 1576.211
    },
    {
        "color": 4294967295,
        "name": "Generic Point 186",
        "x": -714.354,
        "y": 187.928,
        "z": 1521.32
    },
    {
        "color": 4294967295,
        "name": "Generic Point 187",
        "x": -572.501,
        "y": 207.63,
        "z": 1511.499
    },
    {
        "color": 4294967295,
        "name": "Generic Point 188",
        "x": -742.285,
        "y": 207.649,
        "z": 1153.225
    },
    {
        "color": 4294967295,
        "name": "Generic Point 189",
        "x": -732.448,
        "y": 208.724,
        "z": 1141.686
    },
    {
        "color": 4294967295,
        "name": "Generic Point 19",
        "x": -4756.876,
        "y": 209.343,
        "z": -4670.328
    },
    {
        "color": 4294967295,
        "name": "Generic Point 190",
        "x": -840.41,
        "y": 178.166,
        "z": 1068.429
    },
    {
        "color": 4294967295,
        "name": "Generic Point 191",
        "x": -845.693,
        "y": 206.159,
        "z": 1030.437
    },
    {
        "color": 4294967295,
        "name": "Generic Point 192",
        "x": 354.766,
        "y": 315.748,
        "z": 1861.573
    },
    {
        "color": 4294967295,
        "name": "Generic Point 193",
        "x": -448.062,
        "y": 238.244,
        "z": 1818.959
    },
    {
        "color": 4294967295,
        "name": "Generic Point 194",
        "x": -875.227,
        "y": 213.261,
        "z": 1013.951
    },
    {
        "color": 4294967295,
        "name": "Generic Point 195",
        "x": -911.702,
        "y": 184.784,
        "z": 935.792
    },
    {
        "color": 4294967295,
        "name": "Generic Point 196",
        "x": -865.574,
        "y": 214.859,
        "z": 969.851
    },
    {
        "color": 4294967295,
        "name": "Generic Point 197",
        "x": -665.615,
        "y": 224.532,
        "z": 981.041
    },
    {
        "color": 4294967295,
        "name": "Generic Point 198",
        "x": -567.936,
        "y": 241.973,
        "z": 909.58
    },
    {
        "color": 4294967295,
        "name": "Generic Point 199",
        "x": -608.586,
        "y": 316.062,
        "z": 813.444
    },
    {
        "color": 4294967295,
        "name": "Generic Point 2",
        "x": -3793.901,
        "y": 324.116,
        "z": -3078.355
    },
    {
        "color": 4294967295,
        "name": "Generic Point 20",
        "x": -4286.965,
        "y": 207.144,
        "z": -4492.958
    },
    {
        "color": 4294967295,
        "name": "Generic Point 200",
        "x": -511.251,
        "y": 284.378,
        "z": 689.698
    },
    {
        "color": 4294967295,
        "name": "Generic Point 201",
        "x": -450.078,
        "y": 340.943,
        "z": 540.239
    },
    {
        "color": 4294967295,
        "name": "Generic Point 202",
        "x": -525.286,
        "y": 397.755,
        "z": 627.474
    },
    {
        "color": 4294967295,
        "name": "Generic Point 203",
        "x": -583.155,
        "y": 346.042,
        "z": 616.64
    },
    {
        "color": 4294967295,
        "name": "Generic Point 204",
        "x": -483.414,
        "y": 189.554,
        "z": 1753.294
    },
    {
        "color": 4294967295,
        "name": "Generic Point 205",
        "x": -605.793,
        "y": 318.485,
        "z": 628.816
    },
    {
        "color": 4294967295,
        "name": "Generic Point 206",
        "x": -660.525,
        "y": 306.843,
        "z": 634.744
    },
    {
        "color": 4294967295,
        "name": "Generic Point 207",
        "x": -843.925,
        "y": 213.975,
        "z": 682.075
    },
    {
        "color": 4294967295,
        "name": "Generic Point 208",
        "x": -827.663,
        "y": 176.483,
        "z": 872.447
    },
    {
        "color": 4294967295,
        "name": "Generic Point 209",
        "x": -681.397,
        "y": 220.777,
        "z": 840.581
    },
    {
        "color": 4294967295,
        "name": "Generic Point 21",
        "x": -4335.604,
        "y": 205.747,
        "z": -4349.817
    },
    {
        "color": 4294967295,
        "name": "Generic Point 210",
        "x": -721.888,
        "y": 204.543,
        "z": 802.715
    },
    {
        "color": 4294967295,
        "name": "Generic Point 211",
        "x": -723.285,
        "y": 173.254,
        "z": 868.164
    },
    {
        "color": 4294967295,
        "name": "Generic Point 212",
        "x": -717.676,
        "y": 168.671,
        "z": 1059.176
    },
    {
        "color": 4294967295,
        "name": "Generic Point 213",
        "x": -650.298,
        "y": 188.981,
        "z": 1049.293
    },
    {
        "color": 4294967295,
        "name": "Generic Point 214",
        "x": -488.423,
        "y": 189.2,
        "z": 1078.142
    },
    {
        "color": 4294967295,
        "name": "Generic Point 215",
        "x": -536.527,
        "y": 189.684,
        "z": 1737.389
    },
    {
        "color": 4294967295,
        "name": "Generic Point 216",
        "x": -360.89,
        "y": 235.191,
        "z": 1116.319
    },
    {
        "color": 4294967295,
        "name": "Generic Point 217",
        "x": -335.145,
        "y": 277.685,
        "z": 1026.41
    },
    {
        "color": 4294967295,
        "name": "Generic Point 218",
        "x": -285.581,
        "y": 248.728,
        "z": 1024.9
    },
    {
        "color": 4294967295,
        "name": "Generic Point 219",
        "x": -285.791,
        "y": 214.314,
        "z": 1125.974
    },
    {
        "color": 4294967295,
        "name": "Generic Point 22",
        "x": -4237.801,
        "y": 211.102,
        "z": -4274.234
    },
    {
        "color": 4294967295,
        "name": "Generic Point 220",
        "x": -198.764,
        "y": 204.915,
        "z": 1114.528
    },
    {
        "color": 4294967295,
        "name": "Generic Point 221",
        "x": -186.829,
        "y": 220.395,
        "z": 1084.017
    },
    {
        "color": 4294967295,
        "name": "Generic Point 222",
        "x": -115.232,
        "y": 191.125,
        "z": 973.036
    },
    {
        "color": 4294967295,
        "name": "Generic Point 223",
        "x": -86.563,
        "y": 203.068,
        "z": 949.808
    },
    {
        "color": 4294967295,
        "name": "Generic Point 224",
        "x": -112.05,
        "y": 231.427,
        "z": 1053.687
    },
    {
        "color": 4294967295,
        "name": "Generic Point 225",
        "x": 18.969,
        "y": 243.818,
        "z": 1149.368
    },
    {
        "color": 4294967295,
        "name": "Generic Point 226",
        "x": -348.05,
        "y": 257.698,
        "z": 1736.811
    },
    {
        "color": 4294967295,
        "name": "Generic Point 227",
        "x": 19.26,
        "y": 206.787,
        "z": 1255.718
    },
    {
        "color": 4294967295,
        "name": "Generic Point 228",
        "x": 36.877,
        "y": 200.967,
        "z": 1266.457
    },
    {
        "color": 4294967295,
        "name": "Generic Point 229",
        "x": 59.347,
        "y": 213.319,
        "z": 1222.011
    },
    {
        "color": 4294967295,
        "name": "Generic Point 23",
        "x": -4185.423,
        "y": 205.107,
        "z": -4285.709
    },
    {
        "color": 4294967295,
        "name": "Generic Point 230",
        "x": 170.293,
        "y": 212.538,
        "z": 1193.428
    },
    {
        "color": 4294967295,
        "name": "Generic Point 231",
        "x": 312.97,
        "y": 239.719,
        "z": 1083.866
    },
    {
        "color": 4294967295,
        "name": "Generic Point 232",
        "x": 221.626,
        "y": 237.192,
        "z": 929.092
    },
    {
        "color": 4294967295,
        "name": "Generic Point 233",
        "x": 231.136,
        "y": 239.775,
        "z": 847.868
    },
    {
        "color": 4294967295,
        "name": "Generic Point 234",
        "x": 88.251,
        "y": 263.571,
        "z": 1000.607
    },
    {
        "color": 4294967295,
        "name": "Generic Point 235",
        "x": 18.986,
        "y": 251.372,
        "z": 833.941
    },
    {
        "color": 4294967295,
        "name": "Generic Point 236",
        "x": -144.808,
        "y": 201.219,
        "z": 816.321
    },
    {
        "color": 4294967295,
        "name": "Generic Point 237",
        "x": -140.435,
        "y": 311.268,
        "z": 1747.507
    },
    {
        "color": 4294967295,
        "name": "Generic Point 238",
        "x": -207.697,
        "y": 186.278,
        "z": 855.701
    },
    {
        "color": 4294967295,
        "name": "Generic Point 239",
        "x": -286.978,
        "y": 189.087,
        "z": 889.11
    },
    {
        "color": 4294967295,
        "name": "Generic Point 24",
        "x": -4302.205,
        "y": 205.362,
        "z": -3956.481
    },
    {
        "color": 4294967295,
        "name": "Generic Point 240",
        "x": -334.914,
        "y": 232.796,
        "z": 912.34
    },
    {
        "color": 4294967295,
        "name": "Generic Point 241",
        "x": -354.866,
        "y": 208.986,
        "z": 846.002
    },
    {
        "color": 4294967295,
        "name": "Generic Point 242",
        "x": -357.524,
        "y": 226.919,
        "z": 814.391
    },
    {
        "color": 4294967295,
        "name": "Generic Point 243",
        "x": -449.312,
        "y": 210.159,
        "z": 883.589
    },
    {
        "color": 4294967295,
        "name": "Generic Point 244",
        "x": -433.277,
        "y": 237.027,
        "z": 770.677
    },
    {
        "color": 4294967295,
        "name": "Generic Point 245",
        "x": -360.013,
        "y": 243.704,
        "z": 770.239
    },
    {
        "color": 4294967295,
        "name": "Generic Point 246",
        "x": -242.617,
        "y": 223.293,
        "z": 748.292
    },
    {
        "color": 4294967295,
        "name": "Generic Point 247",
        "x": -261.35,
        "y": 268.487,
        "z": 720.109
    },
    {
        "color": 4294967295,
        "name": "Generic Point 248",
        "x": -19.917,
        "y": 292.932,
        "z": 1791.218
    },
    {
        "color": 4294967295,
        "name": "Generic Point 249",
        "x": -323.26,
        "y": 353.515,
        "z": 578.206
    },
    {
        "color": 4294967295,
        "name": "Generic Point 25",
        "x": -4239.154,
        "y": 205.726,
        "z": -3905.426
    },
    {
        "color": 4294967295,
        "name": "Generic Point 250",
        "x": -287.99,
        "y": 369.61,
        "z": 507.398
    },
    {
        "color": 4294967295,
        "name": "Generic Point 251",
        "x": -220.775,
        "y": 406.854,
        "z": 523.421
    },
    {
        "color": 4294967295,
        "name": "Generic Point 252",
        "x": -215.959,
        "y": 377.548,
        "z": 397.99
    },
    {
        "color": 4294967295,
        "name": "Generic Point 253",
        "x": -121.178,
        "y": 289.536,
        "z": 293.117
    },
    {
        "color": 4294967295,
        "name": "Generic Point 254",
        "x": -87.235,
        "y": 280.745,
        "z": 243.029
    },
    {
        "color": 4294967295,
        "name": "Generic Point 255",
        "x": -21.179,
        "y": 282.034,
        "z": 230.871
    },
    {
        "color": 4294967295,
        "name": "Generic Point 256",
        "x": 257.645,
        "y": 239.288,
        "z": 507.882
    },
    {
        "color": 4294967295,
        "name": "Generic Point 257",
        "x": 4.64,
        "y": 212.826,
        "z": 550.233
    },
    {
        "color": 4294967295,
        "name": "Generic Point 258",
        "x": 82.247,
        "y": 259.837,
        "z": 326.286
    },
    {
        "color": 4294967295,
        "name": "Generic Point 259",
        "x": 57.317,
        "y": 293.142,
        "z": 1765.794
    },
    {
        "color": 4294967295,
        "name": "Generic Point 26",
        "x": -4299.674,
        "y": 220.931,
        "z": -3849.278
    },
    {
        "color": 4294967295,
        "name": "Generic Point 260",
        "x": 125.252,
        "y": 255.474,
        "z": 211.17
    },
    {
        "color": 4294967295,
        "name": "Generic Point 261",
        "x": 130.279,
        "y": 249.639,
        "z": 178.177
    },
    {
        "color": 4294967295,
        "name": "Generic Point 262",
        "x": 82.633,
        "y": 254.746,
        "z": 131.767
    },
    {
        "color": 4294967295,
        "name": "Generic Point 263",
        "x": 6.514,
        "y": 272.616,
        "z": 57.702
    },
    {
        "color": 4294967295,
        "name": "Generic Point 264",
        "x": -114.588,
        "y": 256.11699999999996,
        "z": -41.941
    },
    {
        "color": 4294967295,
        "name": "Generic Point 265",
        "x": -325.852,
        "y": 206.59,
        "z": -733.605
    },
    {
        "color": 4294967295,
        "name": "Generic Point 266",
        "x": -295.869,
        "y": 247.444,
        "z": -955.553
    },
    {
        "color": 4294967295,
        "name": "Generic Point 267",
        "x": -151.925,
        "y": 204.796,
        "z": -541.025
    },
    {
        "color": 4294967295,
        "name": "Generic Point 268",
        "x": 239.378,
        "y": 207.933,
        "z": 24.909
    },
    {
        "color": 4294967295,
        "name": "Generic Point 269",
        "x": 173.543,
        "y": 237.552,
        "z": 149.892
    },
    {
        "color": 4294967295,
        "name": "Generic Point 27",
        "x": -4313.595,
        "y": 205.244,
        "z": -3819.12
    },
    {
        "color": 4294967295,
        "name": "Generic Point 270",
        "x": 114.478,
        "y": 260.696,
        "z": 1617.327
    },
    {
        "color": 4294967295,
        "name": "Generic Point 271",
        "x": 231.192,
        "y": 231.696,
        "z": 212.801
    },
    {
        "color": 4294967295,
        "name": "Generic Point 272",
        "x": 325.824,
        "y": 222.321,
        "z": 174.159
    },
    {
        "color": 4294967295,
        "name": "Generic Point 273",
        "x": 381.054,
        "y": 205.186,
        "z": 125.033
    },
    {
        "color": 4294967295,
        "name": "Generic Point 274",
        "x": 375.388,
        "y": 218.301,
        "z": 292.11
    },
    {
        "color": 4294967295,
        "name": "Generic Point 275",
        "x": 379.769,
        "y": 218.083,
        "z": 338.911
    },
    {
        "color": 4294967295,
        "name": "Generic Point 276",
        "x": 436.627,
        "y": 214.252,
        "z": 331.654
    },
    {
        "color": 4294967295,
        "name": "Generic Point 277",
        "x": 552.619,
        "y": 206.292,
        "z": 150.124
    },
    {
        "color": 4294967295,
        "name": "Generic Point 278",
        "x": 663.225,
        "y": 205.423,
        "z": -5.548
    },
    {
        "color": 4294967295,
        "name": "Generic Point 279",
        "x": 682.228,
        "y": 206.862,
        "z": 150.214
    },
    {
        "color": 4294967295,
        "name": "Generic Point 28",
        "x": -4249.784,
        "y": 205.518,
        "z": -3839.981
    },
    {
        "color": 4294967295,
        "name": "Generic Point 280",
        "x": 682.302,
        "y": 206.996,
        "z": 206.721
    },
    {
        "color": 4294967295,
        "name": "Generic Point 281",
        "x": 267.075,
        "y": 241.192,
        "z": 1619.691
    },
    {
        "color": 4294967295,
        "name": "Generic Point 282",
        "x": 746.454,
        "y": 208.523,
        "z": 262.589
    },
    {
        "color": 4294967295,
        "name": "Generic Point 283",
        "x": 657.736,
        "y": 205.847,
        "z": 284.521
    },
    {
        "color": 4294967295,
        "name": "Generic Point 284",
        "x": 546.143,
        "y": 201.131,
        "z": 209.651
    },
    {
        "color": 4294967295,
        "name": "Generic Point 285",
        "x": 516.525,
        "y": 199.763,
        "z": 259.126
    },
    {
        "color": 4294967295,
        "name": "Generic Point 286",
        "x": 463.515,
        "y": 214.979,
        "z": 381.161
    },
    {
        "color": 4294967295,
        "name": "Generic Point 287",
        "x": 577.989,
        "y": 209.279,
        "z": 422.663
    },
    {
        "color": 4294967295,
        "name": "Generic Point 288",
        "x": 511.768,
        "y": 215.789,
        "z": 446.467
    },
    {
        "color": 4294967295,
        "name": "Generic Point 289",
        "x": 556.23,
        "y": 205.536,
        "z": 515.641
    },
    {
        "color": 4294967295,
        "name": "Generic Point 29",
        "x": -1056.757,
        "y": 241.034,
        "z": 2659.054
    },
    {
        "color": 4294967295,
        "name": "Generic Point 290",
        "x": 482.656,
        "y": 205.172,
        "z": 526.359
    },
    {
        "color": 4294967295,
        "name": "Generic Point 291",
        "x": 399.94,
        "y": 213.782,
        "z": 675.753
    },
    {
        "color": 4294967295,
        "name": "Generic Point 292",
        "x": 275.459,
        "y": 200.346,
        "z": 1318.9
    },
    {
        "color": 4294967295,
        "name": "Generic Point 293",
        "x": 625.134,
        "y": 205.668,
        "z": 525.634
    },
    {
        "color": 4294967295,
        "name": "Generic Point 294",
        "x": 681.763,
        "y": 214.336,
        "z": 639.11
    },
    {
        "color": 4294967295,
        "name": "Generic Point 295",
        "x": 738.259,
        "y": 215.873,
        "z": 649.357
    },
    {
        "color": 4294967295,
        "name": "Generic Point 296",
        "x": 824.567,
        "y": 214.738,
        "z": 613.116
    },
    {
        "color": 4294967295,
        "name": "Generic Point 297",
        "x": 891.08,
        "y": 244.799,
        "z": 736.739
    },
    {
        "color": 4294967295,
        "name": "Generic Point 298",
        "x": 621.547,
        "y": 215.141,
        "z": 929.878
    },
    {
        "color": 4294967295,
        "name": "Generic Point 299",
        "x": 709.794,
        "y": 219.07,
        "z": 894.017
    },
    {
        "color": 4294967295,
        "name": "Generic Point 3",
        "x": -3832.126,
        "y": 341.998,
        "z": -3139.697
    },
    {
        "color": 4294967295,
        "name": "Generic Point 30",
        "x": -4085.014,
        "y": 205.248,
        "z": -3151.669
    },
    {
        "color": 4294967295,
        "name": "Generic Point 300",
        "x": 681.335,
        "y": 249.167,
        "z": 933.698
    },
    {
        "color": 4294967295,
        "name": "Generic Point 301",
        "x": 655.231,
        "y": 187.374,
        "z": 1124.712
    },
    {
        "color": 4294967295,
        "name": "Generic Point 302",
        "x": 719.996,
        "y": 225.662,
        "z": 1313.064
    },
    {
        "color": 4294967295,
        "name": "Generic Point 303",
        "x": 248.516,
        "y": 326.364,
        "z": 1856.726
    },
    {
        "color": 4294967295,
        "name": "Generic Point 304",
        "x": -55.761,
        "y": 282.654,
        "z": 1442.367
    },
    {
        "color": 4294967295,
        "name": "Generic Point 305",
        "x": 1028.347,
        "y": 304.474,
        "z": 1294.877
    },
    {
        "color": 4294967295,
        "name": "Generic Point 306",
        "x": 1156.943,
        "y": 294.61,
        "z": 1363.18
    },
    {
        "color": 4294967295,
        "name": "Generic Point 307",
        "x": 1133.31,
        "y": 226.294,
        "z": 1007.367
    },
    {
        "color": 4294967295,
        "name": "Generic Point 308",
        "x": 945.061,
        "y": 233.066,
        "z": 873.692
    },
    {
        "color": 4294967295,
        "name": "Generic Point 309",
        "x": 1104.86,
        "y": 229.896,
        "z": 873.208
    },
    {
        "color": 4294967295,
        "name": "Generic Point 31",
        "x": -3983.069,
        "y": 227.155,
        "z": -3126.494
    },
    {
        "color": 4294967295,
        "name": "Generic Point 310",
        "x": 1101.139,
        "y": 208.668,
        "z": 811.659
    },
    {
        "color": 4294967295,
        "name": "Generic Point 311",
        "x": 1179.747,
        "y": 213.335,
        "z": 913.798
    },
    {
        "color": 4294967295,
        "name": "Generic Point 312",
        "x": 1175.48,
        "y": 217.671,
        "z": 952.613
    },
    {
        "color": 4294967295,
        "name": "Generic Point 313",
        "x": 1284.462,
        "y": 250.337,
        "z": 1156.885
    },
    {
        "color": 4294967295,
        "name": "Generic Point 314",
        "x": 1350.703,
        "y": 219.76,
        "z": 1110.681
    },
    {
        "color": 4294967295,
        "name": "Generic Point 315",
        "x": -331.852,
        "y": 319.36,
        "z": 1556.482
    },
    {
        "color": 4294967295,
        "name": "Generic Point 316",
        "x": 1519.83,
        "y": 234.571,
        "z": 1254.304
    },
    {
        "color": 4294967295,
        "name": "Generic Point 317",
        "x": 1557.591,
        "y": 232.65,
        "z": 1395.438
    },
    {
        "color": 4294967295,
        "name": "Generic Point 318",
        "x": 1575.985,
        "y": 209.988,
        "z": 1162.937
    },
    {
        "color": 4294967295,
        "name": "Generic Point 319",
        "x": 1605.834,
        "y": 204.992,
        "z": 1138.43
    },
    {
        "color": 4294967295,
        "name": "Generic Point 32",
        "x": -3904.314,
        "y": 252.324,
        "z": -3009.371
    },
    {
        "color": 4294967295,
        "name": "Generic Point 320",
        "x": 1487.08,
        "y": 205.76,
        "z": 800.599
    },
    {
        "color": 4294967295,
        "name": "Generic Point 321",
        "x": 1682.791,
        "y": 233.084,
        "z": 749.096
    },
    {
        "color": 4294967295,
        "name": "Generic Point 322",
        "x": 1666.733,
        "y": 216.751,
        "z": 692.325
    },
    {
        "color": 4294967295,
        "name": "Generic Point 323",
        "x": 1737.426,
        "y": 237.201,
        "z": 666.766
    },
    {
        "color": 4294967295,
        "name": "Generic Point 324",
        "x": 1759.917,
        "y": 235.087,
        "z": 671.554
    },
    {
        "color": 4294967295,
        "name": "Generic Point 325",
        "x": 1786.376,
        "y": 226.566,
        "z": 677.187
    },
    {
        "color": 4294967295,
        "name": "Generic Point 326",
        "x": -443.364,
        "y": 293.185,
        "z": 1594.959
    },
    {
        "color": 4294967295,
        "name": "Generic Point 327",
        "x": 1797.621,
        "y": 227.352,
        "z": 660.936
    },
    {
        "color": 4294967295,
        "name": "Generic Point 328",
        "x": 1931.037,
        "y": 229.589,
        "z": 662.476
    },
    {
        "color": 4294967295,
        "name": "Generic Point 329",
        "x": 1960.537,
        "y": 247.422,
        "z": 609.085
    },
    {
        "color": 4294967295,
        "name": "Generic Point 33",
        "x": -3943.986,
        "y": 205.306,
        "z": -2915.322
    },
    {
        "color": 4294967295,
        "name": "Generic Point 330",
        "x": 1744.971,
        "y": 251.128,
        "z": 569.719
    },
    {
        "color": 4294967295,
        "name": "Generic Point 331",
        "x": 1645.216,
        "y": 289.574,
        "z": 601.354
    },
    {
        "color": 4294967295,
        "name": "Generic Point 332",
        "x": 1586.209,
        "y": 322.665,
        "z": 617.9
    },
    {
        "color": 4294967295,
        "name": "Generic Point 333",
        "x": 1435.182,
        "y": 210.54,
        "z": 679.102
    },
    {
        "color": 4294967295,
        "name": "Generic Point 334",
        "x": 1476.503,
        "y": 226.209,
        "z": 583.578
    },
    {
        "color": 4294967295,
        "name": "Generic Point 335",
        "x": 1480.742,
        "y": 223.038,
        "z": 548.029
    },
    {
        "color": 4294967295,
        "name": "Generic Point 336",
        "x": 1676.789,
        "y": 289.343,
        "z": 370.297
    },
    {
        "color": 4294967295,
        "name": "Generic Point 337",
        "x": -440.821,
        "y": 286.464,
        "z": 1619.207
    },
    {
        "color": 4294967295,
        "name": "Generic Point 338",
        "x": 1698.782,
        "y": 286.056,
        "z": 319.904
    },
    {
        "color": 4294967295,
        "name": "Generic Point 339",
        "x": 1605.95,
        "y": 291.375,
        "z": 364.362
    },
    {
        "color": 4294967295,
        "name": "Generic Point 34",
        "x": -3904.985,
        "y": 210.45,
        "z": -2898.107
    },
    {
        "color": 4294967295,
        "name": "Generic Point 340",
        "x": 1478.468,
        "y": 204.697,
        "z": 299.839
    },
    {
        "color": 4294967295,
        "name": "Generic Point 341",
        "x": 1462.053,
        "y": 204.65,
        "z": 324.599
    },
    {
        "color": 4294967295,
        "name": "Generic Point 342",
        "x": 1458.047,
        "y": 204.573,
        "z": 346.989
    },
    {
        "color": 4294967295,
        "name": "Generic Point 343",
        "x": 1392.167,
        "y": 205.894,
        "z": 406.872
    },
    {
        "color": 4294967295,
        "name": "Generic Point 344",
        "x": 1395.153,
        "y": 213.986,
        "z": 462.302
    },
    {
        "color": 4294967295,
        "name": "Generic Point 345",
        "x": 1353.076,
        "y": 206.296,
        "z": 565.259
    },
    {
        "color": 4294967295,
        "name": "Generic Point 346",
        "x": 1330.976,
        "y": 209.059,
        "z": 476.079
    },
    {
        "color": 4294967295,
        "name": "Generic Point 347",
        "x": 1261.703,
        "y": 204.593,
        "z": 332.261
    },
    {
        "color": 4294967295,
        "name": "Generic Point 348",
        "x": -322.881,
        "y": 318.628,
        "z": 1645.207
    },
    {
        "color": 4294967295,
        "name": "Generic Point 349",
        "x": 1327.16,
        "y": 204.455,
        "z": 257.647
    },
    {
        "color": 4294967295,
        "name": "Generic Point 35",
        "x": -3748.186,
        "y": 205.159,
        "z": -2877.951
    },
    {
        "color": 4294967295,
        "name": "Generic Point 350",
        "x": 1284.501,
        "y": 204.983,
        "z": 212.161
    },
    {
        "color": 4294967295,
        "name": "Generic Point 351",
        "x": 1447.146,
        "y": 232.873,
        "z": 113.366
    },
    {
        "color": 4294967295,
        "name": "Generic Point 352",
        "x": 1458.603,
        "y": 235.541,
        "z": 124.934
    },
    {
        "color": 4294967295,
        "name": "Generic Point 353",
        "x": 1700.576,
        "y": 214.068,
        "z": 156.081
    },
    {
        "color": 4294967295,
        "name": "Generic Point 354",
        "x": 1724.275,
        "y": 210.309,
        "z": 82.213
    },
    {
        "color": 4294967295,
        "name": "Generic Point 355",
        "x": 1769.353,
        "y": 206.725,
        "z": 7.974
    },
    {
        "color": 4294967295,
        "name": "Generic Point 356",
        "x": 2196.459,
        "y": 214.002,
        "z": -506.499
    },
    {
        "color": 4294967295,
        "name": "Generic Point 357",
        "x": 2302.719,
        "y": 258.351,
        "z": -386.366
    },
    {
        "color": 4294967295,
        "name": "Generic Point 358",
        "x": 2277.355,
        "y": 274.828,
        "z": -317.118
    },
    {
        "color": 4294967295,
        "name": "Generic Point 359",
        "x": -242.075,
        "y": 347.598,
        "z": 1581.1
    },
    {
        "color": 4294967295,
        "name": "Generic Point 36",
        "x": -3806.615,
        "y": 213.374,
        "z": -2761.3
    },
    {
        "color": 4294967295,
        "name": "Generic Point 360",
        "x": 2273.269,
        "y": 273.711,
        "z": -255.759
    },
    {
        "color": 4294967295,
        "name": "Generic Point 361",
        "x": 2319.664,
        "y": 285.782,
        "z": -280.168
    },
    {
        "color": 4294967295,
        "name": "Generic Point 362",
        "x": 2403.882,
        "y": 295.149,
        "z": -359.099
    },
    {
        "color": 4294967295,
        "name": "Generic Point 363",
        "x": 2554.523,
        "y": 208.438,
        "z": -471.088
    },
    {
        "color": 4294967295,
        "name": "Generic Point 364",
        "x": 2647.126,
        "y": 216.127,
        "z": -498.147
    },
    {
        "color": 4294967295,
        "name": "Generic Point 365",
        "x": 2703.252,
        "y": 245.768,
        "z": -457.909
    },
    {
        "color": 4294967295,
        "name": "Generic Point 366",
        "x": 2519.825,
        "y": 261.168,
        "z": -293.207
    },
    {
        "color": 4294967295,
        "name": "Generic Point 367",
        "x": 2410.817,
        "y": 299.02,
        "z": -208.386
    },
    {
        "color": 4294967295,
        "name": "Generic Point 368",
        "x": 2618.165,
        "y": 216.077,
        "z": 257.957
    },
    {
        "color": 4294967295,
        "name": "Generic Point 369",
        "x": 2601.385,
        "y": 210.687,
        "z": 291.545
    },
    {
        "color": 4294967295,
        "name": "Generic Point 37",
        "x": -3796.33,
        "y": 218.209,
        "z": -2582.64
    },
    {
        "color": 4294967295,
        "name": "Generic Point 370",
        "x": -220.351,
        "y": 329.127,
        "z": 1535.862
    },
    {
        "color": 4294967295,
        "name": "Generic Point 371",
        "x": 2005.096,
        "y": 212.442,
        "z": -84.551
    },
    {
        "color": 4294967295,
        "name": "Generic Point 372",
        "x": 1743.461,
        "y": 270.899,
        "z": -81.845
    },
    {
        "color": 4294967295,
        "name": "Generic Point 373",
        "x": 1627.434,
        "y": 270.466,
        "z": -51.757
    },
    {
        "color": 4294967295,
        "name": "Generic Point 374",
        "x": 1665.321,
        "y": 229.622,
        "z": 20.242
    },
    {
        "color": 4294967295,
        "name": "Generic Point 375",
        "x": 1635.116,
        "y": 258.18399999999997,
        "z": 4.977
    },
    {
        "color": 4294967295,
        "name": "Generic Point 376",
        "x": 1611.849,
        "y": 269.275,
        "z": -21.648
    },
    {
        "color": 4294967295,
        "name": "Generic Point 377",
        "x": 1591.629,
        "y": 265.153,
        "z": -52.183
    },
    {
        "color": 4294967295,
        "name": "Generic Point 378",
        "x": 1568.556,
        "y": 253.367,
        "z": -72.794
    },
    {
        "color": 4294967295,
        "name": "Generic Point 379",
        "x": 1513.01,
        "y": 274.048,
        "z": -92.884
    },
    {
        "color": 4294967295,
        "name": "Generic Point 38",
        "x": -3900.598,
        "y": 249.977,
        "z": -2529.563
    },
    {
        "color": 4294967295,
        "name": "Generic Point 380",
        "x": 1481.013,
        "y": 255.237,
        "z": -175.87
    },
    {
        "color": 4294967295,
        "name": "Generic Point 381",
        "x": -240.581,
        "y": 301.793,
        "z": 1453.11
    },
    {
        "color": 4294967295,
        "name": "Generic Point 382",
        "x": 1469.178,
        "y": 213.605,
        "z": 5.468
    },
    {
        "color": 4294967295,
        "name": "Generic Point 383",
        "x": 1089.687,
        "y": 210.124,
        "z": -31.266
    },
    {
        "color": 4294967295,
        "name": "Generic Point 384",
        "x": 983.76,
        "y": 227.8,
        "z": -54.453
    },
    {
        "color": 4294967295,
        "name": "Generic Point 385",
        "x": 898.896,
        "y": 215.825,
        "z": -25.891
    },
    {
        "color": 4294967295,
        "name": "Generic Point 386",
        "x": 871.566,
        "y": 209.367,
        "z": -15.458
    },
    {
        "color": 4294967295,
        "name": "Generic Point 387",
        "x": 798.134,
        "y": 266.993,
        "z": -135.725
    },
    {
        "color": 4294967295,
        "name": "Generic Point 388",
        "x": 748.795,
        "y": 230.907,
        "z": -207.899
    },
    {
        "color": 4294967295,
        "name": "Generic Point 389",
        "x": 660.0,
        "y": 266.985,
        "z": -187.951
    },
    {
        "color": 4294967295,
        "name": "Generic Point 39",
        "x": -3992.542,
        "y": 212.512,
        "z": -2538.42
    },
    {
        "color": 4294967295,
        "name": "Generic Point 390",
        "x": 579.089,
        "y": 261.397,
        "z": -108.691
    },
    {
        "color": 4294967295,
        "name": "Generic Point 391",
        "x": 394.175,
        "y": 206.493,
        "z": -81.607
    },
    {
        "color": 4294967295,
        "name": "Generic Point 392",
        "x": -277.601,
        "y": 295.949,
        "z": 1346.98
    },
    {
        "color": 4294967295,
        "name": "Generic Point 393",
        "x": 553.872,
        "y": 205.211,
        "z": -202.767
    },
    {
        "color": 4294967295,
        "name": "Generic Point 394",
        "x": 632.419,
        "y": 312.503,
        "z": -237.608
    },
    {
        "color": 4294967295,
        "name": "Generic Point 395",
        "x": 644.924,
        "y": 318.703,
        "z": -280.05
    },
    {
        "color": 4294967295,
        "name": "Generic Point 396",
        "x": 565.346,
        "y": 215.639,
        "z": -381.719
    },
    {
        "color": 4294967295,
        "name": "Generic Point 397",
        "x": 580.458,
        "y": 217.41,
        "z": -424.993
    },
    {
        "color": 4294967295,
        "name": "Generic Point 398",
        "x": 703.534,
        "y": 269.603,
        "z": -460.217
    },
    {
        "color": 4294967295,
        "name": "Generic Point 399",
        "x": 793.222,
        "y": 255.018,
        "z": -299.215
    },
    {
        "color": 4294967295,
        "name": "Generic Point 4",
        "x": -3812.762,
        "y": 206.352,
        "z": -3157.858
    },
    {
        "color": 4294967295,
        "name": "Generic Point 40",
        "x": -1054.519,
        "y": 237.8,
        "z": 2549.999
    },
    {
        "color": 4294967295,
        "name": "Generic Point 400",
        "x": 885.048,
        "y": 280.845,
        "z": -271.326
    },
    {
        "color": 4294967295,
        "name": "Generic Point 401",
        "x": 880.268,
        "y": 275.894,
        "z": -201.645
    },
    {
        "color": 4294967295,
        "name": "Generic Point 402",
        "x": 1136.869,
        "y": 249.389,
        "z": -314.589
    },
    {
        "color": 4294967295,
        "name": "Generic Point 403",
        "x": -323.936,
        "y": 323.663,
        "z": 1382.748
    },
    {
        "color": 4294967295,
        "name": "Generic Point 404",
        "x": 1509.046,
        "y": 251.655,
        "z": -223.607
    },
    {
        "color": 4294967295,
        "name": "Generic Point 405",
        "x": 1594.922,
        "y": 245.445,
        "z": -111.22
    },
    {
        "color": 4294967295,
        "name": "Generic Point 406",
        "x": 1629.256,
        "y": 244.556,
        "z": -168.874
    },
    {
        "color": 4294967295,
        "name": "Generic Point 407",
        "x": 1676.277,
        "y": 205.917,
        "z": -347.412
    },
    {
        "color": 4294967295,
        "name": "Generic Point 408",
        "x": 1659.515,
        "y": 207.535,
        "z": -419.647
    },
    {
        "color": 4294967295,
        "name": "Generic Point 409",
        "x": 1605.394,
        "y": 205.677,
        "z": -428.438
    },
    {
        "color": 4294967295,
        "name": "Generic Point 41",
        "x": -4093.39,
        "y": 221.423,
        "z": -2463.0
    },
    {
        "color": 4294967295,
        "name": "Generic Point 410",
        "x": 1869.925,
        "y": 250.379,
        "z": -517.159
    },
    {
        "color": 4294967295,
        "name": "Generic Point 411",
        "x": 1915.428,
        "y": 250.44,
        "z": -621.83
    },
    {
        "color": 4294967295,
        "name": "Generic Point 412",
        "x": 1977.361,
        "y": 229.512,
        "z": -674.841
    },
    {
        "color": 4294967295,
        "name": "Generic Point 413",
        "x": 2060.373,
        "y": 239.928,
        "z": -623.788
    },
    {
        "color": 4294967295,
        "name": "Generic Point 414",
        "x": 199.006,
        "y": 385.649,
        "z": 1952.886
    },
    {
        "color": 4294967295,
        "name": "Generic Point 415",
        "x": -500.239,
        "y": 306.78,
        "z": 1401.937
    },
    {
        "color": 4294967295,
        "name": "Generic Point 416",
        "x": 1936.395,
        "y": 218.073,
        "z": -619.241
    },
    {
        "color": 4294967295,
        "name": "Generic Point 417",
        "x": 1797.599,
        "y": 249.693,
        "z": -603.011
    },
    {
        "color": 4294967295,
        "name": "Generic Point 418",
        "x": 1711.635,
        "y": 261.507,
        "z": -728.399
    },
    {
        "color": 4294967295,
        "name": "Generic Point 419",
        "x": 1738.398,
        "y": 250.172,
        "z": -715.826
    },
    {
        "color": 4294967295,
        "name": "Generic Point 42",
        "x": -4973.413,
        "y": 204.133,
        "z": -2531.094
    },
    {
        "color": 4294967295,
        "name": "Generic Point 420",
        "x": 1757.604,
        "y": 249.102,
        "z": -761.869
    },
    {
        "color": 4294967295,
        "name": "Generic Point 421",
        "x": 1812.425,
        "y": 243.233,
        "z": -758.183
    },
    {
        "color": 4294967295,
        "name": "Generic Point 422",
        "x": 1880.709,
        "y": 241.396,
        "z": -768.049
    },
    {
        "color": 4294967295,
        "name": "Generic Point 423",
        "x": 1849.804,
        "y": 240.81,
        "z": -886.19
    },
    {
        "color": 4294967295,
        "name": "Generic Point 424",
        "x": 2015.594,
        "y": 214.643,
        "z": -943.424
    },
    {
        "color": 4294967295,
        "name": "Generic Point 425",
        "x": 2125.161,
        "y": 213.317,
        "z": -1070.218
    },
    {
        "color": 4294967295,
        "name": "Generic Point 426",
        "x": -400.541,
        "y": 189.709,
        "z": 1197.241
    },
    {
        "color": 4294967295,
        "name": "Generic Point 427",
        "x": 1992.347,
        "y": 198.235,
        "z": -1196.628
    },
    {
        "color": 4294967295,
        "name": "Generic Point 428",
        "x": 2079.207,
        "y": 208.864,
        "z": -1256.421
    },
    {
        "color": 4294967295,
        "name": "Generic Point 429",
        "x": 2223.769,
        "y": 207.641,
        "z": -1086.148
    },
    {
        "color": 4294967295,
        "name": "Generic Point 43",
        "x": -6046.943,
        "y": 205.118,
        "z": -3224.311
    },
    {
        "color": 4294967295,
        "name": "Generic Point 430",
        "x": 2287.103,
        "y": 212.355,
        "z": -1094.733
    },
    {
        "color": 4294967295,
        "name": "Generic Point 431",
        "x": 2495.708,
        "y": 207.76,
        "z": -1187.786
    },
    {
        "color": 4294967295,
        "name": "Generic Point 432",
        "x": 2542.392,
        "y": 208.488,
        "z": -1201.439
    },
    {
        "color": 4294967295,
        "name": "Generic Point 433",
        "x": 2473.573,
        "y": 217.294,
        "z": -1283.81
    },
    {
        "color": 4294967295,
        "name": "Generic Point 434",
        "x": 2306.897,
        "y": 253.574,
        "z": -1275.393
    },
    {
        "color": 4294967295,
        "name": "Generic Point 435",
        "x": 2258.033,
        "y": 241.436,
        "z": -1228.485
    },
    {
        "color": 4294967295,
        "name": "Generic Point 436",
        "x": 2238.508,
        "y": 240.733,
        "z": -1348.297
    },
    {
        "color": 4294967295,
        "name": "Generic Point 437",
        "x": -470.411,
        "y": 185.826,
        "z": 1214.818
    },
    {
        "color": 4294967295,
        "name": "Generic Point 438",
        "x": 2317.469,
        "y": 250.625,
        "z": -1360.798
    },
    {
        "color": 4294967295,
        "name": "Generic Point 439",
        "x": 2266.391,
        "y": 244.549,
        "z": -1393.153
    },
    {
        "color": 4294967295,
        "name": "Generic Point 44",
        "x": -6263.084,
        "y": 204.679,
        "z": -3187.784
    },
    {
        "color": 4294967295,
        "name": "Generic Point 440",
        "x": 2302.823,
        "y": 277.993,
        "z": -1603.363
    },
    {
        "color": 4294967295,
        "name": "Generic Point 441",
        "x": 2371.012,
        "y": 300.23,
        "z": -1624.442
    },
    {
        "color": 4294967295,
        "name": "Generic Point 442",
        "x": 2346.613,
        "y": 281.777,
        "z": -1557.037
    },
    {
        "color": 4294967295,
        "name": "Generic Point 443",
        "x": 2384.816,
        "y": 267.341,
        "z": -1473.121
    },
    {
        "color": 4294967295,
        "name": "Generic Point 444",
        "x": 2434.894,
        "y": 271.635,
        "z": -1508.061
    },
    {
        "color": 4294967295,
        "name": "Generic Point 445",
        "x": 2513.698,
        "y": 225.033,
        "z": -1409.009
    },
    {
        "color": 4294967295,
        "name": "Generic Point 446",
        "x": 2518.751,
        "y": 216.891,
        "z": -1363.681
    },
    {
        "color": 4294967295,
        "name": "Generic Point 447",
        "x": 2608.194,
        "y": 222.168,
        "z": -1473.559
    },
    {
        "color": 4294967295,
        "name": "Generic Point 448",
        "x": -565.128,
        "y": 185.634,
        "z": 1215.038
    },
    {
        "color": 4294967295,
        "name": "Generic Point 449",
        "x": 2652.372,
        "y": 232.655,
        "z": -1420.611
    },
    {
        "color": 4294967295,
        "name": "Generic Point 45",
        "x": -6301.143,
        "y": 203.82,
        "z": -3125.475
    },
    {
        "color": 4294967295,
        "name": "Generic Point 450",
        "x": 2653.524,
        "y": 252.02,
        "z": -1259.247
    },
    {
        "color": 4294967295,
        "name": "Generic Point 451",
        "x": 2778.768,
        "y": 268.373,
        "z": -1400.477
    },
    {
        "color": 4294967295,
        "name": "Generic Point 452",
        "x": 2713.692,
        "y": 278.398,
        "z": -1541.47
    },
    {
        "color": 4294967295,
        "name": "Generic Point 453",
        "x": 2732.873,
        "y": 284.615,
        "z": -1598.48
    },
    {
        "color": 4294967295,
        "name": "Generic Point 454",
        "x": 2775.332,
        "y": 296.444,
        "z": -1596.919
    },
    {
        "color": 4294967295,
        "name": "Generic Point 455",
        "x": 2897.392,
        "y": 255.395,
        "z": -1672.046
    },
    {
        "color": 4294967295,
        "name": "Generic Point 456",
        "x": 2938.681,
        "y": 228.056,
        "z": -1740.768
    },
    {
        "color": 4294967295,
        "name": "Generic Point 457",
        "x": 2899.639,
        "y": 238.562,
        "z": -1784.208
    },
    {
        "color": 4294967295,
        "name": "Generic Point 458",
        "x": 2841.424,
        "y": 266.508,
        "z": -1875.13
    },
    {
        "color": 4294967295,
        "name": "Generic Point 459",
        "x": -645.627,
        "y": 214.033,
        "z": 1248.815
    },
    {
        "color": 4294967295,
        "name": "Generic Point 46",
        "x": -6278.202,
        "y": 208.999,
        "z": -3051.282
    },
    {
        "color": 4294967295,
        "name": "Generic Point 460",
        "x": 2279.48,
        "y": 290.334,
        "z": -1728.333
    },
    {
        "color": 4294967295,
        "name": "Generic Point 461",
        "x": 2247.267,
        "y": 274.292,
        "z": -1748.123
    },
    {
        "color": 4294967295,
        "name": "Generic Point 462",
        "x": 2084.33,
        "y": 229.741,
        "z": -1681.604
    },
    {
        "color": 4294967295,
        "name": "Generic Point 463",
        "x": 2216.318,
        "y": 249.04,
        "z": -1533.491
    },
    {
        "color": 4294967295,
        "name": "Generic Point 464",
        "x": 2106.982,
        "y": 232.264,
        "z": -1431.713
    },
    {
        "color": 4294967295,
        "name": "Generic Point 465",
        "x": 2077.339,
        "y": 235.071,
        "z": -1510.023
    },
    {
        "color": 4294967295,
        "name": "Generic Point 466",
        "x": 1936.911,
        "y": 205.237,
        "z": -1467.357
    },
    {
        "color": 4294967295,
        "name": "Generic Point 467",
        "x": 1934.217,
        "y": 205.527,
        "z": -1491.859
    },
    {
        "color": 4294967295,
        "name": "Generic Point 468",
        "x": 2004.533,
        "y": 225.142,
        "z": -1581.419
    },
    {
        "color": 4294967295,
        "name": "Generic Point 469",
        "x": 1666.387,
        "y": 248.948,
        "z": -1334.585
    },
    {
        "color": 4294967295,
        "name": "Generic Point 47",
        "x": -6285.623,
        "y": 224.834,
        "z": -2907.5
    },
    {
        "color": 4294967295,
        "name": "Generic Point 470",
        "x": -828.332,
        "y": 160.106,
        "z": 1290.507
    },
    {
        "color": 4294967295,
        "name": "Generic Point 471",
        "x": 1488.41,
        "y": 243.644,
        "z": -1400.299
    },
    {
        "color": 4294967295,
        "name": "Generic Point 472",
        "x": 1455.668,
        "y": 311.854,
        "z": -1222.6
    },
    {
        "color": 4294967295,
        "name": "Generic Point 473",
        "x": 1387.857,
        "y": 275.719,
        "z": -1196.158
    },
    {
        "color": 4294967295,
        "name": "Generic Point 474",
        "x": 1351.144,
        "y": 311.778,
        "z": -1257.573
    },
    {
        "color": 4294967295,
        "name": "Generic Point 475",
        "x": 1283.533,
        "y": 292.17,
        "z": -1384.488
    },
    {
        "color": 4294967295,
        "name": "Generic Point 476",
        "x": 1171.469,
        "y": 318.788,
        "z": -1377.852
    },
    {
        "color": 4294967295,
        "name": "Generic Point 477",
        "x": 1135.58,
        "y": 315.344,
        "z": -1410.513
    },
    {
        "color": 4294967295,
        "name": "Generic Point 478",
        "x": 1333.194,
        "y": 250.925,
        "z": -1501.76
    },
    {
        "color": 4294967295,
        "name": "Generic Point 479",
        "x": 1401.975,
        "y": 271.477,
        "z": -1699.899
    },
    {
        "color": 4294967295,
        "name": "Generic Point 48",
        "x": -6205.909,
        "y": 232.42,
        "z": -2950.75
    },
    {
        "color": 4294967295,
        "name": "Generic Point 480",
        "x": 1329.552,
        "y": 279.644,
        "z": -1736.349
    },
    {
        "color": 4294967295,
        "name": "Generic Point 481",
        "x": -923.417,
        "y": 159.264,
        "z": 1344.748
    },
    {
        "color": 4294967295,
        "name": "Generic Point 482",
        "x": 1433.634,
        "y": 283.588,
        "z": -1819.63
    },
    {
        "color": 4294967295,
        "name": "Generic Point 483",
        "x": 1423.236,
        "y": 306.847,
        "z": -1866.231
    },
    {
        "color": 4294967295,
        "name": "Generic Point 484",
        "x": 1478.292,
        "y": 334.207,
        "z": -2045.376
    },
    {
        "color": 4294967295,
        "name": "Generic Point 485",
        "x": 1581.771,
        "y": 340.371,
        "z": -2057.159
    },
    {
        "color": 4294967295,
        "name": "Generic Point 486",
        "x": -2444.541,
        "y": 254.004,
        "z": -3905.431
    },
    {
        "color": 4294967295,
        "name": "Generic Point 487",
        "x": -2421.655,
        "y": 226.34,
        "z": -4154.417
    },
    {
        "color": 4294967295,
        "name": "Generic Point 488",
        "x": -2677.812,
        "y": 210.093,
        "z": -4091.565
    },
    {
        "color": 4294967295,
        "name": "Generic Point 489",
        "x": -2580.85,
        "y": 221.658,
        "z": -4154.958
    },
    {
        "color": 4294967295,
        "name": "Generic Point 49",
        "x": -6202.518,
        "y": 227.086,
        "z": -2904.705
    },
    {
        "color": 4294967295,
        "name": "Generic Point 490",
        "x": -2625.366,
        "y": 216.662,
        "z": -4274.857
    },
    {
        "color": 4294967295,
        "name": "Generic Point 491",
        "x": -2640.1,
        "y": 252.675,
        "z": -4370.419
    },
    {
        "color": 4294967295,
        "name": "Generic Point 492",
        "x": -880.718,
        "y": 258.735,
        "z": 1487.36
    },
    {
        "color": 4294967295,
        "name": "Generic Point 493",
        "x": -2450.8,
        "y": 416.102,
        "z": -4390.189
    },
    {
        "color": 4294967295,
        "name": "Generic Point 494",
        "x": -2395.994,
        "y": 211.377,
        "z": -4467.888
    },
    {
        "color": 4294967295,
        "name": "Generic Point 495",
        "x": -2446.601,
        "y": 317.609,
        "z": -4467.052
    },
    {
        "color": 4294967295,
        "name": "Generic Point 496",
        "x": -2509.707,
        "y": 266.204,
        "z": -4569.769
    },
    {
        "color": 4294967295,
        "name": "Generic Point 497",
        "x": -2535.978,
        "y": 280.818,
        "z": -4559.911
    },
    {
        "color": 4294967295,
        "name": "Generic Point 498",
        "x": -2365.385,
        "y": 204.337,
        "z": -4771.503
    },
    {
        "color": 4294967295,
        "name": "Generic Point 499",
        "x": -2527.993,
        "y": 204.152,
        "z": -4649.865
    },
    {
        "color": 4294967295,
        "name": "Generic Point 5",
        "x": -3843.664,
        "y": 246.772,
        "z": -3216.661
    },
    {
        "color": 4294967295,
        "name": "Generic Point 50",
        "x": -6165.754,
        "y": 221.655,
        "z": -2895.38
    },
    {
        "color": 4294967295,
        "name": "Generic Point 500",
        "x": -2591.353,
        "y": 273.093,
        "z": -4596.021
    },
    {
        "color": 4294967295,
        "name": "Generic Point 501",
        "x": -2640.043,
        "y": 261.566,
        "z": -4520.815
    },
    {
        "color": 4294967295,
        "name": "Generic Point 502",
        "x": -2765.16,
        "y": 222.25,
        "z": -4544.947
    },
    {
        "color": 4294967295,
        "name": "Generic Point 503",
        "x": -790.195,
        "y": 196.821,
        "z": 1571.714
    },
    {
        "color": 4294967295,
        "name": "Generic Point 504",
        "x": -2823.821,
        "y": 234.362,
        "z": -4492.135
    },
    {
        "color": 4294967295,
        "name": "Generic Point 505",
        "x": -2701.009,
        "y": 240.699,
        "z": -4342.464
    },
    {
        "color": 4294967295,
        "name": "Generic Point 506",
        "x": -2808.743,
        "y": 229.925,
        "z": -4417.334
    },
    {
        "color": 4294967295,
        "name": "Generic Point 507",
        "x": -2834.028,
        "y": 206.577,
        "z": -4282.289
    },
    {
        "color": 4294967295,
        "name": "Generic Point 508",
        "x": -2703.923,
        "y": 219.088,
        "z": -4213.289
    },
    {
        "color": 4294967295,
        "name": "Generic Point 509",
        "x": -2760.568,
        "y": 211.038,
        "z": -4068.714
    },
    {
        "color": 4294967295,
        "name": "Generic Point 51",
        "x": -1102.509,
        "y": 267.047,
        "z": 2501.382
    },
    {
        "color": 4294967295,
        "name": "Generic Point 510",
        "x": -2825.556,
        "y": 211.404,
        "z": -4186.42
    },
    {
        "color": 4294967295,
        "name": "Generic Point 511",
        "x": -2901.688,
        "y": 205.611,
        "z": -4106.796
    },
    {
        "color": 4294967295,
        "name": "Generic Point 512",
        "x": -2947.462,
        "y": 211.016,
        "z": -4170.208
    },
    {
        "color": 4294967295,
        "name": "Generic Point 513",
        "x": -3111.519,
        "y": 218.492,
        "z": -4272.729
    },
    {
        "color": 4294967295,
        "name": "Generic Point 514",
        "x": -861.598,
        "y": 162.43,
        "z": 1654.807
    },
    {
        "color": 4294967295,
        "name": "Generic Point 515",
        "x": -3077.953,
        "y": 222.241,
        "z": -4342.584
    },
    {
        "color": 4294967295,
        "name": "Generic Point 516",
        "x": -3146.785,
        "y": 219.707,
        "z": -4320.224
    },
    {
        "color": 4294967295,
        "name": "Generic Point 517",
        "x": -3168.591,
        "y": 250.324,
        "z": -4429.939
    },
    {
        "color": 4294967295,
        "name": "Generic Point 518",
        "x": -3298.886,
        "y": 204.663,
        "z": -4463.139
    },
    {
        "color": 4294967295,
        "name": "Generic Point 519",
        "x": -3359.979,
        "y": 205.543,
        "z": -4285.686
    },
    {
        "color": 4294967295,
        "name": "Generic Point 52",
        "x": -6036.355,
        "y": 210.022,
        "z": -2903.93
    },
    {
        "color": 4294967295,
        "name": "Generic Point 520",
        "x": -3414.977,
        "y": 222.229,
        "z": -4500.771
    },
    {
        "color": 4294967295,
        "name": "Generic Point 521",
        "x": -3407.16,
        "y": 298.641,
        "z": -4551.063
    },
    {
        "color": 4294967295,
        "name": "Generic Point 522",
        "x": -3318.567,
        "y": 282.718,
        "z": -4613.617
    },
    {
        "color": 4294967295,
        "name": "Generic Point 523",
        "x": -3496.421,
        "y": 209.663,
        "z": -4627.042
    },
    {
        "color": 4294967295,
        "name": "Generic Point 524",
        "x": -3409.547,
        "y": 207.399,
        "z": -4645.896
    },
    {
        "color": 4294967295,
        "name": "Generic Point 525",
        "x": 96.069,
        "y": 380.974,
        "z": 2147.447
    },
    {
        "color": 4294967295,
        "name": "Generic Point 526",
        "x": -993.068,
        "y": 239.589,
        "z": 1733.594
    },
    {
        "color": 4294967295,
        "name": "Generic Point 527",
        "x": -3286.776,
        "y": 204.35,
        "z": -4702.583
    },
    {
        "color": 4294967295,
        "name": "Generic Point 528",
        "x": -3175.037,
        "y": 205.098,
        "z": -4706.191
    },
    {
        "color": 4294967295,
        "name": "Generic Point 529",
        "x": -3188.594,
        "y": 204.599,
        "z": -4558.717
    },
    {
        "color": 4294967295,
        "name": "Generic Point 53",
        "x": -6092.974,
        "y": 209.564,
        "z": -2822.703
    },
    {
        "color": 4294967295,
        "name": "Generic Point 530",
        "x": -3008.668,
        "y": 239.816,
        "z": -4458.981
    },
    {
        "color": 4294967295,
        "name": "Generic Point 531",
        "x": -3013.662,
        "y": 217.736,
        "z": -4319.247
    },
    {
        "color": 4294967295,
        "name": "Generic Point 532",
        "x": -2979.25,
        "y": 206.09,
        "z": -4021.575
    },
    {
        "color": 4294967295,
        "name": "Generic Point 533",
        "x": -3226.378,
        "y": 210.863,
        "z": -3952.589
    },
    {
        "color": 4294967295,
        "name": "Generic Point 534",
        "x": -3217.837,
        "y": 204.401,
        "z": -3909.477
    },
    {
        "color": 4294967295,
        "name": "Generic Point 535",
        "x": -3363.79,
        "y": 204.793,
        "z": -3723.427
    },
    {
        "color": 4294967295,
        "name": "Generic Point 536",
        "x": -3355.075,
        "y": 204.776,
        "z": -3686.022
    },
    {
        "color": 4294967295,
        "name": "Generic Point 537",
        "x": -935.74,
        "y": 220.822,
        "z": 1916.697
    },
    {
        "color": 4294967295,
        "name": "Generic Point 538",
        "x": -3303.232,
        "y": 209.134,
        "z": -3581.329
    },
    {
        "color": 4294967295,
        "name": "Generic Point 539",
        "x": -3332.144,
        "y": 205.741,
        "z": -3519.913
    },
    {
        "color": 4294967295,
        "name": "Generic Point 54",
        "x": -6169.068,
        "y": 208.356,
        "z": -2802.61
    },
    {
        "color": 4294967295,
        "name": "Generic Point 540",
        "x": -3270.207,
        "y": 212.702,
        "z": -3576.59
    },
    {
        "color": 4294967295,
        "name": "Generic Point 541",
        "x": -3174.951,
        "y": 208.322,
        "z": -3524.746
    },
    {
        "color": 4294967295,
        "name": "Generic Point 542",
        "x": -3124.834,
        "y": 205.54,
        "z": -3462.897
    },
    {
        "color": 4294967295,
        "name": "Generic Point 543",
        "x": -3227.24,
        "y": 229.352,
        "z": -3460.313
    },
    {
        "color": 4294967295,
        "name": "Generic Point 544",
        "x": -3243.98,
        "y": 211.185,
        "z": -3379.951
    },
    {
        "color": 4294967295,
        "name": "Generic Point 545",
        "x": -3140.343,
        "y": 204.167,
        "z": -3396.934
    },
    {
        "color": 4294967295,
        "name": "Generic Point 546",
        "x": -3089.4,
        "y": 204.362,
        "z": -3253.218
    },
    {
        "color": 4294967295,
        "name": "Generic Point 547",
        "x": -3142.975,
        "y": 205.427,
        "z": -3240.964
    },
    {
        "color": 4294967295,
        "name": "Generic Point 548",
        "x": -937.975,
        "y": 211.987,
        "z": 2333.096
    },
    {
        "color": 4294967295,
        "name": "Generic Point 549",
        "x": -3319.951,
        "y": 205.137,
        "z": -3270.726
    },
    {
        "color": 4294967295,
        "name": "Generic Point 55",
        "x": -6225.296,
        "y": 246.386,
        "z": -2752.46
    },
    {
        "color": 4294967295,
        "name": "Generic Point 550",
        "x": -3460.738,
        "y": 205.761,
        "z": -3093.402
    },
    {
        "color": 4294967295,
        "name": "Generic Point 551",
        "x": -3443.077,
        "y": 205.647,
        "z": -3061.332
    },
    {
        "color": 4294967295,
        "name": "Generic Point 552",
        "x": -3554.012,
        "y": 209.074,
        "z": -3047.405
    },
    {
        "color": 4294967295,
        "name": "Generic Point 553",
        "x": -3477.26,
        "y": 210.669,
        "z": -3341.088
    },
    {
        "color": 4294967295,
        "name": "Generic Point 554",
        "x": -3348.811,
        "y": 209.723,
        "z": -3413.229
    },
    {
        "color": 4294967295,
        "name": "Generic Point 555",
        "x": -3391.873,
        "y": 205.857,
        "z": -3442.837
    },
    {
        "color": 4294967295,
        "name": "Generic Point 556",
        "x": -3520.475,
        "y": 205.231,
        "z": -3421.242
    },
    {
        "color": 4294967295,
        "name": "Generic Point 557",
        "x": -3738.222,
        "y": 205.952,
        "z": -3465.223
    },
    {
        "color": 4294967295,
        "name": "Generic Point 558",
        "x": -3613.0,
        "y": 204.8,
        "z": -3301.868
    },
    {
        "color": 4294967295,
        "name": "Generic Point 559",
        "x": -992.373,
        "y": 238.082,
        "z": 2363.687
    },
    {
        "color": 4294967295,
        "name": "Generic Point 56",
        "x": -6221.19,
        "y": 250.251,
        "z": -2719.207
    },
    {
        "color": 4294967295,
        "name": "Generic Point 560",
        "x": -3568.893,
        "y": 249.804,
        "z": -3225.144
    },
    {
        "color": 4294967295,
        "name": "Generic Point 561",
        "x": -3630.646,
        "y": 277.766,
        "z": -3130.248
    },
    {
        "color": 4294967295,
        "name": "Generic Point 562",
        "x": -3663.479,
        "y": 288.939,
        "z": -3066.251
    },
    {
        "color": 4294967295,
        "name": "Generic Point 57",
        "x": -6452.564,
        "y": 217.189,
        "z": -2705.563
    },
    {
        "color": 4294967295,
        "name": "Generic Point 58",
        "x": -6618.872,
        "y": 203.692,
        "z": -2648.953
    },
    {
        "color": 4294967295,
        "name": "Generic Point 59",
        "x": -6694.331,
        "y": 206.93,
        "z": -2694.642
    },
    {
        "color": 4294967295,
        "name": "Generic Point 6",
        "x": -3909.26,
        "y": 204.978,
        "z": -3311.125
    },
    {
        "color": 4294967295,
        "name": "Generic Point 60",
        "x": -6731.952,
        "y": 207.867,
        "z": -2733.974
    },
    {
        "color": 4294967295,
        "name": "Generic Point 61",
        "x": -6745.295,
        "y": 205.174,
        "z": -2665.537
    },
    {
        "color": 4294967295,
        "name": "Generic Point 62",
        "x": -1165.159,
        "y": 249.683,
        "z": 2566.361
    },
    {
        "color": 4294967295,
        "name": "Generic Point 63",
        "x": -6749.062,
        "y": 205.065,
        "z": -2615.38
    },
    {
        "color": 4294967295,
        "name": "Generic Point 64",
        "x": -6697.944,
        "y": 230.714,
        "z": -2598.48
    },
    {
        "color": 4294967295,
        "name": "Generic Point 65",
        "x": -6681.293,
        "y": 220.408,
        "z": -2562.452
    },
    {
        "color": 4294967295,
        "name": "Generic Point 66",
        "x": -6654.364,
        "y": 208.233,
        "z": -2613.2
    },
    {
        "color": 4294967295,
        "name": "Generic Point 67",
        "x": -6611.665,
        "y": 205.108,
        "z": -2606.43
    },
    {
        "color": 4294967295,
        "name": "Generic Point 68",
        "x": -6461.27,
        "y": 240.978,
        "z": -2632.487
    },
    {
        "color": 4294967295,
        "name": "Generic Point 69",
        "x": -6460.798,
        "y": 250.242,
        "z": -2546.305
    },
    {
        "color": 4294967295,
        "name": "Generic Point 7",
        "x": -986.627,
        "y": 233.206,
        "z": 2410.613
    },
    {
        "color": 4294967295,
        "name": "Generic Point 70",
        "x": -6398.044,
        "y": 252.645,
        "z": -2535.5
    },
    {
        "color": 4294967295,
        "name": "Generic Point 71",
        "x": -6408.918,
        "y": 256.93,
        "z": -2494.664
    },
    {
        "color": 4294967295,
        "name": "Generic Point 72",
        "x": -6410.944,
        "y": 206.277,
        "z": -2395.734
    },
    {
        "color": 4294967295,
        "name": "Generic Point 73",
        "x": 38.651,
        "y": 385.707,
        "z": 2141.399
    },
    {
        "color": 4294967295,
        "name": "Generic Point 74",
        "x": -1264.735,
        "y": 291.131,
        "z": 2472.156
    },
    {
        "color": 4294967295,
        "name": "Generic Point 75",
        "x": -6371.027,
        "y": 208.288,
        "z": -2381.948
    },
    {
        "color": 4294967295,
        "name": "Generic Point 76",
        "x": -6324.152,
        "y": 206.178,
        "z": -2413.432
    },
    {
        "color": 4294967295,
        "name": "Generic Point 77",
        "x": -6342.184,
        "y": 266.86,
        "z": -2475.019
    },
    {
        "color": 4294967295,
        "name": "Generic Point 78",
        "x": -6331.678,
        "y": 259.349,
        "z": -2571.096
    },
    {
        "color": 4294967295,
        "name": "Generic Point 79",
        "x": -6270.09,
        "y": 252.505,
        "z": -2575.133
    },
    {
        "color": 4294967295,
        "name": "Generic Point 8",
        "x": -4307.736,
        "y": 206.55,
        "z": -3694.601
    },
    {
        "color": 4294967295,
        "name": "Generic Point 80",
        "x": -6113.796,
        "y": 204.307,
        "z": -2618.145
    },
    {
        "color": 4294967295,
        "name": "Generic Point 81",
        "x": -6177.72,
        "y": 205.94,
        "z": -2427.209
    },
    {
        "color": 4294967295,
        "name": "Generic Point 82",
        "x": -6110.249,
        "y": 208.022,
        "z": -2483.215
    },
    {
        "color": 4294967295,
        "name": "Generic Point 83",
        "x": -6047.672,
        "y": 205.466,
        "z": -2483.196
    },
    {
        "color": 4294967295,
        "name": "Generic Point 84",
        "x": -6070.967,
        "y": 206.103,
        "z": -2539.191
    },
    {
        "color": 4294967295,
        "name": "Generic Point 85",
        "x": -1290.379,
        "y": 263.728,
        "z": 2494.161
    },
    {
        "color": 4294967295,
        "name": "Generic Point 86",
        "x": -5815.358,
        "y": 208.136,
        "z": -2680.065
    },
    {
        "color": 4294967295,
        "name": "Generic Point 87",
        "x": -4141.277,
        "y": 205.37,
        "z": -2358.106
    },
    {
        "color": 4294967295,
        "name": "Generic Point 88",
        "x": -4084.479,
        "y": 257.529,
        "z": -2321.531
    },
    {
        "color": 4294967295,
        "name": "Generic Point 89",
        "x": -4048.947,
        "y": 216.975,
        "z": -2194.138
    },
    {
        "color": 4294967295,
        "name": "Generic Point 9",
        "x": -4346.955,
        "y": 212.584,
        "z": -3738.478
    },
    {
        "color": 4294967295,
        "name": "Generic Point 90",
        "x": -3984.78,
        "y": 271.143,
        "z": -2279.834
    },
    {
        "color": 4294967295,
        "name": "Generic Point 91",
        "x": -3970.032,
        "y": 258.158,
        "z": -2383.354
    },
    {
        "color": 4294967295,
        "name": "Generic Point 92",
        "x": -3790.042,
        "y": 281.646,
        "z": -2415.275
    },
    {
        "color": 4294967295,
        "name": "Generic Point 93",
        "x": -3704.141,
        "y": 240.737,
        "z": -2484.1
    },
    {
        "color": 4294967295,
        "name": "Generic Point 94",
        "x": -3670.268,
        "y": 204.781,
        "z": -2520.164
    },
    {
        "color": 4294967295,
        "name": "Generic Point 95",
        "x": -3559.144,
        "y": 206.685,
        "z": -2809.573
    },
    {
        "color": 4294967295,
        "name": "Generic Point 96",
        "x": -1335.106,
        "y": 253.599,
        "z": 2538.628
    },
    {
        "color": 4294967295,
        "name": "Generic Point 97",
        "x": -3548.065,
        "y": 204.506,
        "z": -2734.312
    },
    {
        "color": 4294967295,
        "name": "Generic Point 98",
        "x": -3441.649,
        "y": 204.515,
        "z": -2770.11
    },
    {
        "color": 4294967295,
        "name": "Generic Point 99",
        "x": -3473.927,
        "y": 205.856,
        "z": -2652.482
    }
]