[
    {
        "color": 4294967295,
        "name": "Generic Point 0",
        "x": -2986.0864257812,
        "y": 262.17990112305,
        "z": 10782.02734375
    },
    {
        "color": 4294967295,
        "name": "Generic Point 1",
        "x": -3209.0717773438,
        "y": 537.38482666016,
        "z": 10455.395507812
    },
    {
        "color": 4294967295,
        "name": "Generic Point 10",
        "x": -2276.8232421875,
        "y": 200.59950256348,
        "z": 9761.1240234375
    },
    {
        "color": 4294967295,
        "name": "Generic Point 11",
        "x": -2333.5966796875,
        "y": 218.71560668945,
        "z": 9651.6904296875
    },
    {
        "color": 4294967295,
        "name": "Generic Point 12",
        "x": -2511.0888671875,
        "y": 203.48626708984,
        "z": 9643.8310546875
    },
    {
        "color": 4294967295,
        "name": "Generic Point 13",
        "x": -2411.5520019531,
        "y": 200.14910888672,
        "z": 9510.900390625
    },
    {
        "color": 4294967295,
        "name": "Generic Point 14",
        "x": -2404.86328125,
        "y": 199.01512145996,
        "z": 9481.2822265625
    },
    {
        "color": 4294967295,
        "name": "Generic Point 15",
        "x": -2415.9992675781,
        "y": 200.95550537109,
        "z": 9446.9248046875
    },
    {
        "color": 4294967295,
        "name": "Generic Point 16",
        "x": -3460.4072265625,
        "y": 201.96260070801,
        "z": 10512.497070312
    },
    {
        "color": 4294967295,
        "name": "Generic Point 17",
        "x": -2403.208984375,
        "y": 201.82418823242,
        "z": 9415.02734375
    },
    {
        "color": 4294967295,
        "name": "Generic Point 18",
        "x": -2273.6123046875,
        "y": 186.03067016602,
        "z": 9398.3154296875
    },
    {
        "color": 4294967295,
        "name": "Generic Point 19",
        "x": -2196.6376953125,
        "y": 225.3295135498,
        "z": 9301.8115234375
    },
    {
        "color": 4294967295,
        "name": "Generic Point 2",
        "x": -3114.2778320312,
        "y": 607.5791015625,
        "z": 10599.921875
    },
    {
        "color": 4294967295,
        "name": "Generic Point 20",
        "x": -2129.3911132812,
        "y": 235.47291564941,
        "z": 9741.44140625
    },
    {
        "color": 4294967295,
        "name": "Generic Point 21",
        "x": -2251.0393066406,
        "y": 202.62394714355,
        "z": 9835.7177734375
    },
    {
        "color": 4294967295,
        "name": "Generic Point 22",
        "x": -2258.8908691406,
        "y": 203.8738861084,
        "z": 9833.5693359375
    },
    {
        "color": 4294967295,
        "name": "Generic Point 23",
        "x": -2277.7907714844,
        "y": 200.98403930664,
        "z": 9834.9423828125
    },
    {
        "color": 4294967295,
        "name": "Generic Point 24",
        "x": -2214.572265625,
        "y": 201.36096191406,
        "z": 9853.80078125
    },
    {
        "color": 4294967295,
        "name": "Generic Point 25",
        "x": -2233.8989257812,
        "y": 201.28730773926,
        "z": 9850.900390625
    },
    {
        "color": 4294967295,
        "name": "Generic Point 26",
        "x": -3422.2653808594,
        "y": 201.5101776123,
        "z": 10428.599609375
    },
    {
        "color": 4294967295,
        "name": "Generic Point 27",
        "x": -2718.0651855469,
        "y": 168.27490234375,
        "z": 9641.2099609375
    },
    {
        "color": 4294967295,
        "name": "Generic Point 28",
        "x": -2892.3366699219,
        "y": 95.338508605957,
        "z": 9633.890625
    },
    {
        "color": 4294967295,
        "name": "Generic Point 29",
        "x": -3125.6879882812,
        "y": 200.62431335449,
        "z": 9842.0947265625
    },
    {
        "color": 4294967295,
        "name": "Generic Point 3",
        "x": -2770.802734375,
        "y": 708.42999267578,
        "z": 10456.212890625
    },
    {
        "color": 4294967295,
        "name": "Generic Point 30",
        "x": -3042.1040039062,
        "y": 295.70980834961,
        "z": 10140.041992188
    },
    {
        "color": 4294967295,
        "name": "Generic Point 31",
        "x": -2558.4445800781,
        "y": 230.91542053223,
        "z": 9798.44140625
    },
    {
        "color": 4294967295,
        "name": "Generic Point 32",
        "x": -3407.6726074219,
        "y": 211.81358337402,
        "z": 10089.155273438
    },
    {
        "color": 4294967295,
        "name": "Generic Point 33",
        "x": -3301.5341796875,
        "y": 223.3550567627,
        "z": 10466.026367188
    },
    {
        "color": 4294967295,
        "name": "Generic Point 34",
        "x": -3215.6105957031,
        "y": 267.54232788086,
        "z": 10506.543945312
    },
    {
        "color": 4294967295,
        "name": "Generic Point 35",
        "x": -3156.2443847656,
        "y": 295.92727661133,
        "z": 10356.14453125
    },
    {
        "color": 4294967295,
        "name": "Generic Point 36",
        "x": -3193.8881835938,
        "y": 525.03936767578,
        "z": 10422.943359375
    },
    {
        "color": 4294967295,
        "name": "Generic Point 4",
        "x": -2321.9389648438,
        "y": 199.60385131836,
        "z": 10695.891601562
    },
    {
        "color": 4294967295,
        "name": "Generic Point 5",
        "x": -2310.9255371094,
        "y": 199.61605834961,
        "z": 10698.807617188
    },
    {
        "color": 4294967295,
        "name": "Generic Point 6",
        "x": -2433.19140625,
        "y": 218.11546325684,
        "z": 10772.005859375
    },
    {
        "color": 4294967295,
        "name": "Generic Point 7",
        "x": -2585.7072753906,
        "y": 201.34812927246,
        "z": 11119.592773438
    },
    {
        "color": 4294967295,
        "name": "Generic Point 8",
        "x": -2427.0588378906,
        "y": 202.44459533691,
        "z": 9870.5439453125
    },
    {
        "color": 4294967295,
        "name": "Generic Point 9",
        "x": -3177.1164550781,
        "y": 202.63911437988,
        "z": 10834.15625
    }
]