[
    {
        "color": 4294967295,
        "name": "Generic Point 0",
        "x": 933.101,
        "y": 256.587,
        "z": 2255.56
    },
    {
        "color": 4294967295,
        "name": "Generic Point 1",
        "x": 1249.74,
        "y": 297.795,
        "z": 2209.61
    },
    {
        "color": 4294967295,
        "name": "Generic Point 10",
        "x": 2298.24,
        "y": 255.81,
        "z": -385.93
    },
    {
        "color": 4294967295,
        "name": "Generic Point 11",
        "x": 2581.44,
        "y": 267.78,
        "z": -439.84
    },
    {
        "color": 4294967295,
        "name": "Generic Point 12",
        "x": 2782.3,
        "y": 217.36,
        "z": -83.5
    },
    {
        "color": 4294967295,
        "name": "Generic Point 13",
        "x": 2722.32,
        "y": 253.5,
        "z": -1273.47
    },
    {
        "color": 4294967295,
        "name": "Generic Point 14",
        "x": 1573.64,
        "y": 228.75,
        "z": 207.69
    },
    {
        "color": 4294967295,
        "name": "Generic Point 15",
        "x": 1669.22,
        "y": 201.0,
        "z": 284.12
    },
    {
        "color": 4294967295,
        "name": "Generic Point 16",
        "x": 1796.77,
        "y": 232.66,
        "z": 801.88
    },
    {
        "color": 4294967295,
        "name": "Generic Point 17",
        "x": 1183.12,
        "y": 204.84,
        "z": -164.28
    },
    {
        "color": 4294967295,
        "name": "Generic Point 18",
        "x": 873.75,
        "y": 266.12,
        "z": 328.95
    },
    {
        "color": 4294967295,
        "name": "Generic Point 19",
        "x": 548.8,
        "y": 207.38,
        "z": 341.55
    },
    {
        "color": 4294967295,
        "name": "Generic Point 2",
        "x": 1483.58,
        "y": 425.662,
        "z": 2066.08
    },
    {
        "color": 4294967295,
        "name": "Generic Point 20",
        "x": 139.92,
        "y": 272.12,
        "z": 54.57
    },
    {
        "color": 4294967295,
        "name": "Generic Point 21",
        "x": -111.65,
        "y": 279.25,
        "z": 26.28
    },
    {
        "color": 4294967295,
        "name": "Generic Point 22",
        "x": -284.06,
        "y": 369.52,
        "z": 611.96
    },
    {
        "color": 4294967295,
        "name": "Generic Point 23",
        "x": 2191.16,
        "y": 215.71,
        "z": -1120.63
    },
    {
        "color": 4294967295,
        "name": "Generic Point 24",
        "x": -771.83,
        "y": 225.57,
        "z": 710.97
    },
    {
        "color": 4294967295,
        "name": "Generic Point 25",
        "x": -983.74,
        "y": 257.42,
        "z": 1128.77
    },
    {
        "color": 4294967295,
        "name": "Generic Point 26",
        "x": -582.81,
        "y": 313.52,
        "z": 828.5
    },
    {
        "color": 4294967295,
        "name": "Generic Point 27",
        "x": -63.53,
        "y": 234.85,
        "z": 1268.63
    },
    {
        "color": 4294967295,
        "name": "Generic Point 28",
        "x": 143.49,
        "y": 216.5,
        "z": 1153.32
    },
    {
        "color": 4294967295,
        "name": "Generic Point 29",
        "x": 2281.5,
        "y": 221.16,
        "z": -867.69
    },
    {
        "color": 4294967295,
        "name": "Generic Point 3",
        "x": 1591.89,
        "y": 340.795,
        "z": 1865.41
    },
    {
        "color": 4294967295,
        "name": "Generic Point 30",
        "x": 517.1,
        "y": 362.27,
        "z": 1389.32
    },
    {
        "color": 4294967295,
        "name": "Generic Point 31",
        "x": 387.17,
        "y": 235.43,
        "z": 1666.13
    },
    {
        "color": 4294967295,
        "name": "Generic Point 32",
        "x": 718.07,
        "y": 428.59,
        "z": 1794.5
    },
    {
        "color": 4294967295,
        "name": "Generic Point 33",
        "x": 837.73,
        "y": 475.63,
        "z": 1433.7
    },
    {
        "color": 4294967295,
        "name": "Generic Point 34",
        "x": 951.24,
        "y": 281.33,
        "z": 1045.88
    },
    {
        "color": 4294967295,
        "name": "Generic Point 35",
        "x": 1062.77,
        "y": 207.69,
        "z": 730.47
    },
    {
        "color": 4294967295,
        "name": "Generic Point 36",
        "x": 1190.99,
        "y": 262.17,
        "z": 1121.5
    },
    {
        "color": 4294967295,
        "name": "Generic Point 37",
        "x": 1029.18,
        "y": 269.59,
        "z": 1451.75
    },
    {
        "color": 4294967295,
        "name": "Generic Point 38",
        "x": 1040.31,
        "y": 393.15,
        "z": 1604.7
    },
    {
        "color": 4294967295,
        "name": "Generic Point 39",
        "x": 2263.18,
        "y": 274.05,
        "z": -749.44
    },
    {
        "color": 4294967295,
        "name": "Generic Point 4",
        "x": 1652.49,
        "y": 250.513,
        "z": 1689.43
    },
    {
        "color": 4294967295,
        "name": "Generic Point 40",
        "x": 1992.87,
        "y": 213.79,
        "z": -867.23
    },
    {
        "color": 4294967295,
        "name": "Generic Point 41",
        "x": 1796.11,
        "y": 236.56,
        "z": -914.58
    },
    {
        "color": 4294967295,
        "name": "Generic Point 42",
        "x": 1946.44,
        "y": 200.457,
        "z": 1109.11
    },
    {
        "color": 4294967295,
        "name": "Generic Point 43",
        "x": 1829.49,
        "y": 337.695,
        "z": 1689.99
    },
    {
        "color": 4294967295,
        "name": "Generic Point 44",
        "x": 1998.41,
        "y": 282.19,
        "z": 1465.16
    },
    {
        "color": 4294967295,
        "name": "Generic Point 45",
        "x": 2246.5,
        "y": 286.767,
        "z": 1547.74
    },
    {
        "color": 4294967295,
        "name": "Generic Point 46",
        "x": 2327.41,
        "y": 386.759,
        "z": 1747.39
    },
    {
        "color": 4294967295,
        "name": "Generic Point 47",
        "x": 2341.52,
        "y": 375.527,
        "z": 1974.75
    },
    {
        "color": 4294967295,
        "name": "Generic Point 48",
        "x": 2414.29,
        "y": 422.792,
        "z": 2145.52
    },
    {
        "color": 4294967295,
        "name": "Generic Point 49",
        "x": 2416.01,
        "y": 341.897,
        "z": 2359.49
    },
    {
        "color": 4294967295,
        "name": "Generic Point 5",
        "x": 2835.02,
        "y": 266.43,
        "z": -1629.05
    },
    {
        "color": 4294967295,
        "name": "Generic Point 50",
        "x": 2549.22,
        "y": 397.749,
        "z": 2465.92
    },
    {
        "color": 4294967295,
        "name": "Generic Point 51",
        "x": 2382.09,
        "y": 590.783,
        "z": 2617.54
    },
    {
        "color": 4294967295,
        "name": "Generic Point 52",
        "x": 2122.5,
        "y": 332.109,
        "z": 1723.34
    },
    {
        "color": 4294967295,
        "name": "Generic Point 53",
        "x": 1563.2,
        "y": 227.843,
        "z": 1273.99
    },
    {
        "color": 4294967295,
        "name": "Generic Point 54",
        "x": 2183.12,
        "y": 349.879,
        "z": 2026.22
    },
    {
        "color": 4294967295,
        "name": "Generic Point 55",
        "x": 2080.63,
        "y": 412.198,
        "z": 2001.54
    },
    {
        "color": 4294967295,
        "name": "Generic Point 56",
        "x": 2107.72,
        "y": 457.869,
        "z": 2194.28
    },
    {
        "color": 4294967295,
        "name": "Generic Point 57",
        "x": 1800.65,
        "y": 359.804,
        "z": 2058.21
    },
    {
        "color": 4294967295,
        "name": "Generic Point 58",
        "x": 1921.9,
        "y": 222.87,
        "z": 2297.83
    },
    {
        "color": 4294967295,
        "name": "Generic Point 59",
        "x": 2006.37,
        "y": 281.415,
        "z": 2423.85
    },
    {
        "color": 4294967295,
        "name": "Generic Point 6",
        "x": 1435.52,
        "y": 329.63,
        "z": -1998.79
    },
    {
        "color": 4294967295,
        "name": "Generic Point 60",
        "x": 2051.33,
        "y": 420.869,
        "z": 2618.24
    },
    {
        "color": 4294967295,
        "name": "Generic Point 61",
        "x": 1603.25,
        "y": 407.544,
        "z": 2324.83
    },
    {
        "color": 4294967295,
        "name": "Generic Point 62",
        "x": 1801.71,
        "y": 408.401,
        "z": 2464.08
    },
    {
        "color": 4294967295,
        "name": "Generic Point 63",
        "x": 1594.52,
        "y": 280.931,
        "z": 2500.11
    },
    {
        "color": 4294967295,
        "name": "Generic Point 64",
        "x": 1393.63,
        "y": 223.027,
        "z": 1683.08
    },
    {
        "color": 4294967295,
        "name": "Generic Point 65",
        "x": 1530.28,
        "y": 309.451,
        "z": 2631.28
    },
    {
        "color": 4294967295,
        "name": "Generic Point 66",
        "x": 1525.47,
        "y": -26.7498,
        "z": 2781.72
    },
    {
        "color": 4294967295,
        "name": "Generic Point 67",
        "x": 1499.4,
        "y": 435.532,
        "z": 2874.87
    },
    {
        "color": 4294967295,
        "name": "Generic Point 68",
        "x": 1197.57,
        "y": 336.049,
        "z": 1904.82
    },
    {
        "color": 4294967295,
        "name": "Generic Point 7",
        "x": 1978.92,
        "y": 238.2,
        "z": -1536.33
    },
    {
        "color": 4294967295,
        "name": "Generic Point 8",
        "x": 2181.97,
        "y": 214.58,
        "z": -521.32
    },
    {
        "color": 4294967295,
        "name": "Generic Point 9",
        "x": 1862.55,
        "y": 204.72,
        "z": -200.79
    }
]