[
    {
        "color": 4294967295,
        "name": "Generic Point 0",
        "x": -3055.2690429688,
        "y": 250.28253173828,
        "z": 10833.452148438
    },
    {
        "color": 4294967295,
        "name": "Generic Point 1",
        "x": -2577.7497558594,
        "y": 276.17581176758,
        "z": 10498.674804688
    },
    {
        "color": 4294967295,
        "name": "Generic Point 2",
        "x": -2130.9572753906,
        "y": 238.4585723877,
        "z": 9765.296875
    },
    {
        "color": 4294967295,
        "name": "Generic Point 3",
        "x": -2686.9714355469,
        "y": 194.98590087891,
        "z": 9725.2177734375
    },
    {
        "color": 4294967295,
        "name": "Generic Point 4",
        "x": -2831.8215332031,
        "y": 113.63996124268,
        "z": 9595.5390625
    },
    {
        "color": 4294967295,
        "name": "Generic Point 5",
        "x": -2861.7580566406,
        "y": 112.85041046143,
        "z": 9652.7841796875
    },
    {
        "color": 4294967295,
        "name": "Generic Point 6",
        "x": -3201.7731933594,
        "y": 201.71231079102,
        "z": 9955.658203125
    },
    {
        "color": 4294967295,
        "name": "Generic Point 7",
        "x": -2983.82421875,
        "y": 318.5947265625,
        "z": 10138.640625
    },
    {
        "color": 4294967295,
        "name": "Generic Point 8",
        "x": -2533.92578125,
        "y": 220.83842468262,
        "z": 9798.1015625
    }
]