[
    {
        "color": 4294967295,
        "name": "Generic Point 0",
        "x": -1544.2801513671875,
        "y": -65.81612396240234,
        "z": 7986.79345703125
    },
    {
        "color": 4294967295,
        "name": "Generic Point 1",
        "x": -1492.1748046875,
        "y": -75.52621459960938,
        "z": 7937.30322265625
    },
    {
        "color": 4294967295,
        "name": "Generic Point 10",
        "x": -1382.652099609375,
        "y": 72.78612518310547,
        "z": 8072.01025390625
    },
    {
        "color": 4294967295,
        "name": "Generic Point 11",
        "x": -1342.6712646484375,
        "y": 53.96393585205078,
        "z": 7985.6689453125
    },
    {
        "color": 4294967295,
        "name": "Generic Point 12",
        "x": -1360.830078125,
        "y": -71.5702896118164,
        "z": 8056.2333984375
    },
    {
        "color": 4294967295,
        "name": "Generic Point 13",
        "x": -1396.182861328125,
        "y": -61.9068489074707,
        "z": 8048.54931640625
    },
    {
        "color": 4294967295,
        "name": "Generic Point 14",
        "x": -1550.6859130859375,
        "y": -68.13678741455078,
        "z": 8023.21484375
    },
    {
        "color": 4294967295,
        "name": "Generic Point 15",
        "x": -1552.461181640625,
        "y": -65.52391052246094,
        "z": 7995.978515625
    },
    {
        "color": 4294967295,
        "name": "Generic Point 2",
        "x": -1550.8387451171875,
        "y": -75.98624420166016,
        "z": 7964.8818359375
    },
    {
        "color": 4294967295,
        "name": "Generic Point 3",
        "x": -1641.3226318359375,
        "y": -56.54266357421875,
        "z": 7965.1904296875
    },
    {
        "color": 4294967295,
        "name": "Generic Point 4",
        "x": -1694.43310546875,
        "y": -39.06007385253906,
        "z": 7965.119140625
    },
    {
        "color": 4294967295,
        "name": "Generic Point 5",
        "x": -1484.3212890625,
        "y": -132.36007690429688,
        "z": 8023.2099609375
    },
    {
        "color": 4294967295,
        "name": "Generic Point 6",
        "x": -1402.68115234375,
        "y": -292.7630920410156,
        "z": 7598.478515625
    },
    {
        "color": 4294967295,
        "name": "Generic Point 7",
        "x": -1391.759765625,
        "y": 72.83159637451172,
        "z": 8074.3984375
    },
    {
        "color": 4294967295,
        "name": "Generic Point 8",
        "x": -1388.2388916015625,
        "y": 72.81048583984375,
        "z": 8069.34912109375
    },
    {
        "color": 4294967295,
        "name": "Generic Point 9",
        "x": -1331.8280029296875,
        "y": 61.04085922241211,
        "z": 7995.58154296875
    }
]