[
    {
        "color": 4294967295,
        "name": "Generic Point 0",
        "x": -930.962,
        "y": 236.823,
        "z": 2795.485
    },
    {
        "color": 4294967295,
        "name": "Generic Point 1",
        "x": 1709.133,
        "y": 208.55,
        "z": -464.589
    },
    {
        "color": 4294967295,
        "name": "Generic Point 10",
        "x": 20.533,
        "y": 241.272,
        "z": 1109.21
    },
    {
        "color": 4294967295,
        "name": "Generic Point 11",
        "x": 77.425,
        "y": 228.727,
        "z": 1107.135
    },
    {
        "color": 4294967295,
        "name": "Generic Point 12",
        "x": 56.11,
        "y": 231.77,
        "z": 1066.488
    },
    {
        "color": 4294967295,
        "name": "Generic Point 13",
        "x": 907.106,
        "y": 211.515,
        "z": 635.631
    },
    {
        "color": 4294967295,
        "name": "Generic Point 14",
        "x": 920.855,
        "y": 212.851,
        "z": 641.828
    },
    {
        "color": 4294967295,
        "name": "Generic Point 15",
        "x": 1477.426,
        "y": 239.046,
        "z": 119.999
    },
    {
        "color": 4294967295,
        "name": "Generic Point 16",
        "x": 1682.993,
        "y": 210.107,
        "z": -397.94
    },
    {
        "color": 4294967295,
        "name": "Generic Point 2",
        "x": 1885.846,
        "y": 244.047,
        "z": -886.193
    },
    {
        "color": 4294967295,
        "name": "Generic Point 3",
        "x": 1917.624,
        "y": 229.426,
        "z": -877.486
    },
    {
        "color": 4294967295,
        "name": "Generic Point 4",
        "x": 1964.834,
        "y": 221.413,
        "z": -929.899
    },
    {
        "color": 4294967295,
        "name": "Generic Point 5",
        "x": -2981.406,
        "y": 203.874,
        "z": -3237.31
    },
    {
        "color": 4294967295,
        "name": "Generic Point 6",
        "x": -4388.604,
        "y": 205.67,
        "z": -4002.344
    },
    {
        "color": 4294967295,
        "name": "Generic Point 7",
        "x": -3737.655,
        "y": 245.844,
        "z": -2156.72
    },
    {
        "color": 4294967295,
        "name": "Generic Point 8",
        "x": -4004.795,
        "y": 198.606,
        "z": -829.181
    },
    {
        "color": 4294967295,
        "name": "Generic Point 9",
        "x": 405.101,
        "y": 237.978,
        "z": 1672.093
    }
]