[
    {
        "color": 4294967295,
        "name": "Generic Point 0",
        "x": -3565.47509765625,
        "y": 202.09725952148438,
        "z": -2480.29736328125
    },
    {
        "color": 4294967295,
        "name": "Generic Point 1",
        "x": -3653.03076171875,
        "y": 237.51637268066406,
        "z": -2379.689208984375
    },
    {
        "color": 4294967295,
        "name": "Generic Point 2",
        "x": -3693.620361328125,
        "y": 245.987060546875,
        "z": -2232.761962890625
    },
    {
        "color": 4294967295,
        "name": "Generic Point 3",
        "x": -3769.3837890625,
        "y": 242.1153106689453,
        "z": -2163.83837890625
    },
    {
        "color": 4294967295,
        "name": "Generic Point 4",
        "x": -3826.125,
        "y": 202.1138458251953,
        "z": -2078.969482421875
    },
    {
        "color": 4294967295,
        "name": "Generic Point 5",
        "x": -3940.624267578125,
        "y": 230.72015380859375,
        "z": -2117.15869140625
    },
    {
        "color": 4294967295,
        "name": "Generic Point 6",
        "x": -3807.2607421875,
        "y": 207.98593139648438,
        "z": -2634.7646484375
    },
    {
        "color": 4294967295,
        "name": "Generic Point 7",
        "x": -4023.194580078125,
        "y": 201.4829559326172,
        "z": -2566.971923828125
    },
    {
        "color": 4294967295,
        "name": "Generic Point 8",
        "x": -3510.124755859375,
        "y": 207.96571350097656,
        "z": -2111.10986328125
    },
    {
        "color": 4294967295,
        "name": "Generic Point 9",
        "x": -3810.2607421875,
        "y": 201.66668701171875,
        "z": -1772.8201904296875
    }
]