[
    {
        "color": 4294967295,
        "name": "Generic Point 0",
        "x": 234.18968200683594,
        "y": 147.7938232421875,
        "z": -307.8260498046875
    },
    {
        "color": 4294967295,
        "name": "Generic Point 1",
        "x": 502.5712585449219,
        "y": 202.89588928222656,
        "z": 820.7086181640625
    },
    {
        "color": 4294967295,
        "name": "Generic Point 10",
        "x": -228.94520568847656,
        "y": 246.2934112548828,
        "z": 152.87948608398438
    },
    {
        "color": 4294967295,
        "name": "Generic Point 11",
        "x": 635.62744140625,
        "y": 262.2671203613281,
        "z": 567.5579223632812
    },
    {
        "color": 4294967295,
        "name": "Generic Point 2",
        "x": 523.8501586914062,
        "y": 209.60293579101562,
        "z": -389.0111999511719
    },
    {
        "color": 4294967295,
        "name": "Generic Point 3",
        "x": 144.67083740234375,
        "y": 202.1498260498047,
        "z": -339.32733154296875
    },
    {
        "color": 4294967295,
        "name": "Generic Point 4",
        "x": 251.79879760742188,
        "y": 144.0026397705078,
        "z": -225.4185333251953
    },
    {
        "color": 4294967295,
        "name": "Generic Point 5",
        "x": 250.3684539794922,
        "y": 146.4630126953125,
        "z": -290.8646545410156
    },
    {
        "color": 4294967295,
        "name": "Generic Point 6",
        "x": 247.95626831054688,
        "y": 143.48191833496094,
        "z": -253.02914428710938
    },
    {
        "color": 4294967295,
        "name": "Generic Point 7",
        "x": 251.68954467773438,
        "y": 143.68963623046875,
        "z": -227.44790649414062
    },
    {
        "color": 4294967295,
        "name": "Generic Point 8",
        "x": 148.1221466064453,
        "y": 305.1316223144531,
        "z": 192.773681640625
    },
    {
        "color": 4294967295,
        "name": "Generic Point 9",
        "x": -146.49668884277344,
        "y": 253.91336059570312,
        "z": 499.35723876953125
    }
]