[
    {
        "color": 4294967295,
        "name": "Generic Point 0",
        "x": -6264.1083984375,
        "y": 204.6533203125,
        "z": -3101.405029296875
    },
    {
        "color": 4294967295,
        "name": "Generic Point 1",
        "x": -6258.06787109375,
        "y": 205.58645629882812,
        "z": -3093.210693359375
    },
    {
        "color": 4294967295,
        "name": "Generic Point 10",
        "x": -6269.31787109375,
        "y": 205.39395141601562,
        "z": -3063.652099609375
    },
    {
        "color": 4294967295,
        "name": "Generic Point 11",
        "x": -6430.98046875,
        "y": 201.3931121826172,
        "z": -2782.70556640625
    },
    {
        "color": 4294967295,
        "name": "Generic Point 12",
        "x": -6441.32568359375,
        "y": 201.2433319091797,
        "z": -2789.56982421875
    },
    {
        "color": 4294967295,
        "name": "Generic Point 13",
        "x": -6432.390625,
        "y": 201.36546325683594,
        "z": -2782.1826171875
    },
    {
        "color": 4294967295,
        "name": "Generic Point 14",
        "x": -6108.1162109375,
        "y": 201.70712280273438,
        "z": -2581.337646484375
    },
    {
        "color": 4294967295,
        "name": "Generic Point 15",
        "x": -6104.947265625,
        "y": 201.4557647705078,
        "z": -2576.36767578125
    },
    {
        "color": 4294967295,
        "name": "Generic Point 16",
        "x": -6310.193359375,
        "y": 253.30889892578125,
        "z": -2527.201171875
    },
    {
        "color": 4294967295,
        "name": "Generic Point 17",
        "x": -6320.5126953125,
        "y": 255.3184814453125,
        "z": -2524.06884765625
    },
    {
        "color": 4294967295,
        "name": "Generic Point 2",
        "x": -6314.2783203125,
        "y": 207.97421264648438,
        "z": -2693.46142578125
    },
    {
        "color": 4294967295,
        "name": "Generic Point 3",
        "x": -6316.1884765625,
        "y": 208.03250122070312,
        "z": -2698.174072265625
    },
    {
        "color": 4294967295,
        "name": "Generic Point 4",
        "x": -6321.5224609375,
        "y": 208.09454345703125,
        "z": -2697.607666015625
    },
    {
        "color": 4294967295,
        "name": "Generic Point 5",
        "x": -6320.333984375,
        "y": 208.09475708007812,
        "z": -2696.5810546875
    },
    {
        "color": 4294967295,
        "name": "Generic Point 6",
        "x": -4408.896484375,
        "y": 221.56436157226562,
        "z": -4170.1650390625
    },
    {
        "color": 4294967295,
        "name": "Generic Point 7",
        "x": -6314.7294921875,
        "y": 208.1343231201172,
        "z": -2693.7568359375
    },
    {
        "color": 4294967295,
        "name": "Generic Point 8",
        "x": -3112.02099609375,
        "y": 247.05581665039062,
        "z": -4509.66650390625
    },
    {
        "color": 4294967295,
        "name": "Generic Point 9",
        "x": -3004.283935546875,
        "y": 221.36181640625,
        "z": -4358.09228515625
    }
]