[
    {
        "color": 4294967295,
        "name": "Generic Point 0",
        "x": 4715.369141,
        "y": 346.832123,
        "z": 4784.265625
    },
    {
        "color": 4294967295,
        "name": "Generic Point 1",
        "x": 5097.84375,
        "y": 553.02771,
        "z": 4429.350586
    },
    {
        "color": 4294967295,
        "name": "Generic Point 10",
        "x": 4444.338867,
        "y": 540.989319,
        "z": 3624.974365
    },
    {
        "color": 4294967295,
        "name": "Generic Point 11",
        "x": 4541.886719,
        "y": 414.385345,
        "z": 4130.523926
    },
    {
        "color": 4294967295,
        "name": "Generic Point 12",
        "x": 4807.722656,
        "y": 205.484039,
        "z": 4845.47998
    },
    {
        "color": 4294967295,
        "name": "Generic Point 13",
        "x": 4423.543457,
        "y": 491.221039,
        "z": 4148.605957
    },
    {
        "color": 4294967295,
        "name": "Generic Point 14",
        "x": 4233.69873,
        "y": 613.059326,
        "z": 3928.681885
    },
    {
        "color": 4294967295,
        "name": "Generic Point 15",
        "x": 4494.915527,
        "y": 340.056946,
        "z": 4756.424805
    },
    {
        "color": 4294967295,
        "name": "Generic Point 16",
        "x": 4520.20752,
        "y": 6.630572,
        "z": 4636.473145
    },
    {
        "color": 4294967295,
        "name": "Generic Point 17",
        "x": 4387.004883,
        "y": 153.659607,
        "z": 4624.342773
    },
    {
        "color": 4294967295,
        "name": "Generic Point 18",
        "x": 4365.073242,
        "y": 348.033997,
        "z": 4528.917969
    },
    {
        "color": 4294967295,
        "name": "Generic Point 19",
        "x": 4465.676758,
        "y": 454.177551,
        "z": 4986.662598
    },
    {
        "color": 4294967295,
        "name": "Generic Point 2",
        "x": 4953.227051,
        "y": 444.859924,
        "z": 4627.030762
    },
    {
        "color": 4294967295,
        "name": "Generic Point 20",
        "x": 3543.807861,
        "y": 539.342224,
        "z": 3471.94458
    },
    {
        "color": 4294967295,
        "name": "Generic Point 21",
        "x": 4709.356934,
        "y": 464.95752,
        "z": 4505.665039
    },
    {
        "color": 4294967295,
        "name": "Generic Point 22",
        "x": 4761.128418,
        "y": 529.576355,
        "z": 4309.993164
    },
    {
        "color": 4294967295,
        "name": "Generic Point 23",
        "x": 3899.702881,
        "y": 514.576172,
        "z": 3339.729248
    },
    {
        "color": 4294967295,
        "name": "Generic Point 24",
        "x": 3726.973877,
        "y": 519.468384,
        "z": 3033.379883
    },
    {
        "color": 4294967295,
        "name": "Generic Point 25",
        "x": 3670.837891,
        "y": 473.993652,
        "z": 3256.145996
    },
    {
        "color": 4294967295,
        "name": "Generic Point 26",
        "x": 3438.540771,
        "y": 485.331604,
        "z": 3196.042725
    },
    {
        "color": 4294967295,
        "name": "Generic Point 27",
        "x": 3291.663086,
        "y": 444.34082,
        "z": 3374.634766
    },
    {
        "color": 4294967295,
        "name": "Generic Point 28",
        "x": 3255.992432,
        "y": 466.460663,
        "z": 3592.745605
    },
    {
        "color": 4294967295,
        "name": "Generic Point 29",
        "x": 3023.30127,
        "y": 459.405182,
        "z": 3556.946777
    },
    {
        "color": 4294967295,
        "name": "Generic Point 3",
        "x": 4687.117188,
        "y": 190.783234,
        "z": 4554.867676
    },
    {
        "color": 4294967295,
        "name": "Generic Point 30",
        "x": 2909.782471,
        "y": 335.04776,
        "z": 3650.850586
    },
    {
        "color": 4294967295,
        "name": "Generic Point 31",
        "x": 2700.068848,
        "y": 558.573608,
        "z": 3375.280029
    },
    {
        "color": 4294967295,
        "name": "Generic Point 32",
        "x": 2704.854736,
        "y": 441.260651,
        "z": 3546.766357
    },
    {
        "color": 4294967295,
        "name": "Generic Point 33",
        "x": 2445.592285,
        "y": 341.700897,
        "z": 3648.412598
    },
    {
        "color": 4294967295,
        "name": "Generic Point 34",
        "x": 2290.465088,
        "y": 493.789795,
        "z": 3452.310059
    },
    {
        "color": 4294967295,
        "name": "Generic Point 35",
        "x": 2752.961914,
        "y": 440.892456,
        "z": 3352.765869
    },
    {
        "color": 4294967295,
        "name": "Generic Point 36",
        "x": 2641.953369,
        "y": 419.115692,
        "z": 3087.004395
    },
    {
        "color": 4294967295,
        "name": "Generic Point 37",
        "x": 2959.369873,
        "y": 448.459747,
        "z": 3254.065918
    },
    {
        "color": 4294967295,
        "name": "Generic Point 38",
        "x": 3197.343262,
        "y": 441.715057,
        "z": 2885.754395
    },
    {
        "color": 4294967295,
        "name": "Generic Point 39",
        "x": 3511.815674,
        "y": 440.972107,
        "z": 2870.664063
    },
    {
        "color": 4294967295,
        "name": "Generic Point 4",
        "x": 4716.896484,
        "y": 689.269836,
        "z": 3966.608398
    },
    {
        "color": 4294967295,
        "name": "Generic Point 40",
        "x": 4056.6521,
        "y": 551.752197,
        "z": 3625.621582
    },
    {
        "color": 4294967295,
        "name": "Generic Point 41",
        "x": 2570.759277,
        "y": 467.81604,
        "z": 3919.087158
    },
    {
        "color": 4294967295,
        "name": "Generic Point 42",
        "x": 2336.091309,
        "y": 468.005981,
        "z": 3809.949951
    },
    {
        "color": 4294967295,
        "name": "Generic Point 43",
        "x": 2426.359863,
        "y": 430.319244,
        "z": 3918.675537
    },
    {
        "color": 4294967295,
        "name": "Generic Point 44",
        "x": 2877.592041,
        "y": 501.669006,
        "z": 3956.553223
    },
    {
        "color": 4294967295,
        "name": "Generic Point 45",
        "x": 3373.279541,
        "y": 438.190216,
        "z": 3092.854004
    },
    {
        "color": 4294967295,
        "name": "Generic Point 46",
        "x": 1212.908203,
        "y": 446.564636,
        "z": 5990.100586
    },
    {
        "color": 4294967295,
        "name": "Generic Point 47",
        "x": 1551.94043,
        "y": 280.305969,
        "z": 5329.244629
    },
    {
        "color": 4294967295,
        "name": "Generic Point 48",
        "x": 1665.129395,
        "y": 483.146973,
        "z": 5002.219238
    },
    {
        "color": 4294967295,
        "name": "Generic Point 49",
        "x": 2633.950684,
        "y": 461.669861,
        "z": 4748.147949
    },
    {
        "color": 4294967295,
        "name": "Generic Point 5",
        "x": 4880.508789,
        "y": 526.467896,
        "z": 4003.611816
    },
    {
        "color": 4294967295,
        "name": "Generic Point 50",
        "x": 3598.299316,
        "y": 507.156952,
        "z": 4632.23584
    },
    {
        "color": 4294967295,
        "name": "Generic Point 51",
        "x": 2182.783203,
        "y": 480.894501,
        "z": 4631.305176
    },
    {
        "color": 4294967295,
        "name": "Generic Point 52",
        "x": 2251.366943,
        "y": 539.633362,
        "z": 4870.224609
    },
    {
        "color": 4294967295,
        "name": "Generic Point 53",
        "x": 2426.129883,
        "y": 476.234192,
        "z": 4688.383301
    },
    {
        "color": 4294967295,
        "name": "Generic Point 54",
        "x": 2279.310791,
        "y": 443.816101,
        "z": 4401.184082
    },
    {
        "color": 4294967295,
        "name": "Generic Point 55",
        "x": 2235.18335,
        "y": 368.164612,
        "z": 4417.166016
    },
    {
        "color": 4294967295,
        "name": "Generic Point 56",
        "x": 2425.920166,
        "y": 243.647446,
        "z": 4898.976074
    },
    {
        "color": 4294967295,
        "name": "Generic Point 57",
        "x": 2509.470947,
        "y": 250.029327,
        "z": 4795.134277
    },
    {
        "color": 4294967295,
        "name": "Generic Point 58",
        "x": 2547.369629,
        "y": 467.13678,
        "z": 5111.647949
    },
    {
        "color": 4294967295,
        "name": "Generic Point 59",
        "x": 2766.157959,
        "y": 652.614258,
        "z": 4958.609375
    },
    {
        "color": 4294967295,
        "name": "Generic Point 6",
        "x": 4954.179199,
        "y": 453.876038,
        "z": 3813.79834
    },
    {
        "color": 4294967295,
        "name": "Generic Point 60",
        "x": 2994.388672,
        "y": 528.94519,
        "z": 5115.016113
    },
    {
        "color": 4294967295,
        "name": "Generic Point 61",
        "x": 2957.01123,
        "y": 456.033783,
        "z": 4698.535645
    },
    {
        "color": 4294967295,
        "name": "Generic Point 62",
        "x": 2567.847168,
        "y": 411.079834,
        "z": 4525.843262
    },
    {
        "color": 4294967295,
        "name": "Generic Point 63",
        "x": 2801.048096,
        "y": 370.511414,
        "z": 4487.102539
    },
    {
        "color": 4294967295,
        "name": "Generic Point 64",
        "x": 2704.10498,
        "y": 406.363342,
        "z": 4259.137207
    },
    {
        "color": 4294967295,
        "name": "Generic Point 65",
        "x": 2602.3396,
        "y": 508.330048,
        "z": 4146.70459
    },
    {
        "color": 4294967295,
        "name": "Generic Point 66",
        "x": 3145.849609,
        "y": 421.993195,
        "z": 4775.413574
    },
    {
        "color": 4294967295,
        "name": "Generic Point 67",
        "x": 3092.05127,
        "y": 373.41156,
        "z": 4396.862305
    },
    {
        "color": 4294967295,
        "name": "Generic Point 68",
        "x": 3284.372314,
        "y": 417.143494,
        "z": 4581.612305
    },
    {
        "color": 4294967295,
        "name": "Generic Point 69",
        "x": 3353.303467,
        "y": 389.663055,
        "z": 4802.123047
    },
    {
        "color": 4294967295,
        "name": "Generic Point 7",
        "x": 4648.279785,
        "y": 465.855164,
        "z": 3848.069824
    },
    {
        "color": 4294967295,
        "name": "Generic Point 70",
        "x": 3480.904297,
        "y": 453.082428,
        "z": 4746.529297
    },
    {
        "color": 4294967295,
        "name": "Generic Point 71",
        "x": 3467.35791,
        "y": 455.483185,
        "z": 4649.82666
    },
    {
        "color": 4294967295,
        "name": "Generic Point 72",
        "x": 3564.621338,
        "y": 295.431488,
        "z": 4939.901855
    },
    {
        "color": 4294967295,
        "name": "Generic Point 73",
        "x": 3630.088867,
        "y": 475.403473,
        "z": 4826.380859
    },
    {
        "color": 4294967295,
        "name": "Generic Point 74",
        "x": 3457.139404,
        "y": 292.054535,
        "z": 4515.429199
    },
    {
        "color": 4294967295,
        "name": "Generic Point 75",
        "x": 3440.762939,
        "y": 449.88147,
        "z": 4456.716309
    },
    {
        "color": 4294967295,
        "name": "Generic Point 76",
        "x": 3630.402344,
        "y": 446.758789,
        "z": 4514.178711
    },
    {
        "color": 4294967295,
        "name": "Generic Point 77",
        "x": 3601.911621,
        "y": 421.544525,
        "z": 4328.020508
    },
    {
        "color": 4294967295,
        "name": "Generic Point 78",
        "x": 3802.760986,
        "y": 407.79776,
        "z": 4191.450684
    },
    {
        "color": 4294967295,
        "name": "Generic Point 79",
        "x": 3965.651611,
        "y": 382.489502,
        "z": 4322.047852
    },
    {
        "color": 4294967295,
        "name": "Generic Point 8",
        "x": 4794.059082,
        "y": 441.86734,
        "z": 3624.390381
    },
    {
        "color": 4294967295,
        "name": "Generic Point 80",
        "x": 3434.899902,
        "y": 401.214874,
        "z": 4012.877686
    },
    {
        "color": 4294967295,
        "name": "Generic Point 81",
        "x": 3235.312988,
        "y": 414.892639,
        "z": 3965.719971
    },
    {
        "color": 4294967295,
        "name": "Generic Point 82",
        "x": 3526.924072,
        "y": 470.368103,
        "z": 3597.235107
    },
    {
        "color": 4294967295,
        "name": "Generic Point 83",
        "x": 3788.962402,
        "y": 491.846069,
        "z": 3785.976563
    },
    {
        "color": 4294967295,
        "name": "Generic Point 84",
        "x": 3914.152588,
        "y": 504.705078,
        "z": 4860.27002
    },
    {
        "color": 4294967295,
        "name": "Generic Point 85",
        "x": 4022.429688,
        "y": 454.220215,
        "z": 4601.486328
    },
    {
        "color": 4294967295,
        "name": "Generic Point 86",
        "x": 1791.637451,
        "y": 440.806183,
        "z": 4906.984375
    },
    {
        "color": 4294967295,
        "name": "Generic Point 87",
        "x": 2728.211426,
        "y": 440.157715,
        "z": 4644.818848
    },
    {
        "color": 4294967295,
        "name": "Generic Point 88",
        "x": 3002.908447,
        "y": 439.959045,
        "z": 4367.655273
    },
    {
        "color": 4294967295,
        "name": "Generic Point 9",
        "x": 3807.421143,
        "y": 514.130066,
        "z": 3642.720215
    }
]