[
    {
        "color": 4294967295,
        "name": "Generic Point 0",
        "x": 909.3414306640625,
        "y": 751.9262084960938,
        "z": 302.33258056640625
    },
    {
        "color": 4294967295,
        "name": "Generic Point 1",
        "x": 965.8878784179688,
        "y": 753.9076538085938,
        "z": 210.56365966796875
    },
    {
        "color": 4294967295,
        "name": "Generic Point 10",
        "x": 859.488037109375,
        "y": 794.0642700195312,
        "z": 482.97283935546875
    },
    {
        "color": 4294967295,
        "name": "Generic Point 11",
        "x": 871.5882568359375,
        "y": 748.9275512695312,
        "z": 252.4677734375
    },
    {
        "color": 4294967295,
        "name": "Generic Point 12",
        "x": 945.1829833984375,
        "y": 780.1433715820312,
        "z": 406.6526794433594
    },
    {
        "color": 4294967295,
        "name": "Generic Point 13",
        "x": 1003.6878662109375,
        "y": 794.4215087890625,
        "z": 376.2846374511719
    },
    {
        "color": 4294967295,
        "name": "Generic Point 14",
        "x": 1062.488037109375,
        "y": 827.4274291992188,
        "z": 406.8637390136719
    },
    {
        "color": 4294967295,
        "name": "Generic Point 15",
        "x": 1059.5478515625,
        "y": 855.222412109375,
        "z": 499.0039367675781
    },
    {
        "color": 4294967295,
        "name": "Generic Point 16",
        "x": 1024.72802734375,
        "y": 969.165771484375,
        "z": 541.2196655273438
    },
    {
        "color": 4294967295,
        "name": "Generic Point 17",
        "x": 1064.3883056640625,
        "y": 935.165771484375,
        "z": 527.641845703125
    },
    {
        "color": 4294967295,
        "name": "Generic Point 18",
        "x": 975.0881958007812,
        "y": 951.9995727539062,
        "z": 525.1917114257812
    },
    {
        "color": 4294967295,
        "name": "Generic Point 19",
        "x": 1112.187744140625,
        "y": 714.5437622070312,
        "z": 430.11669921875
    },
    {
        "color": 4294967295,
        "name": "Generic Point 2",
        "x": 757.4880981445312,
        "y": 733.5009155273438,
        "z": 154.9957733154297
    },
    {
        "color": 4294967295,
        "name": "Generic Point 20",
        "x": 1180.087890625,
        "y": 742.9539184570312,
        "z": 379.1167297363281
    },
    {
        "color": 4294967295,
        "name": "Generic Point 21",
        "x": 1021.476318359375,
        "y": 975.8191528320312,
        "z": 738.6988525390625
    },
    {
        "color": 4294967295,
        "name": "Generic Point 22",
        "x": 834.3776245117188,
        "y": 710.1318969726562,
        "z": 252.17218017578125
    },
    {
        "color": 4294967295,
        "name": "Generic Point 23",
        "x": 946.8880004882812,
        "y": 999.622802734375,
        "z": 646.694091796875
    },
    {
        "color": 4294967295,
        "name": "Generic Point 24",
        "x": 873.8880004882812,
        "y": 896.7278442382812,
        "z": 580.6617431640625
    },
    {
        "color": 4294967295,
        "name": "Generic Point 25",
        "x": 757.4882202148438,
        "y": 733.5010375976562,
        "z": 154.99575805664062
    },
    {
        "color": 4294967295,
        "name": "Generic Point 26",
        "x": 790.488037109375,
        "y": 714.02978515625,
        "z": 308.0577087402344
    },
    {
        "color": 4294967295,
        "name": "Generic Point 27",
        "x": 763.1881713867188,
        "y": 720.7898559570312,
        "z": 355.2427978515625
    },
    {
        "color": 4294967295,
        "name": "Generic Point 28",
        "x": 726.4879760742188,
        "y": 765.2191772460938,
        "z": 405.7027282714844
    },
    {
        "color": 4294967295,
        "name": "Generic Point 29",
        "x": 766.387939453125,
        "y": 737.5338745117188,
        "z": 497.0365905761719
    },
    {
        "color": 4294967295,
        "name": "Generic Point 3",
        "x": 946.9915161132812,
        "y": 1086.514892578125,
        "z": 849.6469116210938
    },
    {
        "color": 4294967295,
        "name": "Generic Point 30",
        "x": 1028.587890625,
        "y": 751.3130493164062,
        "z": 249.8067626953125
    },
    {
        "color": 4294967295,
        "name": "Generic Point 31",
        "x": 1066.8414306640625,
        "y": 738.1117553710938,
        "z": 300.8150329589844
    },
    {
        "color": 4294967295,
        "name": "Generic Point 32",
        "x": 675.9329223632812,
        "y": 775.6909790039062,
        "z": 143.82342529296875
    },
    {
        "color": 4294967295,
        "name": "Generic Point 33",
        "x": 792.6880493164062,
        "y": 771.1050415039062,
        "z": 270.2738037109375
    },
    {
        "color": 4294967295,
        "name": "Generic Point 34",
        "x": 494.4880676269531,
        "y": 694.7061767578125,
        "z": 324.2687683105469
    },
    {
        "color": 4294967295,
        "name": "Generic Point 35",
        "x": 422.4879150390625,
        "y": 682.510009765625,
        "z": 348.1537170410156
    },
    {
        "color": 4294967295,
        "name": "Generic Point 36",
        "x": 363.23846435546875,
        "y": 688.9948120117188,
        "z": 353.1043395996094
    },
    {
        "color": 4294967295,
        "name": "Generic Point 37",
        "x": 382.88787841796875,
        "y": 603.2115478515625,
        "z": 388.83978271484375
    },
    {
        "color": 4294967295,
        "name": "Generic Point 38",
        "x": 392.3880310058594,
        "y": 408.8077392578125,
        "z": 454.4656982421875
    },
    {
        "color": 4294967295,
        "name": "Generic Point 39",
        "x": 361.6881408691406,
        "y": 475.68896484375,
        "z": 528.0106811523438
    },
    {
        "color": 4294967295,
        "name": "Generic Point 4",
        "x": 947.0880126953125,
        "y": 1034.163818359375,
        "z": 921.82470703125
    },
    {
        "color": 4294967295,
        "name": "Generic Point 40",
        "x": 456.0693359375,
        "y": 415.49560546875,
        "z": 523.113525390625
    },
    {
        "color": 4294967295,
        "name": "Generic Point 41",
        "x": 476.8878173828125,
        "y": 434.7003173828125,
        "z": 617.8967895507812
    },
    {
        "color": 4294967295,
        "name": "Generic Point 42",
        "x": 390.98797607421875,
        "y": 432.60626220703125,
        "z": 566.5707397460938
    },
    {
        "color": 4294967295,
        "name": "Generic Point 43",
        "x": 324.4581604003906,
        "y": 431.9976806640625,
        "z": 638.9347534179688
    },
    {
        "color": 4294967295,
        "name": "Generic Point 44",
        "x": 385.6877746582031,
        "y": 690.115478515625,
        "z": 460.4736328125
    },
    {
        "color": 4294967295,
        "name": "Generic Point 45",
        "x": 559.2880249023438,
        "y": 712.727294921875,
        "z": 322.1327819824219
    },
    {
        "color": 4294967295,
        "name": "Generic Point 46",
        "x": 181.5879669189453,
        "y": 320.4873352050781,
        "z": 313.1616516113281
    },
    {
        "color": 4294967295,
        "name": "Generic Point 47",
        "x": 139.4879608154297,
        "y": 295.11492919921875,
        "z": 393.55780029296875
    },
    {
        "color": 4294967295,
        "name": "Generic Point 48",
        "x": 87.68809509277344,
        "y": 333.00994873046875,
        "z": 371.08184814453125
    },
    {
        "color": 4294967295,
        "name": "Generic Point 49",
        "x": 46.687957763671875,
        "y": 358.9307556152344,
        "z": 400.2718505859375
    },
    {
        "color": 4294967295,
        "name": "Generic Point 5",
        "x": 862.253173828125,
        "y": 997.0580444335938,
        "z": 723.9258422851562
    },
    {
        "color": 4294967295,
        "name": "Generic Point 50",
        "x": 174.58792114257812,
        "y": 236.62246704101562,
        "z": 413.84368896484375
    },
    {
        "color": 4294967295,
        "name": "Generic Point 51",
        "x": 149.4881134033203,
        "y": 269.13507080078125,
        "z": 515.3157958984375
    },
    {
        "color": 4294967295,
        "name": "Generic Point 52",
        "x": 715.5331420898438,
        "y": 393.34844970703125,
        "z": 699.6000366210938
    },
    {
        "color": 4294967295,
        "name": "Generic Point 53",
        "x": 757.0880126953125,
        "y": 379.6318359375,
        "z": 688.9757690429688
    },
    {
        "color": 4294967295,
        "name": "Generic Point 54",
        "x": 715.7883911132812,
        "y": 410.0237731933594,
        "z": 654.5169067382812
    },
    {
        "color": 4294967295,
        "name": "Generic Point 55",
        "x": 792.488037109375,
        "y": 442.349609375,
        "z": 700.6056518554688
    },
    {
        "color": 4294967295,
        "name": "Generic Point 56",
        "x": 731.2880249023438,
        "y": 793.0056762695312,
        "z": 609.1097412109375
    },
    {
        "color": 4294967295,
        "name": "Generic Point 57",
        "x": 160.0880126953125,
        "y": 452.01904296875,
        "z": 614.840576171875
    },
    {
        "color": 4294967295,
        "name": "Generic Point 58",
        "x": 144.98802185058594,
        "y": 160.67369079589844,
        "z": 702.2176513671875
    },
    {
        "color": 4294967295,
        "name": "Generic Point 59",
        "x": 233.48797607421875,
        "y": 149.5155029296875,
        "z": 788.6556396484375
    },
    {
        "color": 4294967295,
        "name": "Generic Point 6",
        "x": 1081.583740234375,
        "y": 964.5673828125,
        "z": 644.7510986328125
    },
    {
        "color": 4294967295,
        "name": "Generic Point 60",
        "x": 268.4880065917969,
        "y": 174.1395721435547,
        "z": 752.7608642578125
    },
    {
        "color": 4294967295,
        "name": "Generic Point 61",
        "x": 425.6357116699219,
        "y": 190.2413787841797,
        "z": 753.4351196289062
    },
    {
        "color": 4294967295,
        "name": "Generic Point 62",
        "x": 392.2880554199219,
        "y": 182.02090454101562,
        "z": 742.3900146484375
    },
    {
        "color": 4294967295,
        "name": "Generic Point 63",
        "x": 466.3880310058594,
        "y": 373.1991271972656,
        "z": 707.2086791992188
    },
    {
        "color": 4294967295,
        "name": "Generic Point 64",
        "x": 610.9879150390625,
        "y": 405.2733459472656,
        "z": 656.916748046875
    },
    {
        "color": 4294967295,
        "name": "Generic Point 65",
        "x": 679.7880859375,
        "y": 437.5536193847656,
        "z": 774.433837890625
    },
    {
        "color": 4294967295,
        "name": "Generic Point 66",
        "x": 358.078857421875,
        "y": 186.13577270507812,
        "z": 947.0466918945312
    },
    {
        "color": 4294967295,
        "name": "Generic Point 67",
        "x": 383.3880920410156,
        "y": 86.85936737060547,
        "z": 1064.52880859375
    },
    {
        "color": 4294967295,
        "name": "Generic Point 68",
        "x": 468.5879211425781,
        "y": 97.66246032714844,
        "z": 1277.99853515625
    },
    {
        "color": 4294967295,
        "name": "Generic Point 69",
        "x": 311.3880920410156,
        "y": 159.09068298339844,
        "z": 1323.168701171875
    },
    {
        "color": 4294967295,
        "name": "Generic Point 7",
        "x": 986.7876586914062,
        "y": 953.263671875,
        "z": 599.0706176757812
    },
    {
        "color": 4294967295,
        "name": "Generic Point 70",
        "x": 307.3879699707031,
        "y": 180.59056091308594,
        "z": 1431.1788330078125
    },
    {
        "color": 4294967295,
        "name": "Generic Point 71",
        "x": 769.688232421875,
        "y": 965.48095703125,
        "z": 903.2958984375
    },
    {
        "color": 4294967295,
        "name": "Generic Point 72",
        "x": 755.3883056640625,
        "y": 889.4803466796875,
        "z": 935.8966674804688
    },
    {
        "color": 4294967295,
        "name": "Generic Point 73",
        "x": 784.8355102539062,
        "y": 945.3756713867188,
        "z": 1023.0269775390625
    },
    {
        "color": 4294967295,
        "name": "Generic Point 74",
        "x": 852.1879272460938,
        "y": 995.1973876953125,
        "z": 1061.438720703125
    },
    {
        "color": 4294967295,
        "name": "Generic Point 75",
        "x": 1162.8782958984375,
        "y": 983.5910034179688,
        "z": 505.0810852050781
    },
    {
        "color": 4294967295,
        "name": "Generic Point 76",
        "x": 640.9879150390625,
        "y": 407.8777770996094,
        "z": 558.8047485351562
    },
    {
        "color": 4294967295,
        "name": "Generic Point 77",
        "x": 260.83331298828125,
        "y": 347.08831787109375,
        "z": 365.6955871582031
    },
    {
        "color": 4294967295,
        "name": "Generic Point 78",
        "x": 516.5879516601562,
        "y": 94.09463500976562,
        "z": 1162.72900390625
    },
    {
        "color": 4294967295,
        "name": "Generic Point 79",
        "x": 434.68804931640625,
        "y": 164.6166534423828,
        "z": 1281.018798828125
    },
    {
        "color": 4294967295,
        "name": "Generic Point 8",
        "x": 930.0877685546875,
        "y": 847.81787109375,
        "z": 598.0496826171875
    },
    {
        "color": 4294967295,
        "name": "Generic Point 9",
        "x": 855.460205078125,
        "y": 810.56787109375,
        "z": 570.9091186523438
    }
]