[
    {
        "color": 4294967295,
        "name": "Generic Point 0",
        "x": 4508.5009765625,
        "y": 478.78515625,
        "z": 5046.87890625
    },
    {
        "color": 4294967295,
        "name": "Generic Point 1",
        "x": 4092.516602,
        "y": 461.0177,
        "z": 4533.282715
    },
    {
        "color": 4294967295,
        "name": "Generic Point 10",
        "x": 4615.881348,
        "y": 527.184143,
        "z": 3641.442139
    },
    {
        "color": 4294967295,
        "name": "Generic Point 11",
        "x": 4214.083008,
        "y": 498.515015,
        "z": 4535.831543
    },
    {
        "color": 4294967295,
        "name": "Generic Point 12",
        "x": 4635.807129,
        "y": 535.928833,
        "z": 3879.412354
    },
    {
        "color": 4294967295,
        "name": "Generic Point 13",
        "x": 4592.612305,
        "y": 487.966644,
        "z": 3865.149902
    },
    {
        "color": 4294967295,
        "name": "Generic Point 14",
        "x": 4719.338867,
        "y": 669.000244,
        "z": 3877.208008
    },
    {
        "color": 4294967295,
        "name": "Generic Point 15",
        "x": 4716.737305,
        "y": 728.645935,
        "z": 3841.423096
    },
    {
        "color": 4294967295,
        "name": "Generic Point 16",
        "x": 4730.978027,
        "y": 634.839233,
        "z": 3742.099609
    },
    {
        "color": 4294967295,
        "name": "Generic Point 17",
        "x": 4684.112793,
        "y": 420.242401,
        "z": 4022.407227
    },
    {
        "color": 4294967295,
        "name": "Generic Point 18",
        "x": 4551.854004,
        "y": 410.921112,
        "z": 4051.209229
    },
    {
        "color": 4294967295,
        "name": "Generic Point 19",
        "x": 4545.950684,
        "y": 419.603943,
        "z": 4191.199707
    },
    {
        "color": 4294967295,
        "name": "Generic Point 2",
        "x": 4243.981934,
        "y": 541.559875,
        "z": 3966.89917
    },
    {
        "color": 4294967295,
        "name": "Generic Point 20",
        "x": 4614.907227,
        "y": 451.569672,
        "z": 4100.505371
    },
    {
        "color": 4294967295,
        "name": "Generic Point 21",
        "x": 4860.23877,
        "y": 479.269409,
        "z": 3962.585693
    },
    {
        "color": 4294967295,
        "name": "Generic Point 22",
        "x": 4178.026367,
        "y": 565.708374,
        "z": 4584.496094
    },
    {
        "color": 4294967295,
        "name": "Generic Point 23",
        "x": 4810.90625,
        "y": 603.933044,
        "z": 4024.995605
    },
    {
        "color": 4294967295,
        "name": "Generic Point 24",
        "x": 5044.084473,
        "y": 579.676819,
        "z": 4015.351807
    },
    {
        "color": 4294967295,
        "name": "Generic Point 25",
        "x": 4753.079102,
        "y": 545.065369,
        "z": 4281.249023
    },
    {
        "color": 4294967295,
        "name": "Generic Point 26",
        "x": 4786.682617,
        "y": 528.63031,
        "z": 4233.771973
    },
    {
        "color": 4294967295,
        "name": "Generic Point 27",
        "x": 4802.663574,
        "y": 527.669739,
        "z": 4148.453125
    },
    {
        "color": 4294967295,
        "name": "Generic Point 28",
        "x": 4844.02832,
        "y": 606.116394,
        "z": 4196.437012
    },
    {
        "color": 4294967295,
        "name": "Generic Point 29",
        "x": 4875.656738,
        "y": 567.158691,
        "z": 4145.909668
    },
    {
        "color": 4294967295,
        "name": "Generic Point 3",
        "x": 4195.9873046875,
        "y": 512.5178833007812,
        "z": 4147.103515625
    },
    {
        "color": 4294967295,
        "name": "Generic Point 30",
        "x": 4711.20459,
        "y": 547.01947,
        "z": 4431.279297
    },
    {
        "color": 4294967295,
        "name": "Generic Point 31",
        "x": 4927.819336,
        "y": 625.79834,
        "z": 4400.473633
    },
    {
        "color": 4294967295,
        "name": "Generic Point 32",
        "x": 5165.263672,
        "y": 592.968445,
        "z": 4376.320313
    },
    {
        "color": 4294967295,
        "name": "Generic Point 33",
        "x": 4301.719238,
        "y": 480.851898,
        "z": 4350.293457
    },
    {
        "color": 4294967295,
        "name": "Generic Point 34",
        "x": 5003.028809,
        "y": 764.795532,
        "z": 4218.003906
    },
    {
        "color": 4294967295,
        "name": "Generic Point 35",
        "x": 4541.043945,
        "y": 444.094513,
        "z": 4426.192871
    },
    {
        "color": 4294967295,
        "name": "Generic Point 36",
        "x": 4501.463867,
        "y": 388.97934,
        "z": 4385.390625
    },
    {
        "color": 4294967295,
        "name": "Generic Point 37",
        "x": 4365.444824,
        "y": 388.230194,
        "z": 4573.180176
    },
    {
        "color": 4294967295,
        "name": "Generic Point 38",
        "x": 4396.019531,
        "y": 445.7323,
        "z": 4770.212402
    },
    {
        "color": 4294967295,
        "name": "Generic Point 39",
        "x": 4322.272461,
        "y": 382.145813,
        "z": 4892.958984
    },
    {
        "color": 4294967295,
        "name": "Generic Point 4",
        "x": 4369.824219,
        "y": 554.987793,
        "z": 3944.597168
    },
    {
        "color": 4294967295,
        "name": "Generic Point 40",
        "x": 4359.860352,
        "y": 453.047485,
        "z": 4929.745117
    },
    {
        "color": 4294967295,
        "name": "Generic Point 41",
        "x": 4230.633789,
        "y": 541.051514,
        "z": 5036.949219
    },
    {
        "color": 4294967295,
        "name": "Generic Point 42",
        "x": 4414.820313,
        "y": 496.401245,
        "z": 5049.42627
    },
    {
        "color": 4294967295,
        "name": "Generic Point 43",
        "x": 4507.393555,
        "y": 478.388916,
        "z": 5046.90332
    },
    {
        "color": 4294967295,
        "name": "Generic Point 44",
        "x": 4346.771484,
        "y": 544.649536,
        "z": 4249.419434
    },
    {
        "color": 4294967295,
        "name": "Generic Point 45",
        "x": 4648.711914,
        "y": 611.977844,
        "z": 5133.332031
    },
    {
        "color": 4294967295,
        "name": "Generic Point 46",
        "x": 4595.71875,
        "y": 433.898499,
        "z": 4942.185059
    },
    {
        "color": 4294967295,
        "name": "Generic Point 47",
        "x": 4391.186523,
        "y": 364.929504,
        "z": 5086.980469
    },
    {
        "color": 4294967295,
        "name": "Generic Point 48",
        "x": 4583.791016,
        "y": 423.685181,
        "z": 4774.731934
    },
    {
        "color": 4294967295,
        "name": "Generic Point 49",
        "x": 4555.668457,
        "y": 294.252197,
        "z": 4781.219238
    },
    {
        "color": 4294967295,
        "name": "Generic Point 5",
        "x": 4354.788086,
        "y": 588.077454,
        "z": 3803.565674
    },
    {
        "color": 4294967295,
        "name": "Generic Point 50",
        "x": 4933.512207,
        "y": 489.282867,
        "z": 4739.011719
    },
    {
        "color": 4294967295,
        "name": "Generic Point 51",
        "x": 4966.949219,
        "y": 471.115936,
        "z": 4965.296875
    },
    {
        "color": 4294967295,
        "name": "Generic Point 52",
        "x": 4816.755371,
        "y": 365.212372,
        "z": 5032.211426
    },
    {
        "color": 4294967295,
        "name": "Generic Point 53",
        "x": 4802.65918,
        "y": 317.793457,
        "z": 4991.76123
    },
    {
        "color": 4294967295,
        "name": "Generic Point 54",
        "x": 4729.188965,
        "y": 164.889038,
        "z": 4714.237793
    },
    {
        "color": 4294967295,
        "name": "Generic Point 55",
        "x": 4418.267578,
        "y": 472.068268,
        "z": 4279.486328
    },
    {
        "color": 4294967295,
        "name": "Generic Point 56",
        "x": 4712.583008,
        "y": 132.127884,
        "z": 4636.975586
    },
    {
        "color": 4294967295,
        "name": "Generic Point 57",
        "x": 4695.945313,
        "y": 189.659683,
        "z": 4570.493164
    },
    {
        "color": 4294967295,
        "name": "Generic Point 58",
        "x": 4844.456055,
        "y": 252.278152,
        "z": 4443.047363
    },
    {
        "color": 4294967295,
        "name": "Generic Point 59",
        "x": 4392.970215,
        "y": 167.781403,
        "z": 4417.613281
    },
    {
        "color": 4294967295,
        "name": "Generic Point 6",
        "x": 4249.186035,
        "y": 588.952454,
        "z": 3540.095215
    },
    {
        "color": 4294967295,
        "name": "Generic Point 60",
        "x": 4250.783691,
        "y": 113.19558,
        "z": 4389.554199
    },
    {
        "color": 4294967295,
        "name": "Generic Point 61",
        "x": 4934.049316,
        "y": 385.94693,
        "z": 4417.027832
    },
    {
        "color": 4294967295,
        "name": "Generic Point 62",
        "x": 4452.073242,
        "y": 480.189148,
        "z": 4096.459473
    },
    {
        "color": 4294967295,
        "name": "Generic Point 63",
        "x": 4488.742676,
        "y": 562.817261,
        "z": 4004.905029
    },
    {
        "color": 4294967295,
        "name": "Generic Point 64",
        "x": 4311.151855,
        "y": 518.52594,
        "z": 4140.908691
    },
    {
        "color": 4294967295,
        "name": "Generic Point 7",
        "x": 4393.195801,
        "y": 476.887329,
        "z": 3633.907227
    },
    {
        "color": 4294967295,
        "name": "Generic Point 8",
        "x": 4396.451172,
        "y": 449.850586,
        "z": 3719.392334
    },
    {
        "color": 4294967295,
        "name": "Generic Point 9",
        "x": 4438.807129,
        "y": 542.6875,
        "z": 3754.058838
    }
]