[
    {
        "color": 4294967295,
        "name": "Generic Point 0",
        "x": -6237.47900390625,
        "y": 209.8877410888672,
        "z": -3218.257080078125
    },
    {
        "color": 4294967295,
        "name": "Generic Point 1",
        "x": -6191.314453125,
        "y": 204.57107543945312,
        "z": -2721.82763671875
    },
    {
        "color": 4294967295,
        "name": "Generic Point 10",
        "x": -5990.8779296875,
        "y": 175.3099822998047,
        "z": -2694.990966796875
    },
    {
        "color": 4294967295,
        "name": "Generic Point 11",
        "x": -5996.82373046875,
        "y": 257.8468322753906,
        "z": -2592.578369140625
    },
    {
        "color": 4294967295,
        "name": "Generic Point 12",
        "x": -6249.408203125,
        "y": 245.80186462402344,
        "z": -2956.90771484375
    },
    {
        "color": 4294967295,
        "name": "Generic Point 13",
        "x": -6271.50732421875,
        "y": 364.5709533691406,
        "z": -2685.676025390625
    },
    {
        "color": 4294967295,
        "name": "Generic Point 2",
        "x": -6361.64794921875,
        "y": 206.33828735351562,
        "z": -2378.859130859375
    },
    {
        "color": 4294967295,
        "name": "Generic Point 3",
        "x": -6238.138671875,
        "y": 200.9932098388672,
        "z": -3015.351806640625
    },
    {
        "color": 4294967295,
        "name": "Generic Point 4",
        "x": -6174.9990234375,
        "y": 209.35182189941406,
        "z": -2983.705322265625
    },
    {
        "color": 4294967295,
        "name": "Generic Point 5",
        "x": -6123.310546875,
        "y": 201.5740966796875,
        "z": -2979.947265625
    },
    {
        "color": 4294967295,
        "name": "Generic Point 6",
        "x": -6167.11767578125,
        "y": 201.20372009277344,
        "z": -3052.03076171875
    },
    {
        "color": 4294967295,
        "name": "Generic Point 7",
        "x": -6429.56201171875,
        "y": 239.0757598876953,
        "z": -2810.10986328125
    },
    {
        "color": 4294967295,
        "name": "Generic Point 8",
        "x": -5963.1953125,
        "y": 203.58660888671875,
        "z": -2645.068603515625
    },
    {
        "color": 4294967295,
        "name": "Generic Point 9",
        "x": -6357.5224609375,
        "y": 208.33242797851562,
        "z": -2699.529296875
    }
]