[
    {
        "color": 4294967295,
        "name": "Generic Point 0",
        "x": 777.629,
        "y": 708.477,
        "z": 444.744
    },
    {
        "color": 4294967295,
        "name": "Generic Point 1",
        "x": 749.262,
        "y": 706.52,
        "z": 438.176
    },
    {
        "color": 4294967295,
        "name": "Generic Point 2",
        "x": 747.479,
        "y": 709.557,
        "z": 466.347
    },
    {
        "color": 4294967295,
        "name": "Generic Point 3",
        "x": 358.713,
        "y": 181.735,
        "z": 803.438
    },
    {
        "color": 4294967295,
        "name": "Generic Point 4",
        "x": 287.985,
        "y": 161.206,
        "z": 755.959
    },
    {
        "color": 4294967295,
        "name": "Generic Point 5",
        "x": 188.992,
        "y": 149.0,
        "z": 764.915
    },
    {
        "color": 4294967295,
        "name": "Generic Point 6",
        "x": 101.644,
        "y": 146.921,
        "z": 665.015
    },
    {
        "color": 4294967295,
        "name": "Generic Point 7",
        "x": 186.65,
        "y": 233.9,
        "z": 390.394
    }
]