[
    {
        "color": 4294967295,
        "name": "Generic Point 0",
        "x": 914.71,
        "y": 355.73,
        "z": -566.96
    },
    {
        "color": 4294967295,
        "name": "Generic Point 1",
        "x": 865.38,
        "y": 333.0,
        "z": -568.96
    },
    {
        "color": 4294967295,
        "name": "Generic Point 2",
        "x": 876.67,
        "y": 324.87,
        "z": -571.53
    },
    {
        "color": 4294967295,
        "name": "Generic Point 3",
        "x": 910.91,
        "y": 325.14,
        "z": -559.4
    },
    {
        "color": 4294967295,
        "name": "Generic Point 4",
        "x": 877.05,
        "y": 324.92,
        "z": -547.26
    },
    {
        "color": 4294967295,
        "name": "Generic Point 5",
        "x": 888.84,
        "y": 300.86,
        "z": -566.23
    },
    {
        "color": 4294967295,
        "name": "Generic Point 6",
        "x": 887.66,
        "y": 300.84,
        "z": -556.94
    },
    {
        "color": 4294967295,
        "name": "Generic Point 7",
        "x": 901.44,
        "y": 291.07,
        "z": -552.13
    },
    {
        "color": 4294967295,
        "name": "Generic Point 8",
        "x": 1027.43,
        "y": 345.23,
        "z": -499.95
    },
    {
        "color": 4294967295,
        "name": "Generic Point 9",
        "x": 942.43,
        "y": 205.41,
        "z": -1143.56
    }
]