[
    {
        "color": 4294967295,
        "name": "Generic Point 0",
        "x": 1598.92,
        "y": 287.72,
        "z": -1107.7
    },
    {
        "color": 4294967295,
        "name": "Generic Point 1",
        "x": 1296.63,
        "y": 296.71,
        "z": -1044.67
    },
    {
        "color": 4294967295,
        "name": "Generic Point 10",
        "x": 936.03,
        "y": 287.45,
        "z": -950.66
    },
    {
        "color": 4294967295,
        "name": "Generic Point 11",
        "x": 973.83,
        "y": 290.91,
        "z": -937.31
    },
    {
        "color": 4294967295,
        "name": "Generic Point 12",
        "x": 1110.95,
        "y": 408.03,
        "z": -967.61
    },
    {
        "color": 4294967295,
        "name": "Generic Point 13",
        "x": 1056.22,
        "y": 465.45,
        "z": -861.01
    },
    {
        "color": 4294967295,
        "name": "Generic Point 14",
        "x": 1016.41,
        "y": 479.77,
        "z": -777.43
    },
    {
        "color": 4294967295,
        "name": "Generic Point 15",
        "x": 1002.0,
        "y": 482.94,
        "z": -768.01
    },
    {
        "color": 4294967295,
        "name": "Generic Point 16",
        "x": 1039.33,
        "y": 473.57,
        "z": -798.4
    },
    {
        "color": 4294967295,
        "name": "Generic Point 17",
        "x": 1037.87,
        "y": 447.86,
        "z": -813.8
    },
    {
        "color": 4294967295,
        "name": "Generic Point 18",
        "x": 1598.18,
        "y": 287.69,
        "z": -1106.41
    },
    {
        "color": 4294967295,
        "name": "Generic Point 2",
        "x": 1096.26,
        "y": 410.2,
        "z": -943.04
    },
    {
        "color": 4294967295,
        "name": "Generic Point 3",
        "x": 1598.21,
        "y": 287.83,
        "z": -1107.12
    },
    {
        "color": 4294967295,
        "name": "Generic Point 4",
        "x": 1176.36,
        "y": 286.75,
        "z": -532.19
    },
    {
        "color": 4294967295,
        "name": "Generic Point 5",
        "x": 1168.7,
        "y": 266.91,
        "z": -561.18
    },
    {
        "color": 4294967295,
        "name": "Generic Point 6",
        "x": 1185.13,
        "y": 270.18,
        "z": -563.74
    },
    {
        "color": 4294967295,
        "name": "Generic Point 7",
        "x": 1165.95,
        "y": 270.07,
        "z": -529.46
    },
    {
        "color": 4294967295,
        "name": "Generic Point 8",
        "x": 1172.06,
        "y": 265.87,
        "z": -549.65
    },
    {
        "color": 4294967295,
        "name": "Generic Point 9",
        "x": 936.29,
        "y": 287.47,
        "z": -949.26
    }
]