[
    {
        "color": 4294967295,
        "name": "Generic Point 0",
        "x": 2394.484130859375,
        "y": 441.2955322265625,
        "z": 3803.818359375
    },
    {
        "color": 4294967295,
        "name": "Generic Point 1",
        "x": 2976.516357421875,
        "y": 440.99334716796875,
        "z": 3529.6591796875
    },
    {
        "color": 4294967295,
        "name": "Generic Point 10",
        "x": 3391.005615234375,
        "y": 445.1385192871094,
        "z": 2820.43798828125
    },
    {
        "color": 4294967295,
        "name": "Generic Point 11",
        "x": 2246.248779296875,
        "y": 440.924072265625,
        "z": 3727.900146484375
    },
    {
        "color": 4294967295,
        "name": "Generic Point 12",
        "x": 3464.8251953125,
        "y": 442.4427185058594,
        "z": 2948.25048828125
    },
    {
        "color": 4294967295,
        "name": "Generic Point 13",
        "x": 3514.79736328125,
        "y": 441.31170654296875,
        "z": 2847.791259765625
    },
    {
        "color": 4294967295,
        "name": "Generic Point 14",
        "x": 3671.8759765625,
        "y": 444.2684326171875,
        "z": 2791.015380859375
    },
    {
        "color": 4294967295,
        "name": "Generic Point 15",
        "x": 3594.92041015625,
        "y": 534.1281127929688,
        "z": 3219.67919921875
    },
    {
        "color": 4294967295,
        "name": "Generic Point 16",
        "x": 4011.3212890625,
        "y": 426.9095458984375,
        "z": 3183.45166015625
    },
    {
        "color": 4294967295,
        "name": "Generic Point 17",
        "x": 3784.018310546875,
        "y": 463.093017578125,
        "z": 3227.389404296875
    },
    {
        "color": 4294967295,
        "name": "Generic Point 18",
        "x": 3903.29833984375,
        "y": 491.337158203125,
        "z": 3221.743896484375
    },
    {
        "color": 4294967295,
        "name": "Generic Point 19",
        "x": 2675.905517578125,
        "y": 266.0910949707031,
        "z": 3565.271728515625
    },
    {
        "color": 4294967295,
        "name": "Generic Point 2",
        "x": 2754.09326171875,
        "y": 315.0760803222656,
        "z": 3554.87548828125
    },
    {
        "color": 4294967295,
        "name": "Generic Point 20",
        "x": 2837.3037109375,
        "y": 497.28924560546875,
        "z": 3333.54638671875
    },
    {
        "color": 4294967295,
        "name": "Generic Point 21",
        "x": 2748.58544921875,
        "y": 459.36968994140625,
        "z": 3224.203369140625
    },
    {
        "color": 4294967295,
        "name": "Generic Point 22",
        "x": 2661.84912109375,
        "y": 485.1436767578125,
        "z": 3369.076416015625
    },
    {
        "color": 4294967295,
        "name": "Generic Point 23",
        "x": 2608.73095703125,
        "y": 440.3778381347656,
        "z": 3422.30224609375
    },
    {
        "color": 4294967295,
        "name": "Generic Point 24",
        "x": 2684.347412109375,
        "y": 422.2889099121094,
        "z": 3535.769775390625
    },
    {
        "color": 4294967295,
        "name": "Generic Point 25",
        "x": 2278.674072265625,
        "y": 441.1728210449219,
        "z": 3335.778564453125
    },
    {
        "color": 4294967295,
        "name": "Generic Point 3",
        "x": 3097.970703125,
        "y": 418.5561218261719,
        "z": 3123.225341796875
    },
    {
        "color": 4294967295,
        "name": "Generic Point 4",
        "x": 4004.5791015625,
        "y": 595.3397216796875,
        "z": 3603.2890625
    },
    {
        "color": 4294967295,
        "name": "Generic Point 5",
        "x": 3649.473388671875,
        "y": 507.3550109863281,
        "z": 3520.21435546875
    },
    {
        "color": 4294967295,
        "name": "Generic Point 6",
        "x": 3946.554443359375,
        "y": 504.83428955078125,
        "z": 3399.878662109375
    },
    {
        "color": 4294967295,
        "name": "Generic Point 7",
        "x": 3288.31298828125,
        "y": 446.6637268066406,
        "z": 3233.662841796875
    },
    {
        "color": 4294967295,
        "name": "Generic Point 8",
        "x": 3222.999755859375,
        "y": 441.2359313964844,
        "z": 3186.655517578125
    },
    {
        "color": 4294967295,
        "name": "Generic Point 9",
        "x": 3296.81396484375,
        "y": 342.17584228515625,
        "z": 2744.810302734375
    }
]