[
    {
        "color": 4294967295,
        "name": "Generic Point 0",
        "x": -3859.995,
        "y": 124.284,
        "z": -1004.339
    },
    {
        "color": 4294967295,
        "name": "Generic Point 1",
        "x": -2302.312,
        "y": 212.376,
        "z": -3591.902
    },
    {
        "color": 4294967295,
        "name": "Generic Point 10",
        "x": -2516.737,
        "y": 202.264,
        "z": -4117.771
    },
    {
        "color": 4294967295,
        "name": "Generic Point 11",
        "x": -2831.458,
        "y": 204.11,
        "z": -4118.941
    },
    {
        "color": 4294967295,
        "name": "Generic Point 12",
        "x": -4417.216,
        "y": 162.971,
        "z": -3807.483
    },
    {
        "color": 4294967295,
        "name": "Generic Point 13",
        "x": -4530.871,
        "y": 203.744,
        "z": -4242.249
    },
    {
        "color": 4294967295,
        "name": "Generic Point 14",
        "x": -4486.76,
        "y": 203.75,
        "z": -4314.143
    },
    {
        "color": 4294967295,
        "name": "Generic Point 15",
        "x": -4358.531,
        "y": 210.66,
        "z": -4357.344
    },
    {
        "color": 4294967295,
        "name": "Generic Point 16",
        "x": -4310.398,
        "y": 203.612,
        "z": -4493.605
    },
    {
        "color": 4294967295,
        "name": "Generic Point 17",
        "x": -4255.698,
        "y": 200.079,
        "z": -4494.588
    },
    {
        "color": 4294967295,
        "name": "Generic Point 18",
        "x": -4538.459,
        "y": 204.826,
        "z": -4580.334
    },
    {
        "color": 4294967295,
        "name": "Generic Point 19",
        "x": -3896.094,
        "y": 214.701,
        "z": -2082.466
    },
    {
        "color": 4294967295,
        "name": "Generic Point 2",
        "x": -1846.521,
        "y": 208.74,
        "z": -4218.017
    },
    {
        "color": 4294967295,
        "name": "Generic Point 20",
        "x": -3852.088,
        "y": 201.803,
        "z": -2056.226
    },
    {
        "color": 4294967295,
        "name": "Generic Point 21",
        "x": -3769.77,
        "y": 243.368,
        "z": -2160.93
    },
    {
        "color": 4294967295,
        "name": "Generic Point 22",
        "x": -3566.125,
        "y": 213.467,
        "z": -579.664
    },
    {
        "color": 4294967295,
        "name": "Generic Point 23",
        "x": -3701.229,
        "y": 204.904,
        "z": -2095.706
    },
    {
        "color": 4294967295,
        "name": "Generic Point 24",
        "x": -3458.056,
        "y": 211.036,
        "z": -2160.903
    },
    {
        "color": 4294967295,
        "name": "Generic Point 25",
        "x": -3552.191,
        "y": 240.508,
        "z": -2329.265
    },
    {
        "color": 4294967295,
        "name": "Generic Point 26",
        "x": -3673.397,
        "y": 207.167,
        "z": -2248.637
    },
    {
        "color": 4294967295,
        "name": "Generic Point 27",
        "x": -3659.032,
        "y": 235.718,
        "z": -2265.724
    },
    {
        "color": 4294967295,
        "name": "Generic Point 28",
        "x": -3703.665,
        "y": 253.783,
        "z": -2357.256
    },
    {
        "color": 4294967295,
        "name": "Generic Point 29",
        "x": -3831.265,
        "y": 296.795,
        "z": -2353.922
    },
    {
        "color": 4294967295,
        "name": "Generic Point 3",
        "x": -1845.006,
        "y": 203.514,
        "z": -4255.564
    },
    {
        "color": 4294967295,
        "name": "Generic Point 30",
        "x": -3978.691,
        "y": 258.546,
        "z": -2302.977
    },
    {
        "color": 4294967295,
        "name": "Generic Point 31",
        "x": -4075.915,
        "y": 203.055,
        "z": -2150.997
    },
    {
        "color": 4294967295,
        "name": "Generic Point 32",
        "x": -3665.781,
        "y": 187.522,
        "z": -582.72
    },
    {
        "color": 4294967295,
        "name": "Generic Point 33",
        "x": -4002.633,
        "y": 201.0,
        "z": -2577.856
    },
    {
        "color": 4294967295,
        "name": "Generic Point 34",
        "x": -3982.717,
        "y": 258.427,
        "z": -2365.123
    },
    {
        "color": 4294967295,
        "name": "Generic Point 35",
        "x": -3895.142,
        "y": 203.512,
        "z": -2282.354
    },
    {
        "color": 4294967295,
        "name": "Generic Point 36",
        "x": -3727.092,
        "y": 242.742,
        "z": -2450.195
    },
    {
        "color": 4294967295,
        "name": "Generic Point 37",
        "x": -3802.526,
        "y": 219.996,
        "z": -2574.413
    },
    {
        "color": 4294967295,
        "name": "Generic Point 38",
        "x": -4039.285,
        "y": 203.404,
        "z": -3136.54
    },
    {
        "color": 4294967295,
        "name": "Generic Point 39",
        "x": -3967.066,
        "y": 203.563,
        "z": -3232.057
    },
    {
        "color": 4294967295,
        "name": "Generic Point 4",
        "x": -1952.542,
        "y": 203.123,
        "z": -4230.797
    },
    {
        "color": 4294967295,
        "name": "Generic Point 40",
        "x": -3830.06,
        "y": 203.15,
        "z": -3278.014
    },
    {
        "color": 4294967295,
        "name": "Generic Point 41",
        "x": -3746.759,
        "y": 203.065,
        "z": -3361.309
    },
    {
        "color": 4294967295,
        "name": "Generic Point 42",
        "x": -3747.297,
        "y": 203.0,
        "z": -3415.199
    },
    {
        "color": 4294967295,
        "name": "Generic Point 43",
        "x": -3557.045,
        "y": 226.086,
        "z": -3264.801
    },
    {
        "color": 4294967295,
        "name": "Generic Point 44",
        "x": -3647.899,
        "y": 124.286,
        "z": -740.666
    },
    {
        "color": 4294967295,
        "name": "Generic Point 45",
        "x": -3586.691,
        "y": 253.097,
        "z": -3229.449
    },
    {
        "color": 4294967295,
        "name": "Generic Point 46",
        "x": -3635.473,
        "y": 209.934,
        "z": -3199.509
    },
    {
        "color": 4294967295,
        "name": "Generic Point 47",
        "x": -3660.289,
        "y": 285.456,
        "z": -3089.737
    },
    {
        "color": 4294967295,
        "name": "Generic Point 48",
        "x": -3595.027,
        "y": 203.595,
        "z": -2621.896
    },
    {
        "color": 4294967295,
        "name": "Generic Point 49",
        "x": -3567.482,
        "y": 203.472,
        "z": -2477.507
    },
    {
        "color": 4294967295,
        "name": "Generic Point 5",
        "x": -2432.59,
        "y": 307.217,
        "z": -4418.316
    },
    {
        "color": 4294967295,
        "name": "Generic Point 50",
        "x": -3589.103,
        "y": 201.361,
        "z": -2424.55
    },
    {
        "color": 4294967295,
        "name": "Generic Point 51",
        "x": -3589.148,
        "y": 212.152,
        "z": -2377.927
    },
    {
        "color": 4294967295,
        "name": "Generic Point 52",
        "x": -3671.174,
        "y": 126.689,
        "z": -759.993
    },
    {
        "color": 4294967295,
        "name": "Generic Point 53",
        "x": -3498.767,
        "y": 203.505,
        "z": -2338.369
    },
    {
        "color": 4294967295,
        "name": "Generic Point 54",
        "x": -3471.005,
        "y": 203.0,
        "z": -2402.674
    },
    {
        "color": 4294967295,
        "name": "Generic Point 55",
        "x": -3430.471,
        "y": 203.675,
        "z": -2677.841
    },
    {
        "color": 4294967295,
        "name": "Generic Point 56",
        "x": -3529.232,
        "y": 203.245,
        "z": -2730.665
    },
    {
        "color": 4294967295,
        "name": "Generic Point 57",
        "x": -3723.931,
        "y": 115.527,
        "z": -860.656
    },
    {
        "color": 4294967295,
        "name": "Generic Point 58",
        "x": -3552.928,
        "y": 206.521,
        "z": -2798.63
    },
    {
        "color": 4294967295,
        "name": "Generic Point 59",
        "x": -3581.78,
        "y": 203.084,
        "z": -2881.512
    },
    {
        "color": 4294967295,
        "name": "Generic Point 6",
        "x": -2834.447,
        "y": 203.803,
        "z": -4569.067
    },
    {
        "color": 4294967295,
        "name": "Generic Point 60",
        "x": -3623.444,
        "y": 239.437,
        "z": -3043.899
    },
    {
        "color": 4294967295,
        "name": "Generic Point 61",
        "x": -3369.164,
        "y": 202.637,
        "z": -3005.473
    },
    {
        "color": 4294967295,
        "name": "Generic Point 62",
        "x": -3395.329,
        "y": 203.183,
        "z": -3431.929
    },
    {
        "color": 4294967295,
        "name": "Generic Point 63",
        "x": -3873.526,
        "y": 117.404,
        "z": -944.604
    },
    {
        "color": 4294967295,
        "name": "Generic Point 64",
        "x": -3318.032,
        "y": 203.0,
        "z": -3372.48
    },
    {
        "color": 4294967295,
        "name": "Generic Point 65",
        "x": -3126.758,
        "y": 204.373,
        "z": -3260.057
    },
    {
        "color": 4294967295,
        "name": "Generic Point 66",
        "x": -3220.249,
        "y": 203.222,
        "z": -3344.937
    },
    {
        "color": 4294967295,
        "name": "Generic Point 67",
        "x": -3366.229,
        "y": 203.144,
        "z": -3661.449
    },
    {
        "color": 4294967295,
        "name": "Generic Point 68",
        "x": -3320.175,
        "y": 203.058,
        "z": -3649.813
    },
    {
        "color": 4294967295,
        "name": "Generic Point 7",
        "x": -2574.376,
        "y": 229.8,
        "z": -4340.473
    },
    {
        "color": 4294967295,
        "name": "Generic Point 8",
        "x": -2622.128,
        "y": 233.89,
        "z": -4400.354
    },
    {
        "color": 4294967295,
        "name": "Generic Point 9",
        "x": -2764.469,
        "y": 218.646,
        "z": -4239.82
    }
]