[
    {
        "color": 4294967295,
        "name": "Generic Point 0",
        "x": 3066.63671875,
        "y": 380.85052490234375,
        "z": 4410.365234375
    },
    {
        "color": 4294967295,
        "name": "Generic Point 1",
        "x": 3233.355712890625,
        "y": 425.4276123046875,
        "z": 3915.704833984375
    },
    {
        "color": 4294967295,
        "name": "Generic Point 10",
        "x": 3215.24267578125,
        "y": 431.661865234375,
        "z": 4806.60400390625
    },
    {
        "color": 4294967295,
        "name": "Generic Point 11",
        "x": 3310.219482421875,
        "y": 401.9696044921875,
        "z": 4755.173828125
    },
    {
        "color": 4294967295,
        "name": "Generic Point 12",
        "x": 3212.37353515625,
        "y": 410.01629638671875,
        "z": 4642.98876953125
    },
    {
        "color": 4294967295,
        "name": "Generic Point 13",
        "x": 3164.203857421875,
        "y": 433.6189270019531,
        "z": 4345.6435546875
    },
    {
        "color": 4294967295,
        "name": "Generic Point 2",
        "x": 3202.12353515625,
        "y": 343.69512939453125,
        "z": 4152.03515625
    },
    {
        "color": 4294967295,
        "name": "Generic Point 3",
        "x": 3251.00244140625,
        "y": 344.26629638671875,
        "z": 4185.8583984375
    },
    {
        "color": 4294967295,
        "name": "Generic Point 4",
        "x": 2731.69677734375,
        "y": 415.4146728515625,
        "z": 4405.6904296875
    },
    {
        "color": 4294967295,
        "name": "Generic Point 5",
        "x": 2292.093505859375,
        "y": 189.9335479736328,
        "z": 4680.3916015625
    },
    {
        "color": 4294967295,
        "name": "Generic Point 6",
        "x": 3526.818115234375,
        "y": 393.2115173339844,
        "z": 4069.4580078125
    },
    {
        "color": 4294967295,
        "name": "Generic Point 7",
        "x": 3353.05908203125,
        "y": 427.741455078125,
        "z": 4666.49853515625
    },
    {
        "color": 4294967295,
        "name": "Generic Point 8",
        "x": 3114.853759765625,
        "y": 229.87698364257812,
        "z": 4237.64013671875
    },
    {
        "color": 4294967295,
        "name": "Generic Point 9",
        "x": 3159.842041015625,
        "y": 422.6204833984375,
        "z": 4781.1220703125
    }
]