[
    {
        "color": 4294967295,
        "name": "Generic Point 0",
        "x": 1286.3720703125,
        "y": 625.9719848632812,
        "z": 4604.45263671875
    },
    {
        "color": 4294967295,
        "name": "Generic Point 1",
        "x": 1423.17431640625,
        "y": 130.9274139404297,
        "z": 4001.483642578125
    },
    {
        "color": 4294967295,
        "name": "Generic Point 2",
        "x": 1469.1419677734375,
        "y": 89.93079376220703,
        "z": 3951.180419921875
    },
    {
        "color": 4294967295,
        "name": "Generic Point 3",
        "x": 1514.8228759765625,
        "y": 143.8819580078125,
        "z": 3818.509033203125
    },
    {
        "color": 4294967295,
        "name": "Generic Point 4",
        "x": 1612.3349609375,
        "y": 255.63037109375,
        "z": 3696.71142578125
    },
    {
        "color": 4294967295,
        "name": "Generic Point 5",
        "x": 1391.5904541015625,
        "y": 309.4029846191406,
        "z": 3431.077392578125
    }
]