[
    {
        "color": 4294967295,
        "name": "Generic Point 0",
        "x": 2706.255,
        "y": 251.883,
        "z": -1227.039
    },
    {
        "color": 4294967295,
        "name": "Generic Point 1",
        "x": 1700.74,
        "y": 209.974,
        "z": -381.422
    },
    {
        "color": 4294967295,
        "name": "Generic Point 10",
        "x": 1257.405,
        "y": 204.482,
        "z": 255.295
    },
    {
        "color": 4294967295,
        "name": "Generic Point 11",
        "x": 2411.47,
        "y": 211.307,
        "z": -1184.212
    },
    {
        "color": 4294967295,
        "name": "Generic Point 12",
        "x": 927.311,
        "y": 212.672,
        "z": 648.905
    },
    {
        "color": 4294967295,
        "name": "Generic Point 13",
        "x": 897.827,
        "y": 211.864,
        "z": 635.591
    },
    {
        "color": 4294967295,
        "name": "Generic Point 14",
        "x": 913.215,
        "y": 239.175,
        "z": 726.826
    },
    {
        "color": 4294967295,
        "name": "Generic Point 15",
        "x": 934.189,
        "y": 241.524,
        "z": 735.804
    },
    {
        "color": 4294967295,
        "name": "Generic Point 16",
        "x": -10.011,
        "y": 274.174,
        "z": 292.773
    },
    {
        "color": 4294967295,
        "name": "Generic Point 17",
        "x": -4004.877,
        "y": 198.61,
        "z": -837.604
    },
    {
        "color": 4294967295,
        "name": "Generic Point 18",
        "x": -4038.191,
        "y": 259.286,
        "z": -2302.71
    },
    {
        "color": 4294967295,
        "name": "Generic Point 19",
        "x": -3736.343,
        "y": 245.817,
        "z": -2156.661
    },
    {
        "color": 4294967295,
        "name": "Generic Point 2",
        "x": 2146.007,
        "y": 222.309,
        "z": -492.149
    },
    {
        "color": 4294967295,
        "name": "Generic Point 20",
        "x": -3645.008,
        "y": 256.31100000000004,
        "z": -2182.437
    },
    {
        "color": 4294967295,
        "name": "Generic Point 21",
        "x": -2993.106,
        "y": 205.244,
        "z": -3234.188
    },
    {
        "color": 4294967295,
        "name": "Generic Point 22",
        "x": 2425.116,
        "y": 213.332,
        "z": -1109.221
    },
    {
        "color": 4294967295,
        "name": "Generic Point 23",
        "x": -4453.12,
        "y": 224.698,
        "z": -3986.771
    },
    {
        "color": 4294967295,
        "name": "Generic Point 24",
        "x": 1934.22,
        "y": 227.184,
        "z": -954.779
    },
    {
        "color": 4294967295,
        "name": "Generic Point 25",
        "x": 1898.163,
        "y": 227.77,
        "z": -938.289
    },
    {
        "color": 4294967295,
        "name": "Generic Point 26",
        "x": 1883.787,
        "y": 243.524,
        "z": -882.441
    },
    {
        "color": 4294967295,
        "name": "Generic Point 27",
        "x": 1722.725,
        "y": 276.376,
        "z": -889.732
    },
    {
        "color": 4294967295,
        "name": "Generic Point 28",
        "x": 1720.419,
        "y": 210.87,
        "z": -509.951
    },
    {
        "color": 4294967295,
        "name": "Generic Point 29",
        "x": 1685.375,
        "y": 209.98,
        "z": -395.959
    },
    {
        "color": 4294967295,
        "name": "Generic Point 3",
        "x": 2117.468,
        "y": 214.324,
        "z": -34.994
    },
    {
        "color": 4294967295,
        "name": "Generic Point 4",
        "x": 2279.521,
        "y": 274.978,
        "z": -237.138
    },
    {
        "color": 4294967295,
        "name": "Generic Point 5",
        "x": 2379.936,
        "y": 298.733,
        "z": -315.878
    },
    {
        "color": 4294967295,
        "name": "Generic Point 6",
        "x": 2479.53,
        "y": 214.632,
        "z": -417.308
    },
    {
        "color": 4294967295,
        "name": "Generic Point 7",
        "x": 2799.54,
        "y": 211.785,
        "z": 155.958
    },
    {
        "color": 4294967295,
        "name": "Generic Point 8",
        "x": 2935.079,
        "y": 216.787,
        "z": 176.154
    },
    {
        "color": 4294967295,
        "name": "Generic Point 9",
        "x": 2567.841,
        "y": 204.294,
        "z": 370.536
    }
]