[
    {
        "color": 4294967295,
        "name": "Generic Point 0",
        "x": 3987.817626953125,
        "y": 441.4596862792969,
        "z": 4551.59521484375
    },
    {
        "color": 4294967295,
        "name": "Generic Point 1",
        "x": 2916.389892578125,
        "y": 441.483642578125,
        "z": 5318.31103515625
    },
    {
        "color": 4294967295,
        "name": "Generic Point 10",
        "x": 1918.5535888671875,
        "y": 441.0059509277344,
        "z": 4841.8740234375
    },
    {
        "color": 4294967295,
        "name": "Generic Point 11",
        "x": 1965.972900390625,
        "y": 435.3330078125,
        "z": 4542.00146484375
    },
    {
        "color": 4294967295,
        "name": "Generic Point 12",
        "x": 2487.53857421875,
        "y": 422.83331298828125,
        "z": 4493.27197265625
    },
    {
        "color": 4294967295,
        "name": "Generic Point 13",
        "x": 2808.0185546875,
        "y": 416.24322509765625,
        "z": 4339.78662109375
    },
    {
        "color": 4294967295,
        "name": "Generic Point 14",
        "x": 2863.5576171875,
        "y": 434.10638427734375,
        "z": 4341.89453125
    },
    {
        "color": 4294967295,
        "name": "Generic Point 15",
        "x": 2928.91357421875,
        "y": 428.22943115234375,
        "z": 4335.74072265625
    },
    {
        "color": 4294967295,
        "name": "Generic Point 16",
        "x": 2971.28515625,
        "y": 399.4993591308594,
        "z": 4616.595703125
    },
    {
        "color": 4294967295,
        "name": "Generic Point 17",
        "x": 3040.036376953125,
        "y": 360.8863220214844,
        "z": 4258.41162109375
    },
    {
        "color": 4294967295,
        "name": "Generic Point 18",
        "x": 3175.943603515625,
        "y": 396.0339660644531,
        "z": 4182.12548828125
    },
    {
        "color": 4294967295,
        "name": "Generic Point 19",
        "x": 3344.08349609375,
        "y": 418.8987121582031,
        "z": 4093.33642578125
    },
    {
        "color": 4294967295,
        "name": "Generic Point 2",
        "x": 3009.22216796875,
        "y": 442.20367431640625,
        "z": 4740.81982421875
    },
    {
        "color": 4294967295,
        "name": "Generic Point 20",
        "x": 3576.4072265625,
        "y": 408.2426452636719,
        "z": 4301.22802734375
    },
    {
        "color": 4294967295,
        "name": "Generic Point 21",
        "x": 1849.3748779296875,
        "y": 441.0299072265625,
        "z": 4588.41455078125
    },
    {
        "color": 4294967295,
        "name": "Generic Point 22",
        "x": 3561.157958984375,
        "y": 402.0784912109375,
        "z": 4254.41796875
    },
    {
        "color": 4294967295,
        "name": "Generic Point 23",
        "x": 3568.6005859375,
        "y": 395.32958984375,
        "z": 4151.58447265625
    },
    {
        "color": 4294967295,
        "name": "Generic Point 24",
        "x": 3413.02099609375,
        "y": 391.6383056640625,
        "z": 4034.841552734375
    },
    {
        "color": 4294967295,
        "name": "Generic Point 25",
        "x": 3487.24267578125,
        "y": 409.9762268066406,
        "z": 3999.3623046875
    },
    {
        "color": 4294967295,
        "name": "Generic Point 26",
        "x": 3605.51025390625,
        "y": 419.65447998046875,
        "z": 3961.80712890625
    },
    {
        "color": 4294967295,
        "name": "Generic Point 27",
        "x": 3792.293701171875,
        "y": 431.68231201171875,
        "z": 4095.6611328125
    },
    {
        "color": 4294967295,
        "name": "Generic Point 28",
        "x": 3920.34765625,
        "y": 423.0862121582031,
        "z": 4167.95458984375
    },
    {
        "color": 4294967295,
        "name": "Generic Point 29",
        "x": 3937.8037109375,
        "y": 398.5858154296875,
        "z": 4286.44189453125
    },
    {
        "color": 4294967295,
        "name": "Generic Point 3",
        "x": 3629.98876953125,
        "y": 441.0056457519531,
        "z": 5055.43359375
    },
    {
        "color": 4294967295,
        "name": "Generic Point 30",
        "x": 3259.73388671875,
        "y": 416.9768981933594,
        "z": 3954.552978515625
    },
    {
        "color": 4294967295,
        "name": "Generic Point 31",
        "x": 3162.4755859375,
        "y": 410.15887451171875,
        "z": 3864.74658203125
    },
    {
        "color": 4294967295,
        "name": "Generic Point 32",
        "x": 1931.33349609375,
        "y": 440.9979248046875,
        "z": 4482.29296875
    },
    {
        "color": 4294967295,
        "name": "Generic Point 33",
        "x": 3057.022216796875,
        "y": 378.7396240234375,
        "z": 4112.4560546875
    },
    {
        "color": 4294967295,
        "name": "Generic Point 34",
        "x": 2028.56982421875,
        "y": 442.2247009277344,
        "z": 4401.0126953125
    },
    {
        "color": 4294967295,
        "name": "Generic Point 35",
        "x": 2378.25634765625,
        "y": 441.0152893066406,
        "z": 4495.126953125
    },
    {
        "color": 4294967295,
        "name": "Generic Point 36",
        "x": 2478.808837890625,
        "y": 448.9226379394531,
        "z": 4674.12744140625
    },
    {
        "color": 4294967295,
        "name": "Generic Point 37",
        "x": 2522.0029296875,
        "y": 441.2568664550781,
        "z": 4598.2412109375
    },
    {
        "color": 4294967295,
        "name": "Generic Point 38",
        "x": 2600.57861328125,
        "y": 441.0047912597656,
        "z": 4598.6943359375
    },
    {
        "color": 4294967295,
        "name": "Generic Point 39",
        "x": 3392.677490234375,
        "y": 425.85400390625,
        "z": 4262.763671875
    },
    {
        "color": 4294967295,
        "name": "Generic Point 4",
        "x": 2610.83935546875,
        "y": 441.5007629394531,
        "z": 4352.5458984375
    },
    {
        "color": 4294967295,
        "name": "Generic Point 40",
        "x": 3124.364990234375,
        "y": 388.5417785644531,
        "z": 4502.49609375
    },
    {
        "color": 4294967295,
        "name": "Generic Point 41",
        "x": 2632.844727,
        "y": 375.679321,
        "z": 4498.677246
    },
    {
        "color": 4294967295,
        "name": "Generic Point 42",
        "x": 2699.232178,
        "y": 361.158569,
        "z": 4465.078613
    },
    {
        "color": 4294967295,
        "name": "Generic Point 43",
        "x": 2751.236816,
        "y": 403.667236,
        "z": 4456.123535
    },
    {
        "color": 4294967295,
        "name": "Generic Point 44",
        "x": 2764.554199,
        "y": 406.58194,
        "z": 4526.598145
    },
    {
        "color": 4294967295,
        "name": "Generic Point 45",
        "x": 3232.865723,
        "y": 440.992401,
        "z": 4692.282227
    },
    {
        "color": 4294967295,
        "name": "Generic Point 46",
        "x": 3394.501221,
        "y": 397.225433,
        "z": 4828.077637
    },
    {
        "color": 4294967295,
        "name": "Generic Point 47",
        "x": 3000.561035,
        "y": 442.339203,
        "z": 4736.249512
    },
    {
        "color": 4294967295,
        "name": "Generic Point 48",
        "x": 3162.10791,
        "y": 441.709015,
        "z": 4598.719727
    },
    {
        "color": 4294967295,
        "name": "Generic Point 49",
        "x": 3512.263916,
        "y": 314.755127,
        "z": 4977.435547
    },
    {
        "color": 4294967295,
        "name": "Generic Point 5",
        "x": 2320.67431640625,
        "y": 442.8664855957031,
        "z": 4213.17578125
    },
    {
        "color": 4294967295,
        "name": "Generic Point 50",
        "x": 3505.845215,
        "y": 311.967621,
        "z": 4992.321777
    },
    {
        "color": 4294967295,
        "name": "Generic Point 51",
        "x": 3490.99707,
        "y": 310.403625,
        "z": 4978.737793
    },
    {
        "color": 4294967295,
        "name": "Generic Point 52",
        "x": 3502.441406,
        "y": 301.173523,
        "z": 4984.550781
    },
    {
        "color": 4294967295,
        "name": "Generic Point 53",
        "x": 3558.74585,
        "y": 435.673615,
        "z": 4937.819336
    },
    {
        "color": 4294967295,
        "name": "Generic Point 54",
        "x": 3620.523438,
        "y": 441.119965,
        "z": 4959.61377
    },
    {
        "color": 4294967295,
        "name": "Generic Point 55",
        "x": 3608.454346,
        "y": 441.209991,
        "z": 4987.085449
    },
    {
        "color": 4294967295,
        "name": "Generic Point 56",
        "x": 3635.710938,
        "y": 440.716248,
        "z": 5002.481445
    },
    {
        "color": 4294967295,
        "name": "Generic Point 57",
        "x": 3662.443359,
        "y": 441.209412,
        "z": 5003.868164
    },
    {
        "color": 4294967295,
        "name": "Generic Point 58",
        "x": 3627.364014,
        "y": 440.868347,
        "z": 5044.22998
    },
    {
        "color": 4294967295,
        "name": "Generic Point 59",
        "x": 3628.680176,
        "y": 441.615845,
        "z": 5067.525391
    },
    {
        "color": 4294967295,
        "name": "Generic Point 6",
        "x": 1881.0728759765625,
        "y": 434.0932312011719,
        "z": 4908.59619140625
    },
    {
        "color": 4294967295,
        "name": "Generic Point 60",
        "x": 3544.480225,
        "y": 429.613129,
        "z": 5032.869629
    },
    {
        "color": 4294967295,
        "name": "Generic Point 61",
        "x": 4000.633789,
        "y": 441.714111,
        "z": 4554.001953
    },
    {
        "color": 4294967295,
        "name": "Generic Point 62",
        "x": 3995.536865,
        "y": 441.203217,
        "z": 4527.983887
    },
    {
        "color": 4294967295,
        "name": "Generic Point 63",
        "x": 3992.545898,
        "y": 446.33429,
        "z": 4600.655273
    },
    {
        "color": 4294967295,
        "name": "Generic Point 64",
        "x": 3891.551025,
        "y": 441.232544,
        "z": 4493.622559
    },
    {
        "color": 4294967295,
        "name": "Generic Point 65",
        "x": 3924.966064,
        "y": 425.483246,
        "z": 4162.308594
    },
    {
        "color": 4294967295,
        "name": "Generic Point 66",
        "x": 3866.9104,
        "y": 425.592896,
        "z": 4150.64502
    },
    {
        "color": 4294967295,
        "name": "Generic Point 67",
        "x": 3796.42334,
        "y": 429.540039,
        "z": 4106.15918
    },
    {
        "color": 4294967295,
        "name": "Generic Point 68",
        "x": 3583.065186,
        "y": 398.915955,
        "z": 4105.946289
    },
    {
        "color": 4294967295,
        "name": "Generic Point 69",
        "x": 3574.736084,
        "y": 390.897919,
        "z": 4137.519531
    },
    {
        "color": 4294967295,
        "name": "Generic Point 7",
        "x": 1948.9114990234375,
        "y": 432.4097900390625,
        "z": 4866.67578125
    },
    {
        "color": 4294967295,
        "name": "Generic Point 70",
        "x": 3558.479248,
        "y": 383.502319,
        "z": 4103.918945
    },
    {
        "color": 4294967295,
        "name": "Generic Point 71",
        "x": 3537.705078,
        "y": 395.970947,
        "z": 4077.602539
    },
    {
        "color": 4294967295,
        "name": "Generic Point 72",
        "x": 3523.979492,
        "y": 385.609497,
        "z": 4072.337402
    },
    {
        "color": 4294967295,
        "name": "Generic Point 73",
        "x": 3483.553223,
        "y": 406.390594,
        "z": 4070.805908
    },
    {
        "color": 4294967295,
        "name": "Generic Point 74",
        "x": 3453.286621,
        "y": 397.446167,
        "z": 4129.82959
    },
    {
        "color": 4294967295,
        "name": "Generic Point 75",
        "x": 3409.150879,
        "y": 406.006592,
        "z": 4104.817383
    },
    {
        "color": 4294967295,
        "name": "Generic Point 76",
        "x": 3381.328125,
        "y": 393.096558,
        "z": 4066.579102
    },
    {
        "color": 4294967295,
        "name": "Generic Point 77",
        "x": 3398.167969,
        "y": 378.500336,
        "z": 4064.540039
    },
    {
        "color": 4294967295,
        "name": "Generic Point 78",
        "x": 3363.59082,
        "y": 433.124176,
        "z": 3987.592285
    },
    {
        "color": 4294967295,
        "name": "Generic Point 79",
        "x": 3479.49707,
        "y": 414.89859,
        "z": 4002.037354
    },
    {
        "color": 4294967295,
        "name": "Generic Point 8",
        "x": 1936.29931640625,
        "y": 436.35626220703125,
        "z": 4750.47607421875
    },
    {
        "color": 4294967295,
        "name": "Generic Point 80",
        "x": 3422.030273,
        "y": 401.516083,
        "z": 3980.296387
    },
    {
        "color": 4294967295,
        "name": "Generic Point 81",
        "x": 3409.646729,
        "y": 400.647034,
        "z": 3991.118164
    },
    {
        "color": 4294967295,
        "name": "Generic Point 82",
        "x": 3195.400879,
        "y": 425.997162,
        "z": 3963.374512
    },
    {
        "color": 4294967295,
        "name": "Generic Point 83",
        "x": 2494.99707,
        "y": 423.39444,
        "z": 4497.783203
    },
    {
        "color": 4294967295,
        "name": "Generic Point 84",
        "x": 2446.838379,
        "y": 427.292908,
        "z": 4471.765137
    },
    {
        "color": 4294967295,
        "name": "Generic Point 85",
        "x": 2303.22168,
        "y": 426.645233,
        "z": 4446.447266
    },
    {
        "color": 4294967295,
        "name": "Generic Point 86",
        "x": 2273.812012,
        "y": 428.177307,
        "z": 4462.128418
    },
    {
        "color": 4294967295,
        "name": "Generic Point 87",
        "x": 2200.213379,
        "y": 428.294189,
        "z": 4435.878906
    },
    {
        "color": 4294967295,
        "name": "Generic Point 88",
        "x": 3138.049072,
        "y": 234.902985,
        "z": 4264.422852
    },
    {
        "color": 4294967295,
        "name": "Generic Point 89",
        "x": 2623.068359,
        "y": 441.868805,
        "z": 5317.861816
    },
    {
        "color": 4294967295,
        "name": "Generic Point 9",
        "x": 1936.410888671875,
        "y": 437.1503601074219,
        "z": 4603.5712890625
    },
    {
        "color": 4294967295,
        "name": "Generic Point 90",
        "x": 2911.714844,
        "y": 441.251007,
        "z": 5320.400391
    },
    {
        "color": 4294967295,
        "name": "Generic Point 91",
        "x": 3195.604492,
        "y": 441.30542,
        "z": 4997.631348
    },
    {
        "color": 4294967295,
        "name": "Generic Point 92",
        "x": 3104.13916,
        "y": 441.624268,
        "z": 4861.65625
    },
    {
        "color": 4294967295,
        "name": "Generic Point 93",
        "x": 3106.447266,
        "y": 431.697754,
        "z": 4770.660156
    },
    {
        "color": 4294967295,
        "name": "Generic Point 94",
        "x": 3060.24707,
        "y": 423.634369,
        "z": 4729.350586
    },
    {
        "color": 4294967295,
        "name": "Generic Point 95",
        "x": 3104.279541,
        "y": 419.701965,
        "z": 4691.04541
    },
    {
        "color": 4294967295,
        "name": "Generic Point 96",
        "x": 3057.013184,
        "y": 384.529663,
        "z": 4594.806152
    }
]