[
    {
        "color": 4294967295,
        "name": "Generic Point 0",
        "x": -2745.366455078125,
        "y": 120.70686340332031,
        "z": 8628.3134765625
    },
    {
        "color": 4294967295,
        "name": "Generic Point 1",
        "x": -2838.679931640625,
        "y": 16.622034072875977,
        "z": 8626.271484375
    },
    {
        "color": 4294967295,
        "name": "Generic Point 10",
        "x": -2742.04345703125,
        "y": 429.473876953125,
        "z": 8408.40625
    },
    {
        "color": 4294967295,
        "name": "Generic Point 11",
        "x": -2801.030029296875,
        "y": 120.24116516113281,
        "z": 8619.0498046875
    },
    {
        "color": 4294967295,
        "name": "Generic Point 12",
        "x": -2698.66064453125,
        "y": 412.2110900878906,
        "z": 8544.4306640625
    },
    {
        "color": 4294967295,
        "name": "Generic Point 13",
        "x": -2798.35498046875,
        "y": 77.42124938964844,
        "z": 8533.1953125
    },
    {
        "color": 4294967295,
        "name": "Generic Point 14",
        "x": -2702.8876953125,
        "y": 41.72604751586914,
        "z": 8605.3662109375
    },
    {
        "color": 4294967295,
        "name": "Generic Point 15",
        "x": -2721.894775390625,
        "y": 47.7589225769043,
        "z": 8574.2841796875
    },
    {
        "color": 4294967295,
        "name": "Generic Point 16",
        "x": -2699.341796875,
        "y": 42.54961395263672,
        "z": 8605.5615234375
    },
    {
        "color": 4294967295,
        "name": "Generic Point 17",
        "x": -2735.651611328125,
        "y": 43.45344161987305,
        "z": 8666.388671875
    },
    {
        "color": 4294967295,
        "name": "Generic Point 18",
        "x": -2770.3681640625,
        "y": 29.00737762451172,
        "z": 8653.642578125
    },
    {
        "color": 4294967295,
        "name": "Generic Point 19",
        "x": -2815.125732421875,
        "y": 15.032301902770996,
        "z": 8641.337890625
    },
    {
        "color": 4294967295,
        "name": "Generic Point 2",
        "x": -2827.45556640625,
        "y": 24.008678436279297,
        "z": 8580.39453125
    },
    {
        "color": 4294967295,
        "name": "Generic Point 3",
        "x": -2777.42041015625,
        "y": 32.20491027832031,
        "z": 8675.5771484375
    },
    {
        "color": 4294967295,
        "name": "Generic Point 4",
        "x": -2787.751708984375,
        "y": 32.20589828491211,
        "z": 8672.1376953125
    },
    {
        "color": 4294967295,
        "name": "Generic Point 5",
        "x": -2681.439208984375,
        "y": 218.78924560546875,
        "z": 8557.5947265625
    },
    {
        "color": 4294967295,
        "name": "Generic Point 6",
        "x": -3003.3095703125,
        "y": 390.97381591796875,
        "z": 8423.46875
    },
    {
        "color": 4294967295,
        "name": "Generic Point 7",
        "x": -2984.82080078125,
        "y": 391.3002624511719,
        "z": 8427.2861328125
    },
    {
        "color": 4294967295,
        "name": "Generic Point 8",
        "x": -2824.56787109375,
        "y": 421.06951904296875,
        "z": 8345.947265625
    },
    {
        "color": 4294967295,
        "name": "Generic Point 9",
        "x": -2783.794677734375,
        "y": 428.23162841796875,
        "z": 8364.26953125
    }
]