[
    {
        "color": 4294967295,
        "name": "Generic Point 0",
        "x": -6126.09375,
        "y": 202.49481201171875,
        "z": -3313.92529296875
    },
    {
        "color": 4294967295,
        "name": "Generic Point 1",
        "x": -5861.931640625,
        "y": 201.25814819335938,
        "z": -2728.869140625
    },
    {
        "color": 4294967295,
        "name": "Generic Point 10",
        "x": -6006.96044921875,
        "y": 204.3922576904297,
        "z": -2625.215576171875
    },
    {
        "color": 4294967295,
        "name": "Generic Point 2",
        "x": -6335.32763671875,
        "y": 400.47784423828125,
        "z": -2675.246826171875
    },
    {
        "color": 4294967295,
        "name": "Generic Point 3",
        "x": -6342.4130859375,
        "y": 245.05299377441406,
        "z": -2820.6298828125
    },
    {
        "color": 4294967295,
        "name": "Generic Point 4",
        "x": -6231.0771484375,
        "y": 217.5261688232422,
        "z": -2837.941650390625
    },
    {
        "color": 4294967295,
        "name": "Generic Point 5",
        "x": -6411.98486328125,
        "y": 251.1008758544922,
        "z": -2509.59619140625
    },
    {
        "color": 4294967295,
        "name": "Generic Point 6",
        "x": -6385.1337890625,
        "y": 275.1024169921875,
        "z": -2683.740234375
    },
    {
        "color": 4294967295,
        "name": "Generic Point 7",
        "x": -6303.72021484375,
        "y": 253.95619201660156,
        "z": -2560.6396484375
    },
    {
        "color": 4294967295,
        "name": "Generic Point 8",
        "x": -6348.228515625,
        "y": 263.6480407714844,
        "z": -2463.517333984375
    },
    {
        "color": 4294967295,
        "name": "Generic Point 9",
        "x": -6115.2421875,
        "y": 221.99549865722656,
        "z": -2465.013916015625
    }
]