[
    {
        "color": 4294967295,
        "name": "Generic Point 0",
        "x": -3752.483154296875,
        "y": 202.6184539794922,
        "z": -3451.107421875
    },
    {
        "color": 4294967295,
        "name": "Generic Point 1",
        "x": -3476.45751953125,
        "y": 203.01866149902344,
        "z": -3436.599609375
    },
    {
        "color": 4294967295,
        "name": "Generic Point 2",
        "x": -3545.4970703125,
        "y": 215.4280242919922,
        "z": -3191.969482421875
    },
    {
        "color": 4294967295,
        "name": "Generic Point 3",
        "x": -3409.126953125,
        "y": 201.39805603027344,
        "z": -3055.3330078125
    },
    {
        "color": 4294967295,
        "name": "Generic Point 4",
        "x": -3843.9873046875,
        "y": 248.1995849609375,
        "z": -3196.345947265625
    },
    {
        "color": 4294967295,
        "name": "Generic Point 5",
        "x": -3625.792724609375,
        "y": 209.31076049804688,
        "z": -3190.3193359375
    },
    {
        "color": 4294967295,
        "name": "Generic Point 6",
        "x": -3167.51171875,
        "y": 203.4909210205078,
        "z": -3221.098876953125
    }
]