[
    {
        "color": 4294967295,
        "name": "Generic Point 0",
        "x": -1763.662109375,
        "y": 5.994068145751953,
        "z": 5539.62548828125
    },
    {
        "color": 4294967295,
        "name": "Generic Point 1",
        "x": -815.0606689453125,
        "y": -237.1800994873047,
        "z": 5862.640625
    },
    {
        "color": 4294967295,
        "name": "Generic Point 10",
        "x": -342.99468994140625,
        "y": -184.76498413085938,
        "z": 5445.7890625
    },
    {
        "color": 4294967295,
        "name": "Generic Point 11",
        "x": -1482.2498779296875,
        "y": 100.70809936523438,
        "z": 5031.70654296875
    },
    {
        "color": 4294967295,
        "name": "Generic Point 12",
        "x": -261.15533447265625,
        "y": 151.8129119873047,
        "z": 5267.31640625
    },
    {
        "color": 4294967295,
        "name": "Generic Point 13",
        "x": -403.3693542480469,
        "y": 293.3830261230469,
        "z": 5334.216796875
    },
    {
        "color": 4294967295,
        "name": "Generic Point 14",
        "x": -507.1511535644531,
        "y": 247.37811279296875,
        "z": 5405.7158203125
    },
    {
        "color": 4294967295,
        "name": "Generic Point 15",
        "x": -1713.6051025390625,
        "y": -1.0607744455337524,
        "z": 5826.86572265625
    },
    {
        "color": 4294967295,
        "name": "Generic Point 16",
        "x": -580.86474609375,
        "y": 202.0823516845703,
        "z": 5425.6357421875
    },
    {
        "color": 4294967295,
        "name": "Generic Point 17",
        "x": -193.4430694580078,
        "y": 86.28094482421875,
        "z": 5140.69287109375
    },
    {
        "color": 4294967295,
        "name": "Generic Point 18",
        "x": -249.3013916015625,
        "y": 236.47000122070312,
        "z": 5116.28466796875
    },
    {
        "color": 4294967295,
        "name": "Generic Point 19",
        "x": -188.61399841308594,
        "y": 139.49093627929688,
        "z": 5037.7958984375
    },
    {
        "color": 4294967295,
        "name": "Generic Point 2",
        "x": -834.443359375,
        "y": -22.18606948852539,
        "z": 5785.15576171875
    },
    {
        "color": 4294967295,
        "name": "Generic Point 20",
        "x": -399.7899169921875,
        "y": 254.66290283203125,
        "z": 5162.818359375
    },
    {
        "color": 4294967295,
        "name": "Generic Point 21",
        "x": -150.6462860107422,
        "y": 40.717899322509766,
        "z": 4777.84912109375
    },
    {
        "color": 4294967295,
        "name": "Generic Point 22",
        "x": -1201.5875244140625,
        "y": 105.6439208984375,
        "z": 5145.60888671875
    },
    {
        "color": 4294967295,
        "name": "Generic Point 23",
        "x": -253.9628143310547,
        "y": 4.392908573150635,
        "z": 4653.0439453125
    },
    {
        "color": 4294967295,
        "name": "Generic Point 24",
        "x": -234.57371520996094,
        "y": 134.44993591308594,
        "z": 4531.2119140625
    },
    {
        "color": 4294967295,
        "name": "Generic Point 25",
        "x": -108.19679260253906,
        "y": 260.076904296875,
        "z": 4334.578125
    },
    {
        "color": 4294967295,
        "name": "Generic Point 26",
        "x": -373.6708984375,
        "y": 229.63897705078125,
        "z": 4288.0322265625
    },
    {
        "color": 4294967295,
        "name": "Generic Point 27",
        "x": -1494.7755126953125,
        "y": 8.691926956176758,
        "z": 5483.427734375
    },
    {
        "color": 4294967295,
        "name": "Generic Point 28",
        "x": -457.5201416015625,
        "y": 71.02422332763672,
        "z": 4473.28515625
    },
    {
        "color": 4294967295,
        "name": "Generic Point 29",
        "x": -489.00189208984375,
        "y": 130.4754638671875,
        "z": 4600.9130859375
    },
    {
        "color": 4294967295,
        "name": "Generic Point 3",
        "x": -1852.0999755859375,
        "y": 19.229921340942383,
        "z": 5714.23486328125
    },
    {
        "color": 4294967295,
        "name": "Generic Point 30",
        "x": -543.7138061523438,
        "y": 228.11094665527344,
        "z": 4844.93115234375
    },
    {
        "color": 4294967295,
        "name": "Generic Point 31",
        "x": -733.4540405273438,
        "y": -66.09308624267578,
        "z": 4428.552734375
    },
    {
        "color": 4294967295,
        "name": "Generic Point 32",
        "x": -800.4970703125,
        "y": 6.622211456298828,
        "z": 4469.98388671875
    },
    {
        "color": 4294967295,
        "name": "Generic Point 33",
        "x": -1207.8916015625,
        "y": 52.3689079284668,
        "z": 5276.0107421875
    },
    {
        "color": 4294967295,
        "name": "Generic Point 34",
        "x": -1014.0514526367188,
        "y": 37.198158264160156,
        "z": 4561.57763671875
    },
    {
        "color": 4294967295,
        "name": "Generic Point 35",
        "x": -1062.04052734375,
        "y": 169.1090545654297,
        "z": 4927.50537109375
    },
    {
        "color": 4294967295,
        "name": "Generic Point 36",
        "x": -994.64794921875,
        "y": 28.380050659179688,
        "z": 4907.36279296875
    },
    {
        "color": 4294967295,
        "name": "Generic Point 37",
        "x": -830.9066772460938,
        "y": 194.01394653320312,
        "z": 4919.0439453125
    },
    {
        "color": 4294967295,
        "name": "Generic Point 38",
        "x": -813.3994750976562,
        "y": 243.1200408935547,
        "z": 4975.482421875
    },
    {
        "color": 4294967295,
        "name": "Generic Point 39",
        "x": -1414.2427978515625,
        "y": -19.874990463256836,
        "z": 5441.345703125
    },
    {
        "color": 4294967295,
        "name": "Generic Point 4",
        "x": -624.68359375,
        "y": 61.5851936340332,
        "z": 5740.755859375
    },
    {
        "color": 4294967295,
        "name": "Generic Point 40",
        "x": -766.1715087890625,
        "y": -44.9549560546875,
        "z": 4899.96435546875
    },
    {
        "color": 4294967295,
        "name": "Generic Point 41",
        "x": -598.94384765625,
        "y": 264.1178894042969,
        "z": 5192.69091796875
    },
    {
        "color": 4294967295,
        "name": "Generic Point 42",
        "x": -690.62451171875,
        "y": -845.4805297851562,
        "z": 5240.11767578125
    },
    {
        "color": 4294967295,
        "name": "Generic Point 43",
        "x": -889.076171875,
        "y": -849.6068115234375,
        "z": 5197.84033203125
    },
    {
        "color": 4294967295,
        "name": "Generic Point 44",
        "x": -1176.02978515625,
        "y": -1.7690527439117432,
        "z": 5388.578125
    },
    {
        "color": 4294967295,
        "name": "Generic Point 45",
        "x": -855.713623046875,
        "y": -849.60693359375,
        "z": 5348.3994140625
    },
    {
        "color": 4294967295,
        "name": "Generic Point 46",
        "x": -1034.323486328125,
        "y": 154.3490447998047,
        "z": 5071.6318359375
    },
    {
        "color": 4294967295,
        "name": "Generic Point 47",
        "x": -1404.687744140625,
        "y": 2.526005744934082,
        "z": 5370.77587890625
    },
    {
        "color": 4294967295,
        "name": "Generic Point 48",
        "x": -1396.5859375,
        "y": -11.756919860839844,
        "z": 5603.79052734375
    },
    {
        "color": 4294967295,
        "name": "Generic Point 49",
        "x": -1275.5716552734375,
        "y": 3.9721405506134033,
        "z": 5715.14208984375
    },
    {
        "color": 4294967295,
        "name": "Generic Point 5",
        "x": -508.57354736328125,
        "y": 83.91400146484375,
        "z": 5663.53759765625
    },
    {
        "color": 4294967295,
        "name": "Generic Point 50",
        "x": -1226.3038330078125,
        "y": 51.334800720214844,
        "z": 5808.37060546875
    },
    {
        "color": 4294967295,
        "name": "Generic Point 51",
        "x": -1107.724609375,
        "y": -1.571091890335083,
        "z": 5407.85302734375
    },
    {
        "color": 4294967295,
        "name": "Generic Point 52",
        "x": -1215.0953369140625,
        "y": -15.636085510253906,
        "z": 5474.44775390625
    },
    {
        "color": 4294967295,
        "name": "Generic Point 53",
        "x": -999.6400756835938,
        "y": 99.87890625,
        "z": 5655.455078125
    },
    {
        "color": 4294967295,
        "name": "Generic Point 54",
        "x": -922.4898681640625,
        "y": -244.0130615234375,
        "z": 5996.1064453125
    },
    {
        "color": 4294967295,
        "name": "Generic Point 6",
        "x": -406.4268493652344,
        "y": 134.69821166992188,
        "z": 5811.0947265625
    },
    {
        "color": 4294967295,
        "name": "Generic Point 7",
        "x": -214.64865112304688,
        "y": 153.69497680664062,
        "z": 5533.2236328125
    },
    {
        "color": 4294967295,
        "name": "Generic Point 8",
        "x": -431.820556640625,
        "y": 167.14407348632812,
        "z": 5563.32373046875
    },
    {
        "color": 4294967295,
        "name": "Generic Point 9",
        "x": -422.0492858886719,
        "y": -15.439088821411133,
        "z": 5562.57666015625
    }
]