[
    {
        "color": 4294967295,
        "name": "Generic Point 0",
        "x": -1888.9833984375,
        "y": 136.3086395263672,
        "z": 5306.8671875
    },
    {
        "color": 4294967295,
        "name": "Generic Point 1",
        "x": -1903.6602783203125,
        "y": 124.03168487548828,
        "z": 5376.89111328125
    },
    {
        "color": 4294967295,
        "name": "Generic Point 10",
        "x": -2645.376220703125,
        "y": 37.661231994628906,
        "z": 5285.6796875
    },
    {
        "color": 4294967295,
        "name": "Generic Point 11",
        "x": -2343.5478515625,
        "y": 46.934837341308594,
        "z": 5356.9482421875
    },
    {
        "color": 4294967295,
        "name": "Generic Point 12",
        "x": -2369.547119140625,
        "y": -1.877882957458496,
        "z": 5402.63720703125
    },
    {
        "color": 4294967295,
        "name": "Generic Point 13",
        "x": -2369.547119140625,
        "y": -1.877882957458496,
        "z": 5402.63720703125
    },
    {
        "color": 4294967295,
        "name": "Generic Point 14",
        "x": -2440.75439453125,
        "y": 59.46946716308594,
        "z": 5378.0810546875
    },
    {
        "color": 4294967295,
        "name": "Generic Point 15",
        "x": -2100.641357421875,
        "y": 22.303098678588867,
        "z": 4504.53759765625
    },
    {
        "color": 4294967295,
        "name": "Generic Point 16",
        "x": -2321.328125,
        "y": -35.297508239746094,
        "z": 5376.5390625
    },
    {
        "color": 4294967295,
        "name": "Generic Point 17",
        "x": -2713.87890625,
        "y": -0.27843600511550903,
        "z": 5763.29296875
    },
    {
        "color": 4294967295,
        "name": "Generic Point 18",
        "x": -2622.711181640625,
        "y": 11.699719429016113,
        "z": 5662.57373046875
    },
    {
        "color": 4294967295,
        "name": "Generic Point 19",
        "x": -2504.2626953125,
        "y": -13.721646308898926,
        "z": 5552.45361328125
    },
    {
        "color": 4294967295,
        "name": "Generic Point 2",
        "x": -2379.341064453125,
        "y": 122.85185241699219,
        "z": 4952.0263671875
    },
    {
        "color": 4294967295,
        "name": "Generic Point 20",
        "x": -2724.276611328125,
        "y": 200.59022521972656,
        "z": 5630.2197265625
    },
    {
        "color": 4294967295,
        "name": "Generic Point 21",
        "x": -2385.89501953125,
        "y": 192.56594848632812,
        "z": 5778.4345703125
    },
    {
        "color": 4294967295,
        "name": "Generic Point 22",
        "x": -2321.54345703125,
        "y": 192.65185546875,
        "z": 5751.330078125
    },
    {
        "color": 4294967295,
        "name": "Generic Point 23",
        "x": -2395.405517578125,
        "y": 192.5696563720703,
        "z": 5769.68603515625
    },
    {
        "color": 4294967295,
        "name": "Generic Point 24",
        "x": -2845.3955078125,
        "y": 178.99008178710938,
        "z": 5802.88818359375
    },
    {
        "color": 4294967295,
        "name": "Generic Point 25",
        "x": -2835.821533203125,
        "y": 156.2719268798828,
        "z": 5939.81982421875
    },
    {
        "color": 4294967295,
        "name": "Generic Point 26",
        "x": -2815.66552734375,
        "y": 179.87799072265625,
        "z": 5994.8515625
    },
    {
        "color": 4294967295,
        "name": "Generic Point 27",
        "x": -2817.31982421875,
        "y": 204.45884704589844,
        "z": 5954.26123046875
    },
    {
        "color": 4294967295,
        "name": "Generic Point 28",
        "x": -2794.328857421875,
        "y": 191.7575225830078,
        "z": 5923.57177734375
    },
    {
        "color": 4294967295,
        "name": "Generic Point 29",
        "x": -2642.682861328125,
        "y": 218.1652374267578,
        "z": 5945.36865234375
    },
    {
        "color": 4294967295,
        "name": "Generic Point 3",
        "x": -2362.52783203125,
        "y": 151.2731475830078,
        "z": 5037.40478515625
    },
    {
        "color": 4294967295,
        "name": "Generic Point 30",
        "x": -2775.253662109375,
        "y": 162.03121948242188,
        "z": 5185.26611328125
    },
    {
        "color": 4294967295,
        "name": "Generic Point 31",
        "x": -2712.731201171875,
        "y": 153.4888153076172,
        "z": 5078.455078125
    },
    {
        "color": 4294967295,
        "name": "Generic Point 32",
        "x": -2778.979248046875,
        "y": 166.3839111328125,
        "z": 5043.3583984375
    },
    {
        "color": 4294967295,
        "name": "Generic Point 33",
        "x": -2963.212890625,
        "y": 171.87355041503906,
        "z": 5396.20166015625
    },
    {
        "color": 4294967295,
        "name": "Generic Point 34",
        "x": -2972.28662109375,
        "y": 159.87278747558594,
        "z": 5405.04638671875
    },
    {
        "color": 4294967295,
        "name": "Generic Point 35",
        "x": -3003.98291015625,
        "y": 154.4856414794922,
        "z": 5403.63134765625
    },
    {
        "color": 4294967295,
        "name": "Generic Point 36",
        "x": -2986.2216796875,
        "y": 183.8671112060547,
        "z": 5435.87353515625
    },
    {
        "color": 4294967295,
        "name": "Generic Point 37",
        "x": -2993.36572265625,
        "y": 231.6051025390625,
        "z": 5566.82958984375
    },
    {
        "color": 4294967295,
        "name": "Generic Point 38",
        "x": -2217.66943359375,
        "y": -8.706242561340332,
        "z": 5569.18603515625
    },
    {
        "color": 4294967295,
        "name": "Generic Point 39",
        "x": -2201.61962890625,
        "y": 3.34564471244812,
        "z": 5598.5888671875
    },
    {
        "color": 4294967295,
        "name": "Generic Point 4",
        "x": -2442.395751953125,
        "y": 138.41856384277344,
        "z": 5216.42041015625
    },
    {
        "color": 4294967295,
        "name": "Generic Point 40",
        "x": -2226.28564453125,
        "y": 4.602378845214844,
        "z": 5548.0439453125
    },
    {
        "color": 4294967295,
        "name": "Generic Point 41",
        "x": -2255.486083984375,
        "y": 3.3172121047973633,
        "z": 5581.79296875
    },
    {
        "color": 4294967295,
        "name": "Generic Point 42",
        "x": -2292.0673828125,
        "y": 50.99905014038086,
        "z": 5568.5087890625
    },
    {
        "color": 4294967295,
        "name": "Generic Point 43",
        "x": -2339.426025390625,
        "y": 192.57647705078125,
        "z": 5614.6201171875
    },
    {
        "color": 4294967295,
        "name": "Generic Point 44",
        "x": -2286.818359375,
        "y": 192.42527770996094,
        "z": 5582.45947265625
    },
    {
        "color": 4294967295,
        "name": "Generic Point 45",
        "x": -2326.7890625,
        "y": 10.681137084960938,
        "z": 5567.20263671875
    },
    {
        "color": 4294967295,
        "name": "Generic Point 46",
        "x": -2352.0947265625,
        "y": 10.684078216552734,
        "z": 5595.548828125
    },
    {
        "color": 4294967295,
        "name": "Generic Point 47",
        "x": -2443.1787109375,
        "y": -46.216400146484375,
        "z": 5718.548828125
    },
    {
        "color": 4294967295,
        "name": "Generic Point 48",
        "x": -2270.2578125,
        "y": 16.02657699584961,
        "z": 5740.17626953125
    },
    {
        "color": 4294967295,
        "name": "Generic Point 49",
        "x": -2306.2314453125,
        "y": -87.85646057128906,
        "z": 5984.9892578125
    },
    {
        "color": 4294967295,
        "name": "Generic Point 5",
        "x": -2365.20703125,
        "y": 159.4185791015625,
        "z": 5164.46435546875
    },
    {
        "color": 4294967295,
        "name": "Generic Point 50",
        "x": -2203.51416015625,
        "y": -85.53353118896484,
        "z": 5994.44091796875
    },
    {
        "color": 4294967295,
        "name": "Generic Point 51",
        "x": -2306.481201171875,
        "y": -74.07560729980469,
        "z": 5839.77001953125
    },
    {
        "color": 4294967295,
        "name": "Generic Point 52",
        "x": -2102.8056640625,
        "y": -55.35359573364258,
        "z": 5738.939453125
    },
    {
        "color": 4294967295,
        "name": "Generic Point 53",
        "x": -2262.5576171875,
        "y": -36.27606201171875,
        "z": 5898.13232421875
    },
    {
        "color": 4294967295,
        "name": "Generic Point 54",
        "x": -2032.8822021484375,
        "y": 92.5531005859375,
        "z": 5977.03955078125
    },
    {
        "color": 4294967295,
        "name": "Generic Point 55",
        "x": -1980.461669921875,
        "y": 102.6314926147461,
        "z": 5964.75439453125
    },
    {
        "color": 4294967295,
        "name": "Generic Point 56",
        "x": -1952.1075439453125,
        "y": 150.33570861816406,
        "z": 5941.65087890625
    },
    {
        "color": 4294967295,
        "name": "Generic Point 57",
        "x": -1819.451904296875,
        "y": 155.17306518554688,
        "z": 5685.76513671875
    },
    {
        "color": 4294967295,
        "name": "Generic Point 58",
        "x": -1872.0306396484375,
        "y": 147.21153259277344,
        "z": 5581.6171875
    },
    {
        "color": 4294967295,
        "name": "Generic Point 59",
        "x": -2041.346435546875,
        "y": 162.2801055908203,
        "z": 5550.82568359375
    },
    {
        "color": 4294967295,
        "name": "Generic Point 6",
        "x": -2349.895751953125,
        "y": 116.88646697998047,
        "z": 5050.529296875
    },
    {
        "color": 4294967295,
        "name": "Generic Point 60",
        "x": -2572.865478515625,
        "y": 136.9756622314453,
        "z": 4997.08544921875
    },
    {
        "color": 4294967295,
        "name": "Generic Point 61",
        "x": -2981.73291015625,
        "y": 303.8952941894531,
        "z": 4944.95703125
    },
    {
        "color": 4294967295,
        "name": "Generic Point 62",
        "x": -2282.9453125,
        "y": 358.7683410644531,
        "z": 4314.92431640625
    },
    {
        "color": 4294967295,
        "name": "Generic Point 63",
        "x": -3019.359375,
        "y": 116.73812866210938,
        "z": 4467.38427734375
    },
    {
        "color": 4294967295,
        "name": "Generic Point 64",
        "x": -3030.732177734375,
        "y": 107.38420867919922,
        "z": 4251.27880859375
    },
    {
        "color": 4294967295,
        "name": "Generic Point 65",
        "x": -3006.08251953125,
        "y": 277.94415283203125,
        "z": 4880.83837890625
    },
    {
        "color": 4294967295,
        "name": "Generic Point 66",
        "x": -2204.18115234375,
        "y": 72.02481079101562,
        "z": 4288.7802734375
    },
    {
        "color": 4294967295,
        "name": "Generic Point 67",
        "x": -2376.8505859375,
        "y": 45.58165740966797,
        "z": 4240.6650390625
    },
    {
        "color": 4294967295,
        "name": "Generic Point 68",
        "x": -1982.5435791015625,
        "y": 283.7767028808594,
        "z": 3991.283203125
    },
    {
        "color": 4294967295,
        "name": "Generic Point 69",
        "x": -2336.932373046875,
        "y": 86.20059204101562,
        "z": 4399.9609375
    },
    {
        "color": 4294967295,
        "name": "Generic Point 7",
        "x": -2188.767578125,
        "y": 11.29666805267334,
        "z": 5404.2099609375
    },
    {
        "color": 4294967295,
        "name": "Generic Point 70",
        "x": -2431.399169921875,
        "y": 53.00609588623047,
        "z": 4392.78369140625
    },
    {
        "color": 4294967295,
        "name": "Generic Point 71",
        "x": -2401.37646484375,
        "y": 76.01753234863281,
        "z": 4295.1630859375
    },
    {
        "color": 4294967295,
        "name": "Generic Point 72",
        "x": -2329.70556640625,
        "y": 74.90452575683594,
        "z": 4334.23828125
    },
    {
        "color": 4294967295,
        "name": "Generic Point 73",
        "x": -2374.78955078125,
        "y": 43.67321014404297,
        "z": 4310.95654296875
    },
    {
        "color": 4294967295,
        "name": "Generic Point 74",
        "x": -2390.673095703125,
        "y": 242.6143035888672,
        "z": 4463.5751953125
    },
    {
        "color": 4294967295,
        "name": "Generic Point 75",
        "x": -2353.956298828125,
        "y": 201.56640625,
        "z": 4524.2978515625
    },
    {
        "color": 4294967295,
        "name": "Generic Point 76",
        "x": -2358.149658203125,
        "y": 186.29837036132812,
        "z": 4539.42626953125
    },
    {
        "color": 4294967295,
        "name": "Generic Point 77",
        "x": -1772.4122314453125,
        "y": 260.0149841308594,
        "z": 4491.96533203125
    },
    {
        "color": 4294967295,
        "name": "Generic Point 78",
        "x": -1761.7279052734375,
        "y": 214.81674194335938,
        "z": 4625.80419921875
    },
    {
        "color": 4294967295,
        "name": "Generic Point 79",
        "x": -1978.1015625,
        "y": 189.44911193847656,
        "z": 4591.5439453125
    },
    {
        "color": 4294967295,
        "name": "Generic Point 8",
        "x": -2426.85546875,
        "y": 119.99201202392578,
        "z": 5270.27294921875
    },
    {
        "color": 4294967295,
        "name": "Generic Point 80",
        "x": -1561.3541259765625,
        "y": -35.095924377441406,
        "z": 4554.33154296875
    },
    {
        "color": 4294967295,
        "name": "Generic Point 81",
        "x": -2205.59912109375,
        "y": -85.52228546142578,
        "z": 5999.0205078125
    },
    {
        "color": 4294967295,
        "name": "Generic Point 82",
        "x": -2379.28759765625,
        "y": 36.643009185791016,
        "z": 5304.68798828125
    },
    {
        "color": 4294967295,
        "name": "Generic Point 83",
        "x": -2370.89501953125,
        "y": 132.6774444580078,
        "z": 5594.2080078125
    },
    {
        "color": 4294967295,
        "name": "Generic Point 84",
        "x": -2985.2880859375,
        "y": 160.7592010498047,
        "z": 5437.25732421875
    },
    {
        "color": 4294967295,
        "name": "Generic Point 85",
        "x": -2947.462158203125,
        "y": 209.06207275390625,
        "z": 5203.88330078125
    },
    {
        "color": 4294967295,
        "name": "Generic Point 86",
        "x": -2599.5,
        "y": 156.64068603515625,
        "z": 5255.376953125
    },
    {
        "color": 4294967295,
        "name": "Generic Point 87",
        "x": -1917.447265625,
        "y": 153.35813903808594,
        "z": 5655.81982421875
    },
    {
        "color": 4294967295,
        "name": "Generic Point 88",
        "x": -1886.7569580078125,
        "y": 136.6554718017578,
        "z": 5209.98486328125
    },
    {
        "color": 4294967295,
        "name": "Generic Point 89",
        "x": -2205.784423828125,
        "y": 61.7557487487793,
        "z": 4264.89306640625
    },
    {
        "color": 4294967295,
        "name": "Generic Point 9",
        "x": -2436.64501953125,
        "y": 62.83658981323242,
        "z": 5295.52099609375
    },
    {
        "color": 4294967295,
        "name": "Generic Point 90",
        "x": -1660.945068359375,
        "y": 100.10444641113281,
        "z": 4511.9384765625
    },
    {
        "color": 4294967295,
        "name": "Generic Point 91",
        "x": -1833.6224365234375,
        "y": 214.14588928222656,
        "z": 4632.57275390625
    }
]