[
    {
        "color": 4294967295,
        "name": "Generic Point 0",
        "x": -1514.927490234375,
        "y": 81.07815551757812,
        "z": 5016.8056640625
    },
    {
        "color": 4294967295,
        "name": "Generic Point 1",
        "x": -699.9282836914062,
        "y": 57.720428466796875,
        "z": 4483.5185546875
    },
    {
        "color": 4294967295,
        "name": "Generic Point 10",
        "x": -1027.700927734375,
        "y": 149.41416931152344,
        "z": 4992.54443359375
    },
    {
        "color": 4294967295,
        "name": "Generic Point 100",
        "x": -100.57843017578125,
        "y": 36.432918548583984,
        "z": 4901.02783203125
    },
    {
        "color": 4294967295,
        "name": "Generic Point 101",
        "x": -930.7868041992188,
        "y": -49.14610290527344,
        "z": 4975.162109375
    },
    {
        "color": 4294967295,
        "name": "Generic Point 102",
        "x": -902.8417358398438,
        "y": -196.9295196533203,
        "z": 5029.9462890625
    },
    {
        "color": 4294967295,
        "name": "Generic Point 103",
        "x": -884.6495361328125,
        "y": -197.2247772216797,
        "z": 5039.27978515625
    },
    {
        "color": 4294967295,
        "name": "Generic Point 104",
        "x": -600.4014892578125,
        "y": 227.44503784179688,
        "z": 4994.05517578125
    },
    {
        "color": 4294967295,
        "name": "Generic Point 105",
        "x": -457.4146728515625,
        "y": -77.709228515625,
        "z": 5510.32470703125
    },
    {
        "color": 4294967295,
        "name": "Generic Point 106",
        "x": -626.5404052734375,
        "y": 261.594970703125,
        "z": 5104.30908203125
    },
    {
        "color": 4294967295,
        "name": "Generic Point 107",
        "x": -704.1148681640625,
        "y": 55.133689880371094,
        "z": 4471.52685546875
    },
    {
        "color": 4294967295,
        "name": "Generic Point 108",
        "x": -496.8092346191406,
        "y": 118.65830993652344,
        "z": 4351.10498046875
    },
    {
        "color": 4294967295,
        "name": "Generic Point 109",
        "x": -1237.95361328125,
        "y": 95.65000915527344,
        "z": 5049.27734375
    },
    {
        "color": 4294967295,
        "name": "Generic Point 11",
        "x": -1494.743408203125,
        "y": -2.9431371688842773,
        "z": 5272.44873046875
    },
    {
        "color": 4294967295,
        "name": "Generic Point 110",
        "x": -813.1402587890625,
        "y": 155.40821838378906,
        "z": 4838.65576171875
    },
    {
        "color": 4294967295,
        "name": "Generic Point 111",
        "x": -793.860595703125,
        "y": 146.29283142089844,
        "z": 4802.82763671875
    },
    {
        "color": 4294967295,
        "name": "Generic Point 112",
        "x": -1192.7845458984375,
        "y": 121.63240051269531,
        "z": 5053.296875
    },
    {
        "color": 4294967295,
        "name": "Generic Point 113",
        "x": -845.9287719726562,
        "y": 141.33712768554688,
        "z": 4801.29736328125
    },
    {
        "color": 4294967295,
        "name": "Generic Point 114",
        "x": -602.3112182617188,
        "y": 252.62437438964844,
        "z": 5171.80859375
    },
    {
        "color": 4294967295,
        "name": "Generic Point 115",
        "x": -567.5882568359375,
        "y": 252.6260986328125,
        "z": 5168.39599609375
    },
    {
        "color": 4294967295,
        "name": "Generic Point 116",
        "x": -557.96728515625,
        "y": 248.2183837890625,
        "z": 5191.07470703125
    },
    {
        "color": 4294967295,
        "name": "Generic Point 117",
        "x": -1423.66845703125,
        "y": 50.04672622680664,
        "z": 5115.03515625
    },
    {
        "color": 4294967295,
        "name": "Generic Point 118",
        "x": -1391.625244140625,
        "y": 47.6198844909668,
        "z": 5115.03173828125
    },
    {
        "color": 4294967295,
        "name": "Generic Point 119",
        "x": -1419.8603515625,
        "y": 41.43755340576172,
        "z": 5180.201171875
    },
    {
        "color": 4294967295,
        "name": "Generic Point 12",
        "x": -915.7854614257812,
        "y": 130.5344696044922,
        "z": 4818.6962890625
    },
    {
        "color": 4294967295,
        "name": "Generic Point 120",
        "x": -1612.6790771484375,
        "y": -1.5832526683807373,
        "z": 5787.5107421875
    },
    {
        "color": 4294967295,
        "name": "Generic Point 121",
        "x": -1486.9595947265625,
        "y": 28.90045928955078,
        "z": 5620.38232421875
    },
    {
        "color": 4294967295,
        "name": "Generic Point 122",
        "x": -1239.5882568359375,
        "y": 42.63703918457031,
        "z": 5616.13916015625
    },
    {
        "color": 4294967295,
        "name": "Generic Point 123",
        "x": -1413.7183837890625,
        "y": 55.16440963745117,
        "z": 5324.7197265625
    },
    {
        "color": 4294967295,
        "name": "Generic Point 124",
        "x": -367.312255859375,
        "y": 221.75741577148438,
        "z": 5171.38916015625
    },
    {
        "color": 4294967295,
        "name": "Generic Point 125",
        "x": -389.7599182128906,
        "y": 132.76071166992188,
        "z": 5495.64208984375
    },
    {
        "color": 4294967295,
        "name": "Generic Point 126",
        "x": -535.386962890625,
        "y": 227.1654815673828,
        "z": 5095.513671875
    },
    {
        "color": 4294967295,
        "name": "Generic Point 127",
        "x": -1450.8138427734375,
        "y": 53.309112548828125,
        "z": 5040.4794921875
    },
    {
        "color": 4294967295,
        "name": "Generic Point 128",
        "x": -988.4466552734375,
        "y": 130.341796875,
        "z": 5058.169921875
    },
    {
        "color": 4294967295,
        "name": "Generic Point 129",
        "x": -410.0989990234375,
        "y": 184.78607177734375,
        "z": 4837.24365234375
    },
    {
        "color": 4294967295,
        "name": "Generic Point 13",
        "x": -969.304443359375,
        "y": 67.95963287353516,
        "z": 4812.837890625
    },
    {
        "color": 4294967295,
        "name": "Generic Point 130",
        "x": -1304.919921875,
        "y": 45.92393112182617,
        "z": 5263.62744140625
    },
    {
        "color": 4294967295,
        "name": "Generic Point 131",
        "x": -74.8480224609375,
        "y": 33.77901840209961,
        "z": 5013.19970703125
    },
    {
        "color": 4294967295,
        "name": "Generic Point 132",
        "x": -613.1304931640625,
        "y": 176.4618377685547,
        "z": 4797.6298828125
    },
    {
        "color": 4294967295,
        "name": "Generic Point 133",
        "x": -913.0101928710938,
        "y": -157.18304443359375,
        "z": 4938.01513671875
    },
    {
        "color": 4294967295,
        "name": "Generic Point 134",
        "x": -295.3968811035156,
        "y": -31.00625228881836,
        "z": 4637.61865234375
    },
    {
        "color": 4294967295,
        "name": "Generic Point 14",
        "x": -1008.5753784179688,
        "y": 37.0941276550293,
        "z": 4783.08251953125
    },
    {
        "color": 4294967295,
        "name": "Generic Point 15",
        "x": -1031.7010498046875,
        "y": 66.87852478027344,
        "z": 4798.9287109375
    },
    {
        "color": 4294967295,
        "name": "Generic Point 16",
        "x": -1771.201416015625,
        "y": -13.785876274108887,
        "z": 5529.17333984375
    },
    {
        "color": 4294967295,
        "name": "Generic Point 17",
        "x": -998.1795654296875,
        "y": -220.62660217285156,
        "z": 5817.8603515625
    },
    {
        "color": 4294967295,
        "name": "Generic Point 18",
        "x": -1101.802978515625,
        "y": -63.90125274658203,
        "z": 5656.22265625
    },
    {
        "color": 4294967295,
        "name": "Generic Point 19",
        "x": -1201.6954345703125,
        "y": -62.80506896972656,
        "z": 5629.68359375
    },
    {
        "color": 4294967295,
        "name": "Generic Point 2",
        "x": -894.3112182617188,
        "y": 52.229942321777344,
        "z": 4509.275390625
    },
    {
        "color": 4294967295,
        "name": "Generic Point 20",
        "x": -465.50341796875,
        "y": -77.21575927734375,
        "z": 5509.3876953125
    },
    {
        "color": 4294967295,
        "name": "Generic Point 21",
        "x": -930.58642578125,
        "y": -50.629112243652344,
        "z": 4980.19677734375
    },
    {
        "color": 4294967295,
        "name": "Generic Point 22",
        "x": -1370.430908203125,
        "y": 29.03145980834961,
        "z": 5263.73193359375
    },
    {
        "color": 4294967295,
        "name": "Generic Point 23",
        "x": -886.8536987304688,
        "y": -197.28457641601562,
        "z": 5038.2119140625
    },
    {
        "color": 4294967295,
        "name": "Generic Point 24",
        "x": -1288.367431640625,
        "y": 63.35323715209961,
        "z": 5229.57421875
    },
    {
        "color": 4294967295,
        "name": "Generic Point 25",
        "x": -1100.47265625,
        "y": 119.58953857421875,
        "z": 4769.6044921875
    },
    {
        "color": 4294967295,
        "name": "Generic Point 26",
        "x": -774.1822509765625,
        "y": -92.90557861328125,
        "z": 4435.32958984375
    },
    {
        "color": 4294967295,
        "name": "Generic Point 27",
        "x": -1295.1307373046875,
        "y": 60.89484786987305,
        "z": 5115.73193359375
    },
    {
        "color": 4294967295,
        "name": "Generic Point 28",
        "x": -1414.757568359375,
        "y": 54.875938415527344,
        "z": 5319.9755859375
    },
    {
        "color": 4294967295,
        "name": "Generic Point 29",
        "x": -1389.633056640625,
        "y": 52.27483367919922,
        "z": 5385.41748046875
    },
    {
        "color": 4294967295,
        "name": "Generic Point 3",
        "x": -203.01992797851562,
        "y": 218.073974609375,
        "z": 4463.55615234375
    },
    {
        "color": 4294967295,
        "name": "Generic Point 30",
        "x": -1431.61376953125,
        "y": -50.714393615722656,
        "z": 5492.16015625
    },
    {
        "color": 4294967295,
        "name": "Generic Point 31",
        "x": -1353.522705078125,
        "y": -39.58842849731445,
        "z": 5698.52685546875
    },
    {
        "color": 4294967295,
        "name": "Generic Point 32",
        "x": -1180.1826171875,
        "y": 45.05782699584961,
        "z": 5788.15234375
    },
    {
        "color": 4294967295,
        "name": "Generic Point 33",
        "x": -1095.1502685546875,
        "y": 74.2518539428711,
        "z": 5606.81103515625
    },
    {
        "color": 4294967295,
        "name": "Generic Point 34",
        "x": -1232.185791015625,
        "y": -22.0197811126709,
        "z": 5798.67236328125
    },
    {
        "color": 4294967295,
        "name": "Generic Point 35",
        "x": -1482.6259765625,
        "y": 19.43175506591797,
        "z": 5607.0048828125
    },
    {
        "color": 4294967295,
        "name": "Generic Point 36",
        "x": -1454.535888671875,
        "y": 26.425033569335938,
        "z": 5739.8046875
    },
    {
        "color": 4294967295,
        "name": "Generic Point 37",
        "x": -1324.7742919921875,
        "y": 6.730395793914795,
        "z": 5762.70068359375
    },
    {
        "color": 4294967295,
        "name": "Generic Point 38",
        "x": -1346.508544921875,
        "y": 17.412817001342773,
        "z": 5350.87646484375
    },
    {
        "color": 4294967295,
        "name": "Generic Point 39",
        "x": -1550.7374267578125,
        "y": 26.846437454223633,
        "z": 5074.52001953125
    },
    {
        "color": 4294967295,
        "name": "Generic Point 4",
        "x": -505.7217712402344,
        "y": 259.2122802734375,
        "z": 5235.98193359375
    },
    {
        "color": 4294967295,
        "name": "Generic Point 40",
        "x": -1262.230712890625,
        "y": -29.738651275634766,
        "z": 5445.77099609375
    },
    {
        "color": 4294967295,
        "name": "Generic Point 41",
        "x": -259.6429138183594,
        "y": 201.247802734375,
        "z": 5151.68896484375
    },
    {
        "color": 4294967295,
        "name": "Generic Point 42",
        "x": -240.525390625,
        "y": 194.05467224121094,
        "z": 5092.13232421875
    },
    {
        "color": 4294967295,
        "name": "Generic Point 43",
        "x": -202.82565307617188,
        "y": -47.66154098510742,
        "z": 4777.625
    },
    {
        "color": 4294967295,
        "name": "Generic Point 44",
        "x": -273.19012451171875,
        "y": 198.7454071044922,
        "z": 5115.7890625
    },
    {
        "color": 4294967295,
        "name": "Generic Point 45",
        "x": -1487.3870849609375,
        "y": 63.59928894042969,
        "z": 5153.419921875
    },
    {
        "color": 4294967295,
        "name": "Generic Point 46",
        "x": -812.83349609375,
        "y": 218.30943298339844,
        "z": 4971.701171875
    },
    {
        "color": 4294967295,
        "name": "Generic Point 47",
        "x": -797.7109375,
        "y": -250.51771545410156,
        "z": 5979.890625
    },
    {
        "color": 4294967295,
        "name": "Generic Point 48",
        "x": -691.6162719726562,
        "y": -278.4683532714844,
        "z": 6009.66796875
    },
    {
        "color": 4294967295,
        "name": "Generic Point 49",
        "x": -733.8592529296875,
        "y": -278.4200134277344,
        "z": 5996.017578125
    },
    {
        "color": 4294967295,
        "name": "Generic Point 5",
        "x": -624.2452392578125,
        "y": 261.4385070800781,
        "z": 5107.7041015625
    },
    {
        "color": 4294967295,
        "name": "Generic Point 50",
        "x": -767.2443237304688,
        "y": -277.772216796875,
        "z": 6019.02294921875
    },
    {
        "color": 4294967295,
        "name": "Generic Point 51",
        "x": -782.7255859375,
        "y": -86.03742980957031,
        "z": 4477.6201171875
    },
    {
        "color": 4294967295,
        "name": "Generic Point 52",
        "x": -771.2325439453125,
        "y": -93.6010971069336,
        "z": 4438.4248046875
    },
    {
        "color": 4294967295,
        "name": "Generic Point 53",
        "x": -748.298828125,
        "y": -87.30149841308594,
        "z": 4468.23388671875
    },
    {
        "color": 4294967295,
        "name": "Generic Point 54",
        "x": -334.0602111816406,
        "y": -17.811193466186523,
        "z": 5493.85595703125
    },
    {
        "color": 4294967295,
        "name": "Generic Point 55",
        "x": -304.01971435546875,
        "y": -17.810792922973633,
        "z": 5501.76806640625
    },
    {
        "color": 4294967295,
        "name": "Generic Point 56",
        "x": -327.85009765625,
        "y": -17.884061813354492,
        "z": 5468.435546875
    },
    {
        "color": 4294967295,
        "name": "Generic Point 57",
        "x": -296.4374084472656,
        "y": -17.856191635131836,
        "z": 5473.84375
    },
    {
        "color": 4294967295,
        "name": "Generic Point 58",
        "x": -1329.0697021484375,
        "y": 68.62957763671875,
        "z": 4972.29248046875
    },
    {
        "color": 4294967295,
        "name": "Generic Point 59",
        "x": -690.5515747070312,
        "y": -841.5164794921875,
        "z": 5325.38232421875
    },
    {
        "color": 4294967295,
        "name": "Generic Point 6",
        "x": -597.0997314453125,
        "y": 228.76394653320312,
        "z": 4995.84619140625
    },
    {
        "color": 4294967295,
        "name": "Generic Point 60",
        "x": -775.7109375,
        "y": -851.8612670898438,
        "z": 5334.634765625
    },
    {
        "color": 4294967295,
        "name": "Generic Point 61",
        "x": -819.2642211914062,
        "y": -851.1533203125,
        "z": 5345.36572265625
    },
    {
        "color": 4294967295,
        "name": "Generic Point 62",
        "x": -794.3120727539062,
        "y": -847.4710693359375,
        "z": 5268.09912109375
    },
    {
        "color": 4294967295,
        "name": "Generic Point 63",
        "x": -1296.497802734375,
        "y": 37.60249710083008,
        "z": 5436.37939453125
    },
    {
        "color": 4294967295,
        "name": "Generic Point 64",
        "x": -941.2254638671875,
        "y": 84.65815734863281,
        "z": 5535.1728515625
    },
    {
        "color": 4294967295,
        "name": "Generic Point 65",
        "x": -1112.8201904296875,
        "y": -33.7244987487793,
        "z": 5411.29443359375
    },
    {
        "color": 4294967295,
        "name": "Generic Point 66",
        "x": -1191.7178955078125,
        "y": -37.95718765258789,
        "z": 5485.37548828125
    },
    {
        "color": 4294967295,
        "name": "Generic Point 67",
        "x": -1753.2052001953125,
        "y": 38.40163040161133,
        "z": 5553.7939453125
    },
    {
        "color": 4294967295,
        "name": "Generic Point 68",
        "x": -1483.840576171875,
        "y": 19.61577796936035,
        "z": 5600.8720703125
    },
    {
        "color": 4294967295,
        "name": "Generic Point 69",
        "x": -1472.4300537109375,
        "y": -28.543758392333984,
        "z": 5541.48828125
    },
    {
        "color": 4294967295,
        "name": "Generic Point 7",
        "x": -475.2596435546875,
        "y": 253.8418731689453,
        "z": 4952.43359375
    },
    {
        "color": 4294967295,
        "name": "Generic Point 70",
        "x": -1386.1470947265625,
        "y": 58.206825256347656,
        "z": 5572.4208984375
    },
    {
        "color": 4294967295,
        "name": "Generic Point 71",
        "x": -978.942626953125,
        "y": -147.5023193359375,
        "z": 5009.439453125
    },
    {
        "color": 4294967295,
        "name": "Generic Point 72",
        "x": -734.211669921875,
        "y": -23.79005241394043,
        "z": 4430.4052734375
    },
    {
        "color": 4294967295,
        "name": "Generic Point 73",
        "x": -286.7246398925781,
        "y": -24.08968734741211,
        "z": 4783.69921875
    },
    {
        "color": 4294967295,
        "name": "Generic Point 74",
        "x": -464.68243408203125,
        "y": 258.0950927734375,
        "z": 5152.9736328125
    },
    {
        "color": 4294967295,
        "name": "Generic Point 75",
        "x": -1139.268310546875,
        "y": 105.78575134277344,
        "z": 5082.72021484375
    },
    {
        "color": 4294967295,
        "name": "Generic Point 76",
        "x": -993.273193359375,
        "y": 34.80204391479492,
        "z": 4850.0908203125
    },
    {
        "color": 4294967295,
        "name": "Generic Point 77",
        "x": -968.6549072265625,
        "y": 68.42082214355469,
        "z": 4813.62109375
    },
    {
        "color": 4294967295,
        "name": "Generic Point 78",
        "x": -1008.2860717773438,
        "y": 37.19663619995117,
        "z": 4781.841796875
    },
    {
        "color": 4294967295,
        "name": "Generic Point 79",
        "x": -1030.175537109375,
        "y": 67.08148193359375,
        "z": 4797.0517578125
    },
    {
        "color": 4294967295,
        "name": "Generic Point 8",
        "x": -363.03802490234375,
        "y": 211.5606689453125,
        "z": 4971.37255859375
    },
    {
        "color": 4294967295,
        "name": "Generic Point 80",
        "x": -1338.3782958984375,
        "y": -36.634029388427734,
        "z": 5699.0986328125
    },
    {
        "color": 4294967295,
        "name": "Generic Point 81",
        "x": -474.5608215332031,
        "y": 253.65493774414062,
        "z": 4951.7158203125
    },
    {
        "color": 4294967295,
        "name": "Generic Point 82",
        "x": -1515.6405029296875,
        "y": 81.26203918457031,
        "z": 5014.8486328125
    },
    {
        "color": 4294967295,
        "name": "Generic Point 83",
        "x": -910.2977905273438,
        "y": 131.9061737060547,
        "z": 4811.279296875
    },
    {
        "color": 4294967295,
        "name": "Generic Point 84",
        "x": -1498.5565185546875,
        "y": -1.934422492980957,
        "z": 5272.80126953125
    },
    {
        "color": 4294967295,
        "name": "Generic Point 85",
        "x": -1773.640625,
        "y": -13.784660339355469,
        "z": 5528.14599609375
    },
    {
        "color": 4294967295,
        "name": "Generic Point 86",
        "x": -1373.89697265625,
        "y": 28.593994140625,
        "z": 5262.7001953125
    },
    {
        "color": 4294967295,
        "name": "Generic Point 87",
        "x": -202.6944580078125,
        "y": 218.12808227539062,
        "z": 4463.8544921875
    },
    {
        "color": 4294967295,
        "name": "Generic Point 88",
        "x": -498.3375549316406,
        "y": 264.4354553222656,
        "z": 5219.3525390625
    },
    {
        "color": 4294967295,
        "name": "Generic Point 89",
        "x": -1097.4788818359375,
        "y": 72.6035385131836,
        "z": 5610.87646484375
    },
    {
        "color": 4294967295,
        "name": "Generic Point 9",
        "x": -97.79150390625,
        "y": 36.68726348876953,
        "z": 4902.6689453125
    },
    {
        "color": 4294967295,
        "name": "Generic Point 90",
        "x": -1293.8096923828125,
        "y": 60.99751663208008,
        "z": 5115.50048828125
    },
    {
        "color": 4294967295,
        "name": "Generic Point 91",
        "x": -895.2496337890625,
        "y": 52.30052947998047,
        "z": 4510.1875
    },
    {
        "color": 4294967295,
        "name": "Generic Point 92",
        "x": -1201.0103759765625,
        "y": -64.04505157470703,
        "z": 5626.9326171875
    },
    {
        "color": 4294967295,
        "name": "Generic Point 93",
        "x": -1107.614990234375,
        "y": -62.38655090332031,
        "z": 5666.28955078125
    },
    {
        "color": 4294967295,
        "name": "Generic Point 94",
        "x": -1111.4837646484375,
        "y": -66.12252807617188,
        "z": 5729.27978515625
    },
    {
        "color": 4294967295,
        "name": "Generic Point 95",
        "x": -1178.7562255859375,
        "y": 43.30374526977539,
        "z": 5782.599609375
    },
    {
        "color": 4294967295,
        "name": "Generic Point 96",
        "x": -1390.4033203125,
        "y": 52.16316223144531,
        "z": 5388.09814453125
    },
    {
        "color": 4294967295,
        "name": "Generic Point 97",
        "x": -985.9508056640625,
        "y": -214.49594116210938,
        "z": 5770.42138671875
    },
    {
        "color": 4294967295,
        "name": "Generic Point 98",
        "x": -996.293701171875,
        "y": -221.09324645996094,
        "z": 5820.01171875
    },
    {
        "color": 4294967295,
        "name": "Generic Point 99",
        "x": -1435.3782958984375,
        "y": -51.16377639770508,
        "z": 5488.4560546875
    }
]