[
    {
        "color": 4294967295,
        "name": "Generic Point 0",
        "x": -239.34390258789062,
        "y": 173.90078735351562,
        "z": 5622.7783203125
    },
    {
        "color": 4294967295,
        "name": "Generic Point 1",
        "x": -254.5617218017578,
        "y": 133.7733612060547,
        "z": 5514.10400390625
    },
    {
        "color": 4294967295,
        "name": "Generic Point 10",
        "x": -1641.7989501953125,
        "y": 28.809202194213867,
        "z": 5703.39404296875
    },
    {
        "color": 4294967295,
        "name": "Generic Point 11",
        "x": -1688.7105712890625,
        "y": -19.159027099609375,
        "z": 5844.8701171875
    },
    {
        "color": 4294967295,
        "name": "Generic Point 12",
        "x": -1515.9769287109375,
        "y": 27.65140151977539,
        "z": 5554.2705078125
    },
    {
        "color": 4294967295,
        "name": "Generic Point 13",
        "x": -984.9320678710938,
        "y": 39.84956741333008,
        "z": 4682.54931640625
    },
    {
        "color": 4294967295,
        "name": "Generic Point 14",
        "x": -1383.144287109375,
        "y": -27.41640853881836,
        "z": 5523.5849609375
    },
    {
        "color": 4294967295,
        "name": "Generic Point 15",
        "x": -1167.82275390625,
        "y": -64.80719757080078,
        "z": 5665.21240234375
    },
    {
        "color": 4294967295,
        "name": "Generic Point 16",
        "x": -1225.5303955078125,
        "y": 35.65512466430664,
        "z": 5737.79638671875
    },
    {
        "color": 4294967295,
        "name": "Generic Point 17",
        "x": -1401.6968994140625,
        "y": 68.64364624023438,
        "z": 5470.9208984375
    },
    {
        "color": 4294967295,
        "name": "Generic Point 18",
        "x": -896.0521240234375,
        "y": -38.95842361450195,
        "z": 5824.55126953125
    },
    {
        "color": 4294967295,
        "name": "Generic Point 19",
        "x": -827.7000122070312,
        "y": -219.93441772460938,
        "z": 5864.3447265625
    },
    {
        "color": 4294967295,
        "name": "Generic Point 2",
        "x": -617.1455078125,
        "y": 187.35545349121094,
        "z": 5526.5185546875
    },
    {
        "color": 4294967295,
        "name": "Generic Point 20",
        "x": -600.0401000976562,
        "y": 59.8567008972168,
        "z": 5880.10302734375
    },
    {
        "color": 4294967295,
        "name": "Generic Point 21",
        "x": -971.4716796875,
        "y": -22.291269302368164,
        "z": 4387.0126953125
    },
    {
        "color": 4294967295,
        "name": "Generic Point 22",
        "x": -886.519287109375,
        "y": -29.23834800720215,
        "z": 4508.91064453125
    },
    {
        "color": 4294967295,
        "name": "Generic Point 23",
        "x": -289.9691467285156,
        "y": -161.24635314941406,
        "z": 5447.50634765625
    },
    {
        "color": 4294967295,
        "name": "Generic Point 24",
        "x": -141.61622619628906,
        "y": 80.56781768798828,
        "z": 5609.64697265625
    },
    {
        "color": 4294967295,
        "name": "Generic Point 25",
        "x": -1368.886962890625,
        "y": 72.51261901855469,
        "z": 5842.40576171875
    },
    {
        "color": 4294967295,
        "name": "Generic Point 26",
        "x": -784.7415771484375,
        "y": 190.6656036376953,
        "z": 4924.62939453125
    },
    {
        "color": 4294967295,
        "name": "Generic Point 27",
        "x": -723.8779296875,
        "y": 152.20053100585938,
        "z": 4818.85888671875
    },
    {
        "color": 4294967295,
        "name": "Generic Point 28",
        "x": -1003.7239990234375,
        "y": 50.23700714111328,
        "z": 4878.07421875
    },
    {
        "color": 4294967295,
        "name": "Generic Point 29",
        "x": -327.0934143066406,
        "y": 317.0569763183594,
        "z": 4096.57470703125
    },
    {
        "color": 4294967295,
        "name": "Generic Point 3",
        "x": -1525.3564453125,
        "y": 63.456748962402344,
        "z": 5078.2109375
    },
    {
        "color": 4294967295,
        "name": "Generic Point 30",
        "x": -161.00531005859375,
        "y": 243.24420166015625,
        "z": 4409.34716796875
    },
    {
        "color": 4294967295,
        "name": "Generic Point 31",
        "x": -284.93719482421875,
        "y": 65.76602172851562,
        "z": 4626.16796875
    },
    {
        "color": 4294967295,
        "name": "Generic Point 32",
        "x": -276.28900146484375,
        "y": -38.58815002441406,
        "z": 4649.60107421875
    },
    {
        "color": 4294967295,
        "name": "Generic Point 33",
        "x": -441.6732177734375,
        "y": 190.5768280029297,
        "z": 5523.8759765625
    },
    {
        "color": 4294967295,
        "name": "Generic Point 34",
        "x": -990.89453125,
        "y": 365.5693664550781,
        "z": 4033.37158203125
    },
    {
        "color": 4294967295,
        "name": "Generic Point 35",
        "x": -1309.4395751953125,
        "y": 95.10433197021484,
        "z": 4860.431640625
    },
    {
        "color": 4294967295,
        "name": "Generic Point 36",
        "x": -500.4643859863281,
        "y": 161.36619567871094,
        "z": 4295.14990234375
    },
    {
        "color": 4294967295,
        "name": "Generic Point 37",
        "x": -882.82177734375,
        "y": 61.91703796386719,
        "z": 4692.67529296875
    },
    {
        "color": 4294967295,
        "name": "Generic Point 4",
        "x": -1391.593017578125,
        "y": 56.1571044921875,
        "z": 5074.21337890625
    },
    {
        "color": 4294967295,
        "name": "Generic Point 5",
        "x": -1537.984619140625,
        "y": 18.772554397583008,
        "z": 5193.50341796875
    },
    {
        "color": 4294967295,
        "name": "Generic Point 6",
        "x": -1234.014404296875,
        "y": -43.57456588745117,
        "z": 5453.39111328125
    },
    {
        "color": 4294967295,
        "name": "Generic Point 7",
        "x": -1304.458740234375,
        "y": 49.327022552490234,
        "z": 5355.857421875
    },
    {
        "color": 4294967295,
        "name": "Generic Point 8",
        "x": -1245.1553955078125,
        "y": 91.73197937011719,
        "z": 5156.41357421875
    },
    {
        "color": 4294967295,
        "name": "Generic Point 9",
        "x": -1284.3251953125,
        "y": 55.939735412597656,
        "z": 5483.8623046875
    }
]