[
    {
        "color": 4294967295,
        "name": "Generic Point 0",
        "x": -1326.95166015625,
        "y": 241.58177185058594,
        "z": 7797.5556640625
    },
    {
        "color": 4294967295,
        "name": "Generic Point 1",
        "x": -1529.2584228515625,
        "y": 57.28395080566406,
        "z": 8121.404296875
    },
    {
        "color": 4294967295,
        "name": "Generic Point 10",
        "x": -1461.76171875,
        "y": 71.02210235595703,
        "z": 8438.1513671875
    },
    {
        "color": 4294967295,
        "name": "Generic Point 11",
        "x": -1372.5107421875,
        "y": 138.40879821777344,
        "z": 7761.88525390625
    },
    {
        "color": 4294967295,
        "name": "Generic Point 12",
        "x": -1454.68310546875,
        "y": 39.89487075805664,
        "z": 8526.6796875
    },
    {
        "color": 4294967295,
        "name": "Generic Point 13",
        "x": -1461.8592529296875,
        "y": 39.57534408569336,
        "z": 8560.8603515625
    },
    {
        "color": 4294967295,
        "name": "Generic Point 14",
        "x": -1504.7728271484375,
        "y": 66.29304504394531,
        "z": 8525.5546875
    },
    {
        "color": 4294967295,
        "name": "Generic Point 15",
        "x": -1344.3990478515625,
        "y": 68.35678100585938,
        "z": 8577.951171875
    },
    {
        "color": 4294967295,
        "name": "Generic Point 16",
        "x": -1402.52734375,
        "y": 70.79898834228516,
        "z": 8567.98046875
    },
    {
        "color": 4294967295,
        "name": "Generic Point 17",
        "x": -1294.2529296875,
        "y": 169.198486328125,
        "z": 8659.3837890625
    },
    {
        "color": 4294967295,
        "name": "Generic Point 18",
        "x": -1242.28955078125,
        "y": 173.5821075439453,
        "z": 8522.2275390625
    },
    {
        "color": 4294967295,
        "name": "Generic Point 19",
        "x": -1368.07958984375,
        "y": 67.18607330322266,
        "z": 8343.0126953125
    },
    {
        "color": 4294967295,
        "name": "Generic Point 2",
        "x": -1485.719970703125,
        "y": 71.1533203125,
        "z": 8112.6005859375
    },
    {
        "color": 4294967295,
        "name": "Generic Point 20",
        "x": -1626.0450439453125,
        "y": 95.02286529541016,
        "z": 8226.13671875
    },
    {
        "color": 4294967295,
        "name": "Generic Point 21",
        "x": -1659.19287109375,
        "y": 53.465023040771484,
        "z": 8348.6064453125
    },
    {
        "color": 4294967295,
        "name": "Generic Point 22",
        "x": -1422.23583984375,
        "y": 205.31402587890625,
        "z": 7738.68701171875
    },
    {
        "color": 4294967295,
        "name": "Generic Point 23",
        "x": -1835.147216796875,
        "y": 66.34178161621094,
        "z": 8530.5712890625
    },
    {
        "color": 4294967295,
        "name": "Generic Point 24",
        "x": -1767.416259765625,
        "y": 61.47776794433594,
        "z": 8883.69921875
    },
    {
        "color": 4294967295,
        "name": "Generic Point 25",
        "x": -1728.2735595703125,
        "y": 55.036659240722656,
        "z": 8934.1982421875
    },
    {
        "color": 4294967295,
        "name": "Generic Point 26",
        "x": -1774.5340576171875,
        "y": 18.055795669555664,
        "z": 8995.373046875
    },
    {
        "color": 4294967295,
        "name": "Generic Point 27",
        "x": -1709.1995849609375,
        "y": 66.69029235839844,
        "z": 9066.6201171875
    },
    {
        "color": 4294967295,
        "name": "Generic Point 28",
        "x": -1711.2841796875,
        "y": 81.35962677001953,
        "z": 9105.2880859375
    },
    {
        "color": 4294967295,
        "name": "Generic Point 29",
        "x": -1640.7406005859375,
        "y": 137.90371704101562,
        "z": 9112.0654296875
    },
    {
        "color": 4294967295,
        "name": "Generic Point 3",
        "x": -1364.4322509765625,
        "y": 116.12639617919922,
        "z": 8166.904296875
    },
    {
        "color": 4294967295,
        "name": "Generic Point 30",
        "x": -1588.3453369140625,
        "y": 154.987548828125,
        "z": 8979.5234375
    },
    {
        "color": 4294967295,
        "name": "Generic Point 31",
        "x": -1621.470458984375,
        "y": 136.2056427001953,
        "z": 8962.6533203125
    },
    {
        "color": 4294967295,
        "name": "Generic Point 32",
        "x": -2033.6336669921875,
        "y": 3.5463876724243164,
        "z": 9050.06640625
    },
    {
        "color": 4294967295,
        "name": "Generic Point 33",
        "x": -1418.100830078125,
        "y": 112.59925079345703,
        "z": 7820.6611328125
    },
    {
        "color": 4294967295,
        "name": "Generic Point 34",
        "x": -2155.99072265625,
        "y": 31.166542053222656,
        "z": 9122.7138671875
    },
    {
        "color": 4294967295,
        "name": "Generic Point 35",
        "x": -2144.330810546875,
        "y": 37.97153854370117,
        "z": 9176.9775390625
    },
    {
        "color": 4294967295,
        "name": "Generic Point 36",
        "x": -1925.362548828125,
        "y": 74.28294372558594,
        "z": 9117.55078125
    },
    {
        "color": 4294967295,
        "name": "Generic Point 37",
        "x": -2464.060791015625,
        "y": 208.0152130126953,
        "z": 8864.3193359375
    },
    {
        "color": 4294967295,
        "name": "Generic Point 38",
        "x": -2641.533203125,
        "y": 204.80699157714844,
        "z": 8654.2021484375
    },
    {
        "color": 4294967295,
        "name": "Generic Point 39",
        "x": -2819.373291015625,
        "y": 200.928466796875,
        "z": 8673.5478515625
    },
    {
        "color": 4294967295,
        "name": "Generic Point 4",
        "x": -1432.6900634765625,
        "y": 131.66818237304688,
        "z": 8107.95263671875
    },
    {
        "color": 4294967295,
        "name": "Generic Point 40",
        "x": -2843.1572265625,
        "y": 200.928466796875,
        "z": 8621.759765625
    },
    {
        "color": 4294967295,
        "name": "Generic Point 41",
        "x": -2908.851806640625,
        "y": 200.92849731445312,
        "z": 8693.2353515625
    },
    {
        "color": 4294967295,
        "name": "Generic Point 42",
        "x": -2896.9228515625,
        "y": 201.04251098632812,
        "z": 8719.384765625
    },
    {
        "color": 4294967295,
        "name": "Generic Point 43",
        "x": -2969.387939453125,
        "y": 200.92840576171875,
        "z": 8730.49609375
    },
    {
        "color": 4294967295,
        "name": "Generic Point 44",
        "x": -1406.531982421875,
        "y": 153.90725708007812,
        "z": 7862.37060546875
    },
    {
        "color": 4294967295,
        "name": "Generic Point 45",
        "x": -3019.216796875,
        "y": 202.9882354736328,
        "z": 8844.912109375
    },
    {
        "color": 4294967295,
        "name": "Generic Point 46",
        "x": -1413.7994384765625,
        "y": 139.7188262939453,
        "z": 7957.68798828125
    },
    {
        "color": 4294967295,
        "name": "Generic Point 47",
        "x": -1613.3907470703125,
        "y": 121.31576538085938,
        "z": 8013.392578125
    },
    {
        "color": 4294967295,
        "name": "Generic Point 48",
        "x": -1597.256591796875,
        "y": 83.5370864868164,
        "z": 8014.46484375
    },
    {
        "color": 4294967295,
        "name": "Generic Point 49",
        "x": -1545.37744140625,
        "y": 72.89204406738281,
        "z": 8052.27734375
    },
    {
        "color": 4294967295,
        "name": "Generic Point 5",
        "x": -1443.0216064453125,
        "y": 54.53715133666992,
        "z": 8182.9892578125
    },
    {
        "color": 4294967295,
        "name": "Generic Point 6",
        "x": -1497.862060546875,
        "y": 65.75951385498047,
        "z": 8275.4091796875
    },
    {
        "color": 4294967295,
        "name": "Generic Point 7",
        "x": -1552.9111328125,
        "y": 76.99928283691406,
        "z": 8364.83984375
    },
    {
        "color": 4294967295,
        "name": "Generic Point 8",
        "x": -1495.8984375,
        "y": 71.41316986083984,
        "z": 8391.1728515625
    },
    {
        "color": 4294967295,
        "name": "Generic Point 9",
        "x": -1520.900390625,
        "y": 71.55748748779297,
        "z": 8430.626953125
    }
]