[
    {
        "color": 4294967295,
        "name": "Generic Point 0",
        "x": 1262.97,
        "y": 109.842,
        "z": 3884.86
    },
    {
        "color": 4294967295,
        "name": "Generic Point 1",
        "x": 1433.54,
        "y": 220.03,
        "z": 3582.34
    },
    {
        "color": 4294967295,
        "name": "Generic Point 10",
        "x": 1646.71,
        "y": 202.656,
        "z": 3784.29
    },
    {
        "color": 4294967295,
        "name": "Generic Point 2",
        "x": 1446.47,
        "y": 276.306,
        "z": 3709.22
    },
    {
        "color": 4294967295,
        "name": "Generic Point 3",
        "x": 1339.56,
        "y": 604.613,
        "z": 4715.48
    },
    {
        "color": 4294967295,
        "name": "Generic Point 4",
        "x": 1431.7,
        "y": 664.193,
        "z": 4540.19
    },
    {
        "color": 4294967295,
        "name": "Generic Point 5",
        "x": 1424.94,
        "y": 184.905,
        "z": 4067
    },
    {
        "color": 4294967295,
        "name": "Generic Point 6",
        "x": 1413.38,
        "y": 160.782,
        "z": 3955.56
    },
    {
        "color": 4294967295,
        "name": "Generic Point 7",
        "x": 1515.56,
        "y": 187.273,
        "z": 3829.25
    },
    {
        "color": 4294967295,
        "name": "Generic Point 8",
        "x": 1515.72,
        "y": 186.258,
        "z": 3830.67
    },
    {
        "color": 4294967295,
        "name": "Generic Point 9",
        "x": 1518.05,
        "y": 185.315,
        "z": 3829.15
    }
]