[
    {
        "color": 4294967295,
        "name": "Generic Point 0",
        "x": -1560.567626953125,
        "y": 239.99420166015625,
        "z": 4154.58349609375
    },
    {
        "color": 4294967295,
        "name": "Generic Point 1",
        "x": -2010.930908203125,
        "y": 316.688232421875,
        "z": 4114.333984375
    },
    {
        "color": 4294967295,
        "name": "Generic Point 10",
        "x": -2317.441162109375,
        "y": 76.05187225341797,
        "z": 4323.39453125
    },
    {
        "color": 4294967295,
        "name": "Generic Point 11",
        "x": -1497.021240234375,
        "y": 263.163818359375,
        "z": 4403.89453125
    },
    {
        "color": 4294967295,
        "name": "Generic Point 12",
        "x": -2327.577392578125,
        "y": 69.62054443359375,
        "z": 4445.80029296875
    },
    {
        "color": 4294967295,
        "name": "Generic Point 13",
        "x": -2376.02783203125,
        "y": 187.09585571289062,
        "z": 4540.21533203125
    },
    {
        "color": 4294967295,
        "name": "Generic Point 14",
        "x": -2335.268310546875,
        "y": 134.05227661132812,
        "z": 4669.49609375
    },
    {
        "color": 4294967295,
        "name": "Generic Point 15",
        "x": -2722.37451171875,
        "y": 311.58746337890625,
        "z": 4186.65478515625
    },
    {
        "color": 4294967295,
        "name": "Generic Point 16",
        "x": -3007.880859375,
        "y": 14.88998031616211,
        "z": 4250.0869140625
    },
    {
        "color": 4294967295,
        "name": "Generic Point 17",
        "x": -3130.51513671875,
        "y": 30.019773483276367,
        "z": 4302.45166015625
    },
    {
        "color": 4294967295,
        "name": "Generic Point 18",
        "x": -3327.4892578125,
        "y": 228.47666931152344,
        "z": 4551.27294921875
    },
    {
        "color": 4294967295,
        "name": "Generic Point 19",
        "x": -3327.03125,
        "y": 231.17562866210938,
        "z": 4583.74609375
    },
    {
        "color": 4294967295,
        "name": "Generic Point 2",
        "x": -2058.8017578125,
        "y": 266.86773681640625,
        "z": 4304.375
    },
    {
        "color": 4294967295,
        "name": "Generic Point 20",
        "x": -3322.92822265625,
        "y": 266.33770751953125,
        "z": 4616.8232421875
    },
    {
        "color": 4294967295,
        "name": "Generic Point 21",
        "x": -3248.822265625,
        "y": 373.9049377441406,
        "z": 4719.69677734375
    },
    {
        "color": 4294967295,
        "name": "Generic Point 22",
        "x": -1485.3907470703125,
        "y": 31.363243103027344,
        "z": 4412.07275390625
    },
    {
        "color": 4294967295,
        "name": "Generic Point 23",
        "x": -3002.4306640625,
        "y": 282.7456359863281,
        "z": 4909.357421875
    },
    {
        "color": 4294967295,
        "name": "Generic Point 24",
        "x": -2957.27685546875,
        "y": 323.7518310546875,
        "z": 4760.53125
    },
    {
        "color": 4294967295,
        "name": "Generic Point 25",
        "x": -2836.416015625,
        "y": 29.594432830810547,
        "z": 4524.11083984375
    },
    {
        "color": 4294967295,
        "name": "Generic Point 26",
        "x": -2716.8017578125,
        "y": 242.50698852539062,
        "z": 4647.830078125
    },
    {
        "color": 4294967295,
        "name": "Generic Point 27",
        "x": -2694.4599609375,
        "y": 286.94097900390625,
        "z": 4752.03662109375
    },
    {
        "color": 4294967295,
        "name": "Generic Point 28",
        "x": -2740.220703125,
        "y": 186.52720642089844,
        "z": 4959.0771484375
    },
    {
        "color": 4294967295,
        "name": "Generic Point 29",
        "x": -2787.59716796875,
        "y": 223.4852294921875,
        "z": 5278.35107421875
    },
    {
        "color": 4294967295,
        "name": "Generic Point 3",
        "x": -2036.9227294921875,
        "y": 88.46468353271484,
        "z": 4557.40966796875
    },
    {
        "color": 4294967295,
        "name": "Generic Point 30",
        "x": -2753.85791015625,
        "y": -29.616840362548828,
        "z": 5359.70068359375
    },
    {
        "color": 4294967295,
        "name": "Generic Point 31",
        "x": -2992.284423828125,
        "y": 218.3334503173828,
        "z": 5293.0009765625
    },
    {
        "color": 4294967295,
        "name": "Generic Point 32",
        "x": -2992.767822265625,
        "y": 221.2344512939453,
        "z": 5541.12890625
    },
    {
        "color": 4294967295,
        "name": "Generic Point 33",
        "x": -1430.011474609375,
        "y": 117.89729309082031,
        "z": 4768.00732421875
    },
    {
        "color": 4294967295,
        "name": "Generic Point 34",
        "x": -2829.77392578125,
        "y": 98.895263671875,
        "z": 5803.431640625
    },
    {
        "color": 4294967295,
        "name": "Generic Point 35",
        "x": -2637.159912109375,
        "y": 8.318041801452637,
        "z": 5680.25537109375
    },
    {
        "color": 4294967295,
        "name": "Generic Point 36",
        "x": -2582.89501953125,
        "y": 35.68068313598633,
        "z": 5882.76318359375
    },
    {
        "color": 4294967295,
        "name": "Generic Point 37",
        "x": -2673.631103515625,
        "y": 218.59320068359375,
        "z": 5945.3486328125
    },
    {
        "color": 4294967295,
        "name": "Generic Point 38",
        "x": -1826.234130859375,
        "y": 138.9668426513672,
        "z": 4881.54150390625
    },
    {
        "color": 4294967295,
        "name": "Generic Point 39",
        "x": -2042.36572265625,
        "y": 186.77914428710938,
        "z": 5134.14404296875
    },
    {
        "color": 4294967295,
        "name": "Generic Point 4",
        "x": -2292.72900390625,
        "y": 275.1001281738281,
        "z": 3943.297119140625
    },
    {
        "color": 4294967295,
        "name": "Generic Point 40",
        "x": -1922.0167236328125,
        "y": 136.20947265625,
        "z": 5305.23388671875
    },
    {
        "color": 4294967295,
        "name": "Generic Point 41",
        "x": -1972.9566650390625,
        "y": 184.88360595703125,
        "z": 5441.44384765625
    },
    {
        "color": 4294967295,
        "name": "Generic Point 42",
        "x": -1852.64453125,
        "y": 168.11351013183594,
        "z": 5581.72509765625
    },
    {
        "color": 4294967295,
        "name": "Generic Point 43",
        "x": -1940.4462890625,
        "y": 150.49786376953125,
        "z": 5927.244140625
    },
    {
        "color": 4294967295,
        "name": "Generic Point 44",
        "x": -1419.095703125,
        "y": 23.316791534423828,
        "z": 4753.13037109375
    },
    {
        "color": 4294967295,
        "name": "Generic Point 45",
        "x": -2107.583984375,
        "y": 190.69752502441406,
        "z": 5972.3251953125
    },
    {
        "color": 4294967295,
        "name": "Generic Point 46",
        "x": -2099.712158203125,
        "y": -22.096569061279297,
        "z": 5815.26025390625
    },
    {
        "color": 4294967295,
        "name": "Generic Point 47",
        "x": -2156.48681640625,
        "y": 190.75807189941406,
        "z": 5747.9033203125
    },
    {
        "color": 4294967295,
        "name": "Generic Point 48",
        "x": -2365.15185546875,
        "y": -41.12721252441406,
        "z": 5910.75244140625
    },
    {
        "color": 4294967295,
        "name": "Generic Point 49",
        "x": -2324.4150390625,
        "y": 188.19285583496094,
        "z": 5780.5986328125
    },
    {
        "color": 4294967295,
        "name": "Generic Point 5",
        "x": -2410.42431640625,
        "y": 219.1471710205078,
        "z": 4088.42333984375
    },
    {
        "color": 4294967295,
        "name": "Generic Point 50",
        "x": -2386.0166015625,
        "y": 206.623291015625,
        "z": 5770.98193359375
    },
    {
        "color": 4294967295,
        "name": "Generic Point 51",
        "x": -2319.143310546875,
        "y": 45.616390228271484,
        "z": 5748.087890625
    },
    {
        "color": 4294967295,
        "name": "Generic Point 52",
        "x": -2192.252685546875,
        "y": 16.999834060668945,
        "z": 5568.6171875
    },
    {
        "color": 4294967295,
        "name": "Generic Point 53",
        "x": -2150.14501953125,
        "y": -17.152076721191406,
        "z": 5557.8125
    },
    {
        "color": 4294967295,
        "name": "Generic Point 54",
        "x": -2301.538818359375,
        "y": 142.50674438476562,
        "z": 5004.416015625
    },
    {
        "color": 4294967295,
        "name": "Generic Point 55",
        "x": -1424.1378173828125,
        "y": 15.241608619689941,
        "z": 4707.10498046875
    },
    {
        "color": 4294967295,
        "name": "Generic Point 56",
        "x": -2351.2666015625,
        "y": 153.12680053710938,
        "z": 5101.4765625
    },
    {
        "color": 4294967295,
        "name": "Generic Point 57",
        "x": -2422.3125,
        "y": 134.42868041992188,
        "z": 5269.15380859375
    },
    {
        "color": 4294967295,
        "name": "Generic Point 58",
        "x": -2380.1943359375,
        "y": 24.138216018676758,
        "z": 5303.99853515625
    },
    {
        "color": 4294967295,
        "name": "Generic Point 59",
        "x": -2315.6708984375,
        "y": 170.51651000976562,
        "z": 5309.7822265625
    },
    {
        "color": 4294967295,
        "name": "Generic Point 6",
        "x": -2450.66650390625,
        "y": 262.3979797363281,
        "z": 4185.65625
    },
    {
        "color": 4294967295,
        "name": "Generic Point 60",
        "x": -2380.22607421875,
        "y": 67.2138442993164,
        "z": 5377.9619140625
    },
    {
        "color": 4294967295,
        "name": "Generic Point 61",
        "x": -2495.23193359375,
        "y": 44.70467758178711,
        "z": 5298.005859375
    },
    {
        "color": 4294967295,
        "name": "Generic Point 62",
        "x": -2226.90966796875,
        "y": 99.84318542480469,
        "z": 5258.826171875
    },
    {
        "color": 4294967295,
        "name": "Generic Point 63",
        "x": -2308.136962890625,
        "y": 201.04542541503906,
        "z": 5513.41552734375
    },
    {
        "color": 4294967295,
        "name": "Generic Point 64",
        "x": -2305.026123046875,
        "y": 51.983882904052734,
        "z": 5568.6484375
    },
    {
        "color": 4294967295,
        "name": "Generic Point 65",
        "x": -2390.50537109375,
        "y": 200.53399658203125,
        "z": 5513.89599609375
    },
    {
        "color": 4294967295,
        "name": "Generic Point 66",
        "x": -1635.3916015625,
        "y": 32.1069221496582,
        "z": 4527.677734375
    },
    {
        "color": 4294967295,
        "name": "Generic Point 67",
        "x": -2348.918701171875,
        "y": 336.92767333984375,
        "z": 5529.51953125
    },
    {
        "color": 4294967295,
        "name": "Generic Point 68",
        "x": -1839.6666259765625,
        "y": 368.0989685058594,
        "z": 4222.6240234375
    },
    {
        "color": 4294967295,
        "name": "Generic Point 69",
        "x": -1936.444091796875,
        "y": 276.4112854003906,
        "z": 4225.150390625
    },
    {
        "color": 4294967295,
        "name": "Generic Point 7",
        "x": -2414.124267578125,
        "y": 67.21807861328125,
        "z": 4269.2265625
    },
    {
        "color": 4294967295,
        "name": "Generic Point 8",
        "x": -2394.1533203125,
        "y": 78.79707336425781,
        "z": 4258.7333984375
    },
    {
        "color": 4294967295,
        "name": "Generic Point 9",
        "x": -2386.19677734375,
        "y": 76.98355865478516,
        "z": 4297.232421875
    }
]