[
    {
        "color": 4294967295,
        "name": "Generic Point 0",
        "x": 1286.416748046875,
        "y": 313.4619140625,
        "z": -1007.1995849609375
    },
    {
        "color": 4294967295,
        "name": "Generic Point 1",
        "x": 1045.99462890625,
        "y": 503.2543029785156,
        "z": -890.6458129882812
    },
    {
        "color": 4294967295,
        "name": "Generic Point 10",
        "x": 1143.806396484375,
        "y": 325.13714599609375,
        "z": -490.6766052246094
    },
    {
        "color": 4294967295,
        "name": "Generic Point 11",
        "x": 829.9473266601562,
        "y": 329.2331848144531,
        "z": -501.5500793457031
    },
    {
        "color": 4294967295,
        "name": "Generic Point 12",
        "x": 872.9066162109375,
        "y": 359.7813415527344,
        "z": -675.5111083984375
    },
    {
        "color": 4294967295,
        "name": "Generic Point 2",
        "x": 943.82763671875,
        "y": 201.79763793945312,
        "z": -1212.90625
    },
    {
        "color": 4294967295,
        "name": "Generic Point 3",
        "x": 727.650146484375,
        "y": 201.74615478515625,
        "z": -1019.36767578125
    },
    {
        "color": 4294967295,
        "name": "Generic Point 4",
        "x": 1151.8988037109375,
        "y": 430.78424072265625,
        "z": -959.0479125976562
    },
    {
        "color": 4294967295,
        "name": "Generic Point 5",
        "x": 1091.9422607421875,
        "y": 346.4159851074219,
        "z": -1077.9515380859375
    },
    {
        "color": 4294967295,
        "name": "Generic Point 6",
        "x": 1313.533203125,
        "y": 362.7814025878906,
        "z": -891.9124755859375
    },
    {
        "color": 4294967295,
        "name": "Generic Point 7",
        "x": 1348.5440673828125,
        "y": 411.7225036621094,
        "z": -885.7374267578125
    },
    {
        "color": 4294967295,
        "name": "Generic Point 8",
        "x": 1517.1751708984375,
        "y": 274.2997131347656,
        "z": -951.4476928710938
    },
    {
        "color": 4294967295,
        "name": "Generic Point 9",
        "x": 1561.4757080078125,
        "y": 267.23150634765625,
        "z": -874.2993774414062
    }
]