[
    {
        "color": 4294967295,
        "name": "Generic Point 0",
        "x": 1555.9671630859375,
        "y": 270.45831298828125,
        "z": -731.851318359375
    },
    {
        "color": 4294967295,
        "name": "Generic Point 1",
        "x": 886.2589721679688,
        "y": 324.4549255371094,
        "z": -559.799072265625
    },
    {
        "color": 4294967295,
        "name": "Generic Point 2",
        "x": 747.7384643554688,
        "y": 200.2857208251953,
        "z": -1260.931640625
    }
]