[
    {
        "color": 4294967295,
        "name": "Generic Point 0",
        "x": -3086.8935546875,
        "y": 252.2183074951172,
        "z": -4418.685546875
    },
    {
        "color": 4294967295,
        "name": "Generic Point 1",
        "x": -6290.4375,
        "y": 236.6702880859375,
        "z": -2958.654541015625
    },
    {
        "color": 4294967295,
        "name": "Generic Point 10",
        "x": -6199.126953125,
        "y": 225.6348876953125,
        "z": -2567.966796875
    },
    {
        "color": 4294967295,
        "name": "Generic Point 11",
        "x": -3111.962890625,
        "y": 247.0562286376953,
        "z": -4509.88720703125
    },
    {
        "color": 4294967295,
        "name": "Generic Point 12",
        "x": -6215.22509765625,
        "y": 232.0288848876953,
        "z": -2447.345458984375
    },
    {
        "color": 4294967295,
        "name": "Generic Point 13",
        "x": -6277.48876953125,
        "y": 247.45785522460938,
        "z": -2470.88916015625
    },
    {
        "color": 4294967295,
        "name": "Generic Point 14",
        "x": -6223.49267578125,
        "y": 237.5345916748047,
        "z": -2458.39501953125
    },
    {
        "color": 4294967295,
        "name": "Generic Point 15",
        "x": -6015.88525390625,
        "y": 209.94969177246094,
        "z": -2590.925048828125
    },
    {
        "color": 4294967295,
        "name": "Generic Point 16",
        "x": -5977.478515625,
        "y": 204.5524444580078,
        "z": -2532.10595703125
    },
    {
        "color": 4294967295,
        "name": "Generic Point 17",
        "x": -5958.19970703125,
        "y": 224.71278381347656,
        "z": -2576.6787109375
    },
    {
        "color": 4294967295,
        "name": "Generic Point 18",
        "x": -5982.35595703125,
        "y": 215.15072631835938,
        "z": -2567.241943359375
    },
    {
        "color": 4294967295,
        "name": "Generic Point 19",
        "x": -5980.3134765625,
        "y": 216.3318328857422,
        "z": -2560.637939453125
    },
    {
        "color": 4294967295,
        "name": "Generic Point 2",
        "x": -6237.50341796875,
        "y": 238.59646606445312,
        "z": -2935.571044921875
    },
    {
        "color": 4294967295,
        "name": "Generic Point 20",
        "x": -5944.4443359375,
        "y": 178.30853271484375,
        "z": -2579.784912109375
    },
    {
        "color": 4294967295,
        "name": "Generic Point 21",
        "x": -5939.2763671875,
        "y": 178.3298797607422,
        "z": -2580.900390625
    },
    {
        "color": 4294967295,
        "name": "Generic Point 22",
        "x": -2597.0595703125,
        "y": 202.7889404296875,
        "z": -3702.363037109375
    },
    {
        "color": 4294967295,
        "name": "Generic Point 23",
        "x": -5923.8671875,
        "y": 176.78286743164062,
        "z": -2590.147216796875
    },
    {
        "color": 4294967295,
        "name": "Generic Point 24",
        "x": -5924.0859375,
        "y": 170.3376007080078,
        "z": -2639.91455078125
    },
    {
        "color": 4294967295,
        "name": "Generic Point 25",
        "x": -5921.2470703125,
        "y": 166.86697387695312,
        "z": -2662.482421875
    },
    {
        "color": 4294967295,
        "name": "Generic Point 26",
        "x": -5887.38232421875,
        "y": 166.86119079589844,
        "z": -2668.748046875
    },
    {
        "color": 4294967295,
        "name": "Generic Point 27",
        "x": -5911.7783203125,
        "y": 166.78526306152344,
        "z": -2663.7548828125
    },
    {
        "color": 4294967295,
        "name": "Generic Point 28",
        "x": -5932.31201171875,
        "y": 168.82650756835938,
        "z": -2650.062255859375
    },
    {
        "color": 4294967295,
        "name": "Generic Point 29",
        "x": -5930.794921875,
        "y": 166.67617797851562,
        "z": -2659.20703125
    },
    {
        "color": 4294967295,
        "name": "Generic Point 3",
        "x": -6236.60107421875,
        "y": 236.14552307128906,
        "z": -2946.1240234375
    },
    {
        "color": 4294967295,
        "name": "Generic Point 30",
        "x": -5938.17724609375,
        "y": 170.3463134765625,
        "z": -2680.345703125
    },
    {
        "color": 4294967295,
        "name": "Generic Point 31",
        "x": -5952.32568359375,
        "y": 170.97396850585938,
        "z": -2680.686767578125
    },
    {
        "color": 4294967295,
        "name": "Generic Point 32",
        "x": -5945.99169921875,
        "y": 172.8560333251953,
        "z": -2697.7607421875
    },
    {
        "color": 4294967295,
        "name": "Generic Point 33",
        "x": -6269.29638671875,
        "y": 206.10049438476562,
        "z": -3058.398681640625
    },
    {
        "color": 4294967295,
        "name": "Generic Point 34",
        "x": -5962.77734375,
        "y": 168.97889709472656,
        "z": -2741.2666015625
    },
    {
        "color": 4294967295,
        "name": "Generic Point 35",
        "x": -5991.06005859375,
        "y": 175.36441040039062,
        "z": -2696.205322265625
    },
    {
        "color": 4294967295,
        "name": "Generic Point 36",
        "x": -5915.7021484375,
        "y": 168.25379943847656,
        "z": -2725.456787109375
    },
    {
        "color": 4294967295,
        "name": "Generic Point 37",
        "x": -5941.2822265625,
        "y": 175.20480346679688,
        "z": -2688.7373046875
    },
    {
        "color": 4294967295,
        "name": "Generic Point 38",
        "x": -5964.61328125,
        "y": 170.3877410888672,
        "z": -2709.3544921875
    },
    {
        "color": 4294967295,
        "name": "Generic Point 39",
        "x": -5957.30224609375,
        "y": 153.99534606933594,
        "z": -2718.390380859375
    },
    {
        "color": 4294967295,
        "name": "Generic Point 4",
        "x": -6348.12353515625,
        "y": 249.78453063964844,
        "z": -2785.242919921875
    },
    {
        "color": 4294967295,
        "name": "Generic Point 40",
        "x": -5942.0849609375,
        "y": 155.5940704345703,
        "z": -2712.139892578125
    },
    {
        "color": 4294967295,
        "name": "Generic Point 41",
        "x": -5965.638671875,
        "y": 152.5111083984375,
        "z": -2730.192138671875
    },
    {
        "color": 4294967295,
        "name": "Generic Point 42",
        "x": -5943.1015625,
        "y": 169.6842041015625,
        "z": -2723.34912109375
    },
    {
        "color": 4294967295,
        "name": "Generic Point 43",
        "x": -5970.11572265625,
        "y": 170.04078674316406,
        "z": -2730.35009765625
    },
    {
        "color": 4294967295,
        "name": "Generic Point 44",
        "x": -6271.81982421875,
        "y": 207.9873809814453,
        "z": -3045.291015625
    },
    {
        "color": 4294967295,
        "name": "Generic Point 45",
        "x": -5971.7421875,
        "y": 170.57583618164062,
        "z": -2726.369873046875
    },
    {
        "color": 4294967295,
        "name": "Generic Point 46",
        "x": -5950.73779296875,
        "y": 165.8470458984375,
        "z": -2736.814697265625
    },
    {
        "color": 4294967295,
        "name": "Generic Point 47",
        "x": -5965.72509765625,
        "y": 169.6686553955078,
        "z": -2742.074951171875
    },
    {
        "color": 4294967295,
        "name": "Generic Point 48",
        "x": -5975.77783203125,
        "y": 168.42364501953125,
        "z": -2759.78955078125
    },
    {
        "color": 4294967295,
        "name": "Generic Point 49",
        "x": -5979.8037109375,
        "y": 217.26092529296875,
        "z": -2558.8447265625
    },
    {
        "color": 4294967295,
        "name": "Generic Point 5",
        "x": -6357.48095703125,
        "y": 249.78456115722656,
        "z": -2780.06689453125
    },
    {
        "color": 4294967295,
        "name": "Generic Point 50",
        "x": -6011.04833984375,
        "y": 213.02694702148438,
        "z": -2908.38037109375
    },
    {
        "color": 4294967295,
        "name": "Generic Point 51",
        "x": -6003.90283203125,
        "y": 216.4622039794922,
        "z": -2915.915283203125
    },
    {
        "color": 4294967295,
        "name": "Generic Point 52",
        "x": -6007.71630859375,
        "y": 220.5960693359375,
        "z": -2862.191650390625
    },
    {
        "color": 4294967295,
        "name": "Generic Point 53",
        "x": -5994.59130859375,
        "y": 227.60543823242188,
        "z": -2880.1689453125
    },
    {
        "color": 4294967295,
        "name": "Generic Point 54",
        "x": -6061.83251953125,
        "y": 221.51126098632812,
        "z": -2941.683349609375
    },
    {
        "color": 4294967295,
        "name": "Generic Point 55",
        "x": -6236.26171875,
        "y": 236.2542724609375,
        "z": -2946.439453125
    },
    {
        "color": 4294967295,
        "name": "Generic Point 56",
        "x": -6032.60693359375,
        "y": 207.377685546875,
        "z": -2902.868408203125
    },
    {
        "color": 4294967295,
        "name": "Generic Point 57",
        "x": -6057.646484375,
        "y": 199.15794372558594,
        "z": -2902.477294921875
    },
    {
        "color": 4294967295,
        "name": "Generic Point 58",
        "x": -6072.76904296875,
        "y": 211.61862182617188,
        "z": -2847.42626953125
    },
    {
        "color": 4294967295,
        "name": "Generic Point 59",
        "x": -6003.33544921875,
        "y": 216.89691162109375,
        "z": -2917.164306640625
    },
    {
        "color": 4294967295,
        "name": "Generic Point 6",
        "x": -6222.3408203125,
        "y": 236.74078369140625,
        "z": -2462.725341796875
    },
    {
        "color": 4294967295,
        "name": "Generic Point 60",
        "x": -6345.9716796875,
        "y": 249.80084228515625,
        "z": -2785.084716796875
    },
    {
        "color": 4294967295,
        "name": "Generic Point 61",
        "x": -6357.82275390625,
        "y": 249.78468322753906,
        "z": -2779.643798828125
    },
    {
        "color": 4294967295,
        "name": "Generic Point 62",
        "x": -6205.861328125,
        "y": 201.345703125,
        "z": -3269.21875
    },
    {
        "color": 4294967295,
        "name": "Generic Point 63",
        "x": -3112.848388671875,
        "y": 247.1104278564453,
        "z": -4509.8359375
    },
    {
        "color": 4294967295,
        "name": "Generic Point 64",
        "x": -6237.5234375,
        "y": 238.5934295654297,
        "z": -2935.5712890625
    },
    {
        "color": 4294967295,
        "name": "Generic Point 65",
        "x": -6243.53369140625,
        "y": 235.7500457763672,
        "z": -2951.908447265625
    },
    {
        "color": 4294967295,
        "name": "Generic Point 66",
        "x": -6274.1669921875,
        "y": 223.20375061035156,
        "z": -2932.886962890625
    },
    {
        "color": 4294967295,
        "name": "Generic Point 7",
        "x": -6225.0205078125,
        "y": 237.40138244628906,
        "z": -2458.7177734375
    },
    {
        "color": 4294967295,
        "name": "Generic Point 8",
        "x": -6227.33544921875,
        "y": 229.5646209716797,
        "z": -2513.712890625
    },
    {
        "color": 4294967295,
        "name": "Generic Point 9",
        "x": -6209.216796875,
        "y": 225.405517578125,
        "z": -2549.0654296875
    }
]