[
    {
        "color": 4294967295,
        "name": "Generic Point 0",
        "x": -340.0628662109375,
        "y": 158.3414306640625,
        "z": 6074.119140625
    },
    {
        "color": 4294967295,
        "name": "Generic Point 1",
        "x": 206.53195190429688,
        "y": 259.4686279296875,
        "z": 6751.43896484375
    },
    {
        "color": 4294967295,
        "name": "Generic Point 10",
        "x": 423.5057678222656,
        "y": 323.111572265625,
        "z": 5780.173828125
    },
    {
        "color": 4294967295,
        "name": "Generic Point 100",
        "x": -1372.439208984375,
        "y": 206.1256866455078,
        "z": 3248.46044921875
    },
    {
        "color": 4294967295,
        "name": "Generic Point 101",
        "x": -912.94775390625,
        "y": 111.59869384765625,
        "z": 3141.22314453125
    },
    {
        "color": 4294967295,
        "name": "Generic Point 102",
        "x": -1447.8997802734375,
        "y": 156.9607391357422,
        "z": 3293.869140625
    },
    {
        "color": 4294967295,
        "name": "Generic Point 103",
        "x": -275.7032775878906,
        "y": 198.36708068847656,
        "z": 3268.10888671875
    },
    {
        "color": 4294967295,
        "name": "Generic Point 104",
        "x": -198.5153045654297,
        "y": 307.3519592285156,
        "z": 2129.056884765625
    },
    {
        "color": 4294967295,
        "name": "Generic Point 105",
        "x": -12.75030517578125,
        "y": 247.36618041992188,
        "z": 3437.83251953125
    },
    {
        "color": 4294967295,
        "name": "Generic Point 106",
        "x": -341.44281005859375,
        "y": 220.9153594970703,
        "z": 3492.957275390625
    },
    {
        "color": 4294967295,
        "name": "Generic Point 107",
        "x": -167.05795288085938,
        "y": 238.96804809570312,
        "z": 3905.974853515625
    },
    {
        "color": 4294967295,
        "name": "Generic Point 108",
        "x": -207.18661499023438,
        "y": 213.1616668701172,
        "z": 3663.326904296875
    },
    {
        "color": 4294967295,
        "name": "Generic Point 109",
        "x": -253.731689453125,
        "y": 255.7179718017578,
        "z": 3398.615966796875
    },
    {
        "color": 4294967295,
        "name": "Generic Point 11",
        "x": -82.05079650878906,
        "y": 263.2310485839844,
        "z": 6036.46630859375
    },
    {
        "color": 4294967295,
        "name": "Generic Point 110",
        "x": -406.85430908203125,
        "y": 210.20730590820312,
        "z": 3567.938232421875
    },
    {
        "color": 4294967295,
        "name": "Generic Point 111",
        "x": -141.59390258789062,
        "y": 278.8575439453125,
        "z": 3522.5771484375
    },
    {
        "color": 4294967295,
        "name": "Generic Point 112",
        "x": -361.1668701171875,
        "y": 220.33441162109375,
        "z": 3339.9697265625
    },
    {
        "color": 4294967295,
        "name": "Generic Point 113",
        "x": -485.4542236328125,
        "y": 167.1924591064453,
        "z": 3322.411865234375
    },
    {
        "color": 4294967295,
        "name": "Generic Point 114",
        "x": -305.54193115234375,
        "y": 240.65184020996094,
        "z": 3946.42333984375
    },
    {
        "color": 4294967295,
        "name": "Generic Point 115",
        "x": 38.009578704833984,
        "y": 261.5586242675781,
        "z": 2250.440185546875
    },
    {
        "color": 4294967295,
        "name": "Generic Point 116",
        "x": -692.5747680664062,
        "y": 281.3544006347656,
        "z": 3689.21044921875
    },
    {
        "color": 4294967295,
        "name": "Generic Point 117",
        "x": -765.3069458007812,
        "y": 162.32814025878906,
        "z": 3378.8408203125
    },
    {
        "color": 4294967295,
        "name": "Generic Point 118",
        "x": -1009.192138671875,
        "y": 303.3580322265625,
        "z": 3813.953125
    },
    {
        "color": 4294967295,
        "name": "Generic Point 119",
        "x": -1101.798095703125,
        "y": 215.35638427734375,
        "z": 3643.712646484375
    },
    {
        "color": 4294967295,
        "name": "Generic Point 12",
        "x": 493.61846923828125,
        "y": 423.40606689453125,
        "z": 5933.51904296875
    },
    {
        "color": 4294967295,
        "name": "Generic Point 120",
        "x": -943.0350952148438,
        "y": 203.61341857910156,
        "z": 3706.409423828125
    },
    {
        "color": 4294967295,
        "name": "Generic Point 121",
        "x": -1108.57373046875,
        "y": 177.47418212890625,
        "z": 3702.713134765625
    },
    {
        "color": 4294967295,
        "name": "Generic Point 122",
        "x": -1302.3021240234375,
        "y": 199.59312438964844,
        "z": 3564.977294921875
    },
    {
        "color": 4294967295,
        "name": "Generic Point 123",
        "x": -2015.717041015625,
        "y": 515.53466796875,
        "z": 3599.44970703125
    },
    {
        "color": 4294967295,
        "name": "Generic Point 124",
        "x": -1774.8017578125,
        "y": 368.42730712890625,
        "z": 3718.27880859375
    },
    {
        "color": 4294967295,
        "name": "Generic Point 125",
        "x": -1814.1962890625,
        "y": 157.52200317382812,
        "z": 3487.959716796875
    },
    {
        "color": 4294967295,
        "name": "Generic Point 126",
        "x": 151.86090087890625,
        "y": 253.0946044921875,
        "z": 2392.3193359375
    },
    {
        "color": 4294967295,
        "name": "Generic Point 127",
        "x": -1901.5028076171875,
        "y": 331.0426940917969,
        "z": 3744.497314453125
    },
    {
        "color": 4294967295,
        "name": "Generic Point 128",
        "x": -1417.2431640625,
        "y": 242.53172302246094,
        "z": 3685.22607421875
    },
    {
        "color": 4294967295,
        "name": "Generic Point 129",
        "x": -1227.5181884765625,
        "y": 299.0550537109375,
        "z": 3986.488525390625
    },
    {
        "color": 4294967295,
        "name": "Generic Point 13",
        "x": 644.3215942382812,
        "y": 339.19256591796875,
        "z": 5583.06640625
    },
    {
        "color": 4294967295,
        "name": "Generic Point 130",
        "x": -1795.7833251953125,
        "y": 185.7156524658203,
        "z": 3619.759765625
    },
    {
        "color": 4294967295,
        "name": "Generic Point 131",
        "x": -819.8111572265625,
        "y": 141.2094268798828,
        "z": 3377.66455078125
    },
    {
        "color": 4294967295,
        "name": "Generic Point 132",
        "x": -696.7069091796875,
        "y": 243.92398071289062,
        "z": 3531.115234375
    },
    {
        "color": 4294967295,
        "name": "Generic Point 133",
        "x": -642.5757446289062,
        "y": 208.91802978515625,
        "z": 4087.71533203125
    },
    {
        "color": 4294967295,
        "name": "Generic Point 134",
        "x": -1654.304931640625,
        "y": 197.25277709960938,
        "z": 3462.85693359375
    },
    {
        "color": 4294967295,
        "name": "Generic Point 135",
        "x": -1280.9605712890625,
        "y": 192.17657470703125,
        "z": 3287.370849609375
    },
    {
        "color": 4294967295,
        "name": "Generic Point 136",
        "x": -1429.885498046875,
        "y": 264.96881103515625,
        "z": 3839.73779296875
    },
    {
        "color": 4294967295,
        "name": "Generic Point 137",
        "x": -614.1874389648438,
        "y": 144.75564575195312,
        "z": 4006.996826171875
    },
    {
        "color": 4294967295,
        "name": "Generic Point 138",
        "x": -435.9891357421875,
        "y": 217.24534606933594,
        "z": 3768.8720703125
    },
    {
        "color": 4294967295,
        "name": "Generic Point 139",
        "x": -930.5289916992188,
        "y": 317.40411376953125,
        "z": 3296.669189453125
    },
    {
        "color": 4294967295,
        "name": "Generic Point 14",
        "x": 783.2357788085938,
        "y": 335.7614440917969,
        "z": 5512.41015625
    },
    {
        "color": 4294967295,
        "name": "Generic Point 140",
        "x": -957.7809448242188,
        "y": 211.74290466308594,
        "z": 3784.76318359375
    },
    {
        "color": 4294967295,
        "name": "Generic Point 141",
        "x": -1517.52099609375,
        "y": 233.5787353515625,
        "z": 3107.052001953125
    },
    {
        "color": 4294967295,
        "name": "Generic Point 142",
        "x": 552.8848876953125,
        "y": 97.85613250732422,
        "z": 2530.022216796875
    },
    {
        "color": 4294967295,
        "name": "Generic Point 143",
        "x": -1130.4429931640625,
        "y": 260.34783935546875,
        "z": 2524.456298828125
    },
    {
        "color": 4294967295,
        "name": "Generic Point 144",
        "x": -1946.2303466796875,
        "y": 224.6179656982422,
        "z": 3296.117919921875
    },
    {
        "color": 4294967295,
        "name": "Generic Point 145",
        "x": -1839.4185791015625,
        "y": 360.46087646484375,
        "z": 3532.971435546875
    },
    {
        "color": 4294967295,
        "name": "Generic Point 146",
        "x": -1763.662109375,
        "y": 5.994068145751953,
        "z": 5539.62548828125
    },
    {
        "color": 4294967295,
        "name": "Generic Point 147",
        "x": -815.0606689453125,
        "y": -237.1800994873047,
        "z": 5862.640625
    },
    {
        "color": 4294967295,
        "name": "Generic Point 148",
        "x": -834.443359375,
        "y": -22.18606948852539,
        "z": 5785.15576171875
    },
    {
        "color": 4294967295,
        "name": "Generic Point 149",
        "x": -1852.0999755859375,
        "y": 19.229921340942383,
        "z": 5714.23486328125
    },
    {
        "color": 4294967295,
        "name": "Generic Point 15",
        "x": 889.9288330078125,
        "y": 288.2654724121094,
        "z": 5566.50390625
    },
    {
        "color": 4294967295,
        "name": "Generic Point 150",
        "x": -624.68359375,
        "y": 61.5851936340332,
        "z": 5740.755859375
    },
    {
        "color": 4294967295,
        "name": "Generic Point 151",
        "x": -508.57354736328125,
        "y": 83.91400146484375,
        "z": 5663.53759765625
    },
    {
        "color": 4294967295,
        "name": "Generic Point 152",
        "x": -406.4268493652344,
        "y": 134.69821166992188,
        "z": 5811.0947265625
    },
    {
        "color": 4294967295,
        "name": "Generic Point 153",
        "x": -214.64865112304688,
        "y": 153.69497680664062,
        "z": 5533.2236328125
    },
    {
        "color": 4294967295,
        "name": "Generic Point 154",
        "x": -431.820556640625,
        "y": 167.14407348632812,
        "z": 5563.32373046875
    },
    {
        "color": 4294967295,
        "name": "Generic Point 155",
        "x": -422.0492858886719,
        "y": -15.439088821411133,
        "z": 5562.57666015625
    },
    {
        "color": 4294967295,
        "name": "Generic Point 156",
        "x": -342.99468994140625,
        "y": -184.76498413085938,
        "z": 5445.7890625
    },
    {
        "color": 4294967295,
        "name": "Generic Point 157",
        "x": -1482.2498779296875,
        "y": 100.70809936523438,
        "z": 5031.70654296875
    },
    {
        "color": 4294967295,
        "name": "Generic Point 158",
        "x": -261.15533447265625,
        "y": 151.8129119873047,
        "z": 5267.31640625
    },
    {
        "color": 4294967295,
        "name": "Generic Point 159",
        "x": -403.3693542480469,
        "y": 293.3830261230469,
        "z": 5334.216796875
    },
    {
        "color": 4294967295,
        "name": "Generic Point 16",
        "x": 836.629150390625,
        "y": 326.0956726074219,
        "z": 5797.47265625
    },
    {
        "color": 4294967295,
        "name": "Generic Point 160",
        "x": -507.1511535644531,
        "y": 247.37811279296875,
        "z": 5405.7158203125
    },
    {
        "color": 4294967295,
        "name": "Generic Point 161",
        "x": -1713.6051025390625,
        "y": -1.0607744455337524,
        "z": 5826.86572265625
    },
    {
        "color": 4294967295,
        "name": "Generic Point 162",
        "x": -580.86474609375,
        "y": 202.0823516845703,
        "z": 5425.6357421875
    },
    {
        "color": 4294967295,
        "name": "Generic Point 163",
        "x": -193.4430694580078,
        "y": 86.28094482421875,
        "z": 5140.69287109375
    },
    {
        "color": 4294967295,
        "name": "Generic Point 164",
        "x": -249.3013916015625,
        "y": 236.47000122070312,
        "z": 5116.28466796875
    },
    {
        "color": 4294967295,
        "name": "Generic Point 165",
        "x": -188.61399841308594,
        "y": 139.49093627929688,
        "z": 5037.7958984375
    },
    {
        "color": 4294967295,
        "name": "Generic Point 166",
        "x": -399.7899169921875,
        "y": 254.66290283203125,
        "z": 5162.818359375
    },
    {
        "color": 4294967295,
        "name": "Generic Point 167",
        "x": -150.6462860107422,
        "y": 40.717899322509766,
        "z": 4777.84912109375
    },
    {
        "color": 4294967295,
        "name": "Generic Point 168",
        "x": -1201.5875244140625,
        "y": 105.6439208984375,
        "z": 5145.60888671875
    },
    {
        "color": 4294967295,
        "name": "Generic Point 169",
        "x": -253.9628143310547,
        "y": 4.392908573150635,
        "z": 4653.0439453125
    },
    {
        "color": 4294967295,
        "name": "Generic Point 17",
        "x": 908.1910400390625,
        "y": 362.7183837890625,
        "z": 5853.3408203125
    },
    {
        "color": 4294967295,
        "name": "Generic Point 170",
        "x": -234.57371520996094,
        "y": 134.44993591308594,
        "z": 4531.2119140625
    },
    {
        "color": 4294967295,
        "name": "Generic Point 171",
        "x": -108.19679260253906,
        "y": 260.076904296875,
        "z": 4334.578125
    },
    {
        "color": 4294967295,
        "name": "Generic Point 172",
        "x": -373.6708984375,
        "y": 229.63897705078125,
        "z": 4288.0322265625
    },
    {
        "color": 4294967295,
        "name": "Generic Point 173",
        "x": -1494.7755126953125,
        "y": 8.691926956176758,
        "z": 5483.427734375
    },
    {
        "color": 4294967295,
        "name": "Generic Point 174",
        "x": -457.5201416015625,
        "y": 71.02422332763672,
        "z": 4473.28515625
    },
    {
        "color": 4294967295,
        "name": "Generic Point 175",
        "x": -489.00189208984375,
        "y": 130.4754638671875,
        "z": 4600.9130859375
    },
    {
        "color": 4294967295,
        "name": "Generic Point 176",
        "x": -543.7138061523438,
        "y": 228.11094665527344,
        "z": 4844.93115234375
    },
    {
        "color": 4294967295,
        "name": "Generic Point 177",
        "x": -733.4540405273438,
        "y": -66.09308624267578,
        "z": 4428.552734375
    },
    {
        "color": 4294967295,
        "name": "Generic Point 178",
        "x": -800.4970703125,
        "y": 6.622211456298828,
        "z": 4469.98388671875
    },
    {
        "color": 4294967295,
        "name": "Generic Point 179",
        "x": -1207.8916015625,
        "y": 52.3689079284668,
        "z": 5276.0107421875
    },
    {
        "color": 4294967295,
        "name": "Generic Point 18",
        "x": 940.8936157226562,
        "y": 432.61932373046875,
        "z": 5904.62890625
    },
    {
        "color": 4294967295,
        "name": "Generic Point 180",
        "x": -1014.0514526367188,
        "y": 37.198158264160156,
        "z": 4561.57763671875
    },
    {
        "color": 4294967295,
        "name": "Generic Point 181",
        "x": -1062.04052734375,
        "y": 169.1090545654297,
        "z": 4927.50537109375
    },
    {
        "color": 4294967295,
        "name": "Generic Point 182",
        "x": -994.64794921875,
        "y": 28.380050659179688,
        "z": 4907.36279296875
    },
    {
        "color": 4294967295,
        "name": "Generic Point 183",
        "x": -830.9066772460938,
        "y": 194.01394653320312,
        "z": 4919.0439453125
    },
    {
        "color": 4294967295,
        "name": "Generic Point 184",
        "x": -813.3994750976562,
        "y": 243.1200408935547,
        "z": 4975.482421875
    },
    {
        "color": 4294967295,
        "name": "Generic Point 185",
        "x": -1414.2427978515625,
        "y": -19.874990463256836,
        "z": 5441.345703125
    },
    {
        "color": 4294967295,
        "name": "Generic Point 186",
        "x": -766.1715087890625,
        "y": -44.9549560546875,
        "z": 4899.96435546875
    },
    {
        "color": 4294967295,
        "name": "Generic Point 187",
        "x": -598.94384765625,
        "y": 264.1178894042969,
        "z": 5192.69091796875
    },
    {
        "color": 4294967295,
        "name": "Generic Point 188",
        "x": -690.62451171875,
        "y": -845.4805297851562,
        "z": 5240.11767578125
    },
    {
        "color": 4294967295,
        "name": "Generic Point 189",
        "x": -889.076171875,
        "y": -849.6068115234375,
        "z": 5197.84033203125
    },
    {
        "color": 4294967295,
        "name": "Generic Point 19",
        "x": 1036.148681640625,
        "y": 465.4654541015625,
        "z": 6029.98486328125
    },
    {
        "color": 4294967295,
        "name": "Generic Point 190",
        "x": -1176.02978515625,
        "y": -1.7690527439117432,
        "z": 5388.578125
    },
    {
        "color": 4294967295,
        "name": "Generic Point 191",
        "x": -855.713623046875,
        "y": -849.60693359375,
        "z": 5348.3994140625
    },
    {
        "color": 4294967295,
        "name": "Generic Point 192",
        "x": -1034.323486328125,
        "y": 154.3490447998047,
        "z": 5071.6318359375
    },
    {
        "color": 4294967295,
        "name": "Generic Point 193",
        "x": -1404.687744140625,
        "y": 2.526005744934082,
        "z": 5370.77587890625
    },
    {
        "color": 4294967295,
        "name": "Generic Point 194",
        "x": -1396.5859375,
        "y": -11.756919860839844,
        "z": 5603.79052734375
    },
    {
        "color": 4294967295,
        "name": "Generic Point 195",
        "x": -1275.5716552734375,
        "y": 3.9721405506134033,
        "z": 5715.14208984375
    },
    {
        "color": 4294967295,
        "name": "Generic Point 196",
        "x": -1226.3038330078125,
        "y": 51.334800720214844,
        "z": 5808.37060546875
    },
    {
        "color": 4294967295,
        "name": "Generic Point 197",
        "x": -1107.724609375,
        "y": -1.571091890335083,
        "z": 5407.85302734375
    },
    {
        "color": 4294967295,
        "name": "Generic Point 198",
        "x": -1215.0953369140625,
        "y": -15.636085510253906,
        "z": 5474.44775390625
    },
    {
        "color": 4294967295,
        "name": "Generic Point 199",
        "x": -999.6400756835938,
        "y": 99.87890625,
        "z": 5655.455078125
    },
    {
        "color": 4294967295,
        "name": "Generic Point 2",
        "x": 362.2799072265625,
        "y": 358.7905578613281,
        "z": 6897.2314453125
    },
    {
        "color": 4294967295,
        "name": "Generic Point 20",
        "x": 677.2869873046875,
        "y": 199.81927490234375,
        "z": 6676.78369140625
    },
    {
        "color": 4294967295,
        "name": "Generic Point 200",
        "x": -922.4898681640625,
        "y": -244.0130615234375,
        "z": 5996.1064453125
    },
    {
        "color": 4294967295,
        "name": "Generic Point 201",
        "x": -1560.567626953125,
        "y": 239.99420166015625,
        "z": 4154.58349609375
    },
    {
        "color": 4294967295,
        "name": "Generic Point 202",
        "x": -2010.930908203125,
        "y": 316.688232421875,
        "z": 4114.333984375
    },
    {
        "color": 4294967295,
        "name": "Generic Point 203",
        "x": -2058.8017578125,
        "y": 266.86773681640625,
        "z": 4304.375
    },
    {
        "color": 4294967295,
        "name": "Generic Point 204",
        "x": -2036.9227294921875,
        "y": 88.46468353271484,
        "z": 4557.40966796875
    },
    {
        "color": 4294967295,
        "name": "Generic Point 205",
        "x": -2292.72900390625,
        "y": 275.1001281738281,
        "z": 3943.297119140625
    },
    {
        "color": 4294967295,
        "name": "Generic Point 206",
        "x": -2410.42431640625,
        "y": 219.1471710205078,
        "z": 4088.42333984375
    },
    {
        "color": 4294967295,
        "name": "Generic Point 207",
        "x": -2450.66650390625,
        "y": 262.3979797363281,
        "z": 4185.65625
    },
    {
        "color": 4294967295,
        "name": "Generic Point 208",
        "x": -2414.124267578125,
        "y": 67.21807861328125,
        "z": 4269.2265625
    },
    {
        "color": 4294967295,
        "name": "Generic Point 209",
        "x": -2394.1533203125,
        "y": 78.79707336425781,
        "z": 4258.7333984375
    },
    {
        "color": 4294967295,
        "name": "Generic Point 21",
        "x": 764.1332397460938,
        "y": 221.08055114746094,
        "z": 6504.11767578125
    },
    {
        "color": 4294967295,
        "name": "Generic Point 210",
        "x": -2386.19677734375,
        "y": 76.98355865478516,
        "z": 4297.232421875
    },
    {
        "color": 4294967295,
        "name": "Generic Point 211",
        "x": -2317.441162109375,
        "y": 76.05187225341797,
        "z": 4323.39453125
    },
    {
        "color": 4294967295,
        "name": "Generic Point 212",
        "x": -1497.021240234375,
        "y": 263.163818359375,
        "z": 4403.89453125
    },
    {
        "color": 4294967295,
        "name": "Generic Point 213",
        "x": -2327.577392578125,
        "y": 69.62054443359375,
        "z": 4445.80029296875
    },
    {
        "color": 4294967295,
        "name": "Generic Point 214",
        "x": -2376.02783203125,
        "y": 187.09585571289062,
        "z": 4540.21533203125
    },
    {
        "color": 4294967295,
        "name": "Generic Point 215",
        "x": -2335.268310546875,
        "y": 134.05227661132812,
        "z": 4669.49609375
    },
    {
        "color": 4294967295,
        "name": "Generic Point 216",
        "x": -2722.37451171875,
        "y": 311.58746337890625,
        "z": 4186.65478515625
    },
    {
        "color": 4294967295,
        "name": "Generic Point 217",
        "x": -3007.880859375,
        "y": 14.88998031616211,
        "z": 4250.0869140625
    },
    {
        "color": 4294967295,
        "name": "Generic Point 218",
        "x": -3130.51513671875,
        "y": 30.019773483276367,
        "z": 4302.45166015625
    },
    {
        "color": 4294967295,
        "name": "Generic Point 219",
        "x": -3327.4892578125,
        "y": 228.47666931152344,
        "z": 4551.27294921875
    },
    {
        "color": 4294967295,
        "name": "Generic Point 22",
        "x": 141.14834594726562,
        "y": 260.9606018066406,
        "z": 6127.79248046875
    },
    {
        "color": 4294967295,
        "name": "Generic Point 220",
        "x": -3327.03125,
        "y": 231.17562866210938,
        "z": 4583.74609375
    },
    {
        "color": 4294967295,
        "name": "Generic Point 221",
        "x": -3322.92822265625,
        "y": 266.33770751953125,
        "z": 4616.8232421875
    },
    {
        "color": 4294967295,
        "name": "Generic Point 222",
        "x": -3248.822265625,
        "y": 373.9049377441406,
        "z": 4719.69677734375
    },
    {
        "color": 4294967295,
        "name": "Generic Point 223",
        "x": -1485.3907470703125,
        "y": 31.363243103027344,
        "z": 4412.07275390625
    },
    {
        "color": 4294967295,
        "name": "Generic Point 224",
        "x": -3002.4306640625,
        "y": 282.7456359863281,
        "z": 4909.357421875
    },
    {
        "color": 4294967295,
        "name": "Generic Point 225",
        "x": -2957.27685546875,
        "y": 323.7518310546875,
        "z": 4760.53125
    },
    {
        "color": 4294967295,
        "name": "Generic Point 226",
        "x": -2836.416015625,
        "y": 29.594432830810547,
        "z": 4524.11083984375
    },
    {
        "color": 4294967295,
        "name": "Generic Point 227",
        "x": -2716.8017578125,
        "y": 242.50698852539062,
        "z": 4647.830078125
    },
    {
        "color": 4294967295,
        "name": "Generic Point 228",
        "x": -2694.4599609375,
        "y": 286.94097900390625,
        "z": 4752.03662109375
    },
    {
        "color": 4294967295,
        "name": "Generic Point 229",
        "x": -2740.220703125,
        "y": 186.52720642089844,
        "z": 4959.0771484375
    },
    {
        "color": 4294967295,
        "name": "Generic Point 23",
        "x": 770.253173828125,
        "y": 247.99705505371094,
        "z": 6154.85302734375
    },
    {
        "color": 4294967295,
        "name": "Generic Point 230",
        "x": -2787.59716796875,
        "y": 223.4852294921875,
        "z": 5278.35107421875
    },
    {
        "color": 4294967295,
        "name": "Generic Point 231",
        "x": -2753.85791015625,
        "y": -29.616840362548828,
        "z": 5359.70068359375
    },
    {
        "color": 4294967295,
        "name": "Generic Point 232",
        "x": -2992.284423828125,
        "y": 218.3334503173828,
        "z": 5293.0009765625
    },
    {
        "color": 4294967295,
        "name": "Generic Point 233",
        "x": -2992.767822265625,
        "y": 221.2344512939453,
        "z": 5541.12890625
    },
    {
        "color": 4294967295,
        "name": "Generic Point 234",
        "x": -1430.011474609375,
        "y": 117.89729309082031,
        "z": 4768.00732421875
    },
    {
        "color": 4294967295,
        "name": "Generic Point 235",
        "x": -2829.77392578125,
        "y": 98.895263671875,
        "z": 5803.431640625
    },
    {
        "color": 4294967295,
        "name": "Generic Point 236",
        "x": -2637.159912109375,
        "y": 8.318041801452637,
        "z": 5680.25537109375
    },
    {
        "color": 4294967295,
        "name": "Generic Point 237",
        "x": -2582.89501953125,
        "y": 35.68068313598633,
        "z": 5882.76318359375
    },
    {
        "color": 4294967295,
        "name": "Generic Point 238",
        "x": -2673.631103515625,
        "y": 218.59320068359375,
        "z": 5945.3486328125
    },
    {
        "color": 4294967295,
        "name": "Generic Point 239",
        "x": -1826.234130859375,
        "y": 138.9668426513672,
        "z": 4881.54150390625
    },
    {
        "color": 4294967295,
        "name": "Generic Point 24",
        "x": 894.176025390625,
        "y": 129.78598022460938,
        "z": 6474.7294921875
    },
    {
        "color": 4294967295,
        "name": "Generic Point 240",
        "x": -2042.36572265625,
        "y": 186.77914428710938,
        "z": 5134.14404296875
    },
    {
        "color": 4294967295,
        "name": "Generic Point 241",
        "x": -1922.0167236328125,
        "y": 136.20947265625,
        "z": 5305.23388671875
    },
    {
        "color": 4294967295,
        "name": "Generic Point 242",
        "x": -1972.9566650390625,
        "y": 184.88360595703125,
        "z": 5441.44384765625
    },
    {
        "color": 4294967295,
        "name": "Generic Point 243",
        "x": -1852.64453125,
        "y": 168.11351013183594,
        "z": 5581.72509765625
    },
    {
        "color": 4294967295,
        "name": "Generic Point 244",
        "x": -1940.4462890625,
        "y": 150.49786376953125,
        "z": 5927.244140625
    },
    {
        "color": 4294967295,
        "name": "Generic Point 245",
        "x": -1419.095703125,
        "y": 23.316791534423828,
        "z": 4753.13037109375
    },
    {
        "color": 4294967295,
        "name": "Generic Point 246",
        "x": -2107.583984375,
        "y": 190.69752502441406,
        "z": 5972.3251953125
    },
    {
        "color": 4294967295,
        "name": "Generic Point 247",
        "x": -2099.712158203125,
        "y": -22.096569061279297,
        "z": 5815.26025390625
    },
    {
        "color": 4294967295,
        "name": "Generic Point 248",
        "x": -2156.48681640625,
        "y": 190.75807189941406,
        "z": 5747.9033203125
    },
    {
        "color": 4294967295,
        "name": "Generic Point 249",
        "x": -2365.15185546875,
        "y": -41.12721252441406,
        "z": 5910.75244140625
    },
    {
        "color": 4294967295,
        "name": "Generic Point 25",
        "x": 1086.0870361328125,
        "y": 124.709228515625,
        "z": 6526.47021484375
    },
    {
        "color": 4294967295,
        "name": "Generic Point 250",
        "x": -2324.4150390625,
        "y": 188.19285583496094,
        "z": 5780.5986328125
    },
    {
        "color": 4294967295,
        "name": "Generic Point 251",
        "x": -2386.0166015625,
        "y": 206.623291015625,
        "z": 5770.98193359375
    },
    {
        "color": 4294967295,
        "name": "Generic Point 252",
        "x": -2319.143310546875,
        "y": 45.616390228271484,
        "z": 5748.087890625
    },
    {
        "color": 4294967295,
        "name": "Generic Point 253",
        "x": -2192.252685546875,
        "y": 16.999834060668945,
        "z": 5568.6171875
    },
    {
        "color": 4294967295,
        "name": "Generic Point 254",
        "x": -2150.14501953125,
        "y": -17.152076721191406,
        "z": 5557.8125
    },
    {
        "color": 4294967295,
        "name": "Generic Point 255",
        "x": -2301.538818359375,
        "y": 142.50674438476562,
        "z": 5004.416015625
    },
    {
        "color": 4294967295,
        "name": "Generic Point 256",
        "x": -1424.1378173828125,
        "y": 15.241608619689941,
        "z": 4707.10498046875
    },
    {
        "color": 4294967295,
        "name": "Generic Point 257",
        "x": -2351.2666015625,
        "y": 153.12680053710938,
        "z": 5101.4765625
    },
    {
        "color": 4294967295,
        "name": "Generic Point 258",
        "x": -2422.3125,
        "y": 134.42868041992188,
        "z": 5269.15380859375
    },
    {
        "color": 4294967295,
        "name": "Generic Point 259",
        "x": -2380.1943359375,
        "y": 24.138216018676758,
        "z": 5303.99853515625
    },
    {
        "color": 4294967295,
        "name": "Generic Point 26",
        "x": 455.3750305175781,
        "y": 115.02024841308594,
        "z": 6435.61279296875
    },
    {
        "color": 4294967295,
        "name": "Generic Point 260",
        "x": -2315.6708984375,
        "y": 170.51651000976562,
        "z": 5309.7822265625
    },
    {
        "color": 4294967295,
        "name": "Generic Point 261",
        "x": -2380.22607421875,
        "y": 67.2138442993164,
        "z": 5377.9619140625
    },
    {
        "color": 4294967295,
        "name": "Generic Point 262",
        "x": -2495.23193359375,
        "y": 44.70467758178711,
        "z": 5298.005859375
    },
    {
        "color": 4294967295,
        "name": "Generic Point 263",
        "x": -2226.90966796875,
        "y": 99.84318542480469,
        "z": 5258.826171875
    },
    {
        "color": 4294967295,
        "name": "Generic Point 264",
        "x": -2308.136962890625,
        "y": 201.04542541503906,
        "z": 5513.41552734375
    },
    {
        "color": 4294967295,
        "name": "Generic Point 265",
        "x": -2305.026123046875,
        "y": 51.983882904052734,
        "z": 5568.6484375
    },
    {
        "color": 4294967295,
        "name": "Generic Point 266",
        "x": -2390.50537109375,
        "y": 200.53399658203125,
        "z": 5513.89599609375
    },
    {
        "color": 4294967295,
        "name": "Generic Point 267",
        "x": -1635.3916015625,
        "y": 32.1069221496582,
        "z": 4527.677734375
    },
    {
        "color": 4294967295,
        "name": "Generic Point 268",
        "x": -2348.918701171875,
        "y": 336.92767333984375,
        "z": 5529.51953125
    },
    {
        "color": 4294967295,
        "name": "Generic Point 269",
        "x": -1839.6666259765625,
        "y": 368.0989685058594,
        "z": 4222.6240234375
    },
    {
        "color": 4294967295,
        "name": "Generic Point 27",
        "x": 552.982177734375,
        "y": 148.52781677246094,
        "z": 6275.6845703125
    },
    {
        "color": 4294967295,
        "name": "Generic Point 270",
        "x": -1936.444091796875,
        "y": 276.4112854003906,
        "z": 4225.150390625
    },
    {
        "color": 4294967295,
        "name": "Generic Point 28",
        "x": 400.5538024902344,
        "y": 148.54591369628906,
        "z": 6280.0576171875
    },
    {
        "color": 4294967295,
        "name": "Generic Point 29",
        "x": 465.1424865722656,
        "y": 98.72233581542969,
        "z": 6331.11279296875
    },
    {
        "color": 4294967295,
        "name": "Generic Point 3",
        "x": 559.8453979492188,
        "y": 398.4201965332031,
        "z": 6916.58056640625
    },
    {
        "color": 4294967295,
        "name": "Generic Point 30",
        "x": 366.2975769042969,
        "y": 233.37306213378906,
        "z": 6188.5322265625
    },
    {
        "color": 4294967295,
        "name": "Generic Point 31",
        "x": 393.6295471191406,
        "y": 337.1643981933594,
        "z": 6237.0380859375
    },
    {
        "color": 4294967295,
        "name": "Generic Point 32",
        "x": 264.6774597167969,
        "y": 319.7093505859375,
        "z": 6374.62939453125
    },
    {
        "color": 4294967295,
        "name": "Generic Point 33",
        "x": 339.45379638671875,
        "y": 293.2669372558594,
        "z": 6444.58203125
    },
    {
        "color": 4294967295,
        "name": "Generic Point 34",
        "x": 546.0648193359375,
        "y": 310.05560302734375,
        "z": 6355.8408203125
    },
    {
        "color": 4294967295,
        "name": "Generic Point 35",
        "x": 487.81573486328125,
        "y": 216.94967651367188,
        "z": 6453.26416015625
    },
    {
        "color": 4294967295,
        "name": "Generic Point 36",
        "x": 448.99591064453125,
        "y": 246.14596557617188,
        "z": 2233.669189453125
    },
    {
        "color": 4294967295,
        "name": "Generic Point 37",
        "x": 95.03369140625,
        "y": 245.44451904296875,
        "z": 2654.9716796875
    },
    {
        "color": 4294967295,
        "name": "Generic Point 38",
        "x": -1312.8182373046875,
        "y": 313.994873046875,
        "z": 2108.41064453125
    },
    {
        "color": 4294967295,
        "name": "Generic Point 39",
        "x": -1239.7283935546875,
        "y": 268.2805480957031,
        "z": 2210.85009765625
    },
    {
        "color": 4294967295,
        "name": "Generic Point 4",
        "x": 617.8270263671875,
        "y": 404.9527282714844,
        "z": 6611.13671875
    },
    {
        "color": 4294967295,
        "name": "Generic Point 40",
        "x": -300.415283203125,
        "y": 166.16201782226562,
        "z": 2514.098876953125
    },
    {
        "color": 4294967295,
        "name": "Generic Point 41",
        "x": -86.958984375,
        "y": 279.9291076660156,
        "z": 2333.200439453125
    },
    {
        "color": 4294967295,
        "name": "Generic Point 42",
        "x": -748.3939819335938,
        "y": 156.58628845214844,
        "z": 2282.944091796875
    },
    {
        "color": 4294967295,
        "name": "Generic Point 43",
        "x": -795.3292236328125,
        "y": 167.7083740234375,
        "z": 2375.9404296875
    },
    {
        "color": 4294967295,
        "name": "Generic Point 44",
        "x": -819.8872680664062,
        "y": 228.1214599609375,
        "z": 2497.65673828125
    },
    {
        "color": 4294967295,
        "name": "Generic Point 45",
        "x": -1095.9964599609375,
        "y": 282.4898681640625,
        "z": 2024.8515625
    },
    {
        "color": 4294967295,
        "name": "Generic Point 46",
        "x": -1287.216064453125,
        "y": 344.00823974609375,
        "z": 1994.727783203125
    },
    {
        "color": 4294967295,
        "name": "Generic Point 47",
        "x": -1728.9483642578125,
        "y": 221.05491638183594,
        "z": 2095.52783203125
    },
    {
        "color": 4294967295,
        "name": "Generic Point 48",
        "x": -1488.0992431640625,
        "y": 359.2080383300781,
        "z": 2048.19873046875
    },
    {
        "color": 4294967295,
        "name": "Generic Point 49",
        "x": 406.784912109375,
        "y": 263.5754699707031,
        "z": 2374.474609375
    },
    {
        "color": 4294967295,
        "name": "Generic Point 5",
        "x": 625.6817626953125,
        "y": 383.53216552734375,
        "z": 6534.42626953125
    },
    {
        "color": 4294967295,
        "name": "Generic Point 50",
        "x": -1494.718017578125,
        "y": 241.7584686279297,
        "z": 2358.238525390625
    },
    {
        "color": 4294967295,
        "name": "Generic Point 51",
        "x": -1566.6160888671875,
        "y": 532.6560668945312,
        "z": 2154.795654296875
    },
    {
        "color": 4294967295,
        "name": "Generic Point 52",
        "x": -1860.343017578125,
        "y": 234.7837677001953,
        "z": 2342.49853515625
    },
    {
        "color": 4294967295,
        "name": "Generic Point 53",
        "x": -1952.178466796875,
        "y": 214.06089782714844,
        "z": 2881.843994140625
    },
    {
        "color": 4294967295,
        "name": "Generic Point 54",
        "x": -1707.1563720703125,
        "y": 203.654541015625,
        "z": 2609.26416015625
    },
    {
        "color": 4294967295,
        "name": "Generic Point 55",
        "x": -1703.241943359375,
        "y": 236.8673095703125,
        "z": 2720.337890625
    },
    {
        "color": 4294967295,
        "name": "Generic Point 56",
        "x": -1636.86376953125,
        "y": 202.92279052734375,
        "z": 2546.95458984375
    },
    {
        "color": 4294967295,
        "name": "Generic Point 57",
        "x": -1370.29345703125,
        "y": 307.45843505859375,
        "z": 2184.4853515625
    },
    {
        "color": 4294967295,
        "name": "Generic Point 58",
        "x": -717.3482666015625,
        "y": 207.15919494628906,
        "z": 2741.123779296875
    },
    {
        "color": 4294967295,
        "name": "Generic Point 59",
        "x": -1101.0009765625,
        "y": 158.09521484375,
        "z": 2195.9990234375
    },
    {
        "color": 4294967295,
        "name": "Generic Point 6",
        "x": 1131.6328125,
        "y": 212.80868530273438,
        "z": 6496.283203125
    },
    {
        "color": 4294967295,
        "name": "Generic Point 60",
        "x": 338.00445556640625,
        "y": 287.0434265136719,
        "z": 2273.257080078125
    },
    {
        "color": 4294967295,
        "name": "Generic Point 61",
        "x": -1357.4063720703125,
        "y": 163.22024536132812,
        "z": 2368.740234375
    },
    {
        "color": 4294967295,
        "name": "Generic Point 62",
        "x": -1559.354736328125,
        "y": 222.0008544921875,
        "z": 2436.2802734375
    },
    {
        "color": 4294967295,
        "name": "Generic Point 63",
        "x": -1480.0916748046875,
        "y": 234.66839599609375,
        "z": 2571.40234375
    },
    {
        "color": 4294967295,
        "name": "Generic Point 64",
        "x": -1470.367919921875,
        "y": 215.64013671875,
        "z": 2467.912841796875
    },
    {
        "color": 4294967295,
        "name": "Generic Point 65",
        "x": -1219.6932373046875,
        "y": 347.1818542480469,
        "z": 2452.800048828125
    },
    {
        "color": 4294967295,
        "name": "Generic Point 66",
        "x": -1074.95556640625,
        "y": 220.0328826904297,
        "z": 2312.758056640625
    },
    {
        "color": 4294967295,
        "name": "Generic Point 67",
        "x": -1018.60693359375,
        "y": 247.7108612060547,
        "z": 2515.74169921875
    },
    {
        "color": 4294967295,
        "name": "Generic Point 68",
        "x": -856.5458374023438,
        "y": 214.87567138671875,
        "z": 2594.868896484375
    },
    {
        "color": 4294967295,
        "name": "Generic Point 69",
        "x": -1194.61181640625,
        "y": 216.51620483398438,
        "z": 2589.777099609375
    },
    {
        "color": 4294967295,
        "name": "Generic Point 7",
        "x": 561.0384521484375,
        "y": 351.181884765625,
        "z": 6072.2255859375
    },
    {
        "color": 4294967295,
        "name": "Generic Point 70",
        "x": -1227.817626953125,
        "y": 266.7447204589844,
        "z": 2675.327880859375
    },
    {
        "color": 4294967295,
        "name": "Generic Point 71",
        "x": 208.4235382080078,
        "y": 264.0018615722656,
        "z": 2224.485107421875
    },
    {
        "color": 4294967295,
        "name": "Generic Point 72",
        "x": -1647.976318359375,
        "y": 239.0124053955078,
        "z": 2876.75
    },
    {
        "color": 4294967295,
        "name": "Generic Point 73",
        "x": -1328.656005859375,
        "y": 294.6259765625,
        "z": 2866.8623046875
    },
    {
        "color": 4294967295,
        "name": "Generic Point 74",
        "x": -636.9053344726562,
        "y": 207.9325408935547,
        "z": 2726.95849609375
    },
    {
        "color": 4294967295,
        "name": "Generic Point 75",
        "x": -108.25499725341797,
        "y": 248.65623474121094,
        "z": 2711.84326171875
    },
    {
        "color": 4294967295,
        "name": "Generic Point 76",
        "x": 85.98639678955078,
        "y": 224.71432495117188,
        "z": 2990.097900390625
    },
    {
        "color": 4294967295,
        "name": "Generic Point 77",
        "x": -821.3297729492188,
        "y": 217.874267578125,
        "z": 2957.003662109375
    },
    {
        "color": 4294967295,
        "name": "Generic Point 78",
        "x": -71.39478302001953,
        "y": 197.4397735595703,
        "z": 2812.284423828125
    },
    {
        "color": 4294967295,
        "name": "Generic Point 79",
        "x": -410.937255859375,
        "y": 256.0386657714844,
        "z": 2958.451171875
    },
    {
        "color": 4294967295,
        "name": "Generic Point 8",
        "x": 638.3604736328125,
        "y": 347.0871887207031,
        "z": 5864.31787109375
    },
    {
        "color": 4294967295,
        "name": "Generic Point 80",
        "x": -48.6525764465332,
        "y": 186.92124938964844,
        "z": 2866.421142578125
    },
    {
        "color": 4294967295,
        "name": "Generic Point 81",
        "x": -369.47808837890625,
        "y": 446.6943359375,
        "z": 2941.967041015625
    },
    {
        "color": 4294967295,
        "name": "Generic Point 82",
        "x": 164.2002716064453,
        "y": 428.4007568359375,
        "z": 2135.299072265625
    },
    {
        "color": 4294967295,
        "name": "Generic Point 83",
        "x": -17.15057373046875,
        "y": 375.97894287109375,
        "z": 2991.150146484375
    },
    {
        "color": 4294967295,
        "name": "Generic Point 84",
        "x": -635.616455078125,
        "y": 246.2914581298828,
        "z": 3001.683349609375
    },
    {
        "color": 4294967295,
        "name": "Generic Point 85",
        "x": -80.63677978515625,
        "y": 312.7060241699219,
        "z": 3184.734130859375
    },
    {
        "color": 4294967295,
        "name": "Generic Point 86",
        "x": -221.26498413085938,
        "y": 261.06036376953125,
        "z": 3142.2685546875
    },
    {
        "color": 4294967295,
        "name": "Generic Point 87",
        "x": -1075.7159423828125,
        "y": 184.4447479248047,
        "z": 2926.95703125
    },
    {
        "color": 4294967295,
        "name": "Generic Point 88",
        "x": -1739.2119140625,
        "y": 187.37283325195312,
        "z": 3003.668701171875
    },
    {
        "color": 4294967295,
        "name": "Generic Point 89",
        "x": -1715.68896484375,
        "y": 297.2641296386719,
        "z": 3135.68603515625
    },
    {
        "color": 4294967295,
        "name": "Generic Point 9",
        "x": 486.78546142578125,
        "y": 378.72650146484375,
        "z": 5790.7373046875
    },
    {
        "color": 4294967295,
        "name": "Generic Point 90",
        "x": -1153.5089111328125,
        "y": 233.66734313964844,
        "z": 2954.313720703125
    },
    {
        "color": 4294967295,
        "name": "Generic Point 91",
        "x": -1292.2843017578125,
        "y": 194.77230834960938,
        "z": 3058.640625
    },
    {
        "color": 4294967295,
        "name": "Generic Point 92",
        "x": -643.2579345703125,
        "y": 265.5284729003906,
        "z": 3104.323486328125
    },
    {
        "color": 4294967295,
        "name": "Generic Point 93",
        "x": 40.47917938232422,
        "y": 468.4630126953125,
        "z": 2058.9560546875
    },
    {
        "color": 4294967295,
        "name": "Generic Point 94",
        "x": -1907.5865478515625,
        "y": 241.23611450195312,
        "z": 3362.940673828125
    },
    {
        "color": 4294967295,
        "name": "Generic Point 95",
        "x": -1738.324951171875,
        "y": 113.25243377685547,
        "z": 3255.385986328125
    },
    {
        "color": 4294967295,
        "name": "Generic Point 96",
        "x": -1589.28662109375,
        "y": 140.60438537597656,
        "z": 3346.5419921875
    },
    {
        "color": 4294967295,
        "name": "Generic Point 97",
        "x": -1783.7147216796875,
        "y": 107.54360961914062,
        "z": 3265.320068359375
    },
    {
        "color": 4294967295,
        "name": "Generic Point 98",
        "x": -1637.5775146484375,
        "y": 225.39707946777344,
        "z": 3336.8056640625
    },
    {
        "color": 4294967295,
        "name": "Generic Point 99",
        "x": -1536.049072265625,
        "y": 200.8632049560547,
        "z": 3245.388427734375
    }
]