[
    {
        "color": 4294967295,
        "name": "Generic Point 0",
        "x": -6224.328125,
        "y": 201.38949584960938,
        "z": -3207.81787109375
    },
    {
        "color": 4294967295,
        "name": "Generic Point 1",
        "x": -6082.0439453125,
        "y": 209.7269744873047,
        "z": -2897.2353515625
    },
    {
        "color": 4294967295,
        "name": "Generic Point 10",
        "x": -6270.193359375,
        "y": 222.4564208984375,
        "z": -2951.962158203125
    },
    {
        "color": 4294967295,
        "name": "Generic Point 11",
        "x": -6317.65771484375,
        "y": 244.16790771484375,
        "z": -2818.771240234375
    },
    {
        "color": 4294967295,
        "name": "Generic Point 12",
        "x": -6399.244140625,
        "y": 200.70005798339844,
        "z": -2847.1455078125
    },
    {
        "color": 4294967295,
        "name": "Generic Point 13",
        "x": -6435.54345703125,
        "y": 209.8477020263672,
        "z": -2731.05419921875
    },
    {
        "color": 4294967295,
        "name": "Generic Point 14",
        "x": -6597.904296875,
        "y": 201.28211975097656,
        "z": -2713.06201171875
    },
    {
        "color": 4294967295,
        "name": "Generic Point 15",
        "x": -6236.87060546875,
        "y": 208.47705078125,
        "z": -2852.5146484375
    },
    {
        "color": 4294967295,
        "name": "Generic Point 16",
        "x": -6198.47314453125,
        "y": 209.6822052001953,
        "z": -2854.2998046875
    },
    {
        "color": 4294967295,
        "name": "Generic Point 2",
        "x": -6051.92431640625,
        "y": 210.57412719726562,
        "z": -2908.70947265625
    },
    {
        "color": 4294967295,
        "name": "Generic Point 3",
        "x": -6323.755859375,
        "y": 254.00221252441406,
        "z": -2555.185546875
    },
    {
        "color": 4294967295,
        "name": "Generic Point 4",
        "x": -6224.43212890625,
        "y": 228.7210693359375,
        "z": -2510.9423828125
    },
    {
        "color": 4294967295,
        "name": "Generic Point 5",
        "x": -6179.25390625,
        "y": 225.23501586914062,
        "z": -2453.500244140625
    },
    {
        "color": 4294967295,
        "name": "Generic Point 6",
        "x": -6015.55078125,
        "y": 204.5338134765625,
        "z": -2639.142578125
    },
    {
        "color": 4294967295,
        "name": "Generic Point 7",
        "x": -6062.94287109375,
        "y": 201.99781799316406,
        "z": -2581.9755859375
    },
    {
        "color": 4294967295,
        "name": "Generic Point 8",
        "x": -6114.73095703125,
        "y": 201.724853515625,
        "z": -2616.3271484375
    },
    {
        "color": 4294967295,
        "name": "Generic Point 9",
        "x": -6256.3515625,
        "y": 203.56016540527344,
        "z": -3109.8994140625
    }
]