[
    {
        "color": 4294967295,
        "name": "Generic Point 0",
        "x": -3577.164,
        "y": 203.207,
        "z": -3434.973
    },
    {
        "color": 4294967295,
        "name": "Generic Point 1",
        "x": 1109.108,
        "y": 311.565,
        "z": -1475.545
    },
    {
        "color": 4294967295,
        "name": "Generic Point 10",
        "x": 2447.928,
        "y": 315.314,
        "z": -1690.728
    },
    {
        "color": 4294967295,
        "name": "Generic Point 100",
        "x": 1706.228,
        "y": 251.443,
        "z": 190.449
    },
    {
        "color": 4294967295,
        "name": "Generic Point 101",
        "x": 1718.252,
        "y": 257.277,
        "z": 182.444
    },
    {
        "color": 4294967295,
        "name": "Generic Point 102",
        "x": 1656.475,
        "y": 203.23,
        "z": 104.063
    },
    {
        "color": 4294967295,
        "name": "Generic Point 103",
        "x": 1782.918,
        "y": 209.94,
        "z": 66.735
    },
    {
        "color": 4294967295,
        "name": "Generic Point 104",
        "x": 1953.468,
        "y": 236.989,
        "z": -137.188
    },
    {
        "color": 4294967295,
        "name": "Generic Point 105",
        "x": 1931.997,
        "y": 244.601,
        "z": -349.748
    },
    {
        "color": 4294967295,
        "name": "Generic Point 106",
        "x": 1926.888,
        "y": 259.305,
        "z": -500.398
    },
    {
        "color": 4294967295,
        "name": "Generic Point 107",
        "x": 1775.798,
        "y": 250.628,
        "z": -632.46
    },
    {
        "color": 4294967295,
        "name": "Generic Point 108",
        "x": 1762.496,
        "y": 251.628,
        "z": -648.824
    },
    {
        "color": 4294967295,
        "name": "Generic Point 109",
        "x": 1145.311,
        "y": 302.585,
        "z": -1558.996
    },
    {
        "color": 4294967295,
        "name": "Generic Point 11",
        "x": 2636.254,
        "y": 257.23400000000004,
        "z": -1689.932
    },
    {
        "color": 4294967295,
        "name": "Generic Point 110",
        "x": 1753.895,
        "y": 249.49,
        "z": -746.998
    },
    {
        "color": 4294967295,
        "name": "Generic Point 111",
        "x": 1707.284,
        "y": 269.954,
        "z": -899.493
    },
    {
        "color": 4294967295,
        "name": "Generic Point 112",
        "x": 2127.485,
        "y": 220.14,
        "z": -1268.859
    },
    {
        "color": 4294967295,
        "name": "Generic Point 113",
        "x": 2254.455,
        "y": 241.082,
        "z": -1219.711
    },
    {
        "color": 4294967295,
        "name": "Generic Point 114",
        "x": 2358.699,
        "y": 255.83,
        "z": -1242.654
    },
    {
        "color": 4294967295,
        "name": "Generic Point 115",
        "x": 2446.795,
        "y": 223.434,
        "z": -1346.409
    },
    {
        "color": 4294967295,
        "name": "Generic Point 116",
        "x": 2458.818,
        "y": 223.158,
        "z": -1369.044
    },
    {
        "color": 4294967295,
        "name": "Generic Point 117",
        "x": 2312.641,
        "y": 251.19,
        "z": -1324.217
    },
    {
        "color": 4294967295,
        "name": "Generic Point 118",
        "x": 2193.291,
        "y": 238.001,
        "z": -1302.206
    },
    {
        "color": 4294967295,
        "name": "Generic Point 119",
        "x": 2031.209,
        "y": 227.87,
        "z": -1507.028
    },
    {
        "color": 4294967295,
        "name": "Generic Point 12",
        "x": 1154.282,
        "y": 304.889,
        "z": -1459.861
    },
    {
        "color": 4294967295,
        "name": "Generic Point 13",
        "x": 2788.657,
        "y": 264.641,
        "z": -1669.473
    },
    {
        "color": 4294967295,
        "name": "Generic Point 14",
        "x": 2886.933,
        "y": 262.005,
        "z": -1794.496
    },
    {
        "color": 4294967295,
        "name": "Generic Point 15",
        "x": 2936.877,
        "y": 240.33,
        "z": -1800.937
    },
    {
        "color": 4294967295,
        "name": "Generic Point 16",
        "x": 2912.751,
        "y": 264.778,
        "z": -1541.949
    },
    {
        "color": 4294967295,
        "name": "Generic Point 17",
        "x": 2928.163,
        "y": 266.374,
        "z": -1574.433
    },
    {
        "color": 4294967295,
        "name": "Generic Point 18",
        "x": 2892.937,
        "y": 281.334,
        "z": -1466.279
    },
    {
        "color": 4294967295,
        "name": "Generic Point 19",
        "x": 2954.343,
        "y": 275.394,
        "z": -1257.054
    },
    {
        "color": 4294967295,
        "name": "Generic Point 2",
        "x": 2001.298,
        "y": 222.72,
        "z": -1593.371
    },
    {
        "color": 4294967295,
        "name": "Generic Point 20",
        "x": 2841.359,
        "y": 279.957,
        "z": -1216.094
    },
    {
        "color": 4294967295,
        "name": "Generic Point 21",
        "x": 2756.167,
        "y": 261.529,
        "z": -1240.109
    },
    {
        "color": 4294967295,
        "name": "Generic Point 22",
        "x": 2703.38,
        "y": 251.472,
        "z": -1220.617
    },
    {
        "color": 4294967295,
        "name": "Generic Point 23",
        "x": 1188.565,
        "y": 296.616,
        "z": -1470.234
    },
    {
        "color": 4294967295,
        "name": "Generic Point 24",
        "x": 2765.357,
        "y": 245.508,
        "z": -1065.323
    },
    {
        "color": 4294967295,
        "name": "Generic Point 25",
        "x": 1313.99,
        "y": 272.252,
        "z": -1448.942
    },
    {
        "color": 4294967295,
        "name": "Generic Point 26",
        "x": 1235.675,
        "y": 303.206,
        "z": -1354.63
    },
    {
        "color": 4294967295,
        "name": "Generic Point 27",
        "x": 1270.134,
        "y": 315.178,
        "z": -1276.428
    },
    {
        "color": 4294967295,
        "name": "Generic Point 28",
        "x": 1304.404,
        "y": 293.391,
        "z": -1363.498
    },
    {
        "color": 4294967295,
        "name": "Generic Point 29",
        "x": 1324.602,
        "y": 293.039,
        "z": -1375.064
    },
    {
        "color": 4294967295,
        "name": "Generic Point 3",
        "x": 2072.127,
        "y": 226.2,
        "z": -1636.153
    },
    {
        "color": 4294967295,
        "name": "Generic Point 30",
        "x": 1494.622,
        "y": 246.463,
        "z": -1419.918
    },
    {
        "color": 4294967295,
        "name": "Generic Point 31",
        "x": 1600.499,
        "y": 249.227,
        "z": -1670.719
    },
    {
        "color": 4294967295,
        "name": "Generic Point 32",
        "x": -3193.52,
        "y": 211.079,
        "z": -3393.638
    },
    {
        "color": 4294967295,
        "name": "Generic Point 33",
        "x": 1632.222,
        "y": 249.043,
        "z": -1598.37
    },
    {
        "color": 4294967295,
        "name": "Generic Point 34",
        "x": 1515.9,
        "y": 275.086,
        "z": -1536.841
    },
    {
        "color": 4294967295,
        "name": "Generic Point 35",
        "x": 1643.667,
        "y": 278.989,
        "z": -1516.104
    },
    {
        "color": 4294967295,
        "name": "Generic Point 36",
        "x": 1647.838,
        "y": 277.35,
        "z": -1486.13
    },
    {
        "color": 4294967295,
        "name": "Generic Point 37",
        "x": 1578.612,
        "y": 251.111,
        "z": -1385.626
    },
    {
        "color": 4294967295,
        "name": "Generic Point 38",
        "x": 1501.88,
        "y": 296.115,
        "z": -1179.218
    },
    {
        "color": 4294967295,
        "name": "Generic Point 39",
        "x": 1539.805,
        "y": 298.571,
        "z": -1135.452
    },
    {
        "color": 4294967295,
        "name": "Generic Point 4",
        "x": 2060.106,
        "y": 223.669,
        "z": -1696.491
    },
    {
        "color": 4294967295,
        "name": "Generic Point 40",
        "x": 1709.221,
        "y": 273.871,
        "z": -1108.983
    },
    {
        "color": 4294967295,
        "name": "Generic Point 41",
        "x": 1779.824,
        "y": 253.973,
        "z": -991.164
    },
    {
        "color": 4294967295,
        "name": "Generic Point 42",
        "x": 1760.37,
        "y": 241.536,
        "z": -926.384
    },
    {
        "color": 4294967295,
        "name": "Generic Point 43",
        "x": 1419.561,
        "y": 313.884,
        "z": -1939.544
    },
    {
        "color": 4294967295,
        "name": "Generic Point 44",
        "x": 1777.991,
        "y": 239.122,
        "z": -850.933
    },
    {
        "color": 4294967295,
        "name": "Generic Point 45",
        "x": 1788.999,
        "y": 251.344,
        "z": -795.566
    },
    {
        "color": 4294967295,
        "name": "Generic Point 46",
        "x": 2019.93,
        "y": 216.946,
        "z": -767.833
    },
    {
        "color": 4294967295,
        "name": "Generic Point 47",
        "x": 2050.613,
        "y": 225.127,
        "z": -705.928
    },
    {
        "color": 4294967295,
        "name": "Generic Point 48",
        "x": 2068.219,
        "y": 248.719,
        "z": -521.732
    },
    {
        "color": 4294967295,
        "name": "Generic Point 49",
        "x": 2024.524,
        "y": 255.543,
        "z": -449.148
    },
    {
        "color": 4294967295,
        "name": "Generic Point 5",
        "x": 2118.98,
        "y": 234.248,
        "z": -1651.35
    },
    {
        "color": 4294967295,
        "name": "Generic Point 50",
        "x": 2368.059,
        "y": 272.451,
        "z": -423.392
    },
    {
        "color": 4294967295,
        "name": "Generic Point 51",
        "x": 2595.643,
        "y": 278.515,
        "z": -364.088
    },
    {
        "color": 4294967295,
        "name": "Generic Point 52",
        "x": 2759.956,
        "y": 299.291,
        "z": -346.106
    },
    {
        "color": 4294967295,
        "name": "Generic Point 53",
        "x": 2722.075,
        "y": 293.694,
        "z": -325.708
    },
    {
        "color": 4294967295,
        "name": "Generic Point 54",
        "x": 1412.048,
        "y": 305.737,
        "z": -1866.914
    },
    {
        "color": 4294967295,
        "name": "Generic Point 55",
        "x": 2598.156,
        "y": 274.889,
        "z": -350.114
    },
    {
        "color": 4294967295,
        "name": "Generic Point 56",
        "x": 2195.061,
        "y": 286.228,
        "z": -260.116
    },
    {
        "color": 4294967295,
        "name": "Generic Point 57",
        "x": 2248.476,
        "y": 301.645,
        "z": 37.643
    },
    {
        "color": 4294967295,
        "name": "Generic Point 58",
        "x": 2112.694,
        "y": 287.879,
        "z": 54.012
    },
    {
        "color": 4294967295,
        "name": "Generic Point 59",
        "x": 1540.108,
        "y": 240.922,
        "z": 488.564
    },
    {
        "color": 4294967295,
        "name": "Generic Point 6",
        "x": 2177.846,
        "y": 250.595,
        "z": -1606.812
    },
    {
        "color": 4294967295,
        "name": "Generic Point 60",
        "x": 992.2,
        "y": 229.187,
        "z": 864.592
    },
    {
        "color": 4294967295,
        "name": "Generic Point 61",
        "x": 974.383,
        "y": 228.166,
        "z": 856.414
    },
    {
        "color": 4294967295,
        "name": "Generic Point 62",
        "x": 953.468,
        "y": 246.709,
        "z": 986.993
    },
    {
        "color": 4294967295,
        "name": "Generic Point 63",
        "x": 934.22,
        "y": 209.43,
        "z": 620.33
    },
    {
        "color": 4294967295,
        "name": "Generic Point 64",
        "x": 838.539,
        "y": 224.798,
        "z": 680.682
    },
    {
        "color": 4294967295,
        "name": "Generic Point 65",
        "x": 1237.345,
        "y": 321.804,
        "z": -1861.203
    },
    {
        "color": 4294967295,
        "name": "Generic Point 66",
        "x": 753.165,
        "y": 226.109,
        "z": 827.361
    },
    {
        "color": 4294967295,
        "name": "Generic Point 67",
        "x": 570.445,
        "y": 211.567,
        "z": 916.102
    },
    {
        "color": 4294967295,
        "name": "Generic Point 68",
        "x": 316.209,
        "y": 228.536,
        "z": 1054.472
    },
    {
        "color": 4294967295,
        "name": "Generic Point 69",
        "x": 382.003,
        "y": 207.231,
        "z": 592.203
    },
    {
        "color": 4294967295,
        "name": "Generic Point 7",
        "x": 2208.588,
        "y": 273.554,
        "z": -1750.967
    },
    {
        "color": 4294967295,
        "name": "Generic Point 70",
        "x": 333.814,
        "y": 208.685,
        "z": 453.985
    },
    {
        "color": 4294967295,
        "name": "Generic Point 71",
        "x": 487.883,
        "y": 198.737,
        "z": 246.62
    },
    {
        "color": 4294967295,
        "name": "Generic Point 72",
        "x": 692.771,
        "y": 246.056,
        "z": -81.636
    },
    {
        "color": 4294967295,
        "name": "Generic Point 73",
        "x": 930.686,
        "y": 242.696,
        "z": -84.713
    },
    {
        "color": 4294967295,
        "name": "Generic Point 74",
        "x": 912.778,
        "y": 267.512,
        "z": -141.317
    },
    {
        "color": 4294967295,
        "name": "Generic Point 75",
        "x": 970.513,
        "y": 259.538,
        "z": -294.674
    },
    {
        "color": 4294967295,
        "name": "Generic Point 76",
        "x": 1281.669,
        "y": 305.343,
        "z": -1758.413
    },
    {
        "color": 4294967295,
        "name": "Generic Point 77",
        "x": 814.979,
        "y": 262.916,
        "z": -337.702
    },
    {
        "color": 4294967295,
        "name": "Generic Point 78",
        "x": 616.191,
        "y": 257.664,
        "z": -393.579
    },
    {
        "color": 4294967295,
        "name": "Generic Point 79",
        "x": 631.36,
        "y": 299.07,
        "z": -326.328
    },
    {
        "color": 4294967295,
        "name": "Generic Point 8",
        "x": 2318.327,
        "y": 278.548,
        "z": -1628.295
    },
    {
        "color": 4294967295,
        "name": "Generic Point 80",
        "x": 642.533,
        "y": 319.804,
        "z": -264.647
    },
    {
        "color": 4294967295,
        "name": "Generic Point 81",
        "x": 637.791,
        "y": 311.809,
        "z": -239.301
    },
    {
        "color": 4294967295,
        "name": "Generic Point 82",
        "x": 294.278,
        "y": 223.549,
        "z": 272.578
    },
    {
        "color": 4294967295,
        "name": "Generic Point 83",
        "x": 42.117,
        "y": 260.281,
        "z": 253.241
    },
    {
        "color": 4294967295,
        "name": "Generic Point 84",
        "x": 15.974,
        "y": 297.139,
        "z": 917.487
    },
    {
        "color": 4294967295,
        "name": "Generic Point 85",
        "x": 46.405,
        "y": 235.076,
        "z": 1074.039
    },
    {
        "color": 4294967295,
        "name": "Generic Point 86",
        "x": 56.274,
        "y": 232.607,
        "z": 1086.827
    },
    {
        "color": 4294967295,
        "name": "Generic Point 87",
        "x": 1203.389,
        "y": 271.064,
        "z": -1679.142
    },
    {
        "color": 4294967295,
        "name": "Generic Point 88",
        "x": 53.63,
        "y": 234.3,
        "z": 1123.381
    },
    {
        "color": 4294967295,
        "name": "Generic Point 89",
        "x": 248.628,
        "y": 234.7,
        "z": 1137.838
    },
    {
        "color": 4294967295,
        "name": "Generic Point 9",
        "x": 2435.264,
        "y": 321.865,
        "z": -1725.436
    },
    {
        "color": 4294967295,
        "name": "Generic Point 90",
        "x": 309.995,
        "y": 190.623,
        "z": 1431.605
    },
    {
        "color": 4294967295,
        "name": "Generic Point 91",
        "x": 307.209,
        "y": 190.819,
        "z": 1445.226
    },
    {
        "color": 4294967295,
        "name": "Generic Point 92",
        "x": 1319.619,
        "y": 277.086,
        "z": 1573.376
    },
    {
        "color": 4294967295,
        "name": "Generic Point 93",
        "x": 1296.034,
        "y": 279.716,
        "z": 1558.529
    },
    {
        "color": 4294967295,
        "name": "Generic Point 94",
        "x": 1198.353,
        "y": 354.628,
        "z": 1524.472
    },
    {
        "color": 4294967295,
        "name": "Generic Point 95",
        "x": 1178.31,
        "y": 243.46,
        "z": 1043.926
    },
    {
        "color": 4294967295,
        "name": "Generic Point 96",
        "x": 1415.313,
        "y": 212.767,
        "z": 433.87
    },
    {
        "color": 4294967295,
        "name": "Generic Point 97",
        "x": 1365.944,
        "y": 203.845,
        "z": 156.226
    },
    {
        "color": 4294967295,
        "name": "Generic Point 98",
        "x": 1192.421,
        "y": 287.627,
        "z": -1652.897
    },
    {
        "color": 4294967295,
        "name": "Generic Point 99",
        "x": 1459.995,
        "y": 205.574,
        "z": 165.636
    }
]