[
    {
        "color": 4294967295,
        "name": "Generic Point 0",
        "x": 1545.559,
        "y": 229.671,
        "z": 563.173
    },
    {
        "color": 4294967295,
        "name": "Generic Point 1",
        "x": 1556.411,
        "y": 255.09,
        "z": -1635.581
    },
    {
        "color": 4294967295,
        "name": "Generic Point 10",
        "x": 2203.175,
        "y": 214.238,
        "z": -513.849
    },
    {
        "color": 4294967295,
        "name": "Generic Point 100",
        "x": 2043.885,
        "y": 226.518,
        "z": -1570.476
    },
    {
        "color": 4294967295,
        "name": "Generic Point 101",
        "x": 263.517,
        "y": 213.322,
        "z": 331.999
    },
    {
        "color": 4294967295,
        "name": "Generic Point 102",
        "x": 282.537,
        "y": 237.645,
        "z": 943.053
    },
    {
        "color": 4294967295,
        "name": "Generic Point 103",
        "x": 232.195,
        "y": 241.421,
        "z": 976.353
    },
    {
        "color": 4294967295,
        "name": "Generic Point 104",
        "x": 153.657,
        "y": 221.045,
        "z": 882.029
    },
    {
        "color": 4294967295,
        "name": "Generic Point 105",
        "x": 0.289,
        "y": 299.665,
        "z": 910.991
    },
    {
        "color": 4294967295,
        "name": "Generic Point 106",
        "x": 292.34,
        "y": 257.988,
        "z": 1167.486
    },
    {
        "color": 4294967295,
        "name": "Generic Point 107",
        "x": 52.92,
        "y": 195.627,
        "z": 1260.901
    },
    {
        "color": 4294967295,
        "name": "Generic Point 108",
        "x": 157.327,
        "y": 191.488,
        "z": 1321.347
    },
    {
        "color": 4294967295,
        "name": "Generic Point 109",
        "x": 363.359,
        "y": 297.784,
        "z": 1246.274
    },
    {
        "color": 4294967295,
        "name": "Generic Point 11",
        "x": 1948.88,
        "y": 222.189,
        "z": -576.165
    },
    {
        "color": 4294967295,
        "name": "Generic Point 110",
        "x": 381.156,
        "y": 295.557,
        "z": 1532.132
    },
    {
        "color": 4294967295,
        "name": "Generic Point 111",
        "x": 1174.81,
        "y": 205.871,
        "z": 120.137
    },
    {
        "color": 4294967295,
        "name": "Generic Point 112",
        "x": 2087.32,
        "y": 229.965,
        "z": -1581.118
    },
    {
        "color": 4294967295,
        "name": "Generic Point 113",
        "x": 544.674,
        "y": 234.143,
        "z": 1706.204
    },
    {
        "color": 4294967295,
        "name": "Generic Point 114",
        "x": 286.479,
        "y": 226.635,
        "z": 229.264
    },
    {
        "color": 4294967295,
        "name": "Generic Point 115",
        "x": 561.525,
        "y": 233.82,
        "z": 1689.015
    },
    {
        "color": 4294967295,
        "name": "Generic Point 116",
        "x": 593.656,
        "y": 241.498,
        "z": 1546.926
    },
    {
        "color": 4294967295,
        "name": "Generic Point 117",
        "x": 563.338,
        "y": 247.698,
        "z": 1588.953
    },
    {
        "color": 4294967295,
        "name": "Generic Point 118",
        "x": 749.642,
        "y": 321.735,
        "z": 1519.508
    },
    {
        "color": 4294967295,
        "name": "Generic Point 119",
        "x": 882.438,
        "y": 264.361,
        "z": 1606.757
    },
    {
        "color": 4294967295,
        "name": "Generic Point 12",
        "x": 1600.245,
        "y": 248.39,
        "z": -1593.376
    },
    {
        "color": 4294967295,
        "name": "Generic Point 120",
        "x": 727.503,
        "y": 250.137,
        "z": 1598.609
    },
    {
        "color": 4294967295,
        "name": "Generic Point 121",
        "x": 710.708,
        "y": 236.179,
        "z": 1639.595
    },
    {
        "color": 4294967295,
        "name": "Generic Point 122",
        "x": 693.629,
        "y": 321.009,
        "z": 1764.6
    },
    {
        "color": 4294967295,
        "name": "Generic Point 123",
        "x": 2190.304,
        "y": 258.66700000000003,
        "z": -1692.986
    },
    {
        "color": 4294967295,
        "name": "Generic Point 124",
        "x": 720.559,
        "y": 324.933,
        "z": 1770.824
    },
    {
        "color": 4294967295,
        "name": "Generic Point 125",
        "x": 736.016,
        "y": 319.497,
        "z": 1772.0
    },
    {
        "color": 4294967295,
        "name": "Generic Point 126",
        "x": 299.656,
        "y": 220.696,
        "z": 144.609
    },
    {
        "color": 4294967295,
        "name": "Generic Point 127",
        "x": 763.552,
        "y": 328.375,
        "z": 1832.408
    },
    {
        "color": 4294967295,
        "name": "Generic Point 128",
        "x": 661.571,
        "y": 418.565,
        "z": 1879.853
    },
    {
        "color": 4294967295,
        "name": "Generic Point 129",
        "x": 413.21,
        "y": 325.151,
        "z": 2013.415
    },
    {
        "color": 4294967295,
        "name": "Generic Point 13",
        "x": 1949.522,
        "y": 223.036,
        "z": -560.063
    },
    {
        "color": 4294967295,
        "name": "Generic Point 130",
        "x": 454.649,
        "y": 229.185,
        "z": 2324.814
    },
    {
        "color": 4294967295,
        "name": "Generic Point 131",
        "x": 292.71,
        "y": 225.449,
        "z": 2517.141
    },
    {
        "color": 4294967295,
        "name": "Generic Point 132",
        "x": 125.579,
        "y": 253.101,
        "z": 2807.635
    },
    {
        "color": 4294967295,
        "name": "Generic Point 133",
        "x": 57.888,
        "y": 352.284,
        "z": 1897.894
    },
    {
        "color": 4294967295,
        "name": "Generic Point 134",
        "x": 2174.266,
        "y": 261.855,
        "z": -1733.024
    },
    {
        "color": 4294967295,
        "name": "Generic Point 135",
        "x": -113.335,
        "y": 326.313,
        "z": 1885.672
    },
    {
        "color": 4294967295,
        "name": "Generic Point 136",
        "x": -140.166,
        "y": 329.677,
        "z": 1850.056
    },
    {
        "color": 4294967295,
        "name": "Generic Point 137",
        "x": -540.219,
        "y": 181.455,
        "z": 1876.605
    },
    {
        "color": 4294967295,
        "name": "Generic Point 138",
        "x": 1324.841,
        "y": 203.458,
        "z": 600.812
    },
    {
        "color": 4294967295,
        "name": "Generic Point 139",
        "x": -129.612,
        "y": 288.979,
        "z": 482.254
    },
    {
        "color": 4294967295,
        "name": "Generic Point 14",
        "x": 1953.904,
        "y": 223.769,
        "z": -535.733
    },
    {
        "color": 4294967295,
        "name": "Generic Point 140",
        "x": -630.938,
        "y": 191.237,
        "z": 1905.72
    },
    {
        "color": 4294967295,
        "name": "Generic Point 141",
        "x": -243.618,
        "y": 246.675,
        "z": 2267.961
    },
    {
        "color": 4294967295,
        "name": "Generic Point 142",
        "x": -298.373,
        "y": 228.453,
        "z": 2319.234
    },
    {
        "color": 4294967295,
        "name": "Generic Point 143",
        "x": -464.485,
        "y": 171.153,
        "z": 2418.016
    },
    {
        "color": 4294967295,
        "name": "Generic Point 144",
        "x": -380.716,
        "y": 203.192,
        "z": 2921.62
    },
    {
        "color": 4294967295,
        "name": "Generic Point 145",
        "x": 2177.898,
        "y": 263.319,
        "z": -1748.018
    },
    {
        "color": 4294967295,
        "name": "Generic Point 146",
        "x": -439.297,
        "y": 205.925,
        "z": 2945.716
    },
    {
        "color": 4294967295,
        "name": "Generic Point 147",
        "x": -424.709,
        "y": 219.338,
        "z": 2978.005
    },
    {
        "color": 4294967295,
        "name": "Generic Point 148",
        "x": -443.196,
        "y": 205.972,
        "z": 3009.731
    },
    {
        "color": 4294967295,
        "name": "Generic Point 149",
        "x": -507.95,
        "y": 206.988,
        "z": 3018.587
    },
    {
        "color": 4294967295,
        "name": "Generic Point 15",
        "x": 1472.632,
        "y": 221.807,
        "z": 553.459
    },
    {
        "color": 4294967295,
        "name": "Generic Point 150",
        "x": -482.279,
        "y": 204.032,
        "z": 3040.792
    },
    {
        "color": 4294967295,
        "name": "Generic Point 151",
        "x": -323.985,
        "y": 341.557,
        "z": 594.247
    },
    {
        "color": 4294967295,
        "name": "Generic Point 152",
        "x": -391.572,
        "y": 259.398,
        "z": 3303.622
    },
    {
        "color": 4294967295,
        "name": "Generic Point 153",
        "x": -399.831,
        "y": 216.178,
        "z": 3505.073
    },
    {
        "color": 4294967295,
        "name": "Generic Point 154",
        "x": -619.868,
        "y": 180.025,
        "z": 3608.609
    },
    {
        "color": 4294967295,
        "name": "Generic Point 155",
        "x": -917.991,
        "y": 214.317,
        "z": 3828.441
    },
    {
        "color": 4294967295,
        "name": "Generic Point 156",
        "x": 1077.437,
        "y": 203.98,
        "z": 201.46
    },
    {
        "color": 4294967295,
        "name": "Generic Point 157",
        "x": -902.639,
        "y": 244.252,
        "z": 3935.805
    },
    {
        "color": 4294967295,
        "name": "Generic Point 158",
        "x": -1012.559,
        "y": 279.475,
        "z": 3840.328
    },
    {
        "color": 4294967295,
        "name": "Generic Point 159",
        "x": -790.584,
        "y": 246.842,
        "z": 3473.781
    },
    {
        "color": 4294967295,
        "name": "Generic Point 16",
        "x": 371.726,
        "y": 210.45,
        "z": 628.946
    },
    {
        "color": 4294967295,
        "name": "Generic Point 160",
        "x": -905.875,
        "y": 336.887,
        "z": 3348.223
    },
    {
        "color": 4294967295,
        "name": "Generic Point 161",
        "x": -1109.599,
        "y": 181.075,
        "z": 3578.937
    },
    {
        "color": 4294967295,
        "name": "Generic Point 162",
        "x": -1365.681,
        "y": 292.686,
        "z": 3731.183
    },
    {
        "color": 4294967295,
        "name": "Generic Point 163",
        "x": -406.547,
        "y": 278.304,
        "z": 623.596
    },
    {
        "color": 4294967295,
        "name": "Generic Point 164",
        "x": -1775.307,
        "y": 171.659,
        "z": 4838.771
    },
    {
        "color": 4294967295,
        "name": "Generic Point 165",
        "x": -1736.221,
        "y": 134.454,
        "z": 4928.41
    },
    {
        "color": 4294967295,
        "name": "Generic Point 166",
        "x": -1673.433,
        "y": 109.834,
        "z": 5036.377
    },
    {
        "color": 4294967295,
        "name": "Generic Point 167",
        "x": 2193.951,
        "y": 268.541,
        "z": -1739.341
    },
    {
        "color": 4294967295,
        "name": "Generic Point 168",
        "x": -1912.595,
        "y": 137.995,
        "z": 4996.864
    },
    {
        "color": 4294967295,
        "name": "Generic Point 169",
        "x": -2006.908,
        "y": 137.396,
        "z": 5155.797
    },
    {
        "color": 4294967295,
        "name": "Generic Point 17",
        "x": 2036.058,
        "y": 252.45,
        "z": -465.699
    },
    {
        "color": 4294967295,
        "name": "Generic Point 170",
        "x": -2048.15,
        "y": 148.17,
        "z": 5257.972
    },
    {
        "color": 4294967295,
        "name": "Generic Point 171",
        "x": -2328.058,
        "y": 106.071,
        "z": 4657.213
    },
    {
        "color": 4294967295,
        "name": "Generic Point 172",
        "x": -3007.385,
        "y": 75.403,
        "z": 4662.354
    },
    {
        "color": 4294967295,
        "name": "Generic Point 173",
        "x": -2477.012,
        "y": 256.53700000000003,
        "z": 4328.767
    },
    {
        "color": 4294967295,
        "name": "Generic Point 174",
        "x": -2579.6,
        "y": 268.165,
        "z": 4197.31
    },
    {
        "color": 4294967295,
        "name": "Generic Point 175",
        "x": -398.851,
        "y": 272.943,
        "z": 542.27
    },
    {
        "color": 4294967295,
        "name": "Generic Point 176",
        "x": -2498.386,
        "y": 257.99199999999996,
        "z": 4244.263
    },
    {
        "color": 4294967295,
        "name": "Generic Point 177",
        "x": -2120.089,
        "y": 244.127,
        "z": 4223.621
    },
    {
        "color": 4294967295,
        "name": "Generic Point 178",
        "x": 2262.161,
        "y": 278.01,
        "z": -1745.634
    },
    {
        "color": 4294967295,
        "name": "Generic Point 179",
        "x": -1928.318,
        "y": 371.227,
        "z": 3772.736
    },
    {
        "color": 4294967295,
        "name": "Generic Point 18",
        "x": 2003.861,
        "y": 254.752,
        "z": -419.023
    },
    {
        "color": 4294967295,
        "name": "Generic Point 180",
        "x": -1899.063,
        "y": 401.236,
        "z": 3644.571
    },
    {
        "color": 4294967295,
        "name": "Generic Point 181",
        "x": -2003.282,
        "y": 491.427,
        "z": 3605.273
    },
    {
        "color": 4294967295,
        "name": "Generic Point 182",
        "x": -2015.932,
        "y": 492.103,
        "z": 3594.032
    },
    {
        "color": 4294967295,
        "name": "Generic Point 183",
        "x": -1908.09,
        "y": 418.182,
        "z": 3594.981
    },
    {
        "color": 4294967295,
        "name": "Generic Point 184",
        "x": -1400.207,
        "y": 185.186,
        "z": 3170.308
    },
    {
        "color": 4294967295,
        "name": "Generic Point 185",
        "x": -1266.898,
        "y": 284.28,
        "z": 2749.452
    },
    {
        "color": 4294967295,
        "name": "Generic Point 186",
        "x": -1044.33,
        "y": 285.771,
        "z": 2958.775
    },
    {
        "color": 4294967295,
        "name": "Generic Point 187",
        "x": -167.859,
        "y": 325.798,
        "z": 124.619
    },
    {
        "color": 4294967295,
        "name": "Generic Point 188",
        "x": -616.17,
        "y": 212.653,
        "z": 2854.645
    },
    {
        "color": 4294967295,
        "name": "Generic Point 189",
        "x": 2306.321,
        "y": 278.517,
        "z": -1637.703
    },
    {
        "color": 4294967295,
        "name": "Generic Point 19",
        "x": 1856.404,
        "y": 208.315,
        "z": -258.309
    },
    {
        "color": 4294967295,
        "name": "Generic Point 190",
        "x": -790.979,
        "y": 194.66,
        "z": 2614.689
    },
    {
        "color": 4294967295,
        "name": "Generic Point 191",
        "x": -869.185,
        "y": 202.139,
        "z": 2533.846
    },
    {
        "color": 4294967295,
        "name": "Generic Point 192",
        "x": -1055.406,
        "y": 261.609,
        "z": 2412.986
    },
    {
        "color": 4294967295,
        "name": "Generic Point 193",
        "x": -1406.597,
        "y": 197.724,
        "z": 2481.388
    },
    {
        "color": 4294967295,
        "name": "Generic Point 194",
        "x": -1636.039,
        "y": 126.23,
        "z": 2629.801
    },
    {
        "color": 4294967295,
        "name": "Generic Point 195",
        "x": -1617.034,
        "y": 220.156,
        "z": 2480.243
    },
    {
        "color": 4294967295,
        "name": "Generic Point 196",
        "x": -914.557,
        "y": 204.124,
        "z": 1877.03
    },
    {
        "color": 4294967295,
        "name": "Generic Point 197",
        "x": -645.527,
        "y": 215.819,
        "z": 1292.326
    },
    {
        "color": 4294967295,
        "name": "Generic Point 198",
        "x": -694.69,
        "y": 220.201,
        "z": 1311.741
    },
    {
        "color": 4294967295,
        "name": "Generic Point 199",
        "x": -82.398,
        "y": 261.248,
        "z": -21.853
    },
    {
        "color": 4294967295,
        "name": "Generic Point 2",
        "x": 1873.085,
        "y": 254.938,
        "z": -545.154
    },
    {
        "color": 4294967295,
        "name": "Generic Point 20",
        "x": 1883.024,
        "y": 205.414,
        "z": -178.641
    },
    {
        "color": 4294967295,
        "name": "Generic Point 200",
        "x": 2423.265,
        "y": 301.52,
        "z": -1644.256
    },
    {
        "color": 4294967295,
        "name": "Generic Point 201",
        "x": -729.852,
        "y": 221.303,
        "z": 1358.579
    },
    {
        "color": 4294967295,
        "name": "Generic Point 202",
        "x": -739.763,
        "y": 216.885,
        "z": 1330.712
    },
    {
        "color": 4294967295,
        "name": "Generic Point 203",
        "x": -656.25,
        "y": 210.154,
        "z": 1228.561
    },
    {
        "color": 4294967295,
        "name": "Generic Point 204",
        "x": -782.767,
        "y": 184.167,
        "z": 1126.184
    },
    {
        "color": 4294967295,
        "name": "Generic Point 205",
        "x": -744.66,
        "y": 170.812,
        "z": 1061.505
    },
    {
        "color": 4294967295,
        "name": "Generic Point 206",
        "x": -839.375,
        "y": 158.619,
        "z": 1110.843
    },
    {
        "color": 4294967295,
        "name": "Generic Point 207",
        "x": -874.876,
        "y": 213.028,
        "z": 1002.983
    },
    {
        "color": 4294967295,
        "name": "Generic Point 208",
        "x": -863.721,
        "y": 246.736,
        "z": 570.594
    },
    {
        "color": 4294967295,
        "name": "Generic Point 209",
        "x": -958.976,
        "y": 282.736,
        "z": 349.798
    },
    {
        "color": 4294967295,
        "name": "Generic Point 21",
        "x": 1681.022,
        "y": 279.842,
        "z": -4.579
    },
    {
        "color": 4294967295,
        "name": "Generic Point 210",
        "x": -554.848,
        "y": 356.99,
        "z": 608.712
    },
    {
        "color": 4294967295,
        "name": "Generic Point 211",
        "x": 2563.108,
        "y": 361.148,
        "z": -1719.757
    },
    {
        "color": 4294967295,
        "name": "Generic Point 212",
        "x": 45.873,
        "y": 274.204,
        "z": 44.191
    },
    {
        "color": 4294967295,
        "name": "Generic Point 213",
        "x": -3552.87,
        "y": 213.013,
        "z": -582.043
    },
    {
        "color": 4294967295,
        "name": "Generic Point 214",
        "x": -3568.871,
        "y": 216.297,
        "z": -570.35
    },
    {
        "color": 4294967295,
        "name": "Generic Point 215",
        "x": -4031.609,
        "y": 206.756,
        "z": -366.131
    },
    {
        "color": 4294967295,
        "name": "Generic Point 216",
        "x": -4049.085,
        "y": 206.756,
        "z": -380.229
    },
    {
        "color": 4294967295,
        "name": "Generic Point 217",
        "x": -3868.957,
        "y": 205.204,
        "z": -435.771
    },
    {
        "color": 4294967295,
        "name": "Generic Point 218",
        "x": -3853.678,
        "y": 205.939,
        "z": -452.029
    },
    {
        "color": 4294967295,
        "name": "Generic Point 219",
        "x": -3727.24,
        "y": 124.697,
        "z": -654.777
    },
    {
        "color": 4294967295,
        "name": "Generic Point 22",
        "x": 1584.962,
        "y": 302.889,
        "z": 164.748
    },
    {
        "color": 4294967295,
        "name": "Generic Point 220",
        "x": -3884.449,
        "y": 120.769,
        "z": -873.594
    },
    {
        "color": 4294967295,
        "name": "Generic Point 221",
        "x": -4022.955,
        "y": 210.791,
        "z": -994.931
    },
    {
        "color": 4294967295,
        "name": "Generic Point 222",
        "x": 1437.351,
        "y": 244.944,
        "z": -1414.951
    },
    {
        "color": 4294967295,
        "name": "Generic Point 223",
        "x": 2566.745,
        "y": 359.326,
        "z": -1703.397
    },
    {
        "color": 4294967295,
        "name": "Generic Point 224",
        "x": -3958.734,
        "y": 202.967,
        "z": -1121.195
    },
    {
        "color": 4294967295,
        "name": "Generic Point 225",
        "x": 209.063,
        "y": 213.561,
        "z": 40.838
    },
    {
        "color": 4294967295,
        "name": "Generic Point 226",
        "x": -4024.747,
        "y": 206.74,
        "z": -1395.107
    },
    {
        "color": 4294967295,
        "name": "Generic Point 227",
        "x": -3430.405,
        "y": 206.741,
        "z": -982.272
    },
    {
        "color": 4294967295,
        "name": "Generic Point 228",
        "x": -3952.728,
        "y": 235.436,
        "z": -2151.741
    },
    {
        "color": 4294967295,
        "name": "Generic Point 229",
        "x": -3982.637,
        "y": 205.88,
        "z": -2556.612
    },
    {
        "color": 4294967295,
        "name": "Generic Point 23",
        "x": 1763.868,
        "y": 198.357,
        "z": -1502.357
    },
    {
        "color": 4294967295,
        "name": "Generic Point 230",
        "x": -4002.978,
        "y": 204.051,
        "z": -2571.249
    },
    {
        "color": 4294967295,
        "name": "Generic Point 231",
        "x": -4761.674,
        "y": 208.196,
        "z": -2518.987
    },
    {
        "color": 4294967295,
        "name": "Generic Point 232",
        "x": -5036.372,
        "y": 209.172,
        "z": -2716.951
    },
    {
        "color": 4294967295,
        "name": "Generic Point 233",
        "x": -5819.169,
        "y": 224.291,
        "z": -2520.254
    },
    {
        "color": 4294967295,
        "name": "Generic Point 234",
        "x": 2843.952,
        "y": 265.598,
        "z": -1879.341
    },
    {
        "color": 4294967295,
        "name": "Generic Point 235",
        "x": -6383.974,
        "y": 203.598,
        "z": -2376.909
    },
    {
        "color": 4294967295,
        "name": "Generic Point 236",
        "x": -6340.594,
        "y": 260.923,
        "z": -2492.307
    },
    {
        "color": 4294967295,
        "name": "Generic Point 237",
        "x": 409.574,
        "y": 204.592,
        "z": -63.048
    },
    {
        "color": 4294967295,
        "name": "Generic Point 238",
        "x": -6322.066,
        "y": 255.954,
        "z": -2554.041
    },
    {
        "color": 4294967295,
        "name": "Generic Point 239",
        "x": -6282.26,
        "y": 250.666,
        "z": -2531.208
    },
    {
        "color": 4294967295,
        "name": "Generic Point 24",
        "x": 1583.743,
        "y": 252.874,
        "z": 17.081
    },
    {
        "color": 4294967295,
        "name": "Generic Point 240",
        "x": -6258.599,
        "y": 251.67,
        "z": -2576.553
    },
    {
        "color": 4294967295,
        "name": "Generic Point 241",
        "x": -6426.623,
        "y": 259.598,
        "z": -2566.663
    },
    {
        "color": 4294967295,
        "name": "Generic Point 242",
        "x": -6756.556,
        "y": 204.454,
        "z": -2608.247
    },
    {
        "color": 4294967295,
        "name": "Generic Point 243",
        "x": -6440.077,
        "y": 206.315,
        "z": -2736.548
    },
    {
        "color": 4294967295,
        "name": "Generic Point 244",
        "x": -6428.398,
        "y": 240.869,
        "z": -2811.643
    },
    {
        "color": 4294967295,
        "name": "Generic Point 245",
        "x": 2889.816,
        "y": 260.674,
        "z": -1836.699
    },
    {
        "color": 4294967295,
        "name": "Generic Point 246",
        "x": -6403.71,
        "y": 241.768,
        "z": -2805.034
    },
    {
        "color": 4294967295,
        "name": "Generic Point 247",
        "x": -6401.841,
        "y": 202.554,
        "z": -2822.758
    },
    {
        "color": 4294967295,
        "name": "Generic Point 248",
        "x": -6416.878,
        "y": 203.0,
        "z": -2840.48
    },
    {
        "color": 4294967295,
        "name": "Generic Point 249",
        "x": 426.558,
        "y": 205.155,
        "z": -68.355
    },
    {
        "color": 4294967295,
        "name": "Generic Point 25",
        "x": 1600.802,
        "y": 245.852,
        "z": -18.631
    },
    {
        "color": 4294967295,
        "name": "Generic Point 250",
        "x": -6399.348,
        "y": 203.111,
        "z": -2857.0
    },
    {
        "color": 4294967295,
        "name": "Generic Point 251",
        "x": -6390.953,
        "y": 204.17,
        "z": -2843.67
    },
    {
        "color": 4294967295,
        "name": "Generic Point 252",
        "x": -6098.401,
        "y": 211.334,
        "z": -2850.037
    },
    {
        "color": 4294967295,
        "name": "Generic Point 253",
        "x": -6048.604,
        "y": 222.576,
        "z": -2887.376
    },
    {
        "color": 4294967295,
        "name": "Generic Point 254",
        "x": -6050.88,
        "y": 214.133,
        "z": -2906.706
    },
    {
        "color": 4294967295,
        "name": "Generic Point 255",
        "x": -6081.468,
        "y": 226.294,
        "z": -2955.511
    },
    {
        "color": 4294967295,
        "name": "Generic Point 256",
        "x": 2918.2,
        "y": 246.161,
        "z": -1820.603
    },
    {
        "color": 4294967295,
        "name": "Generic Point 257",
        "x": -6258.913,
        "y": 206.595,
        "z": -3109.192
    },
    {
        "color": 4294967295,
        "name": "Generic Point 258",
        "x": -6243.587,
        "y": 203.146,
        "z": -3139.885
    },
    {
        "color": 4294967295,
        "name": "Generic Point 259",
        "x": -6257.334,
        "y": 204.902,
        "z": -3140.77
    },
    {
        "color": 4294967295,
        "name": "Generic Point 26",
        "x": 1582.67,
        "y": 252.134,
        "z": -66.234
    },
    {
        "color": 4294967295,
        "name": "Generic Point 260",
        "x": -6278.74,
        "y": 205.031,
        "z": -3139.897
    },
    {
        "color": 4294967295,
        "name": "Generic Point 261",
        "x": 1341.283,
        "y": 203.145,
        "z": 550.077
    },
    {
        "color": 4294967295,
        "name": "Generic Point 262",
        "x": 437.079,
        "y": 209.901,
        "z": -32.84
    },
    {
        "color": 4294967295,
        "name": "Generic Point 263",
        "x": -6359.393,
        "y": 206.613,
        "z": -3383.12
    },
    {
        "color": 4294967295,
        "name": "Generic Point 264",
        "x": -4290.735,
        "y": 219.957,
        "z": -3911.677
    },
    {
        "color": 4294967295,
        "name": "Generic Point 265",
        "x": -4276.295,
        "y": 205.836,
        "z": -4118.477
    },
    {
        "color": 4294967295,
        "name": "Generic Point 266",
        "x": -4432.374,
        "y": 203.385,
        "z": -4151.492
    },
    {
        "color": 4294967295,
        "name": "Generic Point 267",
        "x": 2992.973,
        "y": 241.492,
        "z": -1705.529
    },
    {
        "color": 4294967295,
        "name": "Generic Point 268",
        "x": -4439.515,
        "y": 203.822,
        "z": -4162.6
    },
    {
        "color": 4294967295,
        "name": "Generic Point 269",
        "x": -4422.953,
        "y": 207.432,
        "z": -4169.818
    },
    {
        "color": 4294967295,
        "name": "Generic Point 27",
        "x": 1536.658,
        "y": 276.646,
        "z": -72.617
    },
    {
        "color": 4294967295,
        "name": "Generic Point 270",
        "x": -4886.728,
        "y": 204.128,
        "z": -4313.53
    },
    {
        "color": 4294967295,
        "name": "Generic Point 271",
        "x": -4915.451,
        "y": 206.051,
        "z": -4718.311
    },
    {
        "color": 4294967295,
        "name": "Generic Point 272",
        "x": -4855.761,
        "y": 203.366,
        "z": -4795.923
    },
    {
        "color": 4294967295,
        "name": "Generic Point 273",
        "x": -4823.51,
        "y": 217.139,
        "z": -4712.058
    },
    {
        "color": 4294967295,
        "name": "Generic Point 274",
        "x": 482.718,
        "y": 203.7,
        "z": -35.626
    },
    {
        "color": 4294967295,
        "name": "Generic Point 275",
        "x": -4305.085,
        "y": 206.977,
        "z": -4221.09
    },
    {
        "color": 4294967295,
        "name": "Generic Point 276",
        "x": -4230.117,
        "y": 217.599,
        "z": -4241.252
    },
    {
        "color": 4294967295,
        "name": "Generic Point 277",
        "x": -4216.162,
        "y": 203.308,
        "z": -3887.93
    },
    {
        "color": 4294967295,
        "name": "Generic Point 278",
        "x": 1045.083,
        "y": 203.762,
        "z": 175.347
    },
    {
        "color": 4294967295,
        "name": "Generic Point 279",
        "x": -4270.396,
        "y": 203.229,
        "z": -3654.125
    },
    {
        "color": 4294967295,
        "name": "Generic Point 28",
        "x": 654.982,
        "y": 207.722,
        "z": 480.683
    },
    {
        "color": 4294967295,
        "name": "Generic Point 280",
        "x": -3960.488,
        "y": 203.419,
        "z": -2911.794
    },
    {
        "color": 4294967295,
        "name": "Generic Point 281",
        "x": -3932.703,
        "y": 283.759,
        "z": -3145.234
    },
    {
        "color": 4294967295,
        "name": "Generic Point 282",
        "x": -3862.585,
        "y": 209.558,
        "z": -2978.319
    },
    {
        "color": 4294967295,
        "name": "Generic Point 283",
        "x": -3547.323,
        "y": 203.584,
        "z": -2534.254
    },
    {
        "color": 4294967295,
        "name": "Generic Point 284",
        "x": -3565.94,
        "y": 203.094,
        "z": -2683.118
    },
    {
        "color": 4294967295,
        "name": "Generic Point 285",
        "x": -3521.156,
        "y": 203.516,
        "z": -2791.14
    },
    {
        "color": 4294967295,
        "name": "Generic Point 286",
        "x": 567.002,
        "y": 213.93,
        "z": -400.612
    },
    {
        "color": 4294967295,
        "name": "Generic Point 287",
        "x": -3579.924,
        "y": 204.198,
        "z": -2834.457
    },
    {
        "color": 4294967295,
        "name": "Generic Point 288",
        "x": -3622.042,
        "y": 203.0,
        "z": -2984.847
    },
    {
        "color": 4294967295,
        "name": "Generic Point 289",
        "x": 2817.021,
        "y": 264.448,
        "z": -1675.03
    },
    {
        "color": 4294967295,
        "name": "Generic Point 29",
        "x": 1499.338,
        "y": 250.47,
        "z": -250.678
    },
    {
        "color": 4294967295,
        "name": "Generic Point 290",
        "x": -3526.683,
        "y": 203.69,
        "z": -3032.825
    },
    {
        "color": 4294967295,
        "name": "Generic Point 291",
        "x": -3398.225,
        "y": 202.637,
        "z": -3016.355
    },
    {
        "color": 4294967295,
        "name": "Generic Point 292",
        "x": -3530.017,
        "y": 203.071,
        "z": -3108.222
    },
    {
        "color": 4294967295,
        "name": "Generic Point 293",
        "x": -3565.665,
        "y": 214.71,
        "z": -3143.707
    },
    {
        "color": 4294967295,
        "name": "Generic Point 294",
        "x": -3684.648,
        "y": 208.289,
        "z": -3195.052
    },
    {
        "color": 4294967295,
        "name": "Generic Point 295",
        "x": -3511.028,
        "y": 203.796,
        "z": -3169.782
    },
    {
        "color": 4294967295,
        "name": "Generic Point 296",
        "x": -3509.464,
        "y": 204.164,
        "z": -3193.488
    },
    {
        "color": 4294967295,
        "name": "Generic Point 297",
        "x": -3258.385,
        "y": 208.422,
        "z": -3607.009
    },
    {
        "color": 4294967295,
        "name": "Generic Point 298",
        "x": 547.485,
        "y": 205.725,
        "z": -615.106
    },
    {
        "color": 4294967295,
        "name": "Generic Point 299",
        "x": -3129.643,
        "y": 206.237,
        "z": -3456.732
    },
    {
        "color": 4294967295,
        "name": "Generic Point 3",
        "x": 392.451,
        "y": 205.025,
        "z": 555.204
    },
    {
        "color": 4294967295,
        "name": "Generic Point 30",
        "x": 2012.327,
        "y": 210.881,
        "z": -69.919
    },
    {
        "color": 4294967295,
        "name": "Generic Point 300",
        "x": 2725.364,
        "y": 289.125,
        "z": -1573.912
    },
    {
        "color": 4294967295,
        "name": "Generic Point 301",
        "x": -3130.571,
        "y": 203.789,
        "z": -3246.577
    },
    {
        "color": 4294967295,
        "name": "Generic Point 302",
        "x": -2952.463,
        "y": 203.997,
        "z": -3318.926
    },
    {
        "color": 4294967295,
        "name": "Generic Point 303",
        "x": -2938.81,
        "y": 203.486,
        "z": -3313.293
    },
    {
        "color": 4294967295,
        "name": "Generic Point 304",
        "x": -2184.468,
        "y": 203.397,
        "z": -3470.839
    },
    {
        "color": 4294967295,
        "name": "Generic Point 305",
        "x": -2190.95,
        "y": 203.485,
        "z": -3489.881
    },
    {
        "color": 4294967295,
        "name": "Generic Point 306",
        "x": -2313.152,
        "y": 203.451,
        "z": -3609.763
    },
    {
        "color": 4294967295,
        "name": "Generic Point 307",
        "x": -2323.066,
        "y": 203.566,
        "z": -3618.402
    },
    {
        "color": 4294967295,
        "name": "Generic Point 308",
        "x": -2923.948,
        "y": 203.056,
        "z": -3978.864
    },
    {
        "color": 4294967295,
        "name": "Generic Point 309",
        "x": -2715.894,
        "y": 203.334,
        "z": -3965.836
    },
    {
        "color": 4294967295,
        "name": "Generic Point 31",
        "x": 2053.422,
        "y": 206.243,
        "z": -23.4
    },
    {
        "color": 4294967295,
        "name": "Generic Point 310",
        "x": 556.892,
        "y": 205.685,
        "z": -627.688
    },
    {
        "color": 4294967295,
        "name": "Generic Point 311",
        "x": 2688.299,
        "y": 276.935,
        "z": -1531.379
    },
    {
        "color": 4294967295,
        "name": "Generic Point 312",
        "x": -2570.837,
        "y": 203.917,
        "z": -4046.446
    },
    {
        "color": 4294967295,
        "name": "Generic Point 313",
        "x": -2553.226,
        "y": 203.68,
        "z": -4052.892
    },
    {
        "color": 4294967295,
        "name": "Generic Point 314",
        "x": -2678.64,
        "y": 211.066,
        "z": -4162.765
    },
    {
        "color": 4294967295,
        "name": "Generic Point 315",
        "x": -2707.118,
        "y": 220.453,
        "z": -4229.966
    },
    {
        "color": 4294967295,
        "name": "Generic Point 316",
        "x": -2835.916,
        "y": 203.708,
        "z": -4245.089
    },
    {
        "color": 4294967295,
        "name": "Generic Point 317",
        "x": -2864.078,
        "y": 203.253,
        "z": -4277.291
    },
    {
        "color": 4294967295,
        "name": "Generic Point 318",
        "x": -2821.482,
        "y": 226.737,
        "z": -4401.046
    },
    {
        "color": 4294967295,
        "name": "Generic Point 319",
        "x": -2784.734,
        "y": 202.954,
        "z": -4597.508
    },
    {
        "color": 4294967295,
        "name": "Generic Point 32",
        "x": 2227.544,
        "y": 274.433,
        "z": -269.639
    },
    {
        "color": 4294967295,
        "name": "Generic Point 320",
        "x": -2759.282,
        "y": 203.062,
        "z": -4600.083
    },
    {
        "color": 4294967295,
        "name": "Generic Point 321",
        "x": -2691.672,
        "y": 245.297,
        "z": -4407.989
    },
    {
        "color": 4294967295,
        "name": "Generic Point 322",
        "x": 2907.809,
        "y": 264.223,
        "z": -1558.94
    },
    {
        "color": 4294967295,
        "name": "Generic Point 323",
        "x": 702.201,
        "y": 269.289,
        "z": -452.934
    },
    {
        "color": 4294967295,
        "name": "Generic Point 324",
        "x": -2461.213,
        "y": 255.555,
        "z": -4544.99
    },
    {
        "color": 4294967295,
        "name": "Generic Point 325",
        "x": -2366.614,
        "y": 236.902,
        "z": -4437.898
    },
    {
        "color": 4294967295,
        "name": "Generic Point 326",
        "x": -2355.943,
        "y": 236.212,
        "z": -4329.654
    },
    {
        "color": 4294967295,
        "name": "Generic Point 327",
        "x": -2349.159,
        "y": 232.122,
        "z": -4276.717
    },
    {
        "color": 4294967295,
        "name": "Generic Point 328",
        "x": -2389.32,
        "y": 250.576,
        "z": -4258.335
    },
    {
        "color": 4294967295,
        "name": "Generic Point 329",
        "x": -2548.064,
        "y": 242.103,
        "z": -4250.185
    },
    {
        "color": 4294967295,
        "name": "Generic Point 33",
        "x": 2208.285,
        "y": 217.42,
        "z": -42.444
    },
    {
        "color": 4294967295,
        "name": "Generic Point 330",
        "x": 801.538,
        "y": 243.745,
        "z": -222.091
    },
    {
        "color": 4294967295,
        "name": "Generic Point 331",
        "x": 687.635,
        "y": 227.357,
        "z": -223.931
    },
    {
        "color": 4294967295,
        "name": "Generic Point 332",
        "x": 684.346,
        "y": 205.573,
        "z": -3.132
    },
    {
        "color": 4294967295,
        "name": "Generic Point 333",
        "x": 1271.427,
        "y": 261.565,
        "z": -1676.0
    },
    {
        "color": 4294967295,
        "name": "Generic Point 334",
        "x": 2876.89,
        "y": 266.446,
        "z": -1522.805
    },
    {
        "color": 4294967295,
        "name": "Generic Point 335",
        "x": 680.837,
        "y": 203.856,
        "z": -20.239
    },
    {
        "color": 4294967295,
        "name": "Generic Point 336",
        "x": 1317.3,
        "y": 203.256,
        "z": 517.026
    },
    {
        "color": 4294967295,
        "name": "Generic Point 337",
        "x": 841.632,
        "y": 208.592,
        "z": -37.82
    },
    {
        "color": 4294967295,
        "name": "Generic Point 338",
        "x": 989.929,
        "y": 214.007,
        "z": 3.499
    },
    {
        "color": 4294967295,
        "name": "Generic Point 339",
        "x": 987.775,
        "y": 258.988,
        "z": -164.014
    },
    {
        "color": 4294967295,
        "name": "Generic Point 34",
        "x": 1093.648,
        "y": 203.387,
        "z": 55.931
    },
    {
        "color": 4294967295,
        "name": "Generic Point 340",
        "x": 1318.539,
        "y": 203.044,
        "z": -78.255
    },
    {
        "color": 4294967295,
        "name": "Generic Point 341",
        "x": 1308.139,
        "y": 203.064,
        "z": -94.297
    },
    {
        "color": 4294967295,
        "name": "Generic Point 342",
        "x": 1330.618,
        "y": 203.252,
        "z": -137.37
    },
    {
        "color": 4294967295,
        "name": "Generic Point 343",
        "x": 1326.964,
        "y": 203.195,
        "z": -150.587
    },
    {
        "color": 4294967295,
        "name": "Generic Point 344",
        "x": 1155.921,
        "y": 208.146,
        "z": -191.772
    },
    {
        "color": 4294967295,
        "name": "Generic Point 345",
        "x": 2796.18,
        "y": 273.38,
        "z": -1487.323
    },
    {
        "color": 4294967295,
        "name": "Generic Point 346",
        "x": 1087.744,
        "y": 256.289,
        "z": -364.32
    },
    {
        "color": 4294967295,
        "name": "Generic Point 347",
        "x": 924.711,
        "y": 302.448,
        "z": -445.884
    },
    {
        "color": 4294967295,
        "name": "Generic Point 348",
        "x": 1185.524,
        "y": 204.199,
        "z": 342.66
    },
    {
        "color": 4294967295,
        "name": "Generic Point 349",
        "x": 842.932,
        "y": 329.964,
        "z": -494.851
    },
    {
        "color": 4294967295,
        "name": "Generic Point 35",
        "x": 2316.289,
        "y": 221.183,
        "z": -73.189
    },
    {
        "color": 4294967295,
        "name": "Generic Point 350",
        "x": 941.885,
        "y": 343.992,
        "z": -627.765
    },
    {
        "color": 4294967295,
        "name": "Generic Point 351",
        "x": 1017.197,
        "y": 352.842,
        "z": -643.15
    },
    {
        "color": 4294967295,
        "name": "Generic Point 352",
        "x": 1071.322,
        "y": 382.992,
        "z": -621.773
    },
    {
        "color": 4294967295,
        "name": "Generic Point 353",
        "x": 1467.013,
        "y": 270.206,
        "z": -644.418
    },
    {
        "color": 4294967295,
        "name": "Generic Point 354",
        "x": 1514.812,
        "y": 270.394,
        "z": -810.287
    },
    {
        "color": 4294967295,
        "name": "Generic Point 355",
        "x": 1256.383,
        "y": 386.321,
        "z": -889.76
    },
    {
        "color": 4294967295,
        "name": "Generic Point 356",
        "x": 2707.17,
        "y": 287.528,
        "z": -1415.278
    },
    {
        "color": 4294967295,
        "name": "Generic Point 357",
        "x": 1256.359,
        "y": 311.899,
        "z": -1023.731
    },
    {
        "color": 4294967295,
        "name": "Generic Point 358",
        "x": 921.234,
        "y": 203.69,
        "z": -1145.662
    },
    {
        "color": 4294967295,
        "name": "Generic Point 359",
        "x": 790.731,
        "y": 202.778,
        "z": -1289.905
    },
    {
        "color": 4294967295,
        "name": "Generic Point 36",
        "x": 2333.43,
        "y": 300.623,
        "z": -187.285
    },
    {
        "color": 4294967295,
        "name": "Generic Point 360",
        "x": 1452.894,
        "y": 204.013,
        "z": 159.112
    },
    {
        "color": 4294967295,
        "name": "Generic Point 361",
        "x": -104.02,
        "y": 205.964,
        "z": -996.124
    },
    {
        "color": 4294967295,
        "name": "Generic Point 362",
        "x": -166.505,
        "y": 203.0,
        "z": -1003.004
    },
    {
        "color": 4294967295,
        "name": "Generic Point 363",
        "x": -159.058,
        "y": 203.438,
        "z": -924.532
    },
    {
        "color": 4294967295,
        "name": "Generic Point 364",
        "x": -143.103,
        "y": 204.061,
        "z": -888.356
    },
    {
        "color": 4294967295,
        "name": "Generic Point 365",
        "x": -115.282,
        "y": 203.167,
        "z": -858.629
    },
    {
        "color": 4294967295,
        "name": "Generic Point 366",
        "x": -128.993,
        "y": 203.105,
        "z": -822.551
    },
    {
        "color": 4294967295,
        "name": "Generic Point 367",
        "x": 2710.921,
        "y": 288.633,
        "z": -1401.76
    },
    {
        "color": 4294967295,
        "name": "Generic Point 368",
        "x": -95.045,
        "y": 203.455,
        "z": -732.307
    },
    {
        "color": 4294967295,
        "name": "Generic Point 369",
        "x": -364.406,
        "y": 206.491,
        "z": -722.126
    },
    {
        "color": 4294967295,
        "name": "Generic Point 37",
        "x": 2379.087,
        "y": 294.351,
        "z": -211.628
    },
    {
        "color": 4294967295,
        "name": "Generic Point 370",
        "x": -150.025,
        "y": 204.157,
        "z": -468.78
    },
    {
        "color": 4294967295,
        "name": "Generic Point 371",
        "x": 656.948,
        "y": 203.574,
        "z": -858.921
    },
    {
        "color": 4294967295,
        "name": "Generic Point 372",
        "x": 1361.528,
        "y": 203.216,
        "z": 183.586
    },
    {
        "color": 4294967295,
        "name": "Generic Point 373",
        "x": 901.294,
        "y": 414.437,
        "z": -822.946
    },
    {
        "color": 4294967295,
        "name": "Generic Point 374",
        "x": 882.443,
        "y": 417.388,
        "z": -841.01
    },
    {
        "color": 4294967295,
        "name": "Generic Point 375",
        "x": 823.678,
        "y": 293.551,
        "z": -934.082
    },
    {
        "color": 4294967295,
        "name": "Generic Point 376",
        "x": 849.916,
        "y": 296.52,
        "z": -970.166
    },
    {
        "color": 4294967295,
        "name": "Generic Point 377",
        "x": 844.095,
        "y": 295.972,
        "z": -991.577
    },
    {
        "color": 4294967295,
        "name": "Generic Point 378",
        "x": 2732.669,
        "y": 259.64,
        "z": -1323.918
    },
    {
        "color": 4294967295,
        "name": "Generic Point 379",
        "x": 929.696,
        "y": 289.464,
        "z": -954.237
    },
    {
        "color": 4294967295,
        "name": "Generic Point 38",
        "x": 2351.232,
        "y": 292.289,
        "z": -233.269
    },
    {
        "color": 4294967295,
        "name": "Generic Point 380",
        "x": 965.601,
        "y": 289.836,
        "z": -951.648
    },
    {
        "color": 4294967295,
        "name": "Generic Point 381",
        "x": 1033.678,
        "y": 343.39,
        "z": -997.018
    },
    {
        "color": 4294967295,
        "name": "Generic Point 382",
        "x": 1041.177,
        "y": 340.326,
        "z": -974.101
    },
    {
        "color": 4294967295,
        "name": "Generic Point 383",
        "x": 1206.364,
        "y": 314.924,
        "z": -1072.431
    },
    {
        "color": 4294967295,
        "name": "Generic Point 384",
        "x": 1224.557,
        "y": 204.044,
        "z": 138.32
    },
    {
        "color": 4294967295,
        "name": "Generic Point 385",
        "x": 1211.631,
        "y": 309.872,
        "z": -1090.159
    },
    {
        "color": 4294967295,
        "name": "Generic Point 386",
        "x": 1256.019,
        "y": 279.171,
        "z": -1169.855
    },
    {
        "color": 4294967295,
        "name": "Generic Point 387",
        "x": 1274.605,
        "y": 277.288,
        "z": -1170.916
    },
    {
        "color": 4294967295,
        "name": "Generic Point 388",
        "x": 1290.549,
        "y": 275.981,
        "z": -1215.344
    },
    {
        "color": 4294967295,
        "name": "Generic Point 389",
        "x": 2843.005,
        "y": 262.65,
        "z": -1345.736
    },
    {
        "color": 4294967295,
        "name": "Generic Point 39",
        "x": 2417.306,
        "y": 298.877,
        "z": -329.509
    },
    {
        "color": 4294967295,
        "name": "Generic Point 390",
        "x": 1397.644,
        "y": 276.128,
        "z": -1105.269
    },
    {
        "color": 4294967295,
        "name": "Generic Point 391",
        "x": 1412.828,
        "y": 286.775,
        "z": -1036.516
    },
    {
        "color": 4294967295,
        "name": "Generic Point 392",
        "x": 1405.695,
        "y": 323.499,
        "z": -963.39
    },
    {
        "color": 4294967295,
        "name": "Generic Point 393",
        "x": 1548.495,
        "y": 274.132,
        "z": -916.363
    },
    {
        "color": 4294967295,
        "name": "Generic Point 394",
        "x": 1496.496,
        "y": 270.545,
        "z": -1008.662
    },
    {
        "color": 4294967295,
        "name": "Generic Point 395",
        "x": 1512.583,
        "y": 295.418,
        "z": -1213.673
    },
    {
        "color": 4294967295,
        "name": "Generic Point 396",
        "x": 978.656,
        "y": 203.217,
        "z": 223.136
    },
    {
        "color": 4294967295,
        "name": "Generic Point 397",
        "x": 2817.342,
        "y": 264.351,
        "z": -1280.0
    },
    {
        "color": 4294967295,
        "name": "Generic Point 398",
        "x": 2875.331,
        "y": 294.013,
        "z": -1175.67
    },
    {
        "color": 4294967295,
        "name": "Generic Point 399",
        "x": 2701.688,
        "y": 251.883,
        "z": -1244.35
    },
    {
        "color": 4294967295,
        "name": "Generic Point 4",
        "x": 1906.35,
        "y": 246.675,
        "z": -630.637
    },
    {
        "color": 4294967295,
        "name": "Generic Point 40",
        "x": 656.468,
        "y": 204.091,
        "z": 334.13
    },
    {
        "color": 4294967295,
        "name": "Generic Point 400",
        "x": 1439.985,
        "y": 245.314,
        "z": -1516.666
    },
    {
        "color": 4294967295,
        "name": "Generic Point 401",
        "x": 2678.376,
        "y": 244.048,
        "z": -1222.479
    },
    {
        "color": 4294967295,
        "name": "Generic Point 402",
        "x": 2686.205,
        "y": 247.731,
        "z": -1244.707
    },
    {
        "color": 4294967295,
        "name": "Generic Point 403",
        "x": 2678.193,
        "y": 247.708,
        "z": -1276.645
    },
    {
        "color": 4294967295,
        "name": "Generic Point 404",
        "x": 2472.485,
        "y": 218.16,
        "z": -1292.959
    },
    {
        "color": 4294967295,
        "name": "Generic Point 405",
        "x": 2356.623,
        "y": 210.397,
        "z": -1118.681
    },
    {
        "color": 4294967295,
        "name": "Generic Point 406",
        "x": 2368.171,
        "y": 228.472,
        "z": -1168.214
    },
    {
        "color": 4294967295,
        "name": "Generic Point 407",
        "x": 2411.951,
        "y": 211.571,
        "z": -1282.988
    },
    {
        "color": 4294967295,
        "name": "Generic Point 408",
        "x": 962.961,
        "y": 209.141,
        "z": 152.131
    },
    {
        "color": 4294967295,
        "name": "Generic Point 409",
        "x": 2410.455,
        "y": 256.21500000000003,
        "z": -1370.212
    },
    {
        "color": 4294967295,
        "name": "Generic Point 41",
        "x": 2423.919,
        "y": 243.865,
        "z": -399.207
    },
    {
        "color": 4294967295,
        "name": "Generic Point 410",
        "x": 2395.31,
        "y": 256.188,
        "z": -1421.085
    },
    {
        "color": 4294967295,
        "name": "Generic Point 411",
        "x": 1554.717,
        "y": 272.628,
        "z": -1484.765
    },
    {
        "color": 4294967295,
        "name": "Generic Point 412",
        "x": 2413.309,
        "y": 255.761,
        "z": -1423.788
    },
    {
        "color": 4294967295,
        "name": "Generic Point 413",
        "x": 2398.469,
        "y": 288.38,
        "z": -1583.045
    },
    {
        "color": 4294967295,
        "name": "Generic Point 414",
        "x": 2388.105,
        "y": 283.965,
        "z": -1558.047
    },
    {
        "color": 4294967295,
        "name": "Generic Point 415",
        "x": 2279.412,
        "y": 251.194,
        "z": -1455.612
    },
    {
        "color": 4294967295,
        "name": "Generic Point 416",
        "x": 2189.812,
        "y": 215.603,
        "z": -1481.792
    },
    {
        "color": 4294967295,
        "name": "Generic Point 417",
        "x": 2171.478,
        "y": 216.278,
        "z": -1462.688
    },
    {
        "color": 4294967295,
        "name": "Generic Point 418",
        "x": 2110.094,
        "y": 242.037,
        "z": -1539.666
    },
    {
        "color": 4294967295,
        "name": "Generic Point 419",
        "x": 2092.295,
        "y": 242.037,
        "z": -1532.0
    },
    {
        "color": 4294967295,
        "name": "Generic Point 42",
        "x": 2645.521,
        "y": 225.916,
        "z": -482.003
    },
    {
        "color": 4294967295,
        "name": "Generic Point 420",
        "x": 727.477,
        "y": 205.959,
        "z": 230.576
    },
    {
        "color": 4294967295,
        "name": "Generic Point 421",
        "x": 2080.405,
        "y": 234.004,
        "z": -1525.48
    },
    {
        "color": 4294967295,
        "name": "Generic Point 422",
        "x": 1574.053,
        "y": 255.079,
        "z": -1641.337
    },
    {
        "color": 4294967295,
        "name": "Generic Point 423",
        "x": 1960.254,
        "y": 206.837,
        "z": -1427.664
    },
    {
        "color": 4294967295,
        "name": "Generic Point 424",
        "x": 1970.138,
        "y": 209.97,
        "z": -1409.042
    },
    {
        "color": 4294967295,
        "name": "Generic Point 425",
        "x": 1907.601,
        "y": 198.657,
        "z": -1321.975
    },
    {
        "color": 4294967295,
        "name": "Generic Point 426",
        "x": 1805.586,
        "y": 198.231,
        "z": -1478.733
    },
    {
        "color": 4294967295,
        "name": "Generic Point 427",
        "x": 1737.264,
        "y": 201.763,
        "z": -1450.156
    },
    {
        "color": 4294967295,
        "name": "Generic Point 428",
        "x": 1754.596,
        "y": 216.652,
        "z": -1390.634
    },
    {
        "color": 4294967295,
        "name": "Generic Point 429",
        "x": 1724.88,
        "y": 216.907,
        "z": -1381.233
    },
    {
        "color": 4294967295,
        "name": "Generic Point 43",
        "x": 2698.598,
        "y": 250.229,
        "z": -428.7
    },
    {
        "color": 4294967295,
        "name": "Generic Point 430",
        "x": 1633.415,
        "y": 255.984,
        "z": -1374.471
    },
    {
        "color": 4294967295,
        "name": "Generic Point 431",
        "x": 1698.781,
        "y": 267.204,
        "z": -1315.321
    },
    {
        "color": 4294967295,
        "name": "Generic Point 432",
        "x": 488.679,
        "y": 218.089,
        "z": 470.429
    },
    {
        "color": 4294967295,
        "name": "Generic Point 433",
        "x": 1624.725,
        "y": 346.999,
        "z": -2118.521
    },
    {
        "color": 4294967295,
        "name": "Generic Point 434",
        "x": 1715.724,
        "y": 236.826,
        "z": -1154.54
    },
    {
        "color": 4294967295,
        "name": "Generic Point 435",
        "x": 1697.709,
        "y": 276.343,
        "z": -1103.656
    },
    {
        "color": 4294967295,
        "name": "Generic Point 436",
        "x": 1788.767,
        "y": 261.579,
        "z": -1034.55
    },
    {
        "color": 4294967295,
        "name": "Generic Point 437",
        "x": 1797.47,
        "y": 247.247,
        "z": -1138.495
    },
    {
        "color": 4294967295,
        "name": "Generic Point 438",
        "x": 1897.624,
        "y": 225.185,
        "z": -1101.226
    },
    {
        "color": 4294967295,
        "name": "Generic Point 439",
        "x": 1903.356,
        "y": 199.452,
        "z": -1169.747
    },
    {
        "color": 4294967295,
        "name": "Generic Point 44",
        "x": 2767.007,
        "y": 232.27,
        "z": -155.646
    },
    {
        "color": 4294967295,
        "name": "Generic Point 440",
        "x": 2031.478,
        "y": 200.205,
        "z": -1227.326
    },
    {
        "color": 4294967295,
        "name": "Generic Point 441",
        "x": 2171.696,
        "y": 239.689,
        "z": -1303.09
    },
    {
        "color": 4294967295,
        "name": "Generic Point 442",
        "x": 2180.339,
        "y": 218.511,
        "z": -1132.575
    },
    {
        "color": 4294967295,
        "name": "Generic Point 443",
        "x": 2073.566,
        "y": 209.208,
        "z": -1036.669
    },
    {
        "color": 4294967295,
        "name": "Generic Point 444",
        "x": 1555.627,
        "y": 255.181,
        "z": -1653.801
    },
    {
        "color": 4294967295,
        "name": "Generic Point 445",
        "x": 383.888,
        "y": 204.555,
        "z": 466.372
    },
    {
        "color": 4294967295,
        "name": "Generic Point 446",
        "x": 1977.481,
        "y": 205.603,
        "z": -809.322
    },
    {
        "color": 4294967295,
        "name": "Generic Point 447",
        "x": 1799.124,
        "y": 240.459,
        "z": -775.782
    },
    {
        "color": 4294967295,
        "name": "Generic Point 448",
        "x": 1706.374,
        "y": 258.318,
        "z": -759.965
    },
    {
        "color": 4294967295,
        "name": "Generic Point 449",
        "x": 1649.893,
        "y": 267.855,
        "z": -791.266
    },
    {
        "color": 4294967295,
        "name": "Generic Point 45",
        "x": 1861.684,
        "y": 199.31,
        "z": -1549.594
    },
    {
        "color": 4294967295,
        "name": "Generic Point 450",
        "x": 1649.788,
        "y": 268.145,
        "z": -776.2
    },
    {
        "color": 4294967295,
        "name": "Generic Point 451",
        "x": 1652.795,
        "y": 268.919,
        "z": -762.195
    },
    {
        "color": 4294967295,
        "name": "Generic Point 452",
        "x": 1733.263,
        "y": 242.653,
        "z": -670.669
    },
    {
        "color": 4294967295,
        "name": "Generic Point 453",
        "x": 1716.117,
        "y": 239.497,
        "z": -653.809
    },
    {
        "color": 4294967295,
        "name": "Generic Point 454",
        "x": 1739.052,
        "y": 236.731,
        "z": -642.684
    },
    {
        "color": 4294967295,
        "name": "Generic Point 46",
        "x": 2876.733,
        "y": 222.137,
        "z": -102.452
    },
    {
        "color": 4294967295,
        "name": "Generic Point 47",
        "x": 2991.575,
        "y": 214.172,
        "z": 61.814
    },
    {
        "color": 4294967295,
        "name": "Generic Point 48",
        "x": 2943.373,
        "y": 218.951,
        "z": 284.776
    },
    {
        "color": 4294967295,
        "name": "Generic Point 49",
        "x": 2854.699,
        "y": 216.659,
        "z": 283.516
    },
    {
        "color": 4294967295,
        "name": "Generic Point 5",
        "x": 1943.383,
        "y": 216.009,
        "z": -671.109
    },
    {
        "color": 4294967295,
        "name": "Generic Point 50",
        "x": 2764.027,
        "y": 219.258,
        "z": 183.39
    },
    {
        "color": 4294967295,
        "name": "Generic Point 51",
        "x": 2763.958,
        "y": 210.124,
        "z": 240.646
    },
    {
        "color": 4294967295,
        "name": "Generic Point 52",
        "x": 583.631,
        "y": 201.156,
        "z": 228.87
    },
    {
        "color": 4294967295,
        "name": "Generic Point 53",
        "x": 2731.519,
        "y": 243.595,
        "z": 319.171
    },
    {
        "color": 4294967295,
        "name": "Generic Point 54",
        "x": 2717.472,
        "y": 210.023,
        "z": 340.851
    },
    {
        "color": 4294967295,
        "name": "Generic Point 55",
        "x": 2670.668,
        "y": 215.29,
        "z": 285.603
    },
    {
        "color": 4294967295,
        "name": "Generic Point 56",
        "x": 1880.356,
        "y": 198.678,
        "z": -1561.232
    },
    {
        "color": 4294967295,
        "name": "Generic Point 57",
        "x": 2587.948,
        "y": 215.492,
        "z": 448.994
    },
    {
        "color": 4294967295,
        "name": "Generic Point 58",
        "x": 2480.056,
        "y": 248.734,
        "z": 464.265
    },
    {
        "color": 4294967295,
        "name": "Generic Point 59",
        "x": 2386.411,
        "y": 225.545,
        "z": 383.423
    },
    {
        "color": 4294967295,
        "name": "Generic Point 6",
        "x": 2002.493,
        "y": 228.387,
        "z": -695.938
    },
    {
        "color": 4294967295,
        "name": "Generic Point 60",
        "x": 2496.629,
        "y": 213.007,
        "z": 369.345
    },
    {
        "color": 4294967295,
        "name": "Generic Point 61",
        "x": 2567.324,
        "y": 211.108,
        "z": 319.888
    },
    {
        "color": 4294967295,
        "name": "Generic Point 62",
        "x": 2569.039,
        "y": 211.202,
        "z": 305.856
    },
    {
        "color": 4294967295,
        "name": "Generic Point 63",
        "x": 2552.93,
        "y": 209.909,
        "z": 249.793
    },
    {
        "color": 4294967295,
        "name": "Generic Point 64",
        "x": 545.39,
        "y": 200.057,
        "z": 266.436
    },
    {
        "color": 4294967295,
        "name": "Generic Point 65",
        "x": 2545.332,
        "y": 208.45,
        "z": 205.238
    },
    {
        "color": 4294967295,
        "name": "Generic Point 66",
        "x": 2589.951,
        "y": 252.27,
        "z": 121.304
    },
    {
        "color": 4294967295,
        "name": "Generic Point 67",
        "x": 1881.194,
        "y": 198.966,
        "z": -1542.278
    },
    {
        "color": 4294967295,
        "name": "Generic Point 68",
        "x": 2611.66,
        "y": 208.67,
        "z": 4.961
    },
    {
        "color": 4294967295,
        "name": "Generic Point 69",
        "x": 1593.666,
        "y": 252.517,
        "z": 286.564
    },
    {
        "color": 4294967295,
        "name": "Generic Point 7",
        "x": 2086.114,
        "y": 239.871,
        "z": -593.73
    },
    {
        "color": 4294967295,
        "name": "Generic Point 70",
        "x": 1680.52,
        "y": 303.204,
        "z": 422.445
    },
    {
        "color": 4294967295,
        "name": "Generic Point 71",
        "x": 1600.425,
        "y": 259.319,
        "z": 459.665
    },
    {
        "color": 4294967295,
        "name": "Generic Point 72",
        "x": 1598.674,
        "y": 294.13,
        "z": 564.018
    },
    {
        "color": 4294967295,
        "name": "Generic Point 73",
        "x": 1577.893,
        "y": 205.583,
        "z": 1142.582
    },
    {
        "color": 4294967295,
        "name": "Generic Point 74",
        "x": 1323.198,
        "y": 231.477,
        "z": 1265.957
    },
    {
        "color": 4294967295,
        "name": "Generic Point 75",
        "x": 1277.528,
        "y": 265.113,
        "z": 1218.838
    },
    {
        "color": 4294967295,
        "name": "Generic Point 76",
        "x": 467.637,
        "y": 206.249,
        "z": 305.64
    },
    {
        "color": 4294967295,
        "name": "Generic Point 77",
        "x": 1190.743,
        "y": 247.448,
        "z": 1142.626
    },
    {
        "color": 4294967295,
        "name": "Generic Point 78",
        "x": 1898.342,
        "y": 200.199,
        "z": -1556.413
    },
    {
        "color": 4294967295,
        "name": "Generic Point 79",
        "x": 1193.296,
        "y": 256.071,
        "z": 1083.419
    },
    {
        "color": 4294967295,
        "name": "Generic Point 8",
        "x": 2286.464,
        "y": 244.3,
        "z": -471.041
    },
    {
        "color": 4294967295,
        "name": "Generic Point 80",
        "x": 1267.198,
        "y": 205.176,
        "z": 954.887
    },
    {
        "color": 4294967295,
        "name": "Generic Point 81",
        "x": 1209.192,
        "y": 204.607,
        "z": 861.837
    },
    {
        "color": 4294967295,
        "name": "Generic Point 82",
        "x": 853.16,
        "y": 230.479,
        "z": 742.23
    },
    {
        "color": 4294967295,
        "name": "Generic Point 83",
        "x": 1132.558,
        "y": 221.071,
        "z": 1037.98
    },
    {
        "color": 4294967295,
        "name": "Generic Point 84",
        "x": 1073.948,
        "y": 303.258,
        "z": 1224.287
    },
    {
        "color": 4294967295,
        "name": "Generic Point 85",
        "x": 1049.062,
        "y": 312.731,
        "z": 1308.124
    },
    {
        "color": 4294967295,
        "name": "Generic Point 86",
        "x": 984.251,
        "y": 309.918,
        "z": 1185.992
    },
    {
        "color": 4294967295,
        "name": "Generic Point 87",
        "x": 897.933,
        "y": 294.513,
        "z": 1173.84
    },
    {
        "color": 4294967295,
        "name": "Generic Point 88",
        "x": 314.399,
        "y": 219.072,
        "z": 326.918
    },
    {
        "color": 4294967295,
        "name": "Generic Point 89",
        "x": 2000.262,
        "y": 224.371,
        "z": -1516.463
    },
    {
        "color": 4294967295,
        "name": "Generic Point 9",
        "x": 2241.067,
        "y": 205.973,
        "z": -513.363
    },
    {
        "color": 4294967295,
        "name": "Generic Point 90",
        "x": 927.793,
        "y": 264.972,
        "z": 1267.729
    },
    {
        "color": 4294967295,
        "name": "Generic Point 91",
        "x": 833.112,
        "y": 218.861,
        "z": 1217.121
    },
    {
        "color": 4294967295,
        "name": "Generic Point 92",
        "x": 748.993,
        "y": 172.559,
        "z": 1126.612
    },
    {
        "color": 4294967295,
        "name": "Generic Point 93",
        "x": 658.897,
        "y": 233.334,
        "z": 1034.334
    },
    {
        "color": 4294967295,
        "name": "Generic Point 94",
        "x": 575.332,
        "y": 267.702,
        "z": 1054.667
    },
    {
        "color": 4294967295,
        "name": "Generic Point 95",
        "x": 497.184,
        "y": 171.54,
        "z": 1185.474
    },
    {
        "color": 4294967295,
        "name": "Generic Point 96",
        "x": 366.413,
        "y": 239.524,
        "z": 1015.89
    },
    {
        "color": 4294967295,
        "name": "Generic Point 97",
        "x": 396.772,
        "y": 183.647,
        "z": 874.484
    },
    {
        "color": 4294967295,
        "name": "Generic Point 98",
        "x": 300.531,
        "y": 198.957,
        "z": 858.934
    },
    {
        "color": 4294967295,
        "name": "Generic Point 99",
        "x": 314.391,
        "y": 214.908,
        "z": 885.819
    }
]