[
    {
        "color": 4294967295,
        "name": "Generic Point 0",
        "x": 1689.6435546875,
        "y": 214.00259399414062,
        "z": 155.8087158203125
    },
    {
        "color": 4294967295,
        "name": "Generic Point 1",
        "x": 475.98992919921875,
        "y": 205.60293579101562,
        "z": -422.5110778808594
    },
    {
        "color": 4294967295,
        "name": "Generic Point 10",
        "x": 1738.5052490234375,
        "y": 211.04214477539062,
        "z": 592.7611083984375
    },
    {
        "color": 4294967295,
        "name": "Generic Point 11",
        "x": 1316.5927734375,
        "y": 200.22288513183594,
        "z": 180.0628204345703
    },
    {
        "color": 4294967295,
        "name": "Generic Point 12",
        "x": 1503.5494384765625,
        "y": 208.105224609375,
        "z": 1064.6798095703125
    },
    {
        "color": 4294967295,
        "name": "Generic Point 13",
        "x": 777.6929931640625,
        "y": 207.88392639160156,
        "z": 1172.7882080078125
    },
    {
        "color": 4294967295,
        "name": "Generic Point 14",
        "x": 732.88427734375,
        "y": 319.9755554199219,
        "z": 1572.87158203125
    },
    {
        "color": 4294967295,
        "name": "Generic Point 15",
        "x": 880.327392578125,
        "y": 324.25836181640625,
        "z": 1515.484130859375
    },
    {
        "color": 4294967295,
        "name": "Generic Point 16",
        "x": 883.695556640625,
        "y": 366.982666015625,
        "z": 1379.628173828125
    },
    {
        "color": 4294967295,
        "name": "Generic Point 17",
        "x": 990.9707641601562,
        "y": 330.285400390625,
        "z": 1509.5784912109375
    },
    {
        "color": 4294967295,
        "name": "Generic Point 18",
        "x": 1227.6488037109375,
        "y": 363.5341491699219,
        "z": 1552.92041015625
    },
    {
        "color": 4294967295,
        "name": "Generic Point 19",
        "x": 1333.797119140625,
        "y": 270.9288024902344,
        "z": 1540.5823974609375
    },
    {
        "color": 4294967295,
        "name": "Generic Point 2",
        "x": -282.3919677734375,
        "y": 212.46900939941406,
        "z": -964.1240844726562
    },
    {
        "color": 4294967295,
        "name": "Generic Point 20",
        "x": 1057.1051025390625,
        "y": 231.7837677001953,
        "z": 1643.9547119140625
    },
    {
        "color": 4294967295,
        "name": "Generic Point 21",
        "x": 890.265380859375,
        "y": 272.3683166503906,
        "z": 1570.5162353515625
    },
    {
        "color": 4294967295,
        "name": "Generic Point 22",
        "x": 1287.2816162109375,
        "y": 201.0045928955078,
        "z": -221.3597412109375
    },
    {
        "color": 4294967295,
        "name": "Generic Point 23",
        "x": 674.896728515625,
        "y": 232.1205596923828,
        "z": 1622.8199462890625
    },
    {
        "color": 4294967295,
        "name": "Generic Point 24",
        "x": 842.31103515625,
        "y": 374.169921875,
        "z": 1866.7474365234375
    },
    {
        "color": 4294967295,
        "name": "Generic Point 25",
        "x": 667.2579956054688,
        "y": 365.0347595214844,
        "z": 1937.1278076171875
    },
    {
        "color": 4294967295,
        "name": "Generic Point 26",
        "x": 360.1571350097656,
        "y": 252.69149780273438,
        "z": 1655.109619140625
    },
    {
        "color": 4294967295,
        "name": "Generic Point 27",
        "x": 300.86785888671875,
        "y": 200.8708038330078,
        "z": 1529.580078125
    },
    {
        "color": 4294967295,
        "name": "Generic Point 28",
        "x": 576.4441528320312,
        "y": 232.98236083984375,
        "z": 816.862548828125
    },
    {
        "color": 4294967295,
        "name": "Generic Point 29",
        "x": 353.7120666503906,
        "y": 198.6108856201172,
        "z": 869.3240966796875
    },
    {
        "color": 4294967295,
        "name": "Generic Point 3",
        "x": -657.6134643554688,
        "y": 260.2711181640625,
        "z": 616.42578125
    },
    {
        "color": 4294967295,
        "name": "Generic Point 30",
        "x": 51.451622009277344,
        "y": 216.5227813720703,
        "z": 1182.98486328125
    },
    {
        "color": 4294967295,
        "name": "Generic Point 31",
        "x": -37.28517150878906,
        "y": 272.01220703125,
        "z": 1151.635986328125
    },
    {
        "color": 4294967295,
        "name": "Generic Point 32",
        "x": -174.68858337402344,
        "y": 235.4217987060547,
        "z": 1232.75341796875
    },
    {
        "color": 4294967295,
        "name": "Generic Point 33",
        "x": 1223.85693359375,
        "y": 200.41905212402344,
        "z": 42.583152770996094
    },
    {
        "color": 4294967295,
        "name": "Generic Point 34",
        "x": -171.82205200195312,
        "y": 164.07386779785156,
        "z": 995.0189819335938
    },
    {
        "color": 4294967295,
        "name": "Generic Point 35",
        "x": -876.184814453125,
        "y": 210.65249633789062,
        "z": 997.7794799804688
    },
    {
        "color": 4294967295,
        "name": "Generic Point 36",
        "x": -863.0017700195312,
        "y": 195.87939453125,
        "z": 1288.1724853515625
    },
    {
        "color": 4294967295,
        "name": "Generic Point 37",
        "x": 155.04513549804688,
        "y": 291.1666259765625,
        "z": 1538.5562744140625
    },
    {
        "color": 4294967295,
        "name": "Generic Point 38",
        "x": 218.03494262695312,
        "y": 335.5718688964844,
        "z": 1845.917236328125
    },
    {
        "color": 4294967295,
        "name": "Generic Point 39",
        "x": 718.7425537109375,
        "y": 275.0503234863281,
        "z": -127.68191528320312
    },
    {
        "color": 4294967295,
        "name": "Generic Point 4",
        "x": -519.1619262695312,
        "y": 355.40869140625,
        "z": 614.9052124023438
    },
    {
        "color": 4294967295,
        "name": "Generic Point 40",
        "x": 627.7169799804688,
        "y": 200.53953552246094,
        "z": 155.63121032714844
    },
    {
        "color": 4294967295,
        "name": "Generic Point 41",
        "x": 710.0411987304688,
        "y": 248.7716064453125,
        "z": -408.06378173828125
    },
    {
        "color": 4294967295,
        "name": "Generic Point 42",
        "x": 546.5620727539062,
        "y": 240.69882202148438,
        "z": -99.77436828613281
    },
    {
        "color": 4294967295,
        "name": "Generic Point 43",
        "x": 443.544921875,
        "y": 201.07672119140625,
        "z": -456.6402893066406
    },
    {
        "color": 4294967295,
        "name": "Generic Point 5",
        "x": -227.0396728515625,
        "y": 408.7768859863281,
        "z": 495.2868347167969
    },
    {
        "color": 4294967295,
        "name": "Generic Point 6",
        "x": 87.72988891601562,
        "y": 237.1351776123047,
        "z": 816.356201171875
    },
    {
        "color": 4294967295,
        "name": "Generic Point 7",
        "x": 302.9012756347656,
        "y": 218.7882843017578,
        "z": 146.65524291992188
    },
    {
        "color": 4294967295,
        "name": "Generic Point 8",
        "x": 1463.4913330078125,
        "y": 229.1762237548828,
        "z": 414.37799072265625
    },
    {
        "color": 4294967295,
        "name": "Generic Point 9",
        "x": 1885.82666015625,
        "y": 216.59576416015625,
        "z": 651.0888061523438
    }
]