[
    {
        "color": 4294967295,
        "name": "Generic Point 0",
        "x": 1377.915283203125,
        "y": 200.6063690185547,
        "z": 199.81715393066406
    },
    {
        "color": 4294967295,
        "name": "Generic Point 1",
        "x": -149.7744903564453,
        "y": 251.4429168701172,
        "z": -99.77649688720703
    },
    {
        "color": 4294967295,
        "name": "Generic Point 10",
        "x": 1405.6978759765625,
        "y": 212.7339630126953,
        "z": 465.98736572265625
    },
    {
        "color": 4294967295,
        "name": "Generic Point 11",
        "x": -186.1580810546875,
        "y": 209.51486206054688,
        "z": 1175.2791748046875
    },
    {
        "color": 4294967295,
        "name": "Generic Point 12",
        "x": 1496.694580078125,
        "y": 204.33848571777344,
        "z": 317.06951904296875
    },
    {
        "color": 4294967295,
        "name": "Generic Point 13",
        "x": 1319.7327880859375,
        "y": 201.06430053710938,
        "z": -84.38921356201172
    },
    {
        "color": 4294967295,
        "name": "Generic Point 14",
        "x": 1851.6961669921875,
        "y": 205.5448455810547,
        "z": 721.3651733398438
    },
    {
        "color": 4294967295,
        "name": "Generic Point 15",
        "x": 1567.6348876953125,
        "y": 201.12867736816406,
        "z": 1097.2681884765625
    },
    {
        "color": 4294967295,
        "name": "Generic Point 16",
        "x": 1605.309326171875,
        "y": 201.935791015625,
        "z": 1144.087646484375
    },
    {
        "color": 4294967295,
        "name": "Generic Point 17",
        "x": 1063.140869140625,
        "y": 206.45249938964844,
        "z": 728.8925170898438
    },
    {
        "color": 4294967295,
        "name": "Generic Point 18",
        "x": 760.0449829101562,
        "y": 220.00633239746094,
        "z": 858.66455078125
    },
    {
        "color": 4294967295,
        "name": "Generic Point 19",
        "x": 687.2733154296875,
        "y": 214.28768920898438,
        "z": 1318.9942626953125
    },
    {
        "color": 4294967295,
        "name": "Generic Point 2",
        "x": 198.5911102294922,
        "y": 236.21212768554688,
        "z": 226.52670288085938
    },
    {
        "color": 4294967295,
        "name": "Generic Point 20",
        "x": 781.8939819335938,
        "y": 333.63104248046875,
        "z": 1641.3580322265625
    },
    {
        "color": 4294967295,
        "name": "Generic Point 21",
        "x": 951.9050903320312,
        "y": 344.82354736328125,
        "z": 1420.27978515625
    },
    {
        "color": 4294967295,
        "name": "Generic Point 22",
        "x": 1136.8062744140625,
        "y": 353.34490966796875,
        "z": 1526.26953125
    },
    {
        "color": 4294967295,
        "name": "Generic Point 23",
        "x": 996.184814453125,
        "y": 268.21527099609375,
        "z": 1539.1865234375
    },
    {
        "color": 4294967295,
        "name": "Generic Point 24",
        "x": 978.47998046875,
        "y": 210.4886016845703,
        "z": 27.210037231445312
    },
    {
        "color": 4294967295,
        "name": "Generic Point 25",
        "x": 550.8038940429688,
        "y": 245.24765014648438,
        "z": 869.5153198242188
    },
    {
        "color": 4294967295,
        "name": "Generic Point 26",
        "x": 470.654541015625,
        "y": 223.36672973632812,
        "z": 786.6256713867188
    },
    {
        "color": 4294967295,
        "name": "Generic Point 27",
        "x": 6.9428558349609375,
        "y": 217.5294647216797,
        "z": 1320.8775634765625
    },
    {
        "color": 4294967295,
        "name": "Generic Point 28",
        "x": -395.5646667480469,
        "y": 247.75746154785156,
        "z": 783.4456787109375
    },
    {
        "color": 4294967295,
        "name": "Generic Point 29",
        "x": -983.5721435546875,
        "y": 234.45994567871094,
        "z": 923.3111572265625
    },
    {
        "color": 4294967295,
        "name": "Generic Point 3",
        "x": 271.0316162109375,
        "y": 207.45974731445312,
        "z": 75.98094177246094
    },
    {
        "color": 4294967295,
        "name": "Generic Point 30",
        "x": -777.9573974609375,
        "y": 167.93968200683594,
        "z": 1058.07861328125
    },
    {
        "color": 4294967295,
        "name": "Generic Point 31",
        "x": 790.7360229492188,
        "y": 266.4407958984375,
        "z": -335.11785888671875
    },
    {
        "color": 4294967295,
        "name": "Generic Point 32",
        "x": 423.1446533203125,
        "y": 200.47203063964844,
        "z": -165.45590209960938
    },
    {
        "color": 4294967295,
        "name": "Generic Point 33",
        "x": -655.790771484375,
        "y": 309.2579345703125,
        "z": 592.1663818359375
    },
    {
        "color": 4294967295,
        "name": "Generic Point 34",
        "x": 153.31106567382812,
        "y": 204.0050811767578,
        "z": 759.9674682617188
    },
    {
        "color": 4294967295,
        "name": "Generic Point 35",
        "x": 104.3897476196289,
        "y": 245.73118591308594,
        "z": 338.19915771484375
    },
    {
        "color": 4294967295,
        "name": "Generic Point 36",
        "x": -68.14800262451172,
        "y": 278.3065185546875,
        "z": 236.23812866210938
    },
    {
        "color": 4294967295,
        "name": "Generic Point 4",
        "x": 523.7147827148438,
        "y": 201.30931091308594,
        "z": 486.6658630371094
    },
    {
        "color": 4294967295,
        "name": "Generic Point 5",
        "x": 330.2469787597656,
        "y": 212.24728393554688,
        "z": 418.61627197265625
    },
    {
        "color": 4294967295,
        "name": "Generic Point 6",
        "x": 1035.9248046875,
        "y": 207.85690307617188,
        "z": 383.9266357421875
    },
    {
        "color": 4294967295,
        "name": "Generic Point 7",
        "x": 1105.25341796875,
        "y": 200.5681915283203,
        "z": 458.8638916015625
    },
    {
        "color": 4294967295,
        "name": "Generic Point 8",
        "x": 988.0626220703125,
        "y": 201.65713500976562,
        "z": 232.7327880859375
    },
    {
        "color": 4294967295,
        "name": "Generic Point 9",
        "x": 245.79608154296875,
        "y": 244.20079040527344,
        "z": 1081.478271484375
    }
]