[
    {
        "color": 4294967295,
        "name": "Generic Point 0",
        "x": 1759.07,
        "y": 578.052,
        "z": 4607.68
    },
    {
        "color": 4294967295,
        "name": "Generic Point 1",
        "x": 1722.53,
        "y": 555.187,
        "z": 4624.23
    },
    {
        "color": 4294967295,
        "name": "Generic Point 2",
        "x": 1707.89,
        "y": 568.28,
        "z": 4565.59
    },
    {
        "color": 4294967295,
        "name": "Generic Point 3",
        "x": 1430.69,
        "y": 238.502,
        "z": 3881.15
    },
    {
        "color": 4294967295,
        "name": "Generic Point 4",
        "x": 1493.88,
        "y": 388.228,
        "z": 3554.04
    },
    {
        "color": 4294967295,
        "name": "Generic Point 5",
        "x": 1415.11,
        "y": 343.339,
        "z": 3637.09
    },
    {
        "color": 4294967295,
        "name": "Generic Point 6",
        "x": 1387.62,
        "y": 215.093,
        "z": 3617.29
    }
]