[
    {
        "color": 4294967295,
        "name": "Generic Point 0",
        "x": -145.34312438964844,
        "y": 265.09710693359375,
        "z": 430.6711120605469
    },
    {
        "color": 4294967295,
        "name": "Generic Point 1",
        "x": -123.19331359863281,
        "y": 266.5758972167969,
        "z": 409.23870849609375
    },
    {
        "color": 4294967295,
        "name": "Generic Point 2",
        "x": -145.66116333007812,
        "y": 265.0816955566406,
        "z": 430.0645446777344
    },
    {
        "color": 4294967295,
        "name": "Generic Point 3",
        "x": -136.83876037597656,
        "y": 266.6482849121094,
        "z": 440.12506103515625
    },
    {
        "color": 4294967295,
        "name": "Generic Point 4",
        "x": -156.6539306640625,
        "y": 266.20965576171875,
        "z": 427.5946960449219
    },
    {
        "color": 4294967295,
        "name": "Generic Point 5",
        "x": -134.20736694335938,
        "y": 266.32647705078125,
        "z": 425.9667663574219
    },
    {
        "color": 4294967295,
        "name": "Generic Point 6",
        "x": -146.1079864501953,
        "y": 266.5531921386719,
        "z": 418.15081787109375
    },
    {
        "color": 4294967295,
        "name": "Generic Point 7",
        "x": -151.52125549316406,
        "y": 266.8526916503906,
        "z": 441.148193359375
    }
]