[
    {
        "color": 4294967295,
        "name": "Generic Point 0",
        "x": -130.34007263183594,
        "y": 286.7633056640625,
        "z": 1414.738037109375
    },
    {
        "color": 4294967295,
        "name": "Generic Point 1",
        "x": -158.6166229248047,
        "y": 279.17962646484375,
        "z": 1425.2669677734375
    },
    {
        "color": 4294967295,
        "name": "Generic Point 10",
        "x": -679.6551513671875,
        "y": 99.69270324707031,
        "z": 1724.654052734375
    },
    {
        "color": 4294967295,
        "name": "Generic Point 11",
        "x": -688.1942749023438,
        "y": 108.82271575927734,
        "z": 1942.5469970703125
    },
    {
        "color": 4294967295,
        "name": "Generic Point 12",
        "x": -779.8363647460938,
        "y": 138.90643310546875,
        "z": 1986.490234375
    },
    {
        "color": 4294967295,
        "name": "Generic Point 13",
        "x": -825.93896484375,
        "y": 96.99008178710938,
        "z": 1915.06396484375
    },
    {
        "color": 4294967295,
        "name": "Generic Point 14",
        "x": -549.1864624023438,
        "y": 261.77764892578125,
        "z": 1499.727783203125
    },
    {
        "color": 4294967295,
        "name": "Generic Point 15",
        "x": -491.869140625,
        "y": 178.76341247558594,
        "z": 1709.1378173828125
    },
    {
        "color": 4294967295,
        "name": "Generic Point 16",
        "x": -629.8201293945312,
        "y": 140.20066833496094,
        "z": 1680.4688720703125
    },
    {
        "color": 4294967295,
        "name": "Generic Point 17",
        "x": -503.72772216796875,
        "y": 138.76011657714844,
        "z": 1783.802490234375
    },
    {
        "color": 4294967295,
        "name": "Generic Point 18",
        "x": -540.8124389648438,
        "y": 125.59066772460938,
        "z": 1778.1033935546875
    },
    {
        "color": 4294967295,
        "name": "Generic Point 19",
        "x": -526.7716674804688,
        "y": 146.5274200439453,
        "z": 1885.041748046875
    },
    {
        "color": 4294967295,
        "name": "Generic Point 2",
        "x": -914.4138793945312,
        "y": 202.10443115234375,
        "z": 1873.6337890625
    },
    {
        "color": 4294967295,
        "name": "Generic Point 20",
        "x": -655.9923095703125,
        "y": 150.23968505859375,
        "z": 1889.7666015625
    },
    {
        "color": 4294967295,
        "name": "Generic Point 21",
        "x": -597.4911499023438,
        "y": 236.8388214111328,
        "z": 1989.8402099609375
    },
    {
        "color": 4294967295,
        "name": "Generic Point 22",
        "x": -470.9448547363281,
        "y": 140.0091552734375,
        "z": 1884.3773193359375
    },
    {
        "color": 4294967295,
        "name": "Generic Point 3",
        "x": -941.9692993164062,
        "y": 218.41702270507812,
        "z": 1920.1011962890625
    },
    {
        "color": 4294967295,
        "name": "Generic Point 4",
        "x": -974.5712890625,
        "y": 233.3388214111328,
        "z": 1886.8626708984375
    },
    {
        "color": 4294967295,
        "name": "Generic Point 5",
        "x": -964.3546142578125,
        "y": 236.83277893066406,
        "z": 1761.639404296875
    },
    {
        "color": 4294967295,
        "name": "Generic Point 6",
        "x": -1006.9640502929688,
        "y": 301.4906921386719,
        "z": 1625.7293701171875
    },
    {
        "color": 4294967295,
        "name": "Generic Point 7",
        "x": -940.11572265625,
        "y": 208.40591430664062,
        "z": 1676.6336669921875
    },
    {
        "color": 4294967295,
        "name": "Generic Point 8",
        "x": -741.90478515625,
        "y": 130.0555419921875,
        "z": 1621.9681396484375
    },
    {
        "color": 4294967295,
        "name": "Generic Point 9",
        "x": -815.73876953125,
        "y": 127.22654724121094,
        "z": 1665.678466796875
    }
]