[
    {
        "color": 4294967295,
        "name": "Generic Point 0",
        "x": 2688.7607421875,
        "y": 507.1043395996094,
        "z": 4944.7431640625
    },
    {
        "color": 4294967295,
        "name": "Generic Point 1",
        "x": 3722.815185546875,
        "y": 451.9646911621094,
        "z": 3886.674560546875
    },
    {
        "color": 4294967295,
        "name": "Generic Point 10",
        "x": 3907.572998046875,
        "y": 496.7024230957031,
        "z": 4756.2509765625
    },
    {
        "color": 4294967295,
        "name": "Generic Point 11",
        "x": 3875.95361328125,
        "y": 469.5771179199219,
        "z": 4595.5205078125
    },
    {
        "color": 4294967295,
        "name": "Generic Point 12",
        "x": 3885.634765625,
        "y": 474.9275207519531,
        "z": 4637.50390625
    },
    {
        "color": 4294967295,
        "name": "Generic Point 13",
        "x": 3812.641357421875,
        "y": 441.68841552734375,
        "z": 3964.512451171875
    },
    {
        "color": 4294967295,
        "name": "Generic Point 14",
        "x": 2469.859375,
        "y": 453.608642578125,
        "z": 4350.787109375
    },
    {
        "color": 4294967295,
        "name": "Generic Point 15",
        "x": 4909.9248046875,
        "y": 438.78753662109375,
        "z": 4895.310546875
    },
    {
        "color": 4294967295,
        "name": "Generic Point 16",
        "x": 4524.35009765625,
        "y": 441.44384765625,
        "z": 3980.763916015625
    },
    {
        "color": 4294967295,
        "name": "Generic Point 17",
        "x": 4452.689453125,
        "y": 443.12689208984375,
        "z": 4088.0888671875
    },
    {
        "color": 4294967295,
        "name": "Generic Point 18",
        "x": 4458.4462890625,
        "y": 442.4595947265625,
        "z": 3960.283203125
    },
    {
        "color": 4294967295,
        "name": "Generic Point 19",
        "x": 4450.0322265625,
        "y": 442.3873291015625,
        "z": 4929.2763671875
    },
    {
        "color": 4294967295,
        "name": "Generic Point 2",
        "x": 3766.32470703125,
        "y": 491.8613586425781,
        "z": 3810.052001953125
    },
    {
        "color": 4294967295,
        "name": "Generic Point 20",
        "x": 4397.791015625,
        "y": 447.923095703125,
        "z": 4945.62451171875
    },
    {
        "color": 4294967295,
        "name": "Generic Point 21",
        "x": 4269.87646484375,
        "y": 446.3038330078125,
        "z": 4744.71728515625
    },
    {
        "color": 4294967295,
        "name": "Generic Point 22",
        "x": 4258.73388671875,
        "y": 448.57427978515625,
        "z": 4648.32568359375
    },
    {
        "color": 4294967295,
        "name": "Generic Point 23",
        "x": 4375.59814453125,
        "y": 447.7193603515625,
        "z": 4971.544921875
    },
    {
        "color": 4294967295,
        "name": "Generic Point 24",
        "x": 4438.49609375,
        "y": 477.7378234863281,
        "z": 5046.19580078125
    },
    {
        "color": 4294967295,
        "name": "Generic Point 25",
        "x": 4566.74365234375,
        "y": 489.7170715332031,
        "z": 5074.08203125
    },
    {
        "color": 4294967295,
        "name": "Generic Point 26",
        "x": 4923.724609375,
        "y": 438.78759765625,
        "z": 4853.19482421875
    },
    {
        "color": 4294967295,
        "name": "Generic Point 27",
        "x": 4911.65673828125,
        "y": 445.51092529296875,
        "z": 4786.0576171875
    },
    {
        "color": 4294967295,
        "name": "Generic Point 28",
        "x": 4805.70361328125,
        "y": 441.8661193847656,
        "z": 4586.6953125
    },
    {
        "color": 4294967295,
        "name": "Generic Point 29",
        "x": 4663.07666015625,
        "y": 443.9566345214844,
        "z": 4503.65966796875
    },
    {
        "color": 4294967295,
        "name": "Generic Point 3",
        "x": 3564.06201171875,
        "y": 475.593017578125,
        "z": 3659.0537109375
    },
    {
        "color": 4294967295,
        "name": "Generic Point 30",
        "x": 4568.5146484375,
        "y": 442.1309814453125,
        "z": 4336.0546875
    },
    {
        "color": 4294967295,
        "name": "Generic Point 31",
        "x": 4337.95263671875,
        "y": 468.4467468261719,
        "z": 4344.1904296875
    },
    {
        "color": 4294967295,
        "name": "Generic Point 32",
        "x": 4427.833984375,
        "y": 465.419677734375,
        "z": 4327.15234375
    },
    {
        "color": 4294967295,
        "name": "Generic Point 33",
        "x": 4622.53564453125,
        "y": 462.2965393066406,
        "z": 4277.58984375
    },
    {
        "color": 4294967295,
        "name": "Generic Point 34",
        "x": 4776.6640625,
        "y": 454.1650390625,
        "z": 3982.82470703125
    },
    {
        "color": 4294967295,
        "name": "Generic Point 35",
        "x": 4689.03125,
        "y": 442.8963928222656,
        "z": 3915.869873046875
    },
    {
        "color": 4294967295,
        "name": "Generic Point 36",
        "x": 4706.13720703125,
        "y": 451.6117248535156,
        "z": 3848.0986328125
    },
    {
        "color": 4294967295,
        "name": "Generic Point 37",
        "x": 4832.35693359375,
        "y": 454.48419189453125,
        "z": 3915.673583984375
    },
    {
        "color": 4294967295,
        "name": "Generic Point 38",
        "x": 4864.4794921875,
        "y": 445.225341796875,
        "z": 3848.900634765625
    },
    {
        "color": 4294967295,
        "name": "Generic Point 39",
        "x": 4769.90771484375,
        "y": 449.4099426269531,
        "z": 3540.29736328125
    },
    {
        "color": 4294967295,
        "name": "Generic Point 4",
        "x": 3484.285888671875,
        "y": 463.199462890625,
        "z": 3793.28271484375
    },
    {
        "color": 4294967295,
        "name": "Generic Point 40",
        "x": 4922.166015625,
        "y": 446.7939758300781,
        "z": 3569.166259765625
    },
    {
        "color": 4294967295,
        "name": "Generic Point 41",
        "x": 4761.38525390625,
        "y": 455.3424987792969,
        "z": 3667.986572265625
    },
    {
        "color": 4294967295,
        "name": "Generic Point 42",
        "x": 4665.5078125,
        "y": 447.3453063964844,
        "z": 4154.685546875
    },
    {
        "color": 4294967295,
        "name": "Generic Point 5",
        "x": 3517.791259765625,
        "y": 456.0418701171875,
        "z": 3870.14599609375
    },
    {
        "color": 4294967295,
        "name": "Generic Point 6",
        "x": 2697.2724609375,
        "y": 507.1767883300781,
        "z": 4991.8916015625
    },
    {
        "color": 4294967295,
        "name": "Generic Point 7",
        "x": 3001.3642578125,
        "y": 501.24462890625,
        "z": 4975.95068359375
    },
    {
        "color": 4294967295,
        "name": "Generic Point 8",
        "x": 3755.5751953125,
        "y": 474.2546081542969,
        "z": 4731.3896484375
    },
    {
        "color": 4294967295,
        "name": "Generic Point 9",
        "x": 3797.1806640625,
        "y": 482.5667724609375,
        "z": 4749.76904296875
    }
]