[
    {
        "color": 4294967295,
        "name": "Generic Point 0",
        "x": 448.99591064453125,
        "y": 246.14596557617188,
        "z": 2233.669189453125
    },
    {
        "color": 4294967295,
        "name": "Generic Point 1",
        "x": 95.03369140625,
        "y": 245.44451904296875,
        "z": 2654.9716796875
    },
    {
        "color": 4294967295,
        "name": "Generic Point 10",
        "x": -1287.216064453125,
        "y": 344.00823974609375,
        "z": 1994.727783203125
    },
    {
        "color": 4294967295,
        "name": "Generic Point 100",
        "x": -1429.885498046875,
        "y": 264.96881103515625,
        "z": 3839.73779296875
    },
    {
        "color": 4294967295,
        "name": "Generic Point 101",
        "x": -614.1874389648438,
        "y": 144.75564575195312,
        "z": 4006.996826171875
    },
    {
        "color": 4294967295,
        "name": "Generic Point 102",
        "x": -435.9891357421875,
        "y": 217.24534606933594,
        "z": 3768.8720703125
    },
    {
        "color": 4294967295,
        "name": "Generic Point 103",
        "x": -930.5289916992188,
        "y": 317.40411376953125,
        "z": 3296.669189453125
    },
    {
        "color": 4294967295,
        "name": "Generic Point 104",
        "x": -957.7809448242188,
        "y": 211.74290466308594,
        "z": 3784.76318359375
    },
    {
        "color": 4294967295,
        "name": "Generic Point 105",
        "x": -1517.52099609375,
        "y": 233.5787353515625,
        "z": 3107.052001953125
    },
    {
        "color": 4294967295,
        "name": "Generic Point 106",
        "x": 552.8848876953125,
        "y": 97.85613250732422,
        "z": 2530.022216796875
    },
    {
        "color": 4294967295,
        "name": "Generic Point 107",
        "x": -1130.4429931640625,
        "y": 260.34783935546875,
        "z": 2524.456298828125
    },
    {
        "color": 4294967295,
        "name": "Generic Point 108",
        "x": -1946.2303466796875,
        "y": 224.6179656982422,
        "z": 3296.117919921875
    },
    {
        "color": 4294967295,
        "name": "Generic Point 109",
        "x": -1839.4185791015625,
        "y": 360.46087646484375,
        "z": 3532.971435546875
    },
    {
        "color": 4294967295,
        "name": "Generic Point 11",
        "x": -1728.9483642578125,
        "y": 221.05491638183594,
        "z": 2095.52783203125
    },
    {
        "color": 4294967295,
        "name": "Generic Point 12",
        "x": -1488.0992431640625,
        "y": 359.2080383300781,
        "z": 2048.19873046875
    },
    {
        "color": 4294967295,
        "name": "Generic Point 13",
        "x": 406.784912109375,
        "y": 263.5754699707031,
        "z": 2374.474609375
    },
    {
        "color": 4294967295,
        "name": "Generic Point 14",
        "x": -1494.718017578125,
        "y": 241.7584686279297,
        "z": 2358.238525390625
    },
    {
        "color": 4294967295,
        "name": "Generic Point 15",
        "x": -1566.6160888671875,
        "y": 532.6560668945312,
        "z": 2154.795654296875
    },
    {
        "color": 4294967295,
        "name": "Generic Point 16",
        "x": -1860.343017578125,
        "y": 234.7837677001953,
        "z": 2342.49853515625
    },
    {
        "color": 4294967295,
        "name": "Generic Point 17",
        "x": -1952.178466796875,
        "y": 214.06089782714844,
        "z": 2881.843994140625
    },
    {
        "color": 4294967295,
        "name": "Generic Point 18",
        "x": -1707.1563720703125,
        "y": 203.654541015625,
        "z": 2609.26416015625
    },
    {
        "color": 4294967295,
        "name": "Generic Point 19",
        "x": -1703.241943359375,
        "y": 236.8673095703125,
        "z": 2720.337890625
    },
    {
        "color": 4294967295,
        "name": "Generic Point 2",
        "x": -1312.8182373046875,
        "y": 313.994873046875,
        "z": 2108.41064453125
    },
    {
        "color": 4294967295,
        "name": "Generic Point 20",
        "x": -1636.86376953125,
        "y": 202.92279052734375,
        "z": 2546.95458984375
    },
    {
        "color": 4294967295,
        "name": "Generic Point 21",
        "x": -1370.29345703125,
        "y": 307.45843505859375,
        "z": 2184.4853515625
    },
    {
        "color": 4294967295,
        "name": "Generic Point 22",
        "x": -717.3482666015625,
        "y": 207.15919494628906,
        "z": 2741.123779296875
    },
    {
        "color": 4294967295,
        "name": "Generic Point 23",
        "x": -1101.0009765625,
        "y": 158.09521484375,
        "z": 2195.9990234375
    },
    {
        "color": 4294967295,
        "name": "Generic Point 24",
        "x": 338.00445556640625,
        "y": 287.0434265136719,
        "z": 2273.257080078125
    },
    {
        "color": 4294967295,
        "name": "Generic Point 25",
        "x": -1357.4063720703125,
        "y": 163.22024536132812,
        "z": 2368.740234375
    },
    {
        "color": 4294967295,
        "name": "Generic Point 26",
        "x": -1559.354736328125,
        "y": 222.0008544921875,
        "z": 2436.2802734375
    },
    {
        "color": 4294967295,
        "name": "Generic Point 27",
        "x": -1480.0916748046875,
        "y": 234.66839599609375,
        "z": 2571.40234375
    },
    {
        "color": 4294967295,
        "name": "Generic Point 28",
        "x": -1470.367919921875,
        "y": 215.64013671875,
        "z": 2467.912841796875
    },
    {
        "color": 4294967295,
        "name": "Generic Point 29",
        "x": -1219.6932373046875,
        "y": 347.1818542480469,
        "z": 2452.800048828125
    },
    {
        "color": 4294967295,
        "name": "Generic Point 3",
        "x": -1239.7283935546875,
        "y": 268.2805480957031,
        "z": 2210.85009765625
    },
    {
        "color": 4294967295,
        "name": "Generic Point 30",
        "x": -1074.95556640625,
        "y": 220.0328826904297,
        "z": 2312.758056640625
    },
    {
        "color": 4294967295,
        "name": "Generic Point 31",
        "x": -1018.60693359375,
        "y": 247.7108612060547,
        "z": 2515.74169921875
    },
    {
        "color": 4294967295,
        "name": "Generic Point 32",
        "x": -856.5458374023438,
        "y": 214.87567138671875,
        "z": 2594.868896484375
    },
    {
        "color": 4294967295,
        "name": "Generic Point 33",
        "x": -1194.61181640625,
        "y": 216.51620483398438,
        "z": 2589.777099609375
    },
    {
        "color": 4294967295,
        "name": "Generic Point 34",
        "x": -1227.817626953125,
        "y": 266.7447204589844,
        "z": 2675.327880859375
    },
    {
        "color": 4294967295,
        "name": "Generic Point 35",
        "x": 208.4235382080078,
        "y": 264.0018615722656,
        "z": 2224.485107421875
    },
    {
        "color": 4294967295,
        "name": "Generic Point 36",
        "x": -1647.976318359375,
        "y": 239.0124053955078,
        "z": 2876.75
    },
    {
        "color": 4294967295,
        "name": "Generic Point 37",
        "x": -1328.656005859375,
        "y": 294.6259765625,
        "z": 2866.8623046875
    },
    {
        "color": 4294967295,
        "name": "Generic Point 38",
        "x": -636.9053344726562,
        "y": 207.9325408935547,
        "z": 2726.95849609375
    },
    {
        "color": 4294967295,
        "name": "Generic Point 39",
        "x": -108.25499725341797,
        "y": 248.65623474121094,
        "z": 2711.84326171875
    },
    {
        "color": 4294967295,
        "name": "Generic Point 4",
        "x": -300.415283203125,
        "y": 166.16201782226562,
        "z": 2514.098876953125
    },
    {
        "color": 4294967295,
        "name": "Generic Point 40",
        "x": 85.98639678955078,
        "y": 224.71432495117188,
        "z": 2990.097900390625
    },
    {
        "color": 4294967295,
        "name": "Generic Point 41",
        "x": -821.3297729492188,
        "y": 217.874267578125,
        "z": 2957.003662109375
    },
    {
        "color": 4294967295,
        "name": "Generic Point 42",
        "x": -71.39478302001953,
        "y": 197.4397735595703,
        "z": 2812.284423828125
    },
    {
        "color": 4294967295,
        "name": "Generic Point 43",
        "x": -410.937255859375,
        "y": 256.0386657714844,
        "z": 2958.451171875
    },
    {
        "color": 4294967295,
        "name": "Generic Point 44",
        "x": -48.6525764465332,
        "y": 186.92124938964844,
        "z": 2866.421142578125
    },
    {
        "color": 4294967295,
        "name": "Generic Point 45",
        "x": -369.47808837890625,
        "y": 446.6943359375,
        "z": 2941.967041015625
    },
    {
        "color": 4294967295,
        "name": "Generic Point 46",
        "x": 164.2002716064453,
        "y": 428.4007568359375,
        "z": 2135.299072265625
    },
    {
        "color": 4294967295,
        "name": "Generic Point 47",
        "x": -17.15057373046875,
        "y": 375.97894287109375,
        "z": 2991.150146484375
    },
    {
        "color": 4294967295,
        "name": "Generic Point 48",
        "x": -635.616455078125,
        "y": 246.2914581298828,
        "z": 3001.683349609375
    },
    {
        "color": 4294967295,
        "name": "Generic Point 49",
        "x": -80.63677978515625,
        "y": 312.7060241699219,
        "z": 3184.734130859375
    },
    {
        "color": 4294967295,
        "name": "Generic Point 5",
        "x": -86.958984375,
        "y": 279.9291076660156,
        "z": 2333.200439453125
    },
    {
        "color": 4294967295,
        "name": "Generic Point 50",
        "x": -221.26498413085938,
        "y": 261.06036376953125,
        "z": 3142.2685546875
    },
    {
        "color": 4294967295,
        "name": "Generic Point 51",
        "x": -1075.7159423828125,
        "y": 184.4447479248047,
        "z": 2926.95703125
    },
    {
        "color": 4294967295,
        "name": "Generic Point 52",
        "x": -1739.2119140625,
        "y": 187.37283325195312,
        "z": 3003.668701171875
    },
    {
        "color": 4294967295,
        "name": "Generic Point 53",
        "x": -1715.68896484375,
        "y": 297.2641296386719,
        "z": 3135.68603515625
    },
    {
        "color": 4294967295,
        "name": "Generic Point 54",
        "x": -1153.5089111328125,
        "y": 233.66734313964844,
        "z": 2954.313720703125
    },
    {
        "color": 4294967295,
        "name": "Generic Point 55",
        "x": -1292.2843017578125,
        "y": 194.77230834960938,
        "z": 3058.640625
    },
    {
        "color": 4294967295,
        "name": "Generic Point 56",
        "x": -643.2579345703125,
        "y": 265.5284729003906,
        "z": 3104.323486328125
    },
    {
        "color": 4294967295,
        "name": "Generic Point 57",
        "x": 40.47917938232422,
        "y": 468.4630126953125,
        "z": 2058.9560546875
    },
    {
        "color": 4294967295,
        "name": "Generic Point 58",
        "x": -1907.5865478515625,
        "y": 241.23611450195312,
        "z": 3362.940673828125
    },
    {
        "color": 4294967295,
        "name": "Generic Point 59",
        "x": -1738.324951171875,
        "y": 113.25243377685547,
        "z": 3255.385986328125
    },
    {
        "color": 4294967295,
        "name": "Generic Point 6",
        "x": -748.3939819335938,
        "y": 156.58628845214844,
        "z": 2282.944091796875
    },
    {
        "color": 4294967295,
        "name": "Generic Point 60",
        "x": -1589.28662109375,
        "y": 140.60438537597656,
        "z": 3346.5419921875
    },
    {
        "color": 4294967295,
        "name": "Generic Point 61",
        "x": -1783.7147216796875,
        "y": 107.54360961914062,
        "z": 3265.320068359375
    },
    {
        "color": 4294967295,
        "name": "Generic Point 62",
        "x": -1637.5775146484375,
        "y": 225.39707946777344,
        "z": 3336.8056640625
    },
    {
        "color": 4294967295,
        "name": "Generic Point 63",
        "x": -1536.049072265625,
        "y": 200.8632049560547,
        "z": 3245.388427734375
    },
    {
        "color": 4294967295,
        "name": "Generic Point 64",
        "x": -1372.439208984375,
        "y": 206.1256866455078,
        "z": 3248.46044921875
    },
    {
        "color": 4294967295,
        "name": "Generic Point 65",
        "x": -912.94775390625,
        "y": 111.59869384765625,
        "z": 3141.22314453125
    },
    {
        "color": 4294967295,
        "name": "Generic Point 66",
        "x": -1447.8997802734375,
        "y": 156.9607391357422,
        "z": 3293.869140625
    },
    {
        "color": 4294967295,
        "name": "Generic Point 67",
        "x": -275.7032775878906,
        "y": 198.36708068847656,
        "z": 3268.10888671875
    },
    {
        "color": 4294967295,
        "name": "Generic Point 68",
        "x": -198.5153045654297,
        "y": 307.3519592285156,
        "z": 2129.056884765625
    },
    {
        "color": 4294967295,
        "name": "Generic Point 69",
        "x": -12.75030517578125,
        "y": 247.36618041992188,
        "z": 3437.83251953125
    },
    {
        "color": 4294967295,
        "name": "Generic Point 7",
        "x": -795.3292236328125,
        "y": 167.7083740234375,
        "z": 2375.9404296875
    },
    {
        "color": 4294967295,
        "name": "Generic Point 70",
        "x": -341.44281005859375,
        "y": 220.9153594970703,
        "z": 3492.957275390625
    },
    {
        "color": 4294967295,
        "name": "Generic Point 71",
        "x": -167.05795288085938,
        "y": 238.96804809570312,
        "z": 3905.974853515625
    },
    {
        "color": 4294967295,
        "name": "Generic Point 72",
        "x": -207.18661499023438,
        "y": 213.1616668701172,
        "z": 3663.326904296875
    },
    {
        "color": 4294967295,
        "name": "Generic Point 73",
        "x": -253.731689453125,
        "y": 255.7179718017578,
        "z": 3398.615966796875
    },
    {
        "color": 4294967295,
        "name": "Generic Point 74",
        "x": -406.85430908203125,
        "y": 210.20730590820312,
        "z": 3567.938232421875
    },
    {
        "color": 4294967295,
        "name": "Generic Point 75",
        "x": -141.59390258789062,
        "y": 278.8575439453125,
        "z": 3522.5771484375
    },
    {
        "color": 4294967295,
        "name": "Generic Point 76",
        "x": -361.1668701171875,
        "y": 220.33441162109375,
        "z": 3339.9697265625
    },
    {
        "color": 4294967295,
        "name": "Generic Point 77",
        "x": -485.4542236328125,
        "y": 167.1924591064453,
        "z": 3322.411865234375
    },
    {
        "color": 4294967295,
        "name": "Generic Point 78",
        "x": -305.54193115234375,
        "y": 240.65184020996094,
        "z": 3946.42333984375
    },
    {
        "color": 4294967295,
        "name": "Generic Point 79",
        "x": 38.009578704833984,
        "y": 261.5586242675781,
        "z": 2250.440185546875
    },
    {
        "color": 4294967295,
        "name": "Generic Point 8",
        "x": -819.8872680664062,
        "y": 228.1214599609375,
        "z": 2497.65673828125
    },
    {
        "color": 4294967295,
        "name": "Generic Point 80",
        "x": -692.5747680664062,
        "y": 281.3544006347656,
        "z": 3689.21044921875
    },
    {
        "color": 4294967295,
        "name": "Generic Point 81",
        "x": -765.3069458007812,
        "y": 162.32814025878906,
        "z": 3378.8408203125
    },
    {
        "color": 4294967295,
        "name": "Generic Point 82",
        "x": -1009.192138671875,
        "y": 303.3580322265625,
        "z": 3813.953125
    },
    {
        "color": 4294967295,
        "name": "Generic Point 83",
        "x": -1101.798095703125,
        "y": 215.35638427734375,
        "z": 3643.712646484375
    },
    {
        "color": 4294967295,
        "name": "Generic Point 84",
        "x": -943.0350952148438,
        "y": 203.61341857910156,
        "z": 3706.409423828125
    },
    {
        "color": 4294967295,
        "name": "Generic Point 85",
        "x": -1108.57373046875,
        "y": 177.47418212890625,
        "z": 3702.713134765625
    },
    {
        "color": 4294967295,
        "name": "Generic Point 86",
        "x": -1302.3021240234375,
        "y": 199.59312438964844,
        "z": 3564.977294921875
    },
    {
        "color": 4294967295,
        "name": "Generic Point 87",
        "x": -2015.717041015625,
        "y": 515.53466796875,
        "z": 3599.44970703125
    },
    {
        "color": 4294967295,
        "name": "Generic Point 88",
        "x": -1774.8017578125,
        "y": 368.42730712890625,
        "z": 3718.27880859375
    },
    {
        "color": 4294967295,
        "name": "Generic Point 89",
        "x": -1814.1962890625,
        "y": 157.52200317382812,
        "z": 3487.959716796875
    },
    {
        "color": 4294967295,
        "name": "Generic Point 9",
        "x": -1095.9964599609375,
        "y": 282.4898681640625,
        "z": 2024.8515625
    },
    {
        "color": 4294967295,
        "name": "Generic Point 90",
        "x": 151.86090087890625,
        "y": 253.0946044921875,
        "z": 2392.3193359375
    },
    {
        "color": 4294967295,
        "name": "Generic Point 91",
        "x": -1901.5028076171875,
        "y": 331.0426940917969,
        "z": 3744.497314453125
    },
    {
        "color": 4294967295,
        "name": "Generic Point 92",
        "x": -1417.2431640625,
        "y": 242.53172302246094,
        "z": 3685.22607421875
    },
    {
        "color": 4294967295,
        "name": "Generic Point 93",
        "x": -1227.5181884765625,
        "y": 299.0550537109375,
        "z": 3986.488525390625
    },
    {
        "color": 4294967295,
        "name": "Generic Point 94",
        "x": -1795.7833251953125,
        "y": 185.7156524658203,
        "z": 3619.759765625
    },
    {
        "color": 4294967295,
        "name": "Generic Point 95",
        "x": -819.8111572265625,
        "y": 141.2094268798828,
        "z": 3377.66455078125
    },
    {
        "color": 4294967295,
        "name": "Generic Point 96",
        "x": -696.7069091796875,
        "y": 243.92398071289062,
        "z": 3531.115234375
    },
    {
        "color": 4294967295,
        "name": "Generic Point 97",
        "x": -642.5757446289062,
        "y": 208.91802978515625,
        "z": 4087.71533203125
    },
    {
        "color": 4294967295,
        "name": "Generic Point 98",
        "x": -1654.304931640625,
        "y": 197.25277709960938,
        "z": 3462.85693359375
    },
    {
        "color": 4294967295,
        "name": "Generic Point 99",
        "x": -1280.9605712890625,
        "y": 192.17657470703125,
        "z": 3287.370849609375
    }
]