[
    {
        "color": 4294967295,
        "name": "Generic Point 0",
        "x": -1904.943603515625,
        "y": 136.25498962402344,
        "z": 5314.919921875
    },
    {
        "color": 4294967295,
        "name": "Generic Point 1",
        "x": -2018.7393798828125,
        "y": 123.30513763427734,
        "z": 4873.130859375
    },
    {
        "color": 4294967295,
        "name": "Generic Point 10",
        "x": -2824.729736328125,
        "y": 76.3627700805664,
        "z": 5814.3173828125
    },
    {
        "color": 4294967295,
        "name": "Generic Point 100",
        "x": 886.4474487304688,
        "y": 101.21824645996094,
        "z": 6513.87841796875
    },
    {
        "color": 4294967295,
        "name": "Generic Point 101",
        "x": 894.0707397460938,
        "y": 100.29510498046875,
        "z": 6478.5595703125
    },
    {
        "color": 4294967295,
        "name": "Generic Point 102",
        "x": 851.6873168945312,
        "y": 223.12908935546875,
        "z": 5733.8515625
    },
    {
        "color": 4294967295,
        "name": "Generic Point 103",
        "x": 319.2978515625,
        "y": 206.6171112060547,
        "z": 6177.09619140625
    },
    {
        "color": 4294967295,
        "name": "Generic Point 104",
        "x": 76.31222534179688,
        "y": 230.28382873535156,
        "z": 6094.13232421875
    },
    {
        "color": 4294967295,
        "name": "Generic Point 105",
        "x": 605.1654052734375,
        "y": 320.15478515625,
        "z": 6439.3505859375
    },
    {
        "color": 4294967295,
        "name": "Generic Point 106",
        "x": 479.49786376953125,
        "y": 234.59902954101562,
        "z": 6631.5927734375
    },
    {
        "color": 4294967295,
        "name": "Generic Point 107",
        "x": 660.713623046875,
        "y": 194.45193481445312,
        "z": 6584.2470703125
    },
    {
        "color": 4294967295,
        "name": "Generic Point 108",
        "x": 242.34042358398438,
        "y": 272.0867614746094,
        "z": 6774.9697265625
    },
    {
        "color": 4294967295,
        "name": "Generic Point 109",
        "x": 388.07489013671875,
        "y": 350.3543701171875,
        "z": 6871.46240234375
    },
    {
        "color": 4294967295,
        "name": "Generic Point 11",
        "x": -1695.84228515625,
        "y": 277.6672058105469,
        "z": 3979.113037109375
    },
    {
        "color": 4294967295,
        "name": "Generic Point 110",
        "x": 474.8961181640625,
        "y": 341.9223937988281,
        "z": 6846.8955078125
    },
    {
        "color": 4294967295,
        "name": "Generic Point 111",
        "x": -381.5936279296875,
        "y": 107.84442901611328,
        "z": 5639.26513671875
    },
    {
        "color": 4294967295,
        "name": "Generic Point 112",
        "x": -752.3834838867188,
        "y": 141.666015625,
        "z": 5618.94482421875
    },
    {
        "color": 4294967295,
        "name": "Generic Point 113",
        "x": -1423.7264404296875,
        "y": 73.05668640136719,
        "z": 4933.09326171875
    },
    {
        "color": 4294967295,
        "name": "Generic Point 114",
        "x": -1372.268310546875,
        "y": 28.78262710571289,
        "z": 5263.0986328125
    },
    {
        "color": 4294967295,
        "name": "Generic Point 115",
        "x": -1285.20849609375,
        "y": 64.57721710205078,
        "z": 5224.42822265625
    },
    {
        "color": 4294967295,
        "name": "Generic Point 116",
        "x": -1092.2908935546875,
        "y": -31.930747985839844,
        "z": 5521.64111328125
    },
    {
        "color": 4294967295,
        "name": "Generic Point 117",
        "x": -1507.561767578125,
        "y": 66.42498779296875,
        "z": 5657.78173828125
    },
    {
        "color": 4294967295,
        "name": "Generic Point 118",
        "x": -857.2938232421875,
        "y": 24.006284713745117,
        "z": 5837.89990234375
    },
    {
        "color": 4294967295,
        "name": "Generic Point 119",
        "x": -715.1796875,
        "y": -42.15027618408203,
        "z": 5773.8662109375
    },
    {
        "color": 4294967295,
        "name": "Generic Point 12",
        "x": -2994.650390625,
        "y": 218.97836303710938,
        "z": 5635.43359375
    },
    {
        "color": 4294967295,
        "name": "Generic Point 120",
        "x": -907.3464965820312,
        "y": -33.649513244628906,
        "z": 5010.28955078125
    },
    {
        "color": 4294967295,
        "name": "Generic Point 121",
        "x": -1032.02783203125,
        "y": -43.515167236328125,
        "z": 4501.66064453125
    },
    {
        "color": 4294967295,
        "name": "Generic Point 122",
        "x": -524.9591674804688,
        "y": -86.10226440429688,
        "z": 5425.8125
    },
    {
        "color": 4294967295,
        "name": "Generic Point 123",
        "x": -379.85455322265625,
        "y": -207.9922637939453,
        "z": 5404.412109375
    },
    {
        "color": 4294967295,
        "name": "Generic Point 124",
        "x": -413.8258056640625,
        "y": -239.12838745117188,
        "z": 5518.54736328125
    },
    {
        "color": 4294967295,
        "name": "Generic Point 125",
        "x": -779.8848266601562,
        "y": 163.03082275390625,
        "z": 4887.646484375
    },
    {
        "color": 4294967295,
        "name": "Generic Point 126",
        "x": -572.339599609375,
        "y": 107.04078674316406,
        "z": 4626.35791015625
    },
    {
        "color": 4294967295,
        "name": "Generic Point 127",
        "x": -365.3121337890625,
        "y": 213.534912109375,
        "z": 4974.21630859375
    },
    {
        "color": 4294967295,
        "name": "Generic Point 128",
        "x": -537.2625732421875,
        "y": 246.82554626464844,
        "z": 5085.91845703125
    },
    {
        "color": 4294967295,
        "name": "Generic Point 129",
        "x": -632.7261962890625,
        "y": 261.2720642089844,
        "z": 5108.4921875
    },
    {
        "color": 4294967295,
        "name": "Generic Point 13",
        "x": -2083.934814453125,
        "y": -24.797752380371094,
        "z": 5601.498046875
    },
    {
        "color": 4294967295,
        "name": "Generic Point 130",
        "x": -1234.848876953125,
        "y": 81.58380889892578,
        "z": 5077.369140625
    },
    {
        "color": 4294967295,
        "name": "Generic Point 131",
        "x": -1169.152587890625,
        "y": 71.2197265625,
        "z": 4978.72607421875
    },
    {
        "color": 4294967295,
        "name": "Generic Point 132",
        "x": -1104.8294677734375,
        "y": 119.2680892944336,
        "z": 4766.31103515625
    },
    {
        "color": 4294967295,
        "name": "Generic Point 133",
        "x": -950.7710571289062,
        "y": 54.583534240722656,
        "z": 4612.20556640625
    },
    {
        "color": 4294967295,
        "name": "Generic Point 134",
        "x": -704.8181762695312,
        "y": 139.6704864501953,
        "z": 4159.912109375
    },
    {
        "color": 4294967295,
        "name": "Generic Point 135",
        "x": -1386.0653076171875,
        "y": 69.31877136230469,
        "z": 5522.31201171875
    },
    {
        "color": 4294967295,
        "name": "Generic Point 136",
        "x": -296.94122314453125,
        "y": 222.30796813964844,
        "z": 5111.041015625
    },
    {
        "color": 4294967295,
        "name": "Generic Point 14",
        "x": -2511.33447265625,
        "y": -52.610416412353516,
        "z": 5703.54931640625
    },
    {
        "color": 4294967295,
        "name": "Generic Point 15",
        "x": -2144.5595703125,
        "y": -45.54907989501953,
        "z": 5919.61474609375
    },
    {
        "color": 4294967295,
        "name": "Generic Point 16",
        "x": -2181.026611328125,
        "y": 328.023193359375,
        "z": 4199.56884765625
    },
    {
        "color": 4294967295,
        "name": "Generic Point 17",
        "x": -2160.86376953125,
        "y": 40.822811126708984,
        "z": 5903.30859375
    },
    {
        "color": 4294967295,
        "name": "Generic Point 18",
        "x": -2628.047607421875,
        "y": 140.4795684814453,
        "z": 5014.0009765625
    },
    {
        "color": 4294967295,
        "name": "Generic Point 19",
        "x": -2591.3212890625,
        "y": 203.92654418945312,
        "z": 4661.5595703125
    },
    {
        "color": 4294967295,
        "name": "Generic Point 2",
        "x": -2200.71044921875,
        "y": -5.693105220794678,
        "z": 5257.15380859375
    },
    {
        "color": 4294967295,
        "name": "Generic Point 20",
        "x": -2920.720947265625,
        "y": 257.8125,
        "z": 4513.791015625
    },
    {
        "color": 4294967295,
        "name": "Generic Point 21",
        "x": -2949.20263671875,
        "y": 51.75117492675781,
        "z": 4566.55029296875
    },
    {
        "color": 4294967295,
        "name": "Generic Point 22",
        "x": -3045.852294921875,
        "y": 157.4151153564453,
        "z": 4632.59130859375
    },
    {
        "color": 4294967295,
        "name": "Generic Point 23",
        "x": -3294.78271484375,
        "y": 216.6187286376953,
        "z": 4587.15478515625
    },
    {
        "color": 4294967295,
        "name": "Generic Point 24",
        "x": -2794.865234375,
        "y": 43.927303314208984,
        "z": 4433.5986328125
    },
    {
        "color": 4294967295,
        "name": "Generic Point 25",
        "x": -3009.8466796875,
        "y": 14.810035705566406,
        "z": 4412.52294921875
    },
    {
        "color": 4294967295,
        "name": "Generic Point 26",
        "x": -3187.0341796875,
        "y": 74.27053833007812,
        "z": 4411.5703125
    },
    {
        "color": 4294967295,
        "name": "Generic Point 27",
        "x": -3166.49072265625,
        "y": 257.6405029296875,
        "z": 4777.388671875
    },
    {
        "color": 4294967295,
        "name": "Generic Point 28",
        "x": -3208.252685546875,
        "y": 262.98321533203125,
        "z": 4797.54345703125
    },
    {
        "color": 4294967295,
        "name": "Generic Point 29",
        "x": -3043.200439453125,
        "y": 261.53826904296875,
        "z": 4870.42236328125
    },
    {
        "color": 4294967295,
        "name": "Generic Point 3",
        "x": -2635.925048828125,
        "y": -60.77893829345703,
        "z": 5370.04736328125
    },
    {
        "color": 4294967295,
        "name": "Generic Point 30",
        "x": -2291.905517578125,
        "y": 75.9555892944336,
        "z": 4298.52978515625
    },
    {
        "color": 4294967295,
        "name": "Generic Point 31",
        "x": -2242.1025390625,
        "y": 61.20329666137695,
        "z": 4544.84521484375
    },
    {
        "color": 4294967295,
        "name": "Generic Point 32",
        "x": -2220.984619140625,
        "y": 67.04914093017578,
        "z": 4250.67333984375
    },
    {
        "color": 4294967295,
        "name": "Generic Point 33",
        "x": -1572.9627685546875,
        "y": 88.08879089355469,
        "z": 4951.103515625
    },
    {
        "color": 4294967295,
        "name": "Generic Point 34",
        "x": -2589.63330078125,
        "y": 234.2130126953125,
        "z": 4399.71630859375
    },
    {
        "color": 4294967295,
        "name": "Generic Point 35",
        "x": -2293.4130859375,
        "y": 71.59638977050781,
        "z": 4300.46484375
    },
    {
        "color": 4294967295,
        "name": "Generic Point 36",
        "x": -1981.97705078125,
        "y": 266.48095703125,
        "z": 4036.496826171875
    },
    {
        "color": 4294967295,
        "name": "Generic Point 37",
        "x": -2103.816162109375,
        "y": 193.4822998046875,
        "z": 4551.23046875
    },
    {
        "color": 4294967295,
        "name": "Generic Point 38",
        "x": -2221.234619140625,
        "y": 236.95542907714844,
        "z": 4585.50048828125
    },
    {
        "color": 4294967295,
        "name": "Generic Point 39",
        "x": -1954.5814208984375,
        "y": 296.20855712890625,
        "z": 4012.740966796875
    },
    {
        "color": 4294967295,
        "name": "Generic Point 4",
        "x": -2596.85546875,
        "y": 27.195419311523438,
        "z": 5302.6474609375
    },
    {
        "color": 4294967295,
        "name": "Generic Point 40",
        "x": -1764.8076171875,
        "y": 368.1279602050781,
        "z": 4225.3955078125
    },
    {
        "color": 4294967295,
        "name": "Generic Point 41",
        "x": -1681.74365234375,
        "y": 290.02264404296875,
        "z": 4202.12109375
    },
    {
        "color": 4294967295,
        "name": "Generic Point 42",
        "x": 472.5467529296875,
        "y": 211.77291870117188,
        "z": 2288.813232421875
    },
    {
        "color": 4294967295,
        "name": "Generic Point 43",
        "x": -777.5401611328125,
        "y": 150.9861602783203,
        "z": 2484.783203125
    },
    {
        "color": 4294967295,
        "name": "Generic Point 44",
        "x": -1077.2640380859375,
        "y": 216.94677734375,
        "z": 2262.13818359375
    },
    {
        "color": 4294967295,
        "name": "Generic Point 45",
        "x": -1181.3302001953125,
        "y": 196.80172729492188,
        "z": 2446.650146484375
    },
    {
        "color": 4294967295,
        "name": "Generic Point 46",
        "x": -1462.9383544921875,
        "y": 135.31332397460938,
        "z": 2505.070068359375
    },
    {
        "color": 4294967295,
        "name": "Generic Point 47",
        "x": -979.8380126953125,
        "y": 212.69090270996094,
        "z": 2773.741943359375
    },
    {
        "color": 4294967295,
        "name": "Generic Point 48",
        "x": -864.6939086914062,
        "y": 200.12754821777344,
        "z": 3036.30224609375
    },
    {
        "color": 4294967295,
        "name": "Generic Point 49",
        "x": -838.4024047851562,
        "y": 213.81643676757812,
        "z": 3263.973388671875
    },
    {
        "color": 4294967295,
        "name": "Generic Point 5",
        "x": -2349.96337890625,
        "y": 24.654733657836914,
        "z": 5408.83984375
    },
    {
        "color": 4294967295,
        "name": "Generic Point 50",
        "x": -1141.98828125,
        "y": 252.6547088623047,
        "z": 3104.37353515625
    },
    {
        "color": 4294967295,
        "name": "Generic Point 51",
        "x": -1378.9371337890625,
        "y": 250.34666442871094,
        "z": 2749.91943359375
    },
    {
        "color": 4294967295,
        "name": "Generic Point 52",
        "x": -106.79966735839844,
        "y": 251.7809600830078,
        "z": 2971.3955078125
    },
    {
        "color": 4294967295,
        "name": "Generic Point 53",
        "x": 236.6559600830078,
        "y": 326.58453369140625,
        "z": 2553.556640625
    },
    {
        "color": 4294967295,
        "name": "Generic Point 54",
        "x": -360.8319396972656,
        "y": 226.35116577148438,
        "z": 3180.139404296875
    },
    {
        "color": 4294967295,
        "name": "Generic Point 55",
        "x": -384.83831787109375,
        "y": 214.65830993652344,
        "z": 3424.0244140625
    },
    {
        "color": 4294967295,
        "name": "Generic Point 56",
        "x": -165.29544067382812,
        "y": 299.296142578125,
        "z": 3291.2119140625
    },
    {
        "color": 4294967295,
        "name": "Generic Point 57",
        "x": -125.13612365722656,
        "y": 310.3459167480469,
        "z": 3520.923583984375
    },
    {
        "color": 4294967295,
        "name": "Generic Point 58",
        "x": -207.55767822265625,
        "y": 329.37109375,
        "z": 3648.79541015625
    },
    {
        "color": 4294967295,
        "name": "Generic Point 59",
        "x": -53.39231491088867,
        "y": 195.34320068359375,
        "z": 3437.535888671875
    },
    {
        "color": 4294967295,
        "name": "Generic Point 6",
        "x": -2617.461181640625,
        "y": 19.36704444885254,
        "z": 5612.93310546875
    },
    {
        "color": 4294967295,
        "name": "Generic Point 60",
        "x": -214.19073486328125,
        "y": 235.41078186035156,
        "z": 3785.1953125
    },
    {
        "color": 4294967295,
        "name": "Generic Point 61",
        "x": -360.15057373046875,
        "y": 215.57528686523438,
        "z": 3799.076904296875
    },
    {
        "color": 4294967295,
        "name": "Generic Point 62",
        "x": -1080.230712890625,
        "y": 259.13275146484375,
        "z": 3878.314453125
    },
    {
        "color": 4294967295,
        "name": "Generic Point 63",
        "x": -1127.1480712890625,
        "y": 203.29086303710938,
        "z": 3792.509033203125
    },
    {
        "color": 4294967295,
        "name": "Generic Point 64",
        "x": 20.747467041015625,
        "y": 238.08255004882812,
        "z": 2433.933349609375
    },
    {
        "color": 4294967295,
        "name": "Generic Point 65",
        "x": -1784.7222900390625,
        "y": 293.6544189453125,
        "z": 2839.810302734375
    },
    {
        "color": 4294967295,
        "name": "Generic Point 66",
        "x": -1082.534912109375,
        "y": 270.0504150390625,
        "z": 3381.200439453125
    },
    {
        "color": 4294967295,
        "name": "Generic Point 67",
        "x": -1473.501220703125,
        "y": 252.5878143310547,
        "z": 3767.441162109375
    },
    {
        "color": 4294967295,
        "name": "Generic Point 68",
        "x": -1764.60009765625,
        "y": 203.39846801757812,
        "z": 3632.16943359375
    },
    {
        "color": 4294967295,
        "name": "Generic Point 69",
        "x": -1519.7547607421875,
        "y": 242.70530700683594,
        "z": 3608.854736328125
    },
    {
        "color": 4294967295,
        "name": "Generic Point 7",
        "x": -2597.54541015625,
        "y": -16.885887145996094,
        "z": 5566.5791015625
    },
    {
        "color": 4294967295,
        "name": "Generic Point 70",
        "x": -1832.133544921875,
        "y": 94.02189636230469,
        "z": 3487.49609375
    },
    {
        "color": 4294967295,
        "name": "Generic Point 71",
        "x": -1652.729736328125,
        "y": 113.99369049072266,
        "z": 3337.643310546875
    },
    {
        "color": 4294967295,
        "name": "Generic Point 72",
        "x": -1892.293212890625,
        "y": 9.312884330749512,
        "z": 3286.397216796875
    },
    {
        "color": 4294967295,
        "name": "Generic Point 73",
        "x": 87.30351257324219,
        "y": 271.5106201171875,
        "z": 2981.74365234375
    },
    {
        "color": 4294967295,
        "name": "Generic Point 74",
        "x": -82.83592987060547,
        "y": 270.1315612792969,
        "z": 2384.357666015625
    },
    {
        "color": 4294967295,
        "name": "Generic Point 75",
        "x": -168.4342041015625,
        "y": 204.20680236816406,
        "z": 2423.697998046875
    },
    {
        "color": 4294967295,
        "name": "Generic Point 76",
        "x": -179.90289306640625,
        "y": 209.8218994140625,
        "z": 2613.08154296875
    },
    {
        "color": 4294967295,
        "name": "Generic Point 77",
        "x": -345.53228759765625,
        "y": 143.15835571289062,
        "z": 2426.921142578125
    },
    {
        "color": 4294967295,
        "name": "Generic Point 78",
        "x": -404.86749267578125,
        "y": 195.3030548095703,
        "z": 2422.85302734375
    },
    {
        "color": 4294967295,
        "name": "Generic Point 79",
        "x": -606.8179931640625,
        "y": 262.55755615234375,
        "z": 2272.268310546875
    },
    {
        "color": 4294967295,
        "name": "Generic Point 8",
        "x": -2200.2529296875,
        "y": 289.28704833984375,
        "z": 4047.242431640625
    },
    {
        "color": 4294967295,
        "name": "Generic Point 80",
        "x": -1411.187744140625,
        "y": 11.079065322875977,
        "z": 5761.0361328125
    },
    {
        "color": 4294967295,
        "name": "Generic Point 81",
        "x": -1454.678955078125,
        "y": -27.229822158813477,
        "z": 5661.3095703125
    },
    {
        "color": 4294967295,
        "name": "Generic Point 82",
        "x": -912.91357421875,
        "y": -248.54037475585938,
        "z": 5991.9541015625
    },
    {
        "color": 4294967295,
        "name": "Generic Point 83",
        "x": -771.0986328125,
        "y": -267.7553405761719,
        "z": 5687.27783203125
    },
    {
        "color": 4294967295,
        "name": "Generic Point 84",
        "x": -834.1636962890625,
        "y": -267.7053527832031,
        "z": 5680.6689453125
    },
    {
        "color": 4294967295,
        "name": "Generic Point 85",
        "x": -472.7402648925781,
        "y": 233.9640655517578,
        "z": 5321.70947265625
    },
    {
        "color": 4294967295,
        "name": "Generic Point 86",
        "x": -1083.7972412109375,
        "y": 63.87704849243164,
        "z": 5520.349609375
    },
    {
        "color": 4294967295,
        "name": "Generic Point 87",
        "x": -1359.533203125,
        "y": 26.958879470825195,
        "z": 5302.37060546875
    },
    {
        "color": 4294967295,
        "name": "Generic Point 88",
        "x": -803.0765991210938,
        "y": 144.28814697265625,
        "z": 4797.09912109375
    },
    {
        "color": 4294967295,
        "name": "Generic Point 89",
        "x": -632.1263427734375,
        "y": 261.2940673828125,
        "z": 5109.17138671875
    },
    {
        "color": 4294967295,
        "name": "Generic Point 9",
        "x": -2311.977294921875,
        "y": 191.2239532470703,
        "z": 5825.9599609375
    },
    {
        "color": 4294967295,
        "name": "Generic Point 90",
        "x": -910.0161743164062,
        "y": 182.7298583984375,
        "z": 4991.96435546875
    },
    {
        "color": 4294967295,
        "name": "Generic Point 91",
        "x": -1399.0155029296875,
        "y": 74.64956665039062,
        "z": 4838.24560546875
    },
    {
        "color": 4294967295,
        "name": "Generic Point 92",
        "x": -247.2567138671875,
        "y": 166.4473876953125,
        "z": 6058.63623046875
    },
    {
        "color": 4294967295,
        "name": "Generic Point 93",
        "x": 633.6456909179688,
        "y": 181.16632080078125,
        "z": 6816.85546875
    },
    {
        "color": 4294967295,
        "name": "Generic Point 94",
        "x": 54.38515090942383,
        "y": 221.1931915283203,
        "z": 6303.21142578125
    },
    {
        "color": 4294967295,
        "name": "Generic Point 95",
        "x": 400.681640625,
        "y": 232.01243591308594,
        "z": 6375.1123046875
    },
    {
        "color": 4294967295,
        "name": "Generic Point 96",
        "x": 460.291015625,
        "y": 226.4115447998047,
        "z": 6410.81591796875
    },
    {
        "color": 4294967295,
        "name": "Generic Point 97",
        "x": 451.97540283203125,
        "y": 234.77255249023438,
        "z": 6516.380859375
    },
    {
        "color": 4294967295,
        "name": "Generic Point 98",
        "x": 332.6211242675781,
        "y": 135.19139099121094,
        "z": 6265.12841796875
    },
    {
        "color": 4294967295,
        "name": "Generic Point 99",
        "x": 553.6685791015625,
        "y": 123.30551147460938,
        "z": 6273.6640625
    }
]