[
    {
        "color": 4294967295,
        "name": "Generic Point 0",
        "x": 225.85304260253906,
        "y": 155.4369354248047,
        "z": -312.947021484375
    },
    {
        "color": 4294967295,
        "name": "Generic Point 1",
        "x": 199.55999755859375,
        "y": 177.01776123046875,
        "z": -422.1054992675781
    },
    {
        "color": 4294967295,
        "name": "Generic Point 10",
        "x": 198.16897583007812,
        "y": 175.22622680664062,
        "z": -426.1209716796875
    },
    {
        "color": 4294967295,
        "name": "Generic Point 11",
        "x": 204.2204132080078,
        "y": 176.8271942138672,
        "z": -427.2873840332031
    },
    {
        "color": 4294967295,
        "name": "Generic Point 2",
        "x": 185.4379119873047,
        "y": 176.964599609375,
        "z": -425.1419372558594
    },
    {
        "color": 4294967295,
        "name": "Generic Point 3",
        "x": 145.4850311279297,
        "y": 186.77691650390625,
        "z": -412.3204650878906
    },
    {
        "color": 4294967295,
        "name": "Generic Point 4",
        "x": 207.34474182128906,
        "y": 169.9369659423828,
        "z": -325.72027587890625
    },
    {
        "color": 4294967295,
        "name": "Generic Point 5",
        "x": 223.776611328125,
        "y": 169.1034393310547,
        "z": -358.5493469238281
    },
    {
        "color": 4294967295,
        "name": "Generic Point 6",
        "x": 232.45310974121094,
        "y": 171.2184295654297,
        "z": -384.7138977050781
    },
    {
        "color": 4294967295,
        "name": "Generic Point 7",
        "x": 214.55792236328125,
        "y": 174.95591735839844,
        "z": -412.517333984375
    },
    {
        "color": 4294967295,
        "name": "Generic Point 8",
        "x": 210.09866333007812,
        "y": 175.26637268066406,
        "z": -428.8143310546875
    },
    {
        "color": 4294967295,
        "name": "Generic Point 9",
        "x": 204.5538787841797,
        "y": 176.82420349121094,
        "z": -427.04248046875
    }
]