[
    {
        "color": 4294967295,
        "name": "Generic Point 0",
        "x": -6032.8486328125,
        "y": 201.09339904785156,
        "z": -3206.31298828125
    },
    {
        "color": 4294967295,
        "name": "Generic Point 1",
        "x": -6408.81689453125,
        "y": 200.4769287109375,
        "z": -2819.300048828125
    },
    {
        "color": 4294967295,
        "name": "Generic Point 10",
        "x": -6220.15087890625,
        "y": 249.00196838378906,
        "z": -2709.369140625
    },
    {
        "color": 4294967295,
        "name": "Generic Point 11",
        "x": -6226.5947265625,
        "y": 201.20640563964844,
        "z": -3224.19580078125
    },
    {
        "color": 4294967295,
        "name": "Generic Point 12",
        "x": -6154.2412109375,
        "y": 210.45315551757812,
        "z": -2576.367431640625
    },
    {
        "color": 4294967295,
        "name": "Generic Point 13",
        "x": -6460.9814453125,
        "y": 245.9451446533203,
        "z": -2554.617919921875
    },
    {
        "color": 4294967295,
        "name": "Generic Point 14",
        "x": -6416.5634765625,
        "y": 257.9971618652344,
        "z": -2568.420166015625
    },
    {
        "color": 4294967295,
        "name": "Generic Point 15",
        "x": -6277.83984375,
        "y": 243.46823120117188,
        "z": -2471.11962890625
    },
    {
        "color": 4294967295,
        "name": "Generic Point 16",
        "x": -6251.66748046875,
        "y": 248.91937255859375,
        "z": -2576.124267578125
    },
    {
        "color": 4294967295,
        "name": "Generic Point 17",
        "x": -6198.1357421875,
        "y": 225.81393432617188,
        "z": -2570.7607421875
    },
    {
        "color": 4294967295,
        "name": "Generic Point 18",
        "x": -6233.88330078125,
        "y": 234.61990356445312,
        "z": -2510.00634765625
    },
    {
        "color": 4294967295,
        "name": "Generic Point 19",
        "x": -6163.9892578125,
        "y": 223.36898803710938,
        "z": -2452.115966796875
    },
    {
        "color": 4294967295,
        "name": "Generic Point 2",
        "x": -6467.767578125,
        "y": 203.52059936523438,
        "z": -2787.537353515625
    },
    {
        "color": 4294967295,
        "name": "Generic Point 20",
        "x": -6085.626953125,
        "y": 202.09140014648438,
        "z": -2480.686279296875
    },
    {
        "color": 4294967295,
        "name": "Generic Point 21",
        "x": -6404.07275390625,
        "y": 202.01019287109375,
        "z": -2386.65185546875
    },
    {
        "color": 4294967295,
        "name": "Generic Point 22",
        "x": -6273.322265625,
        "y": 203.29641723632812,
        "z": -3145.08935546875
    },
    {
        "color": 4294967295,
        "name": "Generic Point 23",
        "x": -6061.966796875,
        "y": 201.8851318359375,
        "z": -2580.3974609375
    },
    {
        "color": 4294967295,
        "name": "Generic Point 24",
        "x": -5805.27099609375,
        "y": 203.4162139892578,
        "z": -2483.054443359375
    },
    {
        "color": 4294967295,
        "name": "Generic Point 25",
        "x": -5812.48291015625,
        "y": 218.55691528320312,
        "z": -2513.39599609375
    },
    {
        "color": 4294967295,
        "name": "Generic Point 26",
        "x": -5809.74853515625,
        "y": 206.17095947265625,
        "z": -2676.9619140625
    },
    {
        "color": 4294967295,
        "name": "Generic Point 27",
        "x": -5978.166015625,
        "y": 304.8668518066406,
        "z": -2589.63427734375
    },
    {
        "color": 4294967295,
        "name": "Generic Point 28",
        "x": -6336.52978515625,
        "y": 400.6085205078125,
        "z": -2685.611083984375
    },
    {
        "color": 4294967295,
        "name": "Generic Point 29",
        "x": -6319.7529296875,
        "y": 207.8893280029297,
        "z": -2699.841796875
    },
    {
        "color": 4294967295,
        "name": "Generic Point 3",
        "x": -6222.60107421875,
        "y": 205.41578674316406,
        "z": -2780.36767578125
    },
    {
        "color": 4294967295,
        "name": "Generic Point 30",
        "x": -6666.4404296875,
        "y": 213.47047424316406,
        "z": -2574.816650390625
    },
    {
        "color": 4294967295,
        "name": "Generic Point 31",
        "x": -6733.548828125,
        "y": 204.51846313476562,
        "z": -2662.6865234375
    },
    {
        "color": 4294967295,
        "name": "Generic Point 32",
        "x": -6177.14208984375,
        "y": 220.63653564453125,
        "z": -2925.69140625
    },
    {
        "color": 4294967295,
        "name": "Generic Point 33",
        "x": -6282.15576171875,
        "y": 227.157470703125,
        "z": -2884.212646484375
    },
    {
        "color": 4294967295,
        "name": "Generic Point 34",
        "x": -6338.66064453125,
        "y": 202.00399780273438,
        "z": -2957.583984375
    },
    {
        "color": 4294967295,
        "name": "Generic Point 35",
        "x": -6261.37158203125,
        "y": 217.61212158203125,
        "z": -2974.3759765625
    },
    {
        "color": 4294967295,
        "name": "Generic Point 36",
        "x": -6403.48974609375,
        "y": 243.1219024658203,
        "z": -2804.6044921875
    },
    {
        "color": 4294967295,
        "name": "Generic Point 4",
        "x": -6164.2578125,
        "y": 204.27694702148438,
        "z": -2824.40625
    },
    {
        "color": 4294967295,
        "name": "Generic Point 5",
        "x": -6101.50146484375,
        "y": 208.0469970703125,
        "z": -2842.332763671875
    },
    {
        "color": 4294967295,
        "name": "Generic Point 6",
        "x": -6027.734375,
        "y": 206.35711669921875,
        "z": -2891.1103515625
    },
    {
        "color": 4294967295,
        "name": "Generic Point 7",
        "x": -6082.6630859375,
        "y": 222.22584533691406,
        "z": -2953.10595703125
    },
    {
        "color": 4294967295,
        "name": "Generic Point 8",
        "x": -6091.2685546875,
        "y": 202.6355438232422,
        "z": -2756.266845703125
    },
    {
        "color": 4294967295,
        "name": "Generic Point 9",
        "x": -6093.8740234375,
        "y": 204.96194458007812,
        "z": -2670.53662109375
    }
]