[
    {
        "color": 4294967295,
        "name": "Generic Point 0",
        "x": 1727.478882,
        "y": 485.695465,
        "z": 4970.950684
    },
    {
        "color": 4294967295,
        "name": "Generic Point 1",
        "x": 1561.570435,
        "y": 292.07959,
        "z": 5092.092285
    },
    {
        "color": 4294967295,
        "name": "Generic Point 10",
        "x": 2715.380371,
        "y": 470.364685,
        "z": 4291.684082
    },
    {
        "color": 4294967295,
        "name": "Generic Point 11",
        "x": 2746.85376,
        "y": 341.104675,
        "z": 4220.373047
    },
    {
        "color": 4294967295,
        "name": "Generic Point 12",
        "x": 2851.43042,
        "y": 413.907684,
        "z": 4185.90332
    },
    {
        "color": 4294967295,
        "name": "Generic Point 13",
        "x": 2904.086914,
        "y": 452.285156,
        "z": 4192.054688
    },
    {
        "color": 4294967295,
        "name": "Generic Point 14",
        "x": 2813.951416,
        "y": 499.563263,
        "z": 4114.70752
    },
    {
        "color": 4294967295,
        "name": "Generic Point 15",
        "x": 2333.074219,
        "y": 575.841492,
        "z": 4854.082031
    },
    {
        "color": 4294967295,
        "name": "Generic Point 16",
        "x": 2284.066162,
        "y": 510.729889,
        "z": 4760.687012
    },
    {
        "color": 4294967295,
        "name": "Generic Point 17",
        "x": 2411.233643,
        "y": 190.079666,
        "z": 4954.91748
    },
    {
        "color": 4294967295,
        "name": "Generic Point 18",
        "x": 2427.434814,
        "y": 247.700531,
        "z": 4980.313965
    },
    {
        "color": 4294967295,
        "name": "Generic Point 19",
        "x": 2668.236084,
        "y": 228.806473,
        "z": 4989.922363
    },
    {
        "color": 4294967295,
        "name": "Generic Point 2",
        "x": 1871.138794,
        "y": 519.610352,
        "z": 4783.928711
    },
    {
        "color": 4294967295,
        "name": "Generic Point 20",
        "x": 2736.856445,
        "y": 698.297119,
        "z": 4940.135254
    },
    {
        "color": 4294967295,
        "name": "Generic Point 21",
        "x": 2649.956543,
        "y": 501.150574,
        "z": 4954.867676
    },
    {
        "color": 4294967295,
        "name": "Generic Point 22",
        "x": 2670.469971,
        "y": 566.74176,
        "z": 5083.981934
    },
    {
        "color": 4294967295,
        "name": "Generic Point 23",
        "x": 2571.894287,
        "y": 457.124542,
        "z": 5244.018555
    },
    {
        "color": 4294967295,
        "name": "Generic Point 24",
        "x": 2509.656494,
        "y": 442.652283,
        "z": 4731.878418
    },
    {
        "color": 4294967295,
        "name": "Generic Point 25",
        "x": 2533.731201,
        "y": 442.085724,
        "z": 4762.35791
    },
    {
        "color": 4294967295,
        "name": "Generic Point 26",
        "x": 2435.983643,
        "y": 452.16333,
        "z": 4545.487793
    },
    {
        "color": 4294967295,
        "name": "Generic Point 27",
        "x": 2491.436279,
        "y": 264.739777,
        "z": 4613.29834
    },
    {
        "color": 4294967295,
        "name": "Generic Point 28",
        "x": 2591.486816,
        "y": 504.113464,
        "z": 4661.693359
    },
    {
        "color": 4294967295,
        "name": "Generic Point 29",
        "x": 2819.574219,
        "y": 597.710266,
        "z": 4923.064453
    },
    {
        "color": 4294967295,
        "name": "Generic Point 3",
        "x": 2165.916992,
        "y": 451.295837,
        "z": 4488.611328
    },
    {
        "color": 4294967295,
        "name": "Generic Point 30",
        "x": 2921.131592,
        "y": 575.842773,
        "z": 4917.392578
    },
    {
        "color": 4294967295,
        "name": "Generic Point 31",
        "x": 2805.371582,
        "y": 554.164551,
        "z": 4717.155762
    },
    {
        "color": 4294967295,
        "name": "Generic Point 32",
        "x": 2549.795898,
        "y": 427.094299,
        "z": 4510.823242
    },
    {
        "color": 4294967295,
        "name": "Generic Point 33",
        "x": 2587.786865,
        "y": 272.679077,
        "z": 4494.872559
    },
    {
        "color": 4294967295,
        "name": "Generic Point 34",
        "x": 2711.143555,
        "y": 412.800354,
        "z": 4572.461914
    },
    {
        "color": 4294967295,
        "name": "Generic Point 35",
        "x": 2744.534424,
        "y": 400.077606,
        "z": 4462.037598
    },
    {
        "color": 4294967295,
        "name": "Generic Point 36",
        "x": 2841.45874,
        "y": 364.834137,
        "z": 4480.212402
    },
    {
        "color": 4294967295,
        "name": "Generic Point 37",
        "x": 2840.673096,
        "y": 429.008057,
        "z": 4323.352539
    },
    {
        "color": 4294967295,
        "name": "Generic Point 38",
        "x": 2935.847168,
        "y": 432.179382,
        "z": 4584.358887
    },
    {
        "color": 4294967295,
        "name": "Generic Point 39",
        "x": 3139.641113,
        "y": 359.161407,
        "z": 4388.858398
    },
    {
        "color": 4294967295,
        "name": "Generic Point 4",
        "x": 2129.981689,
        "y": 447.924072,
        "z": 4366.175781
    },
    {
        "color": 4294967295,
        "name": "Generic Point 40",
        "x": 3031.787842,
        "y": 394.282959,
        "z": 4420.015625
    },
    {
        "color": 4294967295,
        "name": "Generic Point 41",
        "x": 3132.68457,
        "y": 234.117874,
        "z": 4203.270508
    },
    {
        "color": 4294967295,
        "name": "Generic Point 42",
        "x": 3212.349609,
        "y": 254.95871,
        "z": 4177.023926
    },
    {
        "color": 4294967295,
        "name": "Generic Point 43",
        "x": 3314.586182,
        "y": 247.265457,
        "z": 4149.745117
    },
    {
        "color": 4294967295,
        "name": "Generic Point 44",
        "x": 3203.504639,
        "y": 342.117889,
        "z": 4134.832031
    },
    {
        "color": 4294967295,
        "name": "Generic Point 45",
        "x": 3032.65918,
        "y": 418.729126,
        "z": 4054.072266
    },
    {
        "color": 4294967295,
        "name": "Generic Point 46",
        "x": 3285.895508,
        "y": 409.232361,
        "z": 3880.651123
    },
    {
        "color": 4294967295,
        "name": "Generic Point 47",
        "x": 3389.60083,
        "y": 375.796844,
        "z": 4057.649902
    },
    {
        "color": 4294967295,
        "name": "Generic Point 48",
        "x": 3481.031494,
        "y": 404.864838,
        "z": 4067.248779
    },
    {
        "color": 4294967295,
        "name": "Generic Point 49",
        "x": 3534.172607,
        "y": 390.799866,
        "z": 4241.698242
    },
    {
        "color": 4294967295,
        "name": "Generic Point 5",
        "x": 2177.008545,
        "y": 443.387115,
        "z": 4282.572266
    },
    {
        "color": 4294967295,
        "name": "Generic Point 50",
        "x": 3948.196289,
        "y": 356.695465,
        "z": 4359.415527
    },
    {
        "color": 4294967295,
        "name": "Generic Point 51",
        "x": 3516.514648,
        "y": 333.78299,
        "z": 4970.066406
    },
    {
        "color": 4294967295,
        "name": "Generic Point 52",
        "x": 3689.85791,
        "y": 289.830688,
        "z": 5013.482422
    },
    {
        "color": 4294967295,
        "name": "Generic Point 53",
        "x": 3672.807129,
        "y": 342.059845,
        "z": 5013.108398
    },
    {
        "color": 4294967295,
        "name": "Generic Point 54",
        "x": 3749.843018,
        "y": 284.826721,
        "z": 4930.933594
    },
    {
        "color": 4294967295,
        "name": "Generic Point 55",
        "x": 3644.067871,
        "y": 529.092712,
        "z": 5002.650391
    },
    {
        "color": 4294967295,
        "name": "Generic Point 56",
        "x": 3770.713379,
        "y": 565.092712,
        "z": 4999.773438
    },
    {
        "color": 4294967295,
        "name": "Generic Point 57",
        "x": 3932.449707,
        "y": 583.064758,
        "z": 5032.34375
    },
    {
        "color": 4294967295,
        "name": "Generic Point 58",
        "x": 4001.053223,
        "y": 557.647766,
        "z": 4914.084961
    },
    {
        "color": 4294967295,
        "name": "Generic Point 59",
        "x": 3999.789307,
        "y": 514.688416,
        "z": 4843.016113
    },
    {
        "color": 4294967295,
        "name": "Generic Point 6",
        "x": 2250.510986,
        "y": 365.271149,
        "z": 4439.732422
    },
    {
        "color": 4294967295,
        "name": "Generic Point 60",
        "x": 4095.88916,
        "y": 507.024719,
        "z": 4684.287109
    },
    {
        "color": 4294967295,
        "name": "Generic Point 61",
        "x": 3831.818604,
        "y": 552.949707,
        "z": 4649.217285
    },
    {
        "color": 4294967295,
        "name": "Generic Point 62",
        "x": 3644.873779,
        "y": 628.062012,
        "z": 4653.419434
    },
    {
        "color": 4294967295,
        "name": "Generic Point 63",
        "x": 3722.608154,
        "y": 488.621063,
        "z": 4512.393066
    },
    {
        "color": 4294967295,
        "name": "Generic Point 64",
        "x": 3633.082031,
        "y": 464.796356,
        "z": 4403.008789
    },
    {
        "color": 4294967295,
        "name": "Generic Point 65",
        "x": 3504.486572,
        "y": 574.143005,
        "z": 4517.091797
    },
    {
        "color": 4294967295,
        "name": "Generic Point 66",
        "x": 3085.229248,
        "y": 450.875549,
        "z": 4861.722168
    },
    {
        "color": 4294967295,
        "name": "Generic Point 67",
        "x": 3144.538818,
        "y": 450.875549,
        "z": 4655.731934
    },
    {
        "color": 4294967295,
        "name": "Generic Point 68",
        "x": 3073.233154,
        "y": 442.783264,
        "z": 4451.54248
    },
    {
        "color": 4294967295,
        "name": "Generic Point 69",
        "x": 3273.253174,
        "y": 523.538818,
        "z": 4294.692871
    },
    {
        "color": 4294967295,
        "name": "Generic Point 7",
        "x": 2374.052734,
        "y": 499.472656,
        "z": 4358.802734
    },
    {
        "color": 4294967295,
        "name": "Generic Point 70",
        "x": 3343.357422,
        "y": 467.181305,
        "z": 4361.388672
    },
    {
        "color": 4294967295,
        "name": "Generic Point 71",
        "x": 3187.274902,
        "y": 618.865356,
        "z": 4147.489746
    },
    {
        "color": 4294967295,
        "name": "Generic Point 72",
        "x": 3157.145508,
        "y": 447.839752,
        "z": 4088.64502
    },
    {
        "color": 4294967295,
        "name": "Generic Point 73",
        "x": 3388.072754,
        "y": 462.445251,
        "z": 4056.262939
    },
    {
        "color": 4294967295,
        "name": "Generic Point 74",
        "x": 3322.266846,
        "y": 551.533752,
        "z": 3818.187744
    },
    {
        "color": 4294967295,
        "name": "Generic Point 75",
        "x": 3356.896484,
        "y": 439.197662,
        "z": 3780.839355
    },
    {
        "color": 4294967295,
        "name": "Generic Point 76",
        "x": 3745.587646,
        "y": 481.215363,
        "z": 3684.342773
    },
    {
        "color": 4294967295,
        "name": "Generic Point 77",
        "x": 3726.908447,
        "y": 509.973999,
        "z": 3788.380859
    },
    {
        "color": 4294967295,
        "name": "Generic Point 78",
        "x": 3971.726807,
        "y": 557.330322,
        "z": 4268.099121
    },
    {
        "color": 4294967295,
        "name": "Generic Point 79",
        "x": 2393.709961,
        "y": 599.793457,
        "z": 4920.743164
    },
    {
        "color": 4294967295,
        "name": "Generic Point 8",
        "x": 2432.082031,
        "y": 486.053375,
        "z": 4279.792969
    },
    {
        "color": 4294967295,
        "name": "Generic Point 80",
        "x": 2524.013671875,
        "y": 488.28704833984375,
        "z": 4186.3603515625
    },
    {
        "color": 4294967295,
        "name": "Generic Point 9",
        "x": 2471.815918,
        "y": 626.363342,
        "z": 4077.684814
    }
]