[
    {
        "color": 4294967295,
        "name": "Generic Point 0",
        "x": -180.58230590820312,
        "y": 234.5169219970703,
        "z": 3477.295654296875
    },
    {
        "color": 4294967295,
        "name": "Generic Point 1",
        "x": -582.136962890625,
        "y": 165.8099822998047,
        "z": 3354.102294921875
    },
    {
        "color": 4294967295,
        "name": "Generic Point 2",
        "x": -742.647705078125,
        "y": 130.75930786132812,
        "z": 3444.811279296875
    },
    {
        "color": 4294967295,
        "name": "Generic Point 3",
        "x": -737.812744140625,
        "y": 142.77816772460938,
        "z": 3409.06689453125
    },
    {
        "color": 4294967295,
        "name": "Generic Point 4",
        "x": -770.7338256835938,
        "y": 136.39430236816406,
        "z": 3378.0498046875
    },
    {
        "color": 4294967295,
        "name": "Generic Point 5",
        "x": -798.1858520507812,
        "y": 146.2604217529297,
        "z": 3384.123291015625
    },
    {
        "color": 4294967295,
        "name": "Generic Point 6",
        "x": -745.4284057617188,
        "y": 130.2052001953125,
        "z": 3431.00341796875
    },
    {
        "color": 4294967295,
        "name": "Generic Point 7",
        "x": -751.3160400390625,
        "y": 138.51011657714844,
        "z": 3408.164306640625
    },
    {
        "color": 4294967295,
        "name": "Generic Point 8",
        "x": -619.9166259765625,
        "y": 119.58708953857422,
        "z": 3579.477783203125
    },
    {
        "color": 4294967295,
        "name": "Generic Point 9",
        "x": -612.4258422851562,
        "y": 127.70951843261719,
        "z": 3622.83251953125
    }
]