[
    {
        "color": 4294967295,
        "name": "Generic Point 0",
        "x": -6282.211,
        "y": 203.895,
        "z": -3181.636
    },
    {
        "color": 4294967295,
        "name": "Generic Point 1",
        "x": 1615.998,
        "y": 206.423,
        "z": -2615.545
    },
    {
        "color": 4294967295,
        "name": "Generic Point 10",
        "x": 1735.768,
        "y": 273.441,
        "z": -1069.496
    },
    {
        "color": 4294967295,
        "name": "Generic Point 100",
        "x": 1330.742,
        "y": 262.333,
        "z": -1705.727
    },
    {
        "color": 4294967295,
        "name": "Generic Point 101",
        "x": 2324.594,
        "y": 253.166,
        "z": -701.329
    },
    {
        "color": 4294967295,
        "name": "Generic Point 102",
        "x": 2365.765,
        "y": 256.403,
        "z": -604.96
    },
    {
        "color": 4294967295,
        "name": "Generic Point 103",
        "x": 2346.177,
        "y": 255.895,
        "z": -628.705
    },
    {
        "color": 4294967295,
        "name": "Generic Point 104",
        "x": 2314.309,
        "y": 249.96,
        "z": -660.625
    },
    {
        "color": 4294967295,
        "name": "Generic Point 105",
        "x": 2268.36,
        "y": 236.68,
        "z": -699.807
    },
    {
        "color": 4294967295,
        "name": "Generic Point 106",
        "x": 2173.65,
        "y": 213.355,
        "z": -638.869
    },
    {
        "color": 4294967295,
        "name": "Generic Point 107",
        "x": 2029.824,
        "y": 212.524,
        "z": -826.7
    },
    {
        "color": 4294967295,
        "name": "Generic Point 108",
        "x": 2041.82,
        "y": 207.569,
        "z": -798.015
    },
    {
        "color": 4294967295,
        "name": "Generic Point 109",
        "x": 2001.258,
        "y": 219.6,
        "z": -747.78
    },
    {
        "color": 4294967295,
        "name": "Generic Point 11",
        "x": 1747.321,
        "y": 270.549,
        "z": -1083.323
    },
    {
        "color": 4294967295,
        "name": "Generic Point 110",
        "x": 1969.771,
        "y": 226.359,
        "z": -621.803
    },
    {
        "color": 4294967295,
        "name": "Generic Point 111",
        "x": -6179.288,
        "y": 206.09,
        "z": -3263.826
    },
    {
        "color": 4294967295,
        "name": "Generic Point 112",
        "x": 1190.726,
        "y": 288.032,
        "z": -1669.49
    },
    {
        "color": 4294967295,
        "name": "Generic Point 113",
        "x": 1920.216,
        "y": 257.217,
        "z": -541.551
    },
    {
        "color": 4294967295,
        "name": "Generic Point 114",
        "x": 2028.828,
        "y": 251.576,
        "z": -484.451
    },
    {
        "color": 4294967295,
        "name": "Generic Point 115",
        "x": 2040.2,
        "y": 251.942,
        "z": -473.119
    },
    {
        "color": 4294967295,
        "name": "Generic Point 116",
        "x": 2084.625,
        "y": 248.869,
        "z": -472.335
    },
    {
        "color": 4294967295,
        "name": "Generic Point 117",
        "x": 2080.219,
        "y": 250.259,
        "z": -460.028
    },
    {
        "color": 4294967295,
        "name": "Generic Point 118",
        "x": 2237.156,
        "y": 257.727,
        "z": -430.158
    },
    {
        "color": 4294967295,
        "name": "Generic Point 119",
        "x": 2257.846,
        "y": 257.586,
        "z": -421.57
    },
    {
        "color": 4294967295,
        "name": "Generic Point 12",
        "x": 1626.7,
        "y": 208.762,
        "z": -2599.563
    },
    {
        "color": 4294967295,
        "name": "Generic Point 120",
        "x": 2353.862,
        "y": 267.916,
        "z": -440.698
    },
    {
        "color": 4294967295,
        "name": "Generic Point 121",
        "x": 2295.719,
        "y": 274.151,
        "z": -315.008
    },
    {
        "color": 4294967295,
        "name": "Generic Point 122",
        "x": 2287.807,
        "y": 275.226,
        "z": -303.442
    },
    {
        "color": 4294967295,
        "name": "Generic Point 123",
        "x": 1141.051,
        "y": 303.231,
        "z": -1565.065
    },
    {
        "color": 4294967295,
        "name": "Generic Point 124",
        "x": 2379.655,
        "y": 299.73,
        "z": -302.218
    },
    {
        "color": 4294967295,
        "name": "Generic Point 125",
        "x": 2390.935,
        "y": 298.747,
        "z": -312.068
    },
    {
        "color": 4294967295,
        "name": "Generic Point 126",
        "x": 2408.397,
        "y": 295.572,
        "z": -353.764
    },
    {
        "color": 4294967295,
        "name": "Generic Point 127",
        "x": 2443.652,
        "y": 256.986,
        "z": -385.722
    },
    {
        "color": 4294967295,
        "name": "Generic Point 128",
        "x": 2449.897,
        "y": 256.674,
        "z": -371.806
    },
    {
        "color": 4294967295,
        "name": "Generic Point 129",
        "x": 2525.223,
        "y": 253.87,
        "z": -411.436
    },
    {
        "color": 4294967295,
        "name": "Generic Point 13",
        "x": 1803.321,
        "y": 242.663,
        "z": -1067.452
    },
    {
        "color": 4294967295,
        "name": "Generic Point 130",
        "x": 2631.106,
        "y": 276.718,
        "z": -405.774
    },
    {
        "color": 4294967295,
        "name": "Generic Point 131",
        "x": 2945.718,
        "y": 251.459,
        "z": -858.487
    },
    {
        "color": 4294967295,
        "name": "Generic Point 132",
        "x": 2924.206,
        "y": 255.31,
        "z": -650.19
    },
    {
        "color": 4294967295,
        "name": "Generic Point 133",
        "x": 2926.964,
        "y": 262.795,
        "z": -594.754
    },
    {
        "color": 4294967295,
        "name": "Generic Point 134",
        "x": 1129.31,
        "y": 304.476,
        "z": -1543.849
    },
    {
        "color": 4294967295,
        "name": "Generic Point 135",
        "x": 3029.836,
        "y": 277.905,
        "z": -521.369
    },
    {
        "color": 4294967295,
        "name": "Generic Point 136",
        "x": 2830.485,
        "y": 309.9,
        "z": -372.143
    },
    {
        "color": 4294967295,
        "name": "Generic Point 137",
        "x": 2643.286,
        "y": 279.626,
        "z": -402.902
    },
    {
        "color": 4294967295,
        "name": "Generic Point 138",
        "x": 2611.817,
        "y": 274.829,
        "z": -330.502
    },
    {
        "color": 4294967295,
        "name": "Generic Point 139",
        "x": 2554.818,
        "y": 266.952,
        "z": -349.126
    },
    {
        "color": 4294967295,
        "name": "Generic Point 14",
        "x": 1785.822,
        "y": 249.903,
        "z": -1140.132
    },
    {
        "color": 4294967295,
        "name": "Generic Point 140",
        "x": 2507.398,
        "y": 292.432,
        "z": -244.261
    },
    {
        "color": 4294967295,
        "name": "Generic Point 141",
        "x": 2506.919,
        "y": 290.739,
        "z": -230.479
    },
    {
        "color": 4294967295,
        "name": "Generic Point 142",
        "x": 2633.924,
        "y": 283.216,
        "z": -242.875
    },
    {
        "color": 4294967295,
        "name": "Generic Point 143",
        "x": 2308.634,
        "y": 233.361,
        "z": -48.716
    },
    {
        "color": 4294967295,
        "name": "Generic Point 144",
        "x": 2316.197,
        "y": 302.566,
        "z": 100.707
    },
    {
        "color": 4294967295,
        "name": "Generic Point 145",
        "x": 1045.571,
        "y": 203.349,
        "z": -1291.052
    },
    {
        "color": 4294967295,
        "name": "Generic Point 146",
        "x": 2935.563,
        "y": 273.068,
        "z": 610.116
    },
    {
        "color": 4294967295,
        "name": "Generic Point 147",
        "x": 2753.091,
        "y": 265.713,
        "z": 577.646
    },
    {
        "color": 4294967295,
        "name": "Generic Point 148",
        "x": 2598.85,
        "y": 267.677,
        "z": 577.562
    },
    {
        "color": 4294967295,
        "name": "Generic Point 149",
        "x": 2300.89,
        "y": 290.402,
        "z": 242.687
    },
    {
        "color": 4294967295,
        "name": "Generic Point 15",
        "x": 1816.369,
        "y": 245.205,
        "z": -984.837
    },
    {
        "color": 4294967295,
        "name": "Generic Point 150",
        "x": 2228.4,
        "y": 294.218,
        "z": 293.513
    },
    {
        "color": 4294967295,
        "name": "Generic Point 151",
        "x": 2131.245,
        "y": 285.494,
        "z": 299.527
    },
    {
        "color": 4294967295,
        "name": "Generic Point 152",
        "x": 2250.208,
        "y": 299.965,
        "z": 57.381
    },
    {
        "color": 4294967295,
        "name": "Generic Point 153",
        "x": 2282.716,
        "y": 255.207,
        "z": -12.665
    },
    {
        "color": 4294967295,
        "name": "Generic Point 154",
        "x": 2265.676,
        "y": 231.616,
        "z": -46.33
    },
    {
        "color": 4294967295,
        "name": "Generic Point 155",
        "x": 2228.324,
        "y": 219.42,
        "z": -49.878
    },
    {
        "color": 4294967295,
        "name": "Generic Point 156",
        "x": 989.153,
        "y": 204.348,
        "z": -1288.469
    },
    {
        "color": 4294967295,
        "name": "Generic Point 157",
        "x": 2212.401,
        "y": 219.621,
        "z": -29.954
    },
    {
        "color": 4294967295,
        "name": "Generic Point 158",
        "x": 2235.583,
        "y": 252.443,
        "z": -7.488
    },
    {
        "color": 4294967295,
        "name": "Generic Point 159",
        "x": 2213.911,
        "y": 247.695,
        "z": -16.804
    },
    {
        "color": 4294967295,
        "name": "Generic Point 16",
        "x": 1904.228,
        "y": 247.333,
        "z": -958.784
    },
    {
        "color": 4294967295,
        "name": "Generic Point 160",
        "x": 2183.959,
        "y": 242.095,
        "z": -0.762
    },
    {
        "color": 4294967295,
        "name": "Generic Point 161",
        "x": 2164.461,
        "y": 234.789,
        "z": 13.108
    },
    {
        "color": 4294967295,
        "name": "Generic Point 162",
        "x": 2163.088,
        "y": 300.394,
        "z": 40.926
    },
    {
        "color": 4294967295,
        "name": "Generic Point 163",
        "x": 2143.985,
        "y": 279.856,
        "z": 101.399
    },
    {
        "color": 4294967295,
        "name": "Generic Point 164",
        "x": 2133.005,
        "y": 229.639,
        "z": 10.637
    },
    {
        "color": 4294967295,
        "name": "Generic Point 165",
        "x": 2172.187,
        "y": 219.26,
        "z": -15.156
    },
    {
        "color": 4294967295,
        "name": "Generic Point 166",
        "x": 2157.037,
        "y": 220.909,
        "z": -29.203
    },
    {
        "color": 4294967295,
        "name": "Generic Point 167",
        "x": 954.433,
        "y": 202.894,
        "z": -1268.596
    },
    {
        "color": 4294967295,
        "name": "Generic Point 168",
        "x": 2167.126,
        "y": 212.902,
        "z": -48.7
    },
    {
        "color": 4294967295,
        "name": "Generic Point 169",
        "x": 2209.074,
        "y": 238.359,
        "z": -92.879
    },
    {
        "color": 4294967295,
        "name": "Generic Point 17",
        "x": 1939.823,
        "y": 247.837,
        "z": -1007.791
    },
    {
        "color": 4294967295,
        "name": "Generic Point 170",
        "x": 2219.024,
        "y": 238.642,
        "z": -103.598
    },
    {
        "color": 4294967295,
        "name": "Generic Point 171",
        "x": 2323.558,
        "y": 289.277,
        "z": -246.879
    },
    {
        "color": 4294967295,
        "name": "Generic Point 172",
        "x": 2302.541,
        "y": 285.309,
        "z": -264.539
    },
    {
        "color": 4294967295,
        "name": "Generic Point 173",
        "x": 2193.132,
        "y": 285.051,
        "z": -290.98
    },
    {
        "color": 4294967295,
        "name": "Generic Point 174",
        "x": 2153.589,
        "y": 277.094,
        "z": -326.238
    },
    {
        "color": 4294967295,
        "name": "Generic Point 175",
        "x": 2135.13,
        "y": 277.036,
        "z": -297.419
    },
    {
        "color": 4294967295,
        "name": "Generic Point 176",
        "x": 2110.801,
        "y": 278.512,
        "z": -293.264
    },
    {
        "color": 4294967295,
        "name": "Generic Point 177",
        "x": 2084.525,
        "y": 283.254,
        "z": -336.733
    },
    {
        "color": 4294967295,
        "name": "Generic Point 178",
        "x": 766.136,
        "y": 204.984,
        "z": -1159.858
    },
    {
        "color": 4294967295,
        "name": "Generic Point 179",
        "x": 2061.85,
        "y": 268.549,
        "z": -373.877
    },
    {
        "color": 4294967295,
        "name": "Generic Point 18",
        "x": 2090.66,
        "y": 215.597,
        "z": -1316.254
    },
    {
        "color": 4294967295,
        "name": "Generic Point 180",
        "x": 2097.977,
        "y": 259.288,
        "z": -425.017
    },
    {
        "color": 4294967295,
        "name": "Generic Point 181",
        "x": 2083.337,
        "y": 251.906,
        "z": -447.47
    },
    {
        "color": 4294967295,
        "name": "Generic Point 182",
        "x": 2026.258,
        "y": 255.532,
        "z": -457.322
    },
    {
        "color": 4294967295,
        "name": "Generic Point 183",
        "x": 2013.431,
        "y": 254.551,
        "z": -430.991
    },
    {
        "color": 4294967295,
        "name": "Generic Point 184",
        "x": 1943.673,
        "y": 256.50800000000004,
        "z": -441.418
    },
    {
        "color": 4294967295,
        "name": "Generic Point 185",
        "x": 1939.867,
        "y": 252.347,
        "z": -420.133
    },
    {
        "color": 4294967295,
        "name": "Generic Point 186",
        "x": 2026.778,
        "y": 268.76,
        "z": -184.689
    },
    {
        "color": 4294967295,
        "name": "Generic Point 187",
        "x": 2023.95,
        "y": 270.119,
        "z": -148.668
    },
    {
        "color": 4294967295,
        "name": "Generic Point 188",
        "x": 2102.624,
        "y": 279.278,
        "z": -170.326
    },
    {
        "color": 4294967295,
        "name": "Generic Point 189",
        "x": 698.198,
        "y": 204.358,
        "z": -1175.124
    },
    {
        "color": 4294967295,
        "name": "Generic Point 19",
        "x": 2145.132,
        "y": 226.778,
        "z": -1326.823
    },
    {
        "color": 4294967295,
        "name": "Generic Point 190",
        "x": 2135.925,
        "y": 281.392,
        "z": -141.187
    },
    {
        "color": 4294967295,
        "name": "Generic Point 191",
        "x": 2140.155,
        "y": 234.367,
        "z": -77.705
    },
    {
        "color": 4294967295,
        "name": "Generic Point 192",
        "x": 2106.775,
        "y": 214.637,
        "z": -23.138
    },
    {
        "color": 4294967295,
        "name": "Generic Point 193",
        "x": 2064.454,
        "y": 208.626,
        "z": -2.997
    },
    {
        "color": 4294967295,
        "name": "Generic Point 194",
        "x": 2041.673,
        "y": 208.371,
        "z": -22.117
    },
    {
        "color": 4294967295,
        "name": "Generic Point 195",
        "x": 1987.596,
        "y": 228.337,
        "z": -159.456
    },
    {
        "color": 4294967295,
        "name": "Generic Point 196",
        "x": 1950.019,
        "y": 239.419,
        "z": -190.258
    },
    {
        "color": 4294967295,
        "name": "Generic Point 197",
        "x": 1934.855,
        "y": 245.216,
        "z": -352.18
    },
    {
        "color": 4294967295,
        "name": "Generic Point 198",
        "x": 1904.35,
        "y": 248.168,
        "z": -414.5
    },
    {
        "color": 4294967295,
        "name": "Generic Point 199",
        "x": 1929.272,
        "y": 254.148,
        "z": -467.881
    },
    {
        "color": 4294967295,
        "name": "Generic Point 2",
        "x": 1775.386,
        "y": 255.361,
        "z": -815.359
    },
    {
        "color": 4294967295,
        "name": "Generic Point 20",
        "x": 2149.637,
        "y": 228.533,
        "z": -1345.603
    },
    {
        "color": 4294967295,
        "name": "Generic Point 200",
        "x": 748.678,
        "y": 205.613,
        "z": -1089.171
    },
    {
        "color": 4294967295,
        "name": "Generic Point 201",
        "x": 1925.359,
        "y": 258.895,
        "z": -501.899
    },
    {
        "color": 4294967295,
        "name": "Generic Point 202",
        "x": 1897.381,
        "y": 255.975,
        "z": -535.171
    },
    {
        "color": 4294967295,
        "name": "Generic Point 203",
        "x": 1909.386,
        "y": 256.226,
        "z": -555.457
    },
    {
        "color": 4294967295,
        "name": "Generic Point 204",
        "x": 1866.098,
        "y": 241.406,
        "z": -800.617
    },
    {
        "color": 4294967295,
        "name": "Generic Point 205",
        "x": 1820.909,
        "y": 247.348,
        "z": -729.716
    },
    {
        "color": 4294967295,
        "name": "Generic Point 206",
        "x": 1704.574,
        "y": 259.558,
        "z": -727.343
    },
    {
        "color": 4294967295,
        "name": "Generic Point 207",
        "x": 1716.714,
        "y": 235.628,
        "z": -639.388
    },
    {
        "color": 4294967295,
        "name": "Generic Point 208",
        "x": 1769.201,
        "y": 251.063,
        "z": -641.588
    },
    {
        "color": 4294967295,
        "name": "Generic Point 209",
        "x": 1784.38,
        "y": 251.767,
        "z": -639.155
    },
    {
        "color": 4294967295,
        "name": "Generic Point 21",
        "x": 2103.571,
        "y": 233.01,
        "z": -1450.568
    },
    {
        "color": 4294967295,
        "name": "Generic Point 210",
        "x": 1755.79,
        "y": 232.973,
        "z": -593.75
    },
    {
        "color": 4294967295,
        "name": "Generic Point 211",
        "x": 675.471,
        "y": 204.816,
        "z": -811.307
    },
    {
        "color": 4294967295,
        "name": "Generic Point 212",
        "x": 1710.59,
        "y": 238.362,
        "z": -599.319
    },
    {
        "color": 4294967295,
        "name": "Generic Point 213",
        "x": 1701.779,
        "y": 258.413,
        "z": -574.939
    },
    {
        "color": 4294967295,
        "name": "Generic Point 214",
        "x": 1696.401,
        "y": 270.299,
        "z": -648.96
    },
    {
        "color": 4294967295,
        "name": "Generic Point 215",
        "x": 1627.425,
        "y": 270.508,
        "z": -743.408
    },
    {
        "color": 4294967295,
        "name": "Generic Point 216",
        "x": 1484.915,
        "y": 270.456,
        "z": -776.926
    },
    {
        "color": 4294967295,
        "name": "Generic Point 217",
        "x": 1485.526,
        "y": 271.181,
        "z": -721.42
    },
    {
        "color": 4294967295,
        "name": "Generic Point 218",
        "x": 1473.526,
        "y": 270.443,
        "z": -655.383
    },
    {
        "color": 4294967295,
        "name": "Generic Point 219",
        "x": 1539.576,
        "y": 270.019,
        "z": -640.205
    },
    {
        "color": 4294967295,
        "name": "Generic Point 22",
        "x": 2131.114,
        "y": 238.047,
        "z": -1517.118
    },
    {
        "color": 4294967295,
        "name": "Generic Point 220",
        "x": 1492.223,
        "y": 271.186,
        "z": -593.574
    },
    {
        "color": 4294967295,
        "name": "Generic Point 221",
        "x": 1424.933,
        "y": 270.653,
        "z": -630.18
    },
    {
        "color": 4294967295,
        "name": "Generic Point 222",
        "x": -4547.742,
        "y": 203.237,
        "z": -3864.04
    },
    {
        "color": 4294967295,
        "name": "Generic Point 223",
        "x": 733.843,
        "y": 225.231,
        "z": -864.221
    },
    {
        "color": 4294967295,
        "name": "Generic Point 224",
        "x": 1346.789,
        "y": 313.919,
        "z": -813.956
    },
    {
        "color": 4294967295,
        "name": "Generic Point 225",
        "x": 1297.852,
        "y": 327.258,
        "z": -797.428
    },
    {
        "color": 4294967295,
        "name": "Generic Point 226",
        "x": 1221.488,
        "y": 378.096,
        "z": -792.638
    },
    {
        "color": 4294967295,
        "name": "Generic Point 227",
        "x": 1215.751,
        "y": 379.67,
        "z": -775.563
    },
    {
        "color": 4294967295,
        "name": "Generic Point 228",
        "x": 1157.053,
        "y": 403.977,
        "z": -724.811
    },
    {
        "color": 4294967295,
        "name": "Generic Point 229",
        "x": 1082.087,
        "y": 416.708,
        "z": -719.219
    },
    {
        "color": 4294967295,
        "name": "Generic Point 23",
        "x": 1179.168,
        "y": 276.039,
        "z": -1855.825
    },
    {
        "color": 4294967295,
        "name": "Generic Point 230",
        "x": 1049.079,
        "y": 375.483,
        "z": -622.608
    },
    {
        "color": 4294967295,
        "name": "Generic Point 231",
        "x": 960.187,
        "y": 392.587,
        "z": -712.618
    },
    {
        "color": 4294967295,
        "name": "Generic Point 232",
        "x": 930.501,
        "y": 344.101,
        "z": -621.574
    },
    {
        "color": 4294967295,
        "name": "Generic Point 233",
        "x": 903.3,
        "y": 339.735,
        "z": -622.914
    },
    {
        "color": 4294967295,
        "name": "Generic Point 234",
        "x": 832.123,
        "y": 294.951,
        "z": -932.469
    },
    {
        "color": 4294967295,
        "name": "Generic Point 235",
        "x": 854.953,
        "y": 335.68,
        "z": -660.058
    },
    {
        "color": 4294967295,
        "name": "Generic Point 236",
        "x": 896.627,
        "y": 327.582,
        "z": -574.75
    },
    {
        "color": 4294967295,
        "name": "Generic Point 237",
        "x": 874.525,
        "y": 326.662,
        "z": -533.055
    },
    {
        "color": 4294967295,
        "name": "Generic Point 238",
        "x": 881.552,
        "y": 322.46,
        "z": -504.223
    },
    {
        "color": 4294967295,
        "name": "Generic Point 239",
        "x": 851.55,
        "y": 313.959,
        "z": -468.403
    },
    {
        "color": 4294967295,
        "name": "Generic Point 24",
        "x": 2135.113,
        "y": 235.515,
        "z": -1577.646
    },
    {
        "color": 4294967295,
        "name": "Generic Point 240",
        "x": 841.071,
        "y": 304.784,
        "z": -440.2
    },
    {
        "color": 4294967295,
        "name": "Generic Point 241",
        "x": 937.31,
        "y": 298.01,
        "z": -416.72
    },
    {
        "color": 4294967295,
        "name": "Generic Point 242",
        "x": 977.22,
        "y": 313.433,
        "z": -486.077
    },
    {
        "color": 4294967295,
        "name": "Generic Point 243",
        "x": 987.789,
        "y": 300.454,
        "z": -441.961
    },
    {
        "color": 4294967295,
        "name": "Generic Point 244",
        "x": 1044.668,
        "y": 290.539,
        "z": -436.369
    },
    {
        "color": 4294967295,
        "name": "Generic Point 245",
        "x": 840.283,
        "y": 297.281,
        "z": -987.222
    },
    {
        "color": 4294967295,
        "name": "Generic Point 246",
        "x": 1012.779,
        "y": 274.296,
        "z": -377.93
    },
    {
        "color": 4294967295,
        "name": "Generic Point 247",
        "x": 947.094,
        "y": 284.48,
        "z": -363.943
    },
    {
        "color": 4294967295,
        "name": "Generic Point 248",
        "x": 867.365,
        "y": 261.523,
        "z": -329.728
    },
    {
        "color": 4294967295,
        "name": "Generic Point 249",
        "x": 947.004,
        "y": 266.02,
        "z": -294.031
    },
    {
        "color": 4294967295,
        "name": "Generic Point 25",
        "x": 2226.784,
        "y": 272.633,
        "z": -1663.073
    },
    {
        "color": 4294967295,
        "name": "Generic Point 250",
        "x": 1080.012,
        "y": 257.006,
        "z": -345.77
    },
    {
        "color": 4294967295,
        "name": "Generic Point 251",
        "x": 1138.718,
        "y": 280.794,
        "z": -424.678
    },
    {
        "color": 4294967295,
        "name": "Generic Point 252",
        "x": 1133.058,
        "y": 329.04,
        "z": -499.596
    },
    {
        "color": 4294967295,
        "name": "Generic Point 253",
        "x": 1190.479,
        "y": 288.767,
        "z": -517.318
    },
    {
        "color": 4294967295,
        "name": "Generic Point 254",
        "x": 1358.673,
        "y": 270.859,
        "z": -579.347
    },
    {
        "color": 4294967295,
        "name": "Generic Point 255",
        "x": 1354.326,
        "y": 273.432,
        "z": -564.652
    },
    {
        "color": 4294967295,
        "name": "Generic Point 256",
        "x": 1193.745,
        "y": 295.891,
        "z": -1142.16
    },
    {
        "color": 4294967295,
        "name": "Generic Point 257",
        "x": 1340.807,
        "y": 292.857,
        "z": -451.629
    },
    {
        "color": 4294967295,
        "name": "Generic Point 258",
        "x": 1387.174,
        "y": 243.056,
        "z": -326.851
    },
    {
        "color": 4294967295,
        "name": "Generic Point 259",
        "x": 1714.658,
        "y": 229.495,
        "z": 42.467
    },
    {
        "color": 4294967295,
        "name": "Generic Point 26",
        "x": 2215.951,
        "y": 273.993,
        "z": -1758.109
    },
    {
        "color": 4294967295,
        "name": "Generic Point 260",
        "x": 1712.796,
        "y": 226.468,
        "z": 56.781
    },
    {
        "color": 4294967295,
        "name": "Generic Point 261",
        "x": 1392.217,
        "y": 205.817,
        "z": 407.237
    },
    {
        "color": 4294967295,
        "name": "Generic Point 262",
        "x": 1849.443,
        "y": 221.829,
        "z": 806.817
    },
    {
        "color": 4294967295,
        "name": "Generic Point 263",
        "x": 1818.851,
        "y": 225.671,
        "z": 809.698
    },
    {
        "color": 4294967295,
        "name": "Generic Point 264",
        "x": 1806.849,
        "y": 231.46,
        "z": 810.105
    },
    {
        "color": 4294967295,
        "name": "Generic Point 265",
        "x": 947.103,
        "y": 245.494,
        "z": 714.977
    },
    {
        "color": 4294967295,
        "name": "Generic Point 266",
        "x": 822.381,
        "y": 261.342,
        "z": 871.624
    },
    {
        "color": 4294967295,
        "name": "Generic Point 267",
        "x": 1197.194,
        "y": 314.929,
        "z": -1085.544
    },
    {
        "color": 4294967295,
        "name": "Generic Point 268",
        "x": 799.241,
        "y": 231.12,
        "z": 733.614
    },
    {
        "color": 4294967295,
        "name": "Generic Point 269",
        "x": 746.671,
        "y": 228.897,
        "z": 675.886
    },
    {
        "color": 4294967295,
        "name": "Generic Point 27",
        "x": 2285.938,
        "y": 279.383,
        "z": -1769.368
    },
    {
        "color": 4294967295,
        "name": "Generic Point 270",
        "x": 492.274,
        "y": 199.581,
        "z": 247.007
    },
    {
        "color": 4294967295,
        "name": "Generic Point 271",
        "x": 434.398,
        "y": 213.211,
        "z": 400.052
    },
    {
        "color": 4294967295,
        "name": "Generic Point 272",
        "x": 277.325,
        "y": 227.709,
        "z": 438.947
    },
    {
        "color": 4294967295,
        "name": "Generic Point 273",
        "x": 156.771,
        "y": 250.022,
        "z": 298.895
    },
    {
        "color": 4294967295,
        "name": "Generic Point 274",
        "x": 47.231,
        "y": 244.856,
        "z": 432.947
    },
    {
        "color": 4294967295,
        "name": "Generic Point 275",
        "x": 139.42,
        "y": 242.92,
        "z": 874.696
    },
    {
        "color": 4294967295,
        "name": "Generic Point 276",
        "x": 500.075,
        "y": 232.017,
        "z": 899.532
    },
    {
        "color": 4294967295,
        "name": "Generic Point 277",
        "x": 763.122,
        "y": 226.593,
        "z": 818.937
    },
    {
        "color": 4294967295,
        "name": "Generic Point 278",
        "x": 1037.74,
        "y": 411.224,
        "z": -1022.013
    },
    {
        "color": 4294967295,
        "name": "Generic Point 279",
        "x": 703.616,
        "y": 209.263,
        "z": 871.577
    },
    {
        "color": 4294967295,
        "name": "Generic Point 28",
        "x": 2465.383,
        "y": 301.063,
        "z": -1624.137
    },
    {
        "color": 4294967295,
        "name": "Generic Point 280",
        "x": 586.689,
        "y": 209.086,
        "z": 938.731
    },
    {
        "color": 4294967295,
        "name": "Generic Point 281",
        "x": 646.079,
        "y": 194.017,
        "z": 1242.597
    },
    {
        "color": 4294967295,
        "name": "Generic Point 282",
        "x": 640.566,
        "y": 189.722,
        "z": 1218.49
    },
    {
        "color": 4294967295,
        "name": "Generic Point 283",
        "x": 232.723,
        "y": 238.6,
        "z": 1043.522
    },
    {
        "color": 4294967295,
        "name": "Generic Point 284",
        "x": 161.094,
        "y": 215.192,
        "z": 1129.648
    },
    {
        "color": 4294967295,
        "name": "Generic Point 285",
        "x": 42.517,
        "y": 198.413,
        "z": 1280.915
    },
    {
        "color": 4294967295,
        "name": "Generic Point 286",
        "x": -327.622,
        "y": 213.848,
        "z": 3251.827
    },
    {
        "color": 4294967295,
        "name": "Generic Point 287",
        "x": 1220.435,
        "y": 348.305,
        "z": -997.304
    },
    {
        "color": 4294967295,
        "name": "Generic Point 288",
        "x": 1215.5,
        "y": 345.312,
        "z": -1011.547
    },
    {
        "color": 4294967295,
        "name": "Generic Point 289",
        "x": 1221.283,
        "y": 314.917,
        "z": -1097.191
    },
    {
        "color": 4294967295,
        "name": "Generic Point 29",
        "x": 2639.734,
        "y": 256.96299999999997,
        "z": -1689.085
    },
    {
        "color": 4294967295,
        "name": "Generic Point 290",
        "x": 1249.809,
        "y": 278.945,
        "z": -1163.987
    },
    {
        "color": 4294967295,
        "name": "Generic Point 291",
        "x": 1670.742,
        "y": 205.431,
        "z": -2611.021
    },
    {
        "color": 4294967295,
        "name": "Generic Point 292",
        "x": 1255.371,
        "y": 316.163,
        "z": -1264.688
    },
    {
        "color": 4294967295,
        "name": "Generic Point 293",
        "x": 1292.372,
        "y": 276.008,
        "z": -1621.884
    },
    {
        "color": 4294967295,
        "name": "Generic Point 294",
        "x": 1328.734,
        "y": 276.017,
        "z": -1616.017
    },
    {
        "color": 4294967295,
        "name": "Generic Point 295",
        "x": 1404.46,
        "y": 265.842,
        "z": -1714.281
    },
    {
        "color": 4294967295,
        "name": "Generic Point 296",
        "x": 1429.008,
        "y": 268.602,
        "z": -1714.584
    },
    {
        "color": 4294967295,
        "name": "Generic Point 297",
        "x": 1425.912,
        "y": 275.883,
        "z": -1785.354
    },
    {
        "color": 4294967295,
        "name": "Generic Point 298",
        "x": 1439.492,
        "y": 276.258,
        "z": -1786.809
    },
    {
        "color": 4294967295,
        "name": "Generic Point 299",
        "x": 1392.179,
        "y": 291.373,
        "z": -1834.815
    },
    {
        "color": 4294967295,
        "name": "Generic Point 3",
        "x": 1755.648,
        "y": 240.245,
        "z": -874.126
    },
    {
        "color": 4294967295,
        "name": "Generic Point 30",
        "x": 2729.728,
        "y": 263.405,
        "z": -1638.619
    },
    {
        "color": 4294967295,
        "name": "Generic Point 300",
        "x": 1417.629,
        "y": 294.181,
        "z": -1840.459
    },
    {
        "color": 4294967295,
        "name": "Generic Point 301",
        "x": 1427.177,
        "y": 290.581,
        "z": -1851.727
    },
    {
        "color": 4294967295,
        "name": "Generic Point 302",
        "x": 1665.759,
        "y": 212.391,
        "z": -2637.474
    },
    {
        "color": 4294967295,
        "name": "Generic Point 303",
        "x": 1432.47,
        "y": 289.954,
        "z": -1885.245
    },
    {
        "color": 4294967295,
        "name": "Generic Point 304",
        "x": 1538.674,
        "y": 334.995,
        "z": -2022.744
    },
    {
        "color": 4294967295,
        "name": "Generic Point 305",
        "x": 1445.749,
        "y": 287.508,
        "z": -1872.518
    },
    {
        "color": 4294967295,
        "name": "Generic Point 306",
        "x": 1447.97,
        "y": 283.898,
        "z": -1844.392
    },
    {
        "color": 4294967295,
        "name": "Generic Point 307",
        "x": 1457.486,
        "y": 281.395,
        "z": -1830.989
    },
    {
        "color": 4294967295,
        "name": "Generic Point 308",
        "x": 1482.718,
        "y": 271.67,
        "z": -1755.136
    },
    {
        "color": 4294967295,
        "name": "Generic Point 309",
        "x": 1474.427,
        "y": 270.588,
        "z": -1747.189
    },
    {
        "color": 4294967295,
        "name": "Generic Point 31",
        "x": 2769.219,
        "y": 263.638,
        "z": -1660.749
    },
    {
        "color": 4294967295,
        "name": "Generic Point 310",
        "x": 1475.445,
        "y": 268.899,
        "z": -1727.401
    },
    {
        "color": 4294967295,
        "name": "Generic Point 311",
        "x": 1503.705,
        "y": 265.878,
        "z": -1717.526
    },
    {
        "color": 4294967295,
        "name": "Generic Point 312",
        "x": 1508.785,
        "y": 264.212,
        "z": -1696.304
    },
    {
        "color": 4294967295,
        "name": "Generic Point 313",
        "x": 1682.423,
        "y": 214.08,
        "z": -2671.531
    },
    {
        "color": 4294967295,
        "name": "Generic Point 314",
        "x": 1446.682,
        "y": 271.478,
        "z": -1663.597
    },
    {
        "color": 4294967295,
        "name": "Generic Point 315",
        "x": 1460.158,
        "y": 271.218,
        "z": -1626.818
    },
    {
        "color": 4294967295,
        "name": "Generic Point 316",
        "x": 1506.445,
        "y": 249.201,
        "z": -1644.335
    },
    {
        "color": 4294967295,
        "name": "Generic Point 317",
        "x": 1486.133,
        "y": 249.475,
        "z": -1630.109
    },
    {
        "color": 4294967295,
        "name": "Generic Point 318",
        "x": 1512.687,
        "y": 247.392,
        "z": -1568.836
    },
    {
        "color": 4294967295,
        "name": "Generic Point 319",
        "x": 1421.857,
        "y": 284.679,
        "z": -1393.666
    },
    {
        "color": 4294967295,
        "name": "Generic Point 32",
        "x": 2779.932,
        "y": 264.275,
        "z": -1678.722
    },
    {
        "color": 4294967295,
        "name": "Generic Point 320",
        "x": 1385.597,
        "y": 292.919,
        "z": -1355.158
    },
    {
        "color": 4294967295,
        "name": "Generic Point 321",
        "x": 1421.858,
        "y": 298.702,
        "z": -1318.681
    },
    {
        "color": 4294967295,
        "name": "Generic Point 322",
        "x": 1418.657,
        "y": 308.631,
        "z": -1237.042
    },
    {
        "color": 4294967295,
        "name": "Generic Point 323",
        "x": 1404.481,
        "y": 274.098,
        "z": -1118.775
    },
    {
        "color": 4294967295,
        "name": "Generic Point 324",
        "x": 1672.215,
        "y": 210.419,
        "z": -2694.268
    },
    {
        "color": 4294967295,
        "name": "Generic Point 325",
        "x": 1321.821,
        "y": 301.697,
        "z": -1006.727
    },
    {
        "color": 4294967295,
        "name": "Generic Point 326",
        "x": 1378.824,
        "y": 291.943,
        "z": -1029.139
    },
    {
        "color": 4294967295,
        "name": "Generic Point 327",
        "x": 1455.858,
        "y": 284.437,
        "z": -1004.049
    },
    {
        "color": 4294967295,
        "name": "Generic Point 328",
        "x": 1418.506,
        "y": 282.546,
        "z": -1059.523
    },
    {
        "color": 4294967295,
        "name": "Generic Point 329",
        "x": 1500.632,
        "y": 295.35,
        "z": -1232.471
    },
    {
        "color": 4294967295,
        "name": "Generic Point 33",
        "x": 2863.995,
        "y": 263.291,
        "z": -1809.18
    },
    {
        "color": 4294967295,
        "name": "Generic Point 330",
        "x": 1532.726,
        "y": 293.548,
        "z": -1254.267
    },
    {
        "color": 4294967295,
        "name": "Generic Point 331",
        "x": 1445.632,
        "y": 296.162,
        "z": -1282.812
    },
    {
        "color": 4294967295,
        "name": "Generic Point 332",
        "x": 1461.558,
        "y": 282.896,
        "z": -1338.927
    },
    {
        "color": 4294967295,
        "name": "Generic Point 333",
        "x": 1549.568,
        "y": 258.721,
        "z": -1366.644
    },
    {
        "color": 4294967295,
        "name": "Generic Point 334",
        "x": 1598.385,
        "y": 256.432,
        "z": -1363.747
    },
    {
        "color": 4294967295,
        "name": "Generic Point 335",
        "x": 1607.09,
        "y": 208.031,
        "z": -2676.018
    },
    {
        "color": 4294967295,
        "name": "Generic Point 336",
        "x": 1626.282,
        "y": 283.78,
        "z": -1211.416
    },
    {
        "color": 4294967295,
        "name": "Generic Point 337",
        "x": 1630.977,
        "y": 283.478,
        "z": -1166.88
    },
    {
        "color": 4294967295,
        "name": "Generic Point 338",
        "x": 1642.6,
        "y": 281.834,
        "z": -1160.839
    },
    {
        "color": 4294967295,
        "name": "Generic Point 339",
        "x": 1693.563,
        "y": 265.343,
        "z": -1201.982
    },
    {
        "color": 4294967295,
        "name": "Generic Point 34",
        "x": 1193.719,
        "y": 316.966,
        "z": -1852.595
    },
    {
        "color": 4294967295,
        "name": "Generic Point 340",
        "x": 1728.511,
        "y": 260.873,
        "z": -1253.715
    },
    {
        "color": 4294967295,
        "name": "Generic Point 341",
        "x": 1763.016,
        "y": 257.83799999999997,
        "z": -1235.133
    },
    {
        "color": 4294967295,
        "name": "Generic Point 342",
        "x": 1769.085,
        "y": 256.741,
        "z": -1209.757
    },
    {
        "color": 4294967295,
        "name": "Generic Point 343",
        "x": 1729.265,
        "y": 258.779,
        "z": -1176.857
    },
    {
        "color": 4294967295,
        "name": "Generic Point 344",
        "x": 1697.471,
        "y": 274.172,
        "z": -1156.537
    },
    {
        "color": 4294967295,
        "name": "Generic Point 345",
        "x": 1704.141,
        "y": 274.016,
        "z": -1130.951
    },
    {
        "color": 4294967295,
        "name": "Generic Point 346",
        "x": 1597.454,
        "y": 208.215,
        "z": -2629.57
    },
    {
        "color": 4294967295,
        "name": "Generic Point 347",
        "x": 1661.562,
        "y": 283.028,
        "z": -1124.739
    },
    {
        "color": 4294967295,
        "name": "Generic Point 348",
        "x": 1643.188,
        "y": 282.661,
        "z": -1098.581
    },
    {
        "color": 4294967295,
        "name": "Generic Point 349",
        "x": 1584.377,
        "y": 291.468,
        "z": -1114.738
    },
    {
        "color": 4294967295,
        "name": "Generic Point 35",
        "x": 2870.008,
        "y": 259.673,
        "z": -1827.146
    },
    {
        "color": 4294967295,
        "name": "Generic Point 350",
        "x": 1584.854,
        "y": 291.534,
        "z": -1079.052
    },
    {
        "color": 4294967295,
        "name": "Generic Point 351",
        "x": 1614.034,
        "y": 277.878,
        "z": -1046.721
    },
    {
        "color": 4294967295,
        "name": "Generic Point 352",
        "x": 1517.437,
        "y": 275.013,
        "z": -861.723
    },
    {
        "color": 4294967295,
        "name": "Generic Point 353",
        "x": 1665.996,
        "y": 266.454,
        "z": -851.293
    },
    {
        "color": 4294967295,
        "name": "Generic Point 354",
        "x": 1682.718,
        "y": 261.084,
        "z": -768.996
    },
    {
        "color": 4294967295,
        "name": "Generic Point 355",
        "x": 1729.86,
        "y": 262.932,
        "z": -838.946
    },
    {
        "color": 4294967295,
        "name": "Generic Point 356",
        "x": 1741.708,
        "y": 260.069,
        "z": -828.751
    },
    {
        "color": 4294967295,
        "name": "Generic Point 36",
        "x": 2928.336,
        "y": 243.693,
        "z": -1827.258
    },
    {
        "color": 4294967295,
        "name": "Generic Point 37",
        "x": 2876.868,
        "y": 255.94,
        "z": -1760.264
    },
    {
        "color": 4294967295,
        "name": "Generic Point 38",
        "x": 2910.71,
        "y": 253.574,
        "z": -1675.445
    },
    {
        "color": 4294967295,
        "name": "Generic Point 39",
        "x": 2951.81,
        "y": 253.39,
        "z": -1650.828
    },
    {
        "color": 4294967295,
        "name": "Generic Point 4",
        "x": 1745.198,
        "y": 274.47,
        "z": -932.118
    },
    {
        "color": 4294967295,
        "name": "Generic Point 40",
        "x": 2882.957,
        "y": 256.865,
        "z": -1643.2
    },
    {
        "color": 4294967295,
        "name": "Generic Point 41",
        "x": 2789.527,
        "y": 299.129,
        "z": -1609.696
    },
    {
        "color": 4294967295,
        "name": "Generic Point 42",
        "x": 2858.461,
        "y": 268.296,
        "z": -1519.595
    },
    {
        "color": 4294967295,
        "name": "Generic Point 43",
        "x": 2886.734,
        "y": 265.505,
        "z": -1499.376
    },
    {
        "color": 4294967295,
        "name": "Generic Point 44",
        "x": 2908.72,
        "y": 260.354,
        "z": -1503.075
    },
    {
        "color": 4294967295,
        "name": "Generic Point 45",
        "x": 1332.849,
        "y": 286.176,
        "z": -1803.304
    },
    {
        "color": 4294967295,
        "name": "Generic Point 46",
        "x": 2892.218,
        "y": 280.326,
        "z": -1470.179
    },
    {
        "color": 4294967295,
        "name": "Generic Point 47",
        "x": 2890.274,
        "y": 285.17,
        "z": -1446.307
    },
    {
        "color": 4294967295,
        "name": "Generic Point 48",
        "x": 2984.982,
        "y": 271.232,
        "z": -1317.25
    },
    {
        "color": 4294967295,
        "name": "Generic Point 49",
        "x": 2908.262,
        "y": 272.609,
        "z": -1345.701
    },
    {
        "color": 4294967295,
        "name": "Generic Point 5",
        "x": 1745.517,
        "y": 273.553,
        "z": -945.839
    },
    {
        "color": 4294967295,
        "name": "Generic Point 50",
        "x": 2883.66,
        "y": 273.042,
        "z": -1266.978
    },
    {
        "color": 4294967295,
        "name": "Generic Point 51",
        "x": 2849.085,
        "y": 270.04,
        "z": -1285.86
    },
    {
        "color": 4294967295,
        "name": "Generic Point 52",
        "x": 2843.858,
        "y": 275.237,
        "z": -1237.615
    },
    {
        "color": 4294967295,
        "name": "Generic Point 53",
        "x": 2839.793,
        "y": 284.021,
        "z": -1195.571
    },
    {
        "color": 4294967295,
        "name": "Generic Point 54",
        "x": 2857.439,
        "y": 289.766,
        "z": -1183.658
    },
    {
        "color": 4294967295,
        "name": "Generic Point 55",
        "x": 2841.87,
        "y": 286.901,
        "z": -1186.754
    },
    {
        "color": 4294967295,
        "name": "Generic Point 56",
        "x": 1357.153,
        "y": 271.157,
        "z": -1754.411
    },
    {
        "color": 4294967295,
        "name": "Generic Point 57",
        "x": 2786.679,
        "y": 272.731,
        "z": -1184.807
    },
    {
        "color": 4294967295,
        "name": "Generic Point 58",
        "x": 2805.68,
        "y": 247.9,
        "z": -1078.488
    },
    {
        "color": 4294967295,
        "name": "Generic Point 59",
        "x": 2713.99,
        "y": 248.147,
        "z": -1117.554
    },
    {
        "color": 4294967295,
        "name": "Generic Point 6",
        "x": 1747.366,
        "y": 243.924,
        "z": -951.937
    },
    {
        "color": 4294967295,
        "name": "Generic Point 60",
        "x": 2652.298,
        "y": 251.177,
        "z": -1224.434
    },
    {
        "color": 4294967295,
        "name": "Generic Point 61",
        "x": 2732.868,
        "y": 253.765,
        "z": -1237.89
    },
    {
        "color": 4294967295,
        "name": "Generic Point 62",
        "x": 2716.87,
        "y": 260.479,
        "z": -1296.871
    },
    {
        "color": 4294967295,
        "name": "Generic Point 63",
        "x": 2780.523,
        "y": 294.926,
        "z": -1552.934
    },
    {
        "color": 4294967295,
        "name": "Generic Point 64",
        "x": 2748.749,
        "y": 288.896,
        "z": -1584.629
    },
    {
        "color": 4294967295,
        "name": "Generic Point 65",
        "x": 2744.807,
        "y": 286.574,
        "z": -1608.243
    },
    {
        "color": 4294967295,
        "name": "Generic Point 66",
        "x": 2582.316,
        "y": 257.922,
        "z": -1646.848
    },
    {
        "color": 4294967295,
        "name": "Generic Point 67",
        "x": 1368.145,
        "y": 266.979,
        "z": -1742.576
    },
    {
        "color": 4294967295,
        "name": "Generic Point 68",
        "x": 2560.599,
        "y": 256.615,
        "z": -1627.403
    },
    {
        "color": 4294967295,
        "name": "Generic Point 69",
        "x": 2517.777,
        "y": 259.695,
        "z": -1598.875
    },
    {
        "color": 4294967295,
        "name": "Generic Point 7",
        "x": 1730.3,
        "y": 259.699,
        "z": -977.856
    },
    {
        "color": 4294967295,
        "name": "Generic Point 70",
        "x": 2553.041,
        "y": 261.084,
        "z": -1508.18
    },
    {
        "color": 4294967295,
        "name": "Generic Point 71",
        "x": 2517.536,
        "y": 263.721,
        "z": -1498.804
    },
    {
        "color": 4294967295,
        "name": "Generic Point 72",
        "x": 2543.015,
        "y": 263.42,
        "z": -1492.039
    },
    {
        "color": 4294967295,
        "name": "Generic Point 73",
        "x": 2526.042,
        "y": 272.255,
        "z": -1450.801
    },
    {
        "color": 4294967295,
        "name": "Generic Point 74",
        "x": 2505.735,
        "y": 272.371,
        "z": -1458.765
    },
    {
        "color": 4294967295,
        "name": "Generic Point 75",
        "x": 2402.076,
        "y": 259.587,
        "z": -1436.938
    },
    {
        "color": 4294967295,
        "name": "Generic Point 76",
        "x": 2336.84,
        "y": 281.644,
        "z": -1556.731
    },
    {
        "color": 4294967295,
        "name": "Generic Point 77",
        "x": 2314.446,
        "y": 278.44,
        "z": -1625.297
    },
    {
        "color": 4294967295,
        "name": "Generic Point 78",
        "x": 1327.115,
        "y": 278.947,
        "z": -1739.563
    },
    {
        "color": 4294967295,
        "name": "Generic Point 79",
        "x": 2159.483,
        "y": 244.693,
        "z": -1691.341
    },
    {
        "color": 4294967295,
        "name": "Generic Point 8",
        "x": 1763.22,
        "y": 256.09000000000003,
        "z": -992.875
    },
    {
        "color": 4294967295,
        "name": "Generic Point 80",
        "x": 2167.46,
        "y": 250.398,
        "z": -1598.524
    },
    {
        "color": 4294967295,
        "name": "Generic Point 81",
        "x": 2210.377,
        "y": 238.202,
        "z": -1389.587
    },
    {
        "color": 4294967295,
        "name": "Generic Point 82",
        "x": 2309.51,
        "y": 249.688,
        "z": -1328.75
    },
    {
        "color": 4294967295,
        "name": "Generic Point 83",
        "x": 2389.287,
        "y": 257.882,
        "z": -1372.384
    },
    {
        "color": 4294967295,
        "name": "Generic Point 84",
        "x": 2406.824,
        "y": 254.844,
        "z": -1377.146
    },
    {
        "color": 4294967295,
        "name": "Generic Point 85",
        "x": 2419.721,
        "y": 253.496,
        "z": -1389.061
    },
    {
        "color": 4294967295,
        "name": "Generic Point 86",
        "x": 2409.086,
        "y": 255.924,
        "z": -1372.039
    },
    {
        "color": 4294967295,
        "name": "Generic Point 87",
        "x": 2392.3,
        "y": 258.96799999999996,
        "z": -1350.863
    },
    {
        "color": 4294967295,
        "name": "Generic Point 88",
        "x": 2384.415,
        "y": 252.507,
        "z": -1293.576
    },
    {
        "color": 4294967295,
        "name": "Generic Point 89",
        "x": 1318.171,
        "y": 276.744,
        "z": -1723.853
    },
    {
        "color": 4294967295,
        "name": "Generic Point 9",
        "x": 1785.198,
        "y": 253.255,
        "z": -995.066
    },
    {
        "color": 4294967295,
        "name": "Generic Point 90",
        "x": 2254.967,
        "y": 243.363,
        "z": -1325.192
    },
    {
        "color": 4294967295,
        "name": "Generic Point 91",
        "x": 2170.279,
        "y": 240.05,
        "z": -1305.211
    },
    {
        "color": 4294967295,
        "name": "Generic Point 92",
        "x": 2272.344,
        "y": 243.372,
        "z": -1228.328
    },
    {
        "color": 4294967295,
        "name": "Generic Point 93",
        "x": 2221.597,
        "y": 229.165,
        "z": -1202.616
    },
    {
        "color": 4294967295,
        "name": "Generic Point 94",
        "x": 2240.493,
        "y": 233.977,
        "z": -1154.907
    },
    {
        "color": 4294967295,
        "name": "Generic Point 95",
        "x": 2263.787,
        "y": 233.19,
        "z": -807.463
    },
    {
        "color": 4294967295,
        "name": "Generic Point 96",
        "x": 2374.171,
        "y": 227.126,
        "z": -783.573
    },
    {
        "color": 4294967295,
        "name": "Generic Point 97",
        "x": 2399.284,
        "y": 242.963,
        "z": -716.673
    },
    {
        "color": 4294967295,
        "name": "Generic Point 98",
        "x": 2393.56,
        "y": 247.998,
        "z": -684.504
    },
    {
        "color": 4294967295,
        "name": "Generic Point 99",
        "x": 2399.858,
        "y": 251.298,
        "z": -665.266
    }
]