[
    {
        "color": 4294967295,
        "name": "Generic Point 0",
        "x": 4092.5166015625,
        "y": 461.0177001953125,
        "z": 4533.28271484375
    },
    {
        "color": 4294967295,
        "name": "Generic Point 1",
        "x": 4243.98193359375,
        "y": 541.5598754882812,
        "z": 3966.899169921875
    },
    {
        "color": 4294967295,
        "name": "Generic Point 10",
        "x": 4214.0830078125,
        "y": 498.5150146484375,
        "z": 4535.83154296875
    },
    {
        "color": 4294967295,
        "name": "Generic Point 11",
        "x": 4635.80712890625,
        "y": 535.9288330078125,
        "z": 3879.412353515625
    },
    {
        "color": 4294967295,
        "name": "Generic Point 12",
        "x": 4592.6123046875,
        "y": 487.9666442871094,
        "z": 3865.14990234375
    },
    {
        "color": 4294967295,
        "name": "Generic Point 13",
        "x": 4719.3388671875,
        "y": 669.000244140625,
        "z": 3877.2080078125
    },
    {
        "color": 4294967295,
        "name": "Generic Point 14",
        "x": 4716.7373046875,
        "y": 728.6459350585938,
        "z": 3841.423095703125
    },
    {
        "color": 4294967295,
        "name": "Generic Point 15",
        "x": 4730.97802734375,
        "y": 634.8392333984375,
        "z": 3742.099609375
    },
    {
        "color": 4294967295,
        "name": "Generic Point 16",
        "x": 4684.11279296875,
        "y": 420.2424011230469,
        "z": 4022.4072265625
    },
    {
        "color": 4294967295,
        "name": "Generic Point 17",
        "x": 4551.85400390625,
        "y": 410.9211120605469,
        "z": 4051.209228515625
    },
    {
        "color": 4294967295,
        "name": "Generic Point 18",
        "x": 4545.95068359375,
        "y": 419.60394287109375,
        "z": 4191.19970703125
    },
    {
        "color": 4294967295,
        "name": "Generic Point 19",
        "x": 4614.9072265625,
        "y": 451.5696716308594,
        "z": 4100.50537109375
    },
    {
        "color": 4294967295,
        "name": "Generic Point 2",
        "x": 4196.64892578125,
        "y": 510.8903503417969,
        "z": 4146.9267578125
    },
    {
        "color": 4294967295,
        "name": "Generic Point 20",
        "x": 4860.23876953125,
        "y": 479.2694091796875,
        "z": 3962.585693359375
    },
    {
        "color": 4294967295,
        "name": "Generic Point 21",
        "x": 4178.0263671875,
        "y": 565.7083740234375,
        "z": 4584.49609375
    },
    {
        "color": 4294967295,
        "name": "Generic Point 22",
        "x": 4810.90625,
        "y": 603.9330444335938,
        "z": 4024.99560546875
    },
    {
        "color": 4294967295,
        "name": "Generic Point 23",
        "x": 5044.08447265625,
        "y": 579.6768188476562,
        "z": 4015.351806640625
    },
    {
        "color": 4294967295,
        "name": "Generic Point 24",
        "x": 4753.0791015625,
        "y": 545.0653686523438,
        "z": 4281.2490234375
    },
    {
        "color": 4294967295,
        "name": "Generic Point 25",
        "x": 4786.6826171875,
        "y": 528.6303100585938,
        "z": 4233.77197265625
    },
    {
        "color": 4294967295,
        "name": "Generic Point 26",
        "x": 4802.66357421875,
        "y": 527.6697387695312,
        "z": 4148.453125
    },
    {
        "color": 4294967295,
        "name": "Generic Point 27",
        "x": 4844.0283203125,
        "y": 606.1163940429688,
        "z": 4196.43701171875
    },
    {
        "color": 4294967295,
        "name": "Generic Point 28",
        "x": 4875.65673828125,
        "y": 567.15869140625,
        "z": 4145.90966796875
    },
    {
        "color": 4294967295,
        "name": "Generic Point 29",
        "x": 4711.20458984375,
        "y": 547.0194702148438,
        "z": 4431.279296875
    },
    {
        "color": 4294967295,
        "name": "Generic Point 3",
        "x": 4369.82421875,
        "y": 554.98779296875,
        "z": 3944.59716796875
    },
    {
        "color": 4294967295,
        "name": "Generic Point 30",
        "x": 4927.8193359375,
        "y": 625.79833984375,
        "z": 4400.4736328125
    },
    {
        "color": 4294967295,
        "name": "Generic Point 31",
        "x": 5165.263671875,
        "y": 592.9684448242188,
        "z": 4376.3203125
    },
    {
        "color": 4294967295,
        "name": "Generic Point 32",
        "x": 4301.71923828125,
        "y": 480.8518981933594,
        "z": 4350.29345703125
    },
    {
        "color": 4294967295,
        "name": "Generic Point 33",
        "x": 5003.02880859375,
        "y": 764.7955322265625,
        "z": 4218.00390625
    },
    {
        "color": 4294967295,
        "name": "Generic Point 34",
        "x": 4541.0439453125,
        "y": 444.0945129394531,
        "z": 4426.19287109375
    },
    {
        "color": 4294967295,
        "name": "Generic Point 35",
        "x": 4501.4638671875,
        "y": 388.9793395996094,
        "z": 4385.390625
    },
    {
        "color": 4294967295,
        "name": "Generic Point 36",
        "x": 4365.44482421875,
        "y": 388.2301940917969,
        "z": 4573.18017578125
    },
    {
        "color": 4294967295,
        "name": "Generic Point 37",
        "x": 4396.01953125,
        "y": 445.7322998046875,
        "z": 4770.21240234375
    },
    {
        "color": 4294967295,
        "name": "Generic Point 38",
        "x": 4322.2724609375,
        "y": 382.14581298828125,
        "z": 4892.958984375
    },
    {
        "color": 4294967295,
        "name": "Generic Point 39",
        "x": 4359.8603515625,
        "y": 453.0474853515625,
        "z": 4929.7451171875
    },
    {
        "color": 4294967295,
        "name": "Generic Point 4",
        "x": 4354.7880859375,
        "y": 588.0774536132812,
        "z": 3803.565673828125
    },
    {
        "color": 4294967295,
        "name": "Generic Point 40",
        "x": 4230.6337890625,
        "y": 541.051513671875,
        "z": 5036.94921875
    },
    {
        "color": 4294967295,
        "name": "Generic Point 41",
        "x": 4414.8203125,
        "y": 496.4012451171875,
        "z": 5049.42626953125
    },
    {
        "color": 4294967295,
        "name": "Generic Point 42",
        "x": 4507.3935546875,
        "y": 478.388916015625,
        "z": 5046.9033203125
    },
    {
        "color": 4294967295,
        "name": "Generic Point 43",
        "x": 4346.771484375,
        "y": 544.6495361328125,
        "z": 4249.41943359375
    },
    {
        "color": 4294967295,
        "name": "Generic Point 44",
        "x": 4648.7119140625,
        "y": 611.9778442382812,
        "z": 5133.33203125
    },
    {
        "color": 4294967295,
        "name": "Generic Point 45",
        "x": 4595.71875,
        "y": 433.89849853515625,
        "z": 4942.18505859375
    },
    {
        "color": 4294967295,
        "name": "Generic Point 46",
        "x": 4391.1865234375,
        "y": 364.92950439453125,
        "z": 5086.98046875
    },
    {
        "color": 4294967295,
        "name": "Generic Point 47",
        "x": 4583.791015625,
        "y": 423.6851806640625,
        "z": 4774.73193359375
    },
    {
        "color": 4294967295,
        "name": "Generic Point 48",
        "x": 4555.66845703125,
        "y": 294.252197265625,
        "z": 4781.21923828125
    },
    {
        "color": 4294967295,
        "name": "Generic Point 49",
        "x": 4933.51220703125,
        "y": 489.2828674316406,
        "z": 4739.01171875
    },
    {
        "color": 4294967295,
        "name": "Generic Point 5",
        "x": 4249.18603515625,
        "y": 588.9524536132812,
        "z": 3540.09521484375
    },
    {
        "color": 4294967295,
        "name": "Generic Point 50",
        "x": 4966.94921875,
        "y": 471.1159362792969,
        "z": 4965.296875
    },
    {
        "color": 4294967295,
        "name": "Generic Point 51",
        "x": 4816.75537109375,
        "y": 365.2123718261719,
        "z": 5032.21142578125
    },
    {
        "color": 4294967295,
        "name": "Generic Point 52",
        "x": 4802.6591796875,
        "y": 317.79345703125,
        "z": 4991.76123046875
    },
    {
        "color": 4294967295,
        "name": "Generic Point 53",
        "x": 4729.18896484375,
        "y": 164.8890380859375,
        "z": 4714.23779296875
    },
    {
        "color": 4294967295,
        "name": "Generic Point 54",
        "x": 4418.267578125,
        "y": 472.0682678222656,
        "z": 4279.486328125
    },
    {
        "color": 4294967295,
        "name": "Generic Point 55",
        "x": 4712.5830078125,
        "y": 132.1278839111328,
        "z": 4636.9755859375
    },
    {
        "color": 4294967295,
        "name": "Generic Point 56",
        "x": 4695.9453125,
        "y": 189.65968322753906,
        "z": 4570.4931640625
    },
    {
        "color": 4294967295,
        "name": "Generic Point 57",
        "x": 4844.4560546875,
        "y": 252.2781524658203,
        "z": 4443.04736328125
    },
    {
        "color": 4294967295,
        "name": "Generic Point 58",
        "x": 4392.97021484375,
        "y": 167.78140258789062,
        "z": 4417.61328125
    },
    {
        "color": 4294967295,
        "name": "Generic Point 59",
        "x": 4250.78369140625,
        "y": 113.1955795288086,
        "z": 4389.55419921875
    },
    {
        "color": 4294967295,
        "name": "Generic Point 6",
        "x": 4393.19580078125,
        "y": 476.8873291015625,
        "z": 3633.9072265625
    },
    {
        "color": 4294967295,
        "name": "Generic Point 60",
        "x": 4934.04931640625,
        "y": 385.9469299316406,
        "z": 4417.02783203125
    },
    {
        "color": 4294967295,
        "name": "Generic Point 61",
        "x": 4452.0732421875,
        "y": 480.18914794921875,
        "z": 4096.45947265625
    },
    {
        "color": 4294967295,
        "name": "Generic Point 62",
        "x": 4488.74267578125,
        "y": 562.8172607421875,
        "z": 4004.905029296875
    },
    {
        "color": 4294967295,
        "name": "Generic Point 63",
        "x": 4311.15185546875,
        "y": 518.5259399414062,
        "z": 4140.90869140625
    },
    {
        "color": 4294967295,
        "name": "Generic Point 7",
        "x": 4396.451171875,
        "y": 449.8505859375,
        "z": 3719.392333984375
    },
    {
        "color": 4294967295,
        "name": "Generic Point 8",
        "x": 4438.80712890625,
        "y": 542.6875,
        "z": 3754.058837890625
    },
    {
        "color": 4294967295,
        "name": "Generic Point 9",
        "x": 4615.88134765625,
        "y": 527.1841430664062,
        "z": 3641.442138671875
    }
]