[
    {
        "color": 4294967295,
        "name": "Generic Point 0",
        "x": 1213.287841796875,
        "y": 301.50048828125,
        "z": 4369.32568359375
    },
    {
        "color": 4294967295,
        "name": "Generic Point 1",
        "x": 1242.879638671875,
        "y": 372.9879455566406,
        "z": 4268.546875
    },
    {
        "color": 4294967295,
        "name": "Generic Point 2",
        "x": 1167.36279296875,
        "y": 318.0324401855469,
        "z": 4287.58740234375
    },
    {
        "color": 4294967295,
        "name": "Generic Point 3",
        "x": 1275.260986328125,
        "y": 100.3841323852539,
        "z": 3924.5322265625
    },
    {
        "color": 4294967295,
        "name": "Generic Point 4",
        "x": 1245.94970703125,
        "y": 85.05389404296875,
        "z": 3899.77490234375
    },
    {
        "color": 4294967295,
        "name": "Generic Point 5",
        "x": 1205.90478515625,
        "y": 155.64151000976562,
        "z": 3862.780517578125
    },
    {
        "color": 4294967295,
        "name": "Generic Point 6",
        "x": 1261.2664794921875,
        "y": 103.71046447753906,
        "z": 3802.62158203125
    },
    {
        "color": 4294967295,
        "name": "Generic Point 7",
        "x": 1139.906494140625,
        "y": 50.74599838256836,
        "z": 3896.125732421875
    },
    {
        "color": 4294967295,
        "name": "Generic Point 8",
        "x": 1137.119384765625,
        "y": 46.6671257019043,
        "z": 3746.432373046875
    }
]