[
    {
        "color": 4294967295,
        "name": "fred0211 0",
        "x": 773.078369140625,
        "y": -573.1963500976562,
        "z": 10640.396484375
    },
    {
        "color": 4294967295,
        "name": "fred0211 1",
        "x": -1816.1871337890625,
        "y": 145.1615753173828,
        "z": 9591.2158203125
    },
    {
        "color": 4294967295,
        "name": "fred0211 2",
        "x": -391.83935546875,
        "y": -84.06080627441406,
        "z": 9719.3720703125
    }
]