[
    {
        "color": 4294967295,
        "name": "Generic Point 0",
        "x": -2299.3720703125,
        "y": 206.16709899902344,
        "z": -3559.18505859375
    },
    {
        "color": 4294967295,
        "name": "Generic Point 1",
        "x": -3640.828857421875,
        "y": 122.1422119140625,
        "z": -933.7864990234375
    },
    {
        "color": 4294967295,
        "name": "Generic Point 2",
        "x": -2817.040771484375,
        "y": 248.72732543945312,
        "z": -4520.52197265625
    },
    {
        "color": 4294967295,
        "name": "Generic Point 3",
        "x": -4370.13916015625,
        "y": 221.23509216308594,
        "z": -3787.0146484375
    },
    {
        "color": 4294967295,
        "name": "Generic Point 4",
        "x": -3933.28564453125,
        "y": 283.98040771484375,
        "z": -3129.774658203125
    },
    {
        "color": 4294967295,
        "name": "Generic Point 5",
        "x": -3728.832275390625,
        "y": 280.5938415527344,
        "z": -3006.277587890625
    },
    {
        "color": 4294967295,
        "name": "Generic Point 6",
        "x": -6149.49951171875,
        "y": 222.3199920654297,
        "z": -2933.560791015625
    },
    {
        "color": 4294967295,
        "name": "Generic Point 7",
        "x": -6043.3271484375,
        "y": 228.639404296875,
        "z": -2518.671630859375
    },
    {
        "color": 4294967295,
        "name": "Generic Point 8",
        "x": -3902.165771484375,
        "y": 305.3923645019531,
        "z": -2360.638916015625
    },
    {
        "color": 4294967295,
        "name": "Generic Point 9",
        "x": -4081.8720703125,
        "y": 280.7491760253906,
        "z": -2235.2666015625
    }
]