[
    {
        "color": 4294967295,
        "name": "Generic Point 0",
        "x": -1853.786,
        "y": 205.348,
        "z": -4237.717
    },
    {
        "color": 4294967295,
        "name": "Generic Point 1",
        "x": -2443.287,
        "y": 228.901,
        "z": -4193.346
    },
    {
        "color": 4294967295,
        "name": "Generic Point 10",
        "x": 798.304,
        "y": 241.423,
        "z": -221.071
    },
    {
        "color": 4294967295,
        "name": "Generic Point 100",
        "x": -4366.131,
        "y": 213.376,
        "z": -3738.706
    },
    {
        "color": 4294967295,
        "name": "Generic Point 101",
        "x": -2656.053,
        "y": 280.776,
        "z": 4017.458
    },
    {
        "color": 4294967295,
        "name": "Generic Point 102",
        "x": -2647.488,
        "y": 283.003,
        "z": 4003.937
    },
    {
        "color": 4294967295,
        "name": "Generic Point 103",
        "x": -1082.575,
        "y": 275.522,
        "z": 3928.507
    },
    {
        "color": 4294967295,
        "name": "Generic Point 104",
        "x": -1095.538,
        "y": 267.769,
        "z": 3913.302
    },
    {
        "color": 4294967295,
        "name": "Generic Point 105",
        "x": -1064.652,
        "y": 259.916,
        "z": 3876.434
    },
    {
        "color": 4294967295,
        "name": "Generic Point 106",
        "x": -1229.612,
        "y": 221.166,
        "z": 3112.073
    },
    {
        "color": 4294967295,
        "name": "Generic Point 107",
        "x": -1205.79,
        "y": 222.462,
        "z": 3089.037
    },
    {
        "color": 4294967295,
        "name": "Generic Point 108",
        "x": -1473.678,
        "y": 268.761,
        "z": 3003.199
    },
    {
        "color": 4294967295,
        "name": "Generic Point 109",
        "x": -1493.161,
        "y": 259.787,
        "z": 2990.542
    },
    {
        "color": 4294967295,
        "name": "Generic Point 11",
        "x": 850.219,
        "y": 281.778,
        "z": -221.502
    },
    {
        "color": 4294967295,
        "name": "Generic Point 110",
        "x": -1330.338,
        "y": 198.217,
        "z": 2930.32
    },
    {
        "color": 4294967295,
        "name": "Generic Point 111",
        "x": -1849.934,
        "y": 208.968,
        "z": -4218.607
    },
    {
        "color": 4294967295,
        "name": "Generic Point 112",
        "x": -4418.766,
        "y": 202.633,
        "z": -3675.122
    },
    {
        "color": 4294967295,
        "name": "Generic Point 113",
        "x": -1334.678,
        "y": 282.03,
        "z": 2763.029
    },
    {
        "color": 4294967295,
        "name": "Generic Point 114",
        "x": -933.223,
        "y": 211.53,
        "z": 2331.931
    },
    {
        "color": 4294967295,
        "name": "Generic Point 115",
        "x": -609.81,
        "y": 237.923,
        "z": 1990.073
    },
    {
        "color": 4294967295,
        "name": "Generic Point 116",
        "x": -601.138,
        "y": 234.926,
        "z": 1977.94
    },
    {
        "color": 4294967295,
        "name": "Generic Point 117",
        "x": -681.76,
        "y": 100.853,
        "z": 1733.083
    },
    {
        "color": 4294967295,
        "name": "Generic Point 118",
        "x": -684.288,
        "y": 101.837,
        "z": 1717.402
    },
    {
        "color": 4294967295,
        "name": "Generic Point 119",
        "x": -1015.064,
        "y": 243.992,
        "z": 1017.553
    },
    {
        "color": 4294967295,
        "name": "Generic Point 12",
        "x": -2650.201,
        "y": 204.506,
        "z": -3836.979
    },
    {
        "color": 4294967295,
        "name": "Generic Point 120",
        "x": -796.115,
        "y": 319.009,
        "z": 608.62
    },
    {
        "color": 4294967295,
        "name": "Generic Point 121",
        "x": -539.378,
        "y": 185.883,
        "z": 1145.858
    },
    {
        "color": 4294967295,
        "name": "Generic Point 122",
        "x": -525.53,
        "y": 187.217,
        "z": 1149.18
    },
    {
        "color": 4294967295,
        "name": "Generic Point 123",
        "x": -4502.277,
        "y": 203.689,
        "z": -3772.343
    },
    {
        "color": 4294967295,
        "name": "Generic Point 124",
        "x": -242.928,
        "y": 206.594,
        "z": 1125.246
    },
    {
        "color": 4294967295,
        "name": "Generic Point 125",
        "x": -151.528,
        "y": 211.891,
        "z": 1163.298
    },
    {
        "color": 4294967295,
        "name": "Generic Point 126",
        "x": -144.679,
        "y": 214.556,
        "z": 1157.731
    },
    {
        "color": 4294967295,
        "name": "Generic Point 127",
        "x": -93.487,
        "y": 224.467,
        "z": 1236.93
    },
    {
        "color": 4294967295,
        "name": "Generic Point 128",
        "x": 160.981,
        "y": 191.995,
        "z": 1247.142
    },
    {
        "color": 4294967295,
        "name": "Generic Point 129",
        "x": 131.416,
        "y": 191.574,
        "z": 1256.299
    },
    {
        "color": 4294967295,
        "name": "Generic Point 13",
        "x": 875.164,
        "y": 274.964,
        "z": -197.07
    },
    {
        "color": 4294967295,
        "name": "Generic Point 130",
        "x": 188.719,
        "y": 189.788,
        "z": 1270.659
    },
    {
        "color": 4294967295,
        "name": "Generic Point 131",
        "x": 1332.6,
        "y": 203.0,
        "z": 926.452
    },
    {
        "color": 4294967295,
        "name": "Generic Point 132",
        "x": 1669.575,
        "y": 215.484,
        "z": 693.055
    },
    {
        "color": 4294967295,
        "name": "Generic Point 133",
        "x": 2768.807,
        "y": 233.67,
        "z": 447.097
    },
    {
        "color": 4294967295,
        "name": "Generic Point 134",
        "x": -4485.883,
        "y": 203.594,
        "z": -3768.041
    },
    {
        "color": 4294967295,
        "name": "Generic Point 135",
        "x": 2928.228,
        "y": 220.888,
        "z": -27.751
    },
    {
        "color": 4294967295,
        "name": "Generic Point 136",
        "x": 2912.095,
        "y": 220.888,
        "z": -37.316
    },
    {
        "color": 4294967295,
        "name": "Generic Point 137",
        "x": 2379.282,
        "y": 295.149,
        "z": -218.607
    },
    {
        "color": 4294967295,
        "name": "Generic Point 138",
        "x": 2747.641,
        "y": 268.024,
        "z": -1189.942
    },
    {
        "color": 4294967295,
        "name": "Generic Point 139",
        "x": 2764.117,
        "y": 267.455,
        "z": -1193.182
    },
    {
        "color": 4294967295,
        "name": "Generic Point 14",
        "x": 1109.666,
        "y": 289.275,
        "z": -431.605
    },
    {
        "color": 4294967295,
        "name": "Generic Point 140",
        "x": -4467.869,
        "y": 203.679,
        "z": -3760.1
    },
    {
        "color": 4294967295,
        "name": "Generic Point 141",
        "x": -4431.741,
        "y": 180.23,
        "z": -3816.25
    },
    {
        "color": 4294967295,
        "name": "Generic Point 142",
        "x": -4480.566,
        "y": 217.156,
        "z": -3848.366
    },
    {
        "color": 4294967295,
        "name": "Generic Point 143",
        "x": -4432.873,
        "y": 220.519,
        "z": -3826.088
    },
    {
        "color": 4294967295,
        "name": "Generic Point 144",
        "x": -4418.42,
        "y": 222.08,
        "z": -3839.529
    },
    {
        "color": 4294967295,
        "name": "Generic Point 145",
        "x": -4404.606,
        "y": 188.726,
        "z": -3843.845
    },
    {
        "color": 4294967295,
        "name": "Generic Point 146",
        "x": -4332.48,
        "y": 204.329,
        "z": -3945.442
    },
    {
        "color": 4294967295,
        "name": "Generic Point 147",
        "x": -1860.459,
        "y": 209.473,
        "z": -4203.839
    },
    {
        "color": 4294967295,
        "name": "Generic Point 148",
        "x": -4360.693,
        "y": 206.711,
        "z": -3964.787
    },
    {
        "color": 4294967295,
        "name": "Generic Point 149",
        "x": -4342.561,
        "y": 203.195,
        "z": -3995.928
    },
    {
        "color": 4294967295,
        "name": "Generic Point 15",
        "x": 1240.256,
        "y": 288.318,
        "z": -546.248
    },
    {
        "color": 4294967295,
        "name": "Generic Point 150",
        "x": -3382.941,
        "y": 204.466,
        "z": -3458.855
    },
    {
        "color": 4294967295,
        "name": "Generic Point 151",
        "x": -3397.419,
        "y": 203.7,
        "z": -3457.071
    },
    {
        "color": 4294967295,
        "name": "Generic Point 152",
        "x": -3612.824,
        "y": 204.887,
        "z": -3323.457
    },
    {
        "color": 4294967295,
        "name": "Generic Point 153",
        "x": -3623.864,
        "y": 204.697,
        "z": -3335.543
    },
    {
        "color": 4294967295,
        "name": "Generic Point 154",
        "x": -3628.012,
        "y": 204.815,
        "z": -3320.258
    },
    {
        "color": 4294967295,
        "name": "Generic Point 155",
        "x": -3803.613,
        "y": 274.923,
        "z": -3210.249
    },
    {
        "color": 4294967295,
        "name": "Generic Point 156",
        "x": -3938.497,
        "y": 203.0,
        "z": -3263.965
    },
    {
        "color": 4294967295,
        "name": "Generic Point 157",
        "x": -3914.136,
        "y": 207.449,
        "z": -3032.472
    },
    {
        "color": 4294967295,
        "name": "Generic Point 158",
        "x": -1862.771,
        "y": 213.446,
        "z": -4224.226
    },
    {
        "color": 4294967295,
        "name": "Generic Point 159",
        "x": -3787.766,
        "y": 208.091,
        "z": -3193.544
    },
    {
        "color": 4294967295,
        "name": "Generic Point 16",
        "x": 1257.902,
        "y": 286.427,
        "z": -548.725
    },
    {
        "color": 4294967295,
        "name": "Generic Point 160",
        "x": -3691.689,
        "y": 206.676,
        "z": -3232.553
    },
    {
        "color": 4294967295,
        "name": "Generic Point 161",
        "x": -3670.617,
        "y": 208.845,
        "z": -3185.026
    },
    {
        "color": 4294967295,
        "name": "Generic Point 162",
        "x": -3644.357,
        "y": 209.976,
        "z": -3196.45
    },
    {
        "color": 4294967295,
        "name": "Generic Point 163",
        "x": -3566.32,
        "y": 213.58,
        "z": -3150.631
    },
    {
        "color": 4294967295,
        "name": "Generic Point 164",
        "x": -3486.838,
        "y": 203.0,
        "z": -3151.034
    },
    {
        "color": 4294967295,
        "name": "Generic Point 165",
        "x": -3700.867,
        "y": 203.36,
        "z": -3132.526
    },
    {
        "color": 4294967295,
        "name": "Generic Point 166",
        "x": -3718.895,
        "y": 204.178,
        "z": -3126.81
    },
    {
        "color": 4294967295,
        "name": "Generic Point 167",
        "x": -3757.328,
        "y": 203.481,
        "z": -3115.509
    },
    {
        "color": 4294967295,
        "name": "Generic Point 168",
        "x": -3656.966,
        "y": 234.262,
        "z": -3080.24
    },
    {
        "color": 4294967295,
        "name": "Generic Point 169",
        "x": -2378.809,
        "y": 268.534,
        "z": -4319.121
    },
    {
        "color": 4294967295,
        "name": "Generic Point 17",
        "x": 1277.036,
        "y": 281.966,
        "z": -547.935
    },
    {
        "color": 4294967295,
        "name": "Generic Point 170",
        "x": -3734.779,
        "y": 246.568,
        "z": -3032.565
    },
    {
        "color": 4294967295,
        "name": "Generic Point 171",
        "x": -3718.945,
        "y": 263.162,
        "z": -2965.724
    },
    {
        "color": 4294967295,
        "name": "Generic Point 172",
        "x": -3661.614,
        "y": 222.666,
        "z": -2983.205
    },
    {
        "color": 4294967295,
        "name": "Generic Point 173",
        "x": -3684.224,
        "y": 203.0,
        "z": -2863.09
    },
    {
        "color": 4294967295,
        "name": "Generic Point 174",
        "x": -3420.98,
        "y": 202.643,
        "z": -2941.338
    },
    {
        "color": 4294967295,
        "name": "Generic Point 175",
        "x": -3642.68,
        "y": 239.341,
        "z": -2380.279
    },
    {
        "color": 4294967295,
        "name": "Generic Point 176",
        "x": -3661.721,
        "y": 239.702,
        "z": -2387.627
    },
    {
        "color": 4294967295,
        "name": "Generic Point 177",
        "x": -3905.793,
        "y": 216.847,
        "z": -2090.678
    },
    {
        "color": 4294967295,
        "name": "Generic Point 178",
        "x": -3891.992,
        "y": 211.978,
        "z": -2068.295
    },
    {
        "color": 4294967295,
        "name": "Generic Point 179",
        "x": -3906.603,
        "y": 214.389,
        "z": -2067.74
    },
    {
        "color": 4294967295,
        "name": "Generic Point 18",
        "x": 1345.245,
        "y": 272.107,
        "z": -587.514
    },
    {
        "color": 4294967295,
        "name": "Generic Point 180",
        "x": -2390.712,
        "y": 267.558,
        "z": -4308.791
    },
    {
        "color": 4294967295,
        "name": "Generic Point 181",
        "x": -3868.667,
        "y": 203.856,
        "z": -2050.84
    },
    {
        "color": 4294967295,
        "name": "Generic Point 182",
        "x": -3857.389,
        "y": 203.556,
        "z": -2049.56
    },
    {
        "color": 4294967295,
        "name": "Generic Point 183",
        "x": -3854.098,
        "y": 203.0,
        "z": -2033.83
    },
    {
        "color": 4294967295,
        "name": "Generic Point 184",
        "x": -3667.144,
        "y": 225.588,
        "z": -1977.542
    },
    {
        "color": 4294967295,
        "name": "Generic Point 185",
        "x": -4077.989,
        "y": 204.069,
        "z": -679.406
    },
    {
        "color": 4294967295,
        "name": "Generic Point 186",
        "x": -4083.632,
        "y": 203.0,
        "z": -864.653
    },
    {
        "color": 4294967295,
        "name": "Generic Point 187",
        "x": -4080.473,
        "y": 203.303,
        "z": -881.838
    },
    {
        "color": 4294967295,
        "name": "Generic Point 188",
        "x": -4066.551,
        "y": 203.981,
        "z": -879.238
    },
    {
        "color": 4294967295,
        "name": "Generic Point 189",
        "x": -3940.388,
        "y": 203.137,
        "z": -1116.708
    },
    {
        "color": 4294967295,
        "name": "Generic Point 19",
        "x": 1366.117,
        "y": 271.456,
        "z": -567.792
    },
    {
        "color": 4294967295,
        "name": "Generic Point 190",
        "x": -4092.0,
        "y": 215.234,
        "z": -1167.151
    },
    {
        "color": 4294967295,
        "name": "Generic Point 191",
        "x": -2486.716,
        "y": 244.62,
        "z": -4461.258
    },
    {
        "color": 4294967295,
        "name": "Generic Point 192",
        "x": -4077.495,
        "y": 206.524,
        "z": -1189.981
    },
    {
        "color": 4294967295,
        "name": "Generic Point 193",
        "x": -3999.573,
        "y": 204.535,
        "z": -1277.291
    },
    {
        "color": 4294967295,
        "name": "Generic Point 194",
        "x": -3997.535,
        "y": 206.153,
        "z": -1251.712
    },
    {
        "color": 4294967295,
        "name": "Generic Point 195",
        "x": -3833.629,
        "y": 202.655,
        "z": -1256.891
    },
    {
        "color": 4294967295,
        "name": "Generic Point 196",
        "x": -3782.496,
        "y": 154.288,
        "z": -1104.413
    },
    {
        "color": 4294967295,
        "name": "Generic Point 197",
        "x": -3528.91,
        "y": 203.936,
        "z": -647.077
    },
    {
        "color": 4294967295,
        "name": "Generic Point 198",
        "x": -259.727,
        "y": 206.378,
        "z": -909.191
    },
    {
        "color": 4294967295,
        "name": "Generic Point 199",
        "x": 1212.579,
        "y": 316.895,
        "z": -1810.185
    },
    {
        "color": 4294967295,
        "name": "Generic Point 2",
        "x": 1309.223,
        "y": 277.958,
        "z": -797.693
    },
    {
        "color": 4294967295,
        "name": "Generic Point 20",
        "x": 1365.455,
        "y": 271.568,
        "z": -552.244
    },
    {
        "color": 4294967295,
        "name": "Generic Point 200",
        "x": 1875.298,
        "y": 198.129,
        "z": -1573.467
    },
    {
        "color": 4294967295,
        "name": "Generic Point 201",
        "x": 1887.667,
        "y": 199.208,
        "z": -1553.571
    },
    {
        "color": 4294967295,
        "name": "Generic Point 202",
        "x": -2447.251,
        "y": 261.079,
        "z": -4262.774
    },
    {
        "color": 4294967295,
        "name": "Generic Point 203",
        "x": 1871.707,
        "y": 199.695,
        "z": -1550.94
    },
    {
        "color": 4294967295,
        "name": "Generic Point 204",
        "x": 1886.68,
        "y": 199.015,
        "z": -1549.458
    },
    {
        "color": 4294967295,
        "name": "Generic Point 205",
        "x": 1888.435,
        "y": 200.015,
        "z": -1539.437
    },
    {
        "color": 4294967295,
        "name": "Generic Point 206",
        "x": 1876.496,
        "y": 198.575,
        "z": -1528.853
    },
    {
        "color": 4294967295,
        "name": "Generic Point 207",
        "x": 1526.168,
        "y": 290.521,
        "z": -1293.039
    },
    {
        "color": 4294967295,
        "name": "Generic Point 208",
        "x": 1402.935,
        "y": 307.558,
        "z": -1270.811
    },
    {
        "color": 4294967295,
        "name": "Generic Point 209",
        "x": 1397.82,
        "y": 309.302,
        "z": -1270.668
    },
    {
        "color": 4294967295,
        "name": "Generic Point 21",
        "x": 1341.419,
        "y": 273.119,
        "z": -526.186
    },
    {
        "color": 4294967295,
        "name": "Generic Point 210",
        "x": 1387.708,
        "y": 289.485,
        "z": -1046.038
    },
    {
        "color": 4294967295,
        "name": "Generic Point 211",
        "x": 1397.384,
        "y": 287.759,
        "z": -1036.956
    },
    {
        "color": 4294967295,
        "name": "Generic Point 212",
        "x": 1321.991,
        "y": 285.287,
        "z": -953.856
    },
    {
        "color": 4294967295,
        "name": "Generic Point 213",
        "x": -2460.24,
        "y": 258.39599999999996,
        "z": -4250.814
    },
    {
        "color": 4294967295,
        "name": "Generic Point 214",
        "x": 1336.737,
        "y": 305.242,
        "z": -906.583
    },
    {
        "color": 4294967295,
        "name": "Generic Point 215",
        "x": 1337.802,
        "y": 311.243,
        "z": -888.502
    },
    {
        "color": 4294967295,
        "name": "Generic Point 216",
        "x": 1331.857,
        "y": 319.196,
        "z": -845.96
    },
    {
        "color": 4294967295,
        "name": "Generic Point 217",
        "x": 1521.317,
        "y": 275.571,
        "z": -841.001
    },
    {
        "color": 4294967295,
        "name": "Generic Point 218",
        "x": 1557.262,
        "y": 272.551,
        "z": -756.159
    },
    {
        "color": 4294967295,
        "name": "Generic Point 219",
        "x": 1422.622,
        "y": 278.517,
        "z": -663.251
    },
    {
        "color": 4294967295,
        "name": "Generic Point 22",
        "x": 1330.609,
        "y": 274.952,
        "z": -507.287
    },
    {
        "color": 4294967295,
        "name": "Generic Point 220",
        "x": 1372.439,
        "y": 271.821,
        "z": -621.595
    },
    {
        "color": 4294967295,
        "name": "Generic Point 221",
        "x": 1360.968,
        "y": 280.45,
        "z": -680.603
    },
    {
        "color": 4294967295,
        "name": "Generic Point 222",
        "x": 1365.043,
        "y": 294.846,
        "z": -740.571
    },
    {
        "color": 4294967295,
        "name": "Generic Point 223",
        "x": 1323.085,
        "y": 277.408,
        "z": -789.732
    },
    {
        "color": 4294967295,
        "name": "Generic Point 224",
        "x": 4279.908203125,
        "y": 443.29998779296875,
        "z": 4655.0478515625
    },
    {
        "color": 4294967295,
        "name": "Generic Point 225",
        "x": 4290.32861328125,
        "y": 441.86358642578125,
        "z": 4832.33056640625
    },
    {
        "color": 4294967295,
        "name": "Generic Point 226",
        "x": 4362.43701171875,
        "y": 441.3551940917969,
        "z": 4900.35205078125
    },
    {
        "color": 4294967295,
        "name": "Generic Point 227",
        "x": 4391.2685546875,
        "y": 442.4755554199219,
        "z": 4918.30517578125
    },
    {
        "color": 4294967295,
        "name": "Generic Point 228",
        "x": 4533.33740234375,
        "y": 492.316650390625,
        "z": 5097.93310546875
    },
    {
        "color": 4294967295,
        "name": "Generic Point 229",
        "x": 4615.9638671875,
        "y": 488.5071105957031,
        "z": 5062.24267578125
    },
    {
        "color": 4294967295,
        "name": "Generic Point 23",
        "x": -2756.315,
        "y": 220.64,
        "z": -4252.168
    },
    {
        "color": 4294967295,
        "name": "Generic Point 230",
        "x": 5164.26318359375,
        "y": 589.1470336914062,
        "z": 4385.85400390625
    },
    {
        "color": 4294967295,
        "name": "Generic Point 231",
        "x": 4943.4609375,
        "y": 464.3020324707031,
        "z": 3864.5947265625
    },
    {
        "color": 4294967295,
        "name": "Generic Point 232",
        "x": 4737.99072265625,
        "y": 441.2220153808594,
        "z": 4558.93408203125
    },
    {
        "color": 4294967295,
        "name": "Generic Point 233",
        "x": 4640.89111328125,
        "y": 443.59967041015625,
        "z": 4495.1328125
    },
    {
        "color": 4294967295,
        "name": "Generic Point 234",
        "x": 4159.33935546875,
        "y": 537.3818969726562,
        "z": 4895.58447265625
    },
    {
        "color": 4294967295,
        "name": "Generic Point 235",
        "x": 4527.7841796875,
        "y": 441.60919189453125,
        "z": 4990.5927734375
    },
    {
        "color": 4294967295,
        "name": "Generic Point 236",
        "x": 4188.52587890625,
        "y": 523.1563110351562,
        "z": 4835.6064453125
    },
    {
        "color": 4294967295,
        "name": "Generic Point 24",
        "x": 1394.123,
        "y": 274.165,
        "z": -502.585
    },
    {
        "color": 4294967295,
        "name": "Generic Point 25",
        "x": 1397.618,
        "y": 274.161,
        "z": -497.259
    },
    {
        "color": 4294967295,
        "name": "Generic Point 26",
        "x": 1411.759,
        "y": 280.502,
        "z": -476.409
    },
    {
        "color": 4294967295,
        "name": "Generic Point 27",
        "x": 1512.083,
        "y": 233.755,
        "z": -345.689
    },
    {
        "color": 4294967295,
        "name": "Generic Point 28",
        "x": 1738.614,
        "y": 278.082,
        "z": -50.861
    },
    {
        "color": 4294967295,
        "name": "Generic Point 29",
        "x": 1341.459,
        "y": 203.7,
        "z": 633.97
    },
    {
        "color": 4294967295,
        "name": "Generic Point 3",
        "x": 1217.034,
        "y": 391.258,
        "z": -739.148
    },
    {
        "color": 4294967295,
        "name": "Generic Point 30",
        "x": 950.164,
        "y": 214.325,
        "z": 666.988
    },
    {
        "color": 4294967295,
        "name": "Generic Point 31",
        "x": 496.277,
        "y": 227.079,
        "z": 870.258
    },
    {
        "color": 4294967295,
        "name": "Generic Point 32",
        "x": 480.026,
        "y": 226.306,
        "z": 946.218
    },
    {
        "color": 4294967295,
        "name": "Generic Point 33",
        "x": 425.283,
        "y": 218.031,
        "z": 966.075
    },
    {
        "color": 4294967295,
        "name": "Generic Point 34",
        "x": -2875.668,
        "y": 204.839,
        "z": -4182.397
    },
    {
        "color": 4294967295,
        "name": "Generic Point 35",
        "x": 119.848,
        "y": 247.16,
        "z": 126.734
    },
    {
        "color": 4294967295,
        "name": "Generic Point 36",
        "x": 74.602,
        "y": 259.137,
        "z": 98.511
    },
    {
        "color": 4294967295,
        "name": "Generic Point 37",
        "x": 49.548,
        "y": 274.422,
        "z": 69.951
    },
    {
        "color": 4294967295,
        "name": "Generic Point 38",
        "x": 59.889,
        "y": 273.261,
        "z": 92.881
    },
    {
        "color": 4294967295,
        "name": "Generic Point 39",
        "x": 57.739,
        "y": 266.248,
        "z": 117.439
    },
    {
        "color": 4294967295,
        "name": "Generic Point 4",
        "x": 1205.808,
        "y": 391.016,
        "z": -719.529
    },
    {
        "color": 4294967295,
        "name": "Generic Point 40",
        "x": -169.654,
        "y": 199.637,
        "z": 872.591
    },
    {
        "color": 4294967295,
        "name": "Generic Point 41",
        "x": -227.28,
        "y": 188.994,
        "z": 920.513
    },
    {
        "color": 4294967295,
        "name": "Generic Point 42",
        "x": -213.427,
        "y": 184.3,
        "z": 965.044
    },
    {
        "color": 4294967295,
        "name": "Generic Point 43",
        "x": -204.45,
        "y": 184.467,
        "z": 992.364
    },
    {
        "color": 4294967295,
        "name": "Generic Point 44",
        "x": -251.291,
        "y": 200.686,
        "z": 1071.613
    },
    {
        "color": 4294967295,
        "name": "Generic Point 45",
        "x": -2865.211,
        "y": 209.021,
        "z": -4224.757
    },
    {
        "color": 4294967295,
        "name": "Generic Point 46",
        "x": -504.426,
        "y": 185.032,
        "z": 1129.482
    },
    {
        "color": 4294967295,
        "name": "Generic Point 47",
        "x": -523.698,
        "y": 187.217,
        "z": 1145.859
    },
    {
        "color": 4294967295,
        "name": "Generic Point 48",
        "x": -540.066,
        "y": 184.765,
        "z": 1140.45
    },
    {
        "color": 4294967295,
        "name": "Generic Point 49",
        "x": -696.541,
        "y": 218.362,
        "z": 1350.713
    },
    {
        "color": 4294967295,
        "name": "Generic Point 5",
        "x": 1179.398,
        "y": 395.98,
        "z": -717.086
    },
    {
        "color": 4294967295,
        "name": "Generic Point 50",
        "x": -588.901,
        "y": 238.79,
        "z": 1987.055
    },
    {
        "color": 4294967295,
        "name": "Generic Point 51",
        "x": -317.437,
        "y": 258.477,
        "z": 2206.227
    },
    {
        "color": 4294967295,
        "name": "Generic Point 52",
        "x": -309.99,
        "y": 251.29,
        "z": 2217.8
    },
    {
        "color": 4294967295,
        "name": "Generic Point 53",
        "x": -222.582,
        "y": 189.66,
        "z": 2396.891
    },
    {
        "color": 4294967295,
        "name": "Generic Point 54",
        "x": -158.855,
        "y": 222.182,
        "z": 2474.09
    },
    {
        "color": 4294967295,
        "name": "Generic Point 55",
        "x": -153.295,
        "y": 222.639,
        "z": 2486.865
    },
    {
        "color": 4294967295,
        "name": "Generic Point 56",
        "x": -3087.372,
        "y": 266.509,
        "z": -4441.29
    },
    {
        "color": 4294967295,
        "name": "Generic Point 57",
        "x": 228.8,
        "y": 306.567,
        "z": 2501.185
    },
    {
        "color": 4294967295,
        "name": "Generic Point 58",
        "x": -122.614,
        "y": 234.435,
        "z": 4019.142
    },
    {
        "color": 4294967295,
        "name": "Generic Point 59",
        "x": -115.11,
        "y": 233.161,
        "z": 4037.238
    },
    {
        "color": 4294967295,
        "name": "Generic Point 6",
        "x": 1006.473,
        "y": 381.322,
        "z": -671.86
    },
    {
        "color": 4294967295,
        "name": "Generic Point 60",
        "x": -139.849,
        "y": 228.119,
        "z": 4034.962
    },
    {
        "color": 4294967295,
        "name": "Generic Point 61",
        "x": -139.974,
        "y": 227.317,
        "z": 4017.438
    },
    {
        "color": 4294967295,
        "name": "Generic Point 62",
        "x": -159.494,
        "y": 232.368,
        "z": 4022.636
    },
    {
        "color": 4294967295,
        "name": "Generic Point 63",
        "x": -163.776,
        "y": 227.603,
        "z": 3961.105
    },
    {
        "color": 4294967295,
        "name": "Generic Point 64",
        "x": -204.241,
        "y": 227.138,
        "z": 3915.473
    },
    {
        "color": 4294967295,
        "name": "Generic Point 65",
        "x": -211.379,
        "y": 225.672,
        "z": 3901.213
    },
    {
        "color": 4294967295,
        "name": "Generic Point 66",
        "x": -477.176,
        "y": 197.413,
        "z": 3501.326
    },
    {
        "color": 4294967295,
        "name": "Generic Point 67",
        "x": -3270.16,
        "y": 203.0,
        "z": -4457.943
    },
    {
        "color": 4294967295,
        "name": "Generic Point 68",
        "x": -484.675,
        "y": 200.636,
        "z": 3489.76
    },
    {
        "color": 4294967295,
        "name": "Generic Point 69",
        "x": -1068.668,
        "y": 211.034,
        "z": 3907.988
    },
    {
        "color": 4294967295,
        "name": "Generic Point 7",
        "x": 953.838,
        "y": 344.925,
        "z": -597.972
    },
    {
        "color": 4294967295,
        "name": "Generic Point 70",
        "x": -1500.235,
        "y": 173.902,
        "z": 4396.263
    },
    {
        "color": 4294967295,
        "name": "Generic Point 71",
        "x": -2185.891,
        "y": 208.408,
        "z": 4669.574
    },
    {
        "color": 4294967295,
        "name": "Generic Point 72",
        "x": -2144.073,
        "y": 12.383,
        "z": 5528.458
    },
    {
        "color": 4294967295,
        "name": "Generic Point 73",
        "x": -2000.474,
        "y": 4.747,
        "z": 5603.46
    },
    {
        "color": 4294967295,
        "name": "Generic Point 74",
        "x": -2014.358,
        "y": 4.034,
        "z": 5611.94
    },
    {
        "color": 4294967295,
        "name": "Generic Point 75",
        "x": -2109.114,
        "y": 20.999,
        "z": 5885.187
    },
    {
        "color": 4294967295,
        "name": "Generic Point 76",
        "x": -2182.06,
        "y": 43.588,
        "z": 5862.642
    },
    {
        "color": 4294967295,
        "name": "Generic Point 77",
        "x": -2170.254,
        "y": 40.702,
        "z": 5874.088
    },
    {
        "color": 4294967295,
        "name": "Generic Point 78",
        "x": -3276.862,
        "y": 204.106,
        "z": -4445.979
    },
    {
        "color": 4294967295,
        "name": "Generic Point 79",
        "x": -2175.85,
        "y": 67.427,
        "z": 5957.293
    },
    {
        "color": 4294967295,
        "name": "Generic Point 8",
        "x": 958.942,
        "y": 346.07,
        "z": -583.636
    },
    {
        "color": 4294967295,
        "name": "Generic Point 80",
        "x": -2181.929,
        "y": 174.352,
        "z": 6004.606
    },
    {
        "color": 4294967295,
        "name": "Generic Point 81",
        "x": -2168.612,
        "y": 164.746,
        "z": 5905.409
    },
    {
        "color": 4294967295,
        "name": "Generic Point 82",
        "x": -2090.711,
        "y": 156.419,
        "z": 5878.075
    },
    {
        "color": 4294967295,
        "name": "Generic Point 83",
        "x": -2051.958,
        "y": 147.603,
        "z": 5944.066
    },
    {
        "color": 4294967295,
        "name": "Generic Point 84",
        "x": -1963.328,
        "y": 154.355,
        "z": 5885.681
    },
    {
        "color": 4294967295,
        "name": "Generic Point 85",
        "x": -1938.472,
        "y": 152.289,
        "z": 5883.225
    },
    {
        "color": 4294967295,
        "name": "Generic Point 86",
        "x": -1968.711,
        "y": 147.242,
        "z": 5649.718
    },
    {
        "color": 4294967295,
        "name": "Generic Point 87",
        "x": -2061.829,
        "y": -30.979999999999997,
        "z": 5770.731
    },
    {
        "color": 4294967295,
        "name": "Generic Point 88",
        "x": -2124.35,
        "y": -42.439,
        "z": 5779.589
    },
    {
        "color": 4294967295,
        "name": "Generic Point 89",
        "x": -4347.842,
        "y": 205.039,
        "z": -3703.367
    },
    {
        "color": 4294967295,
        "name": "Generic Point 9",
        "x": 775.005,
        "y": 329.033,
        "z": -530.741
    },
    {
        "color": 4294967295,
        "name": "Generic Point 90",
        "x": -2110.695,
        "y": -61.581,
        "z": 5867.827
    },
    {
        "color": 4294967295,
        "name": "Generic Point 91",
        "x": -2125.079,
        "y": -58.806,
        "z": 5884.421
    },
    {
        "color": 4294967295,
        "name": "Generic Point 92",
        "x": -2169.373,
        "y": -55.0,
        "z": 5794.575
    },
    {
        "color": 4294967295,
        "name": "Generic Point 93",
        "x": -2375.542,
        "y": -60.0,
        "z": 5725.347
    },
    {
        "color": 4294967295,
        "name": "Generic Point 94",
        "x": -2247.53,
        "y": 18.125999999999998,
        "z": 5327.732
    },
    {
        "color": 4294967295,
        "name": "Generic Point 95",
        "x": -3015.432,
        "y": 317.703,
        "z": 4799.113
    },
    {
        "color": 4294967295,
        "name": "Generic Point 96",
        "x": -3082.176,
        "y": 324.152,
        "z": 4796.318
    },
    {
        "color": 4294967295,
        "name": "Generic Point 97",
        "x": -3110.152,
        "y": 325.998,
        "z": 4787.389
    },
    {
        "color": 4294967295,
        "name": "Generic Point 98",
        "x": -2714.216,
        "y": 231.921,
        "z": 4662.05
    },
    {
        "color": 4294967295,
        "name": "Generic Point 99",
        "x": -2632.206,
        "y": 272.108,
        "z": 4139.294
    }
]