[
    {
        "color": 4294967295,
        "name": "Generic Point 0",
        "x": -1472.6351318359,
        "y": 48.929523468018,
        "z": 8216.787109375
    },
    {
        "color": 4294967295,
        "name": "Generic Point 1",
        "x": -1658.9738769531,
        "y": 115.52045440674,
        "z": 8383.1240234375
    },
    {
        "color": 4294967295,
        "name": "Generic Point 10",
        "x": -2473.4985351563,
        "y": 322.15243530273,
        "z": 8390.57421875
    },
    {
        "color": 4294967295,
        "name": "Generic Point 11",
        "x": -2378.9660644531,
        "y": 275.05755615234,
        "z": 8449.4072265625
    },
    {
        "color": 4294967295,
        "name": "Generic Point 12",
        "x": -2749.6540527344,
        "y": 46.21976852417,
        "z": 8537.357421875
    },
    {
        "color": 4294967295,
        "name": "Generic Point 13",
        "x": -2446.6403808594,
        "y": 209.98190307617,
        "z": 8786.74609375
    },
    {
        "color": 4294967295,
        "name": "Generic Point 14",
        "x": -2470.7541503906,
        "y": 243.03887939453,
        "z": 9008.021484375
    },
    {
        "color": 4294967295,
        "name": "Generic Point 15",
        "x": -2198.7583007813,
        "y": 229.11010742188,
        "z": 8846.1455078125
    },
    {
        "color": 4294967295,
        "name": "Generic Point 16",
        "x": -1741.6202392578,
        "y": 161.91296386719,
        "z": 8691.9638671875
    },
    {
        "color": 4294967295,
        "name": "Generic Point 17",
        "x": -1853.0808105469,
        "y": 25.218114852905,
        "z": 8849.1689453125
    },
    {
        "color": 4294967295,
        "name": "Generic Point 18",
        "x": -1775.7956542969,
        "y": 25.230289459229,
        "z": 8992.7060546875
    },
    {
        "color": 4294967295,
        "name": "Generic Point 19",
        "x": -1787.7867431641,
        "y": 49.637424468994,
        "z": 8464.591796875
    },
    {
        "color": 4294967295,
        "name": "Generic Point 2",
        "x": -1953.6226806641,
        "y": 289.87847900391,
        "z": 7948.388671875
    },
    {
        "color": 4294967295,
        "name": "Generic Point 20",
        "x": -2138.9206542969,
        "y": 274.17587280273,
        "z": 7732.1845703125
    },
    {
        "color": 4294967295,
        "name": "Generic Point 21",
        "x": -1874.5008544922,
        "y": 82.111953735352,
        "z": 8355.509765625
    },
    {
        "color": 4294967295,
        "name": "Generic Point 22",
        "x": -1693.4078369141,
        "y": 146.97047424316,
        "z": 7893.5986328125
    },
    {
        "color": 4294967295,
        "name": "Generic Point 23",
        "x": -1653.2711181641,
        "y": 179.15051269531,
        "z": 7755.0307617188
    },
    {
        "color": 4294967295,
        "name": "Generic Point 24",
        "x": -2270.7238769531,
        "y": 249.71409606934,
        "z": 7807.1708984375
    },
    {
        "color": 4294967295,
        "name": "Generic Point 25",
        "x": -2377.8994140625,
        "y": 228.35484313965,
        "z": 8066.38671875
    },
    {
        "color": 4294967295,
        "name": "Generic Point 26",
        "x": -2765.9697265625,
        "y": 201.76672363281,
        "z": 7873.8178710938
    },
    {
        "color": 4294967295,
        "name": "Generic Point 27",
        "x": -2833.1796875,
        "y": 200.97900390625,
        "z": 7860.1669921875
    },
    {
        "color": 4294967295,
        "name": "Generic Point 28",
        "x": -2769.4650878906,
        "y": 201.03533935547,
        "z": 7726.3813476563
    },
    {
        "color": 4294967295,
        "name": "Generic Point 29",
        "x": -2820.3068847656,
        "y": 224.41494750977,
        "z": 7750.6064453125
    },
    {
        "color": 4294967295,
        "name": "Generic Point 3",
        "x": -2237.0502929688,
        "y": 323.59283447266,
        "z": 8153.2182617188
    },
    {
        "color": 4294967295,
        "name": "Generic Point 30",
        "x": -2533.2412109375,
        "y": 242.71061706543,
        "z": 8298.9013671875
    },
    {
        "color": 4294967295,
        "name": "Generic Point 4",
        "x": -2856.2280273438,
        "y": 201.95442199707,
        "z": 8636.2724609375
    },
    {
        "color": 4294967295,
        "name": "Generic Point 5",
        "x": -2568.525390625,
        "y": 210.54246520996,
        "z": 8657.5771484375
    },
    {
        "color": 4294967295,
        "name": "Generic Point 6",
        "x": -1913.4344482422,
        "y": 75.457130432129,
        "z": 8806.3994140625
    },
    {
        "color": 4294967295,
        "name": "Generic Point 7",
        "x": -1579.6569824219,
        "y": 154.53059387207,
        "z": 9108.71875
    },
    {
        "color": 4294967295,
        "name": "Generic Point 8",
        "x": -2111.2399902344,
        "y": 232.03366088867,
        "z": 7938.4760742188
    },
    {
        "color": 4294967295,
        "name": "Generic Point 9",
        "x": -1956.8389892578,
        "y": 316.85372924805,
        "z": 7991.552734375
    }
]