[
    {
        "color": 4294967295,
        "name": "Generic Point 0",
        "x": 2399.213379,
        "y": 251.550217,
        "z": 4968.647461
    },
    {
        "color": 4294967295,
        "name": "Generic Point 1",
        "x": 2395.518555,
        "y": 241.443207,
        "z": 4935.814453
    },
    {
        "color": 4294967295,
        "name": "Generic Point 2",
        "x": 2355.185791,
        "y": 243.688599,
        "z": 4980.480957
    },
    {
        "color": 4294967295,
        "name": "Generic Point 3",
        "x": 2627.789307,
        "y": 216.140091,
        "z": 4972.04248
    }
]