[
    {
        "color": 4294967295,
        "name": "Generic Point 0",
        "x": 1319.5745849609375,
        "y": 194.27886962890625,
        "z": 830.0690307617188
    },
    {
        "color": 4294967295,
        "name": "Generic Point 1",
        "x": 1319.135009765625,
        "y": 181.4582061767578,
        "z": 847.4873046875
    },
    {
        "color": 4294967295,
        "name": "Generic Point 10",
        "x": 1319.2266845703125,
        "y": 194.3619842529297,
        "z": 830.7915649414062
    },
    {
        "color": 4294967295,
        "name": "Generic Point 11",
        "x": 1298.9578857421875,
        "y": 181.465576171875,
        "z": 825.8652954101562
    },
    {
        "color": 4294967295,
        "name": "Generic Point 12",
        "x": 1319.0263671875,
        "y": 181.44967651367188,
        "z": 857.740966796875
    },
    {
        "color": 4294967295,
        "name": "Generic Point 2",
        "x": 1298.8240966796875,
        "y": 181.39767456054688,
        "z": 855.378662109375
    },
    {
        "color": 4294967295,
        "name": "Generic Point 3",
        "x": 1358.27392578125,
        "y": 240.058837890625,
        "z": 700.429931640625
    },
    {
        "color": 4294967295,
        "name": "Generic Point 4",
        "x": -121.84798431396484,
        "y": 266.59881591796875,
        "z": 408.8126220703125
    },
    {
        "color": 4294967295,
        "name": "Generic Point 5",
        "x": -116.57888793945312,
        "y": 246.0261688232422,
        "z": 392.1876525878906
    },
    {
        "color": 4294967295,
        "name": "Generic Point 6",
        "x": 699.6715087890625,
        "y": 346.2769470214844,
        "z": 551.7955932617188
    },
    {
        "color": 4294967295,
        "name": "Generic Point 7",
        "x": 1346.7994384765625,
        "y": 193.47592163085938,
        "z": 846.6753540039062
    },
    {
        "color": 4294967295,
        "name": "Generic Point 8",
        "x": 1319.5242919921875,
        "y": 193.4507293701172,
        "z": 845.5156860351562
    },
    {
        "color": 4294967295,
        "name": "Generic Point 9",
        "x": 1313.6453857421875,
        "y": 215.49424743652344,
        "z": 848.3814086914062
    }
]