[
    {
        "color": 4294967295,
        "name": "Generic Point 0",
        "x": 3805.757568359375,
        "y": 450.60369873046875,
        "z": 3893.607666015625
    },
    {
        "color": 4294967295,
        "name": "Generic Point 1",
        "x": 3495.849609375,
        "y": 333.4779052734375,
        "z": 4528.05224609375
    },
    {
        "color": 4294967295,
        "name": "Generic Point 10",
        "x": 2996.530517578125,
        "y": 440.69207763671875,
        "z": 5265.8583984375
    },
    {
        "color": 4294967295,
        "name": "Generic Point 11",
        "x": 2649.386962890625,
        "y": 250.8931427001953,
        "z": 4808.021484375
    },
    {
        "color": 4294967295,
        "name": "Generic Point 12",
        "x": 2254.477783203125,
        "y": 219.48141479492188,
        "z": 4688.48779296875
    },
    {
        "color": 4294967295,
        "name": "Generic Point 13",
        "x": 2838.845703125,
        "y": 411.020263671875,
        "z": 4146.29443359375
    },
    {
        "color": 4294967295,
        "name": "Generic Point 14",
        "x": 3051.7529296875,
        "y": 378.7625427246094,
        "z": 4585.02880859375
    },
    {
        "color": 4294967295,
        "name": "Generic Point 15",
        "x": 2746.739990234375,
        "y": 362.6043701171875,
        "z": 4195.33203125
    },
    {
        "color": 4294967295,
        "name": "Generic Point 16",
        "x": 3397.277587890625,
        "y": 478.1264953613281,
        "z": 3753.184326171875
    },
    {
        "color": 4294967295,
        "name": "Generic Point 17",
        "x": 2159.5947265625,
        "y": 441.82281494140625,
        "z": 4397.29931640625
    },
    {
        "color": 4294967295,
        "name": "Generic Point 18",
        "x": 3484.203857421875,
        "y": 320.87994384765625,
        "z": 4576.58984375
    },
    {
        "color": 4294967295,
        "name": "Generic Point 19",
        "x": 2177.976318359375,
        "y": 553.9042358398438,
        "z": 4812.84912109375
    },
    {
        "color": 4294967295,
        "name": "Generic Point 2",
        "x": 3200.67529296875,
        "y": 295.3150329589844,
        "z": 4353.666015625
    },
    {
        "color": 4294967295,
        "name": "Generic Point 20",
        "x": 2869.71630859375,
        "y": 365.7061462402344,
        "z": 4463.36181640625
    },
    {
        "color": 4294967295,
        "name": "Generic Point 21",
        "x": 3907.004638671875,
        "y": 495.5205993652344,
        "z": 4760.30419921875
    },
    {
        "color": 4294967295,
        "name": "Generic Point 22",
        "x": 2656.04638671875,
        "y": 216.5258331298828,
        "z": 4969.54296875
    },
    {
        "color": 4294967295,
        "name": "Generic Point 23",
        "x": 2170.475341796875,
        "y": 491.99554443359375,
        "z": 4667.8935546875
    },
    {
        "color": 4294967295,
        "name": "Generic Point 24",
        "x": 3295.990966796875,
        "y": 325.3954162597656,
        "z": 4501.58935546875
    },
    {
        "color": 4294967295,
        "name": "Generic Point 25",
        "x": 2223.003173828125,
        "y": 441.5150451660156,
        "z": 4214.90087890625
    },
    {
        "color": 4294967295,
        "name": "Generic Point 26",
        "x": 2967.63818359375,
        "y": 501.7904052734375,
        "z": 4870.19091796875
    },
    {
        "color": 4294967295,
        "name": "Generic Point 27",
        "x": 3648.9013671875,
        "y": 440.99835205078125,
        "z": 4973.98046875
    },
    {
        "color": 4294967295,
        "name": "Generic Point 28",
        "x": 2777.81787109375,
        "y": 541.174072265625,
        "z": 5047.9169921875
    },
    {
        "color": 4294967295,
        "name": "Generic Point 29",
        "x": 2689.624267578125,
        "y": 476.67913818359375,
        "z": 4208.05078125
    },
    {
        "color": 4294967295,
        "name": "Generic Point 3",
        "x": 3472.177490234375,
        "y": 473.3626403808594,
        "z": 3728.109375
    },
    {
        "color": 4294967295,
        "name": "Generic Point 30",
        "x": 3558.2626953125,
        "y": 476.4429626464844,
        "z": 4672.0205078125
    },
    {
        "color": 4294967295,
        "name": "Generic Point 31",
        "x": 2892.487060546875,
        "y": 421.7024841308594,
        "z": 4389.3974609375
    },
    {
        "color": 4294967295,
        "name": "Generic Point 32",
        "x": 2497.29443359375,
        "y": 421.66217041015625,
        "z": 4492.59130859375
    },
    {
        "color": 4294967295,
        "name": "Generic Point 33",
        "x": 2568.6640625,
        "y": 482.654541015625,
        "z": 5068.64990234375
    },
    {
        "color": 4294967295,
        "name": "Generic Point 34",
        "x": 3574.55712890625,
        "y": 374.34027099609375,
        "z": 4113.783203125
    },
    {
        "color": 4294967295,
        "name": "Generic Point 35",
        "x": 3273.833740234375,
        "y": 246.60528564453125,
        "z": 4133.97021484375
    },
    {
        "color": 4294967295,
        "name": "Generic Point 36",
        "x": 2464.58349609375,
        "y": 246.22889709472656,
        "z": 4788.654296875
    },
    {
        "color": 4294967295,
        "name": "Generic Point 37",
        "x": 2756.008544921875,
        "y": 474.8826904296875,
        "z": 4723.6416015625
    },
    {
        "color": 4294967295,
        "name": "Generic Point 38",
        "x": 3407.831298828125,
        "y": 475.82958984375,
        "z": 4424.53076171875
    },
    {
        "color": 4294967295,
        "name": "Generic Point 39",
        "x": 2818.332275390625,
        "y": 464.638916015625,
        "z": 4117.62255859375
    },
    {
        "color": 4294967295,
        "name": "Generic Point 4",
        "x": 3406.48486328125,
        "y": 461.8761901855469,
        "z": 3663.12060546875
    },
    {
        "color": 4294967295,
        "name": "Generic Point 40",
        "x": 3384.630615234375,
        "y": 491.773193359375,
        "z": 4574.74560546875
    },
    {
        "color": 4294967295,
        "name": "Generic Point 41",
        "x": 2490.50634765625,
        "y": 481.40802001953125,
        "z": 4967.9658203125
    },
    {
        "color": 4294967295,
        "name": "Generic Point 42",
        "x": 3525.93896484375,
        "y": 448.464599609375,
        "z": 4414.82763671875
    },
    {
        "color": 4294967295,
        "name": "Generic Point 43",
        "x": 2354.64453125,
        "y": 452.67608642578125,
        "z": 4375.98828125
    },
    {
        "color": 4294967295,
        "name": "Generic Point 44",
        "x": 3489.703857421875,
        "y": 278.7142333984375,
        "z": 4532.0810546875
    },
    {
        "color": 4294967295,
        "name": "Generic Point 45",
        "x": 3157.44384765625,
        "y": 432.3677978515625,
        "z": 4304.9326171875
    },
    {
        "color": 4294967295,
        "name": "Generic Point 46",
        "x": 2190.61376953125,
        "y": 428.36077880859375,
        "z": 4430.23095703125
    },
    {
        "color": 4294967295,
        "name": "Generic Point 47",
        "x": 3674.413818359375,
        "y": 450.836669921875,
        "z": 4558.9306640625
    },
    {
        "color": 4294967295,
        "name": "Generic Point 48",
        "x": 3948.958251953125,
        "y": 414.9161682128906,
        "z": 4393.21826171875
    },
    {
        "color": 4294967295,
        "name": "Generic Point 49",
        "x": 2241.071044921875,
        "y": 288.1334228515625,
        "z": 5040.3662109375
    },
    {
        "color": 4294967295,
        "name": "Generic Point 5",
        "x": 3856.445556640625,
        "y": 391.4710998535156,
        "z": 4221.98876953125
    },
    {
        "color": 4294967295,
        "name": "Generic Point 50",
        "x": 2376.535888671875,
        "y": 260.01715087890625,
        "z": 4973.646484375
    },
    {
        "color": 4294967295,
        "name": "Generic Point 51",
        "x": 2364.116943359375,
        "y": 268.8316955566406,
        "z": 4966.2666015625
    },
    {
        "color": 4294967295,
        "name": "Generic Point 52",
        "x": 3816.478759765625,
        "y": 441.2157897949219,
        "z": 4383.7802734375
    },
    {
        "color": 4294967295,
        "name": "Generic Point 53",
        "x": 1907.175537109375,
        "y": 441.29852294921875,
        "z": 4666.22265625
    },
    {
        "color": 4294967295,
        "name": "Generic Point 54",
        "x": 3529.362060546875,
        "y": 303.152099609375,
        "z": 4635.26171875
    },
    {
        "color": 4294967295,
        "name": "Generic Point 55",
        "x": 3417.192626953125,
        "y": 432.08978271484375,
        "z": 3933.673583984375
    },
    {
        "color": 4294967295,
        "name": "Generic Point 56",
        "x": 3619.739501953125,
        "y": 475.4516296386719,
        "z": 4512.27392578125
    },
    {
        "color": 4294967295,
        "name": "Generic Point 57",
        "x": 3574.339599609375,
        "y": 427.3702392578125,
        "z": 4493.46435546875
    },
    {
        "color": 4294967295,
        "name": "Generic Point 58",
        "x": 2167.064697265625,
        "y": 574.19482421875,
        "z": 4845.48388671875
    },
    {
        "color": 4294967295,
        "name": "Generic Point 59",
        "x": 2238.30126953125,
        "y": 443.8099365234375,
        "z": 4376.69384765625
    },
    {
        "color": 4294967295,
        "name": "Generic Point 6",
        "x": 1966.165283203125,
        "y": 441.26519775390625,
        "z": 4733.73388671875
    },
    {
        "color": 4294967295,
        "name": "Generic Point 60",
        "x": 4008.994140625,
        "y": 374.5833740234375,
        "z": 4354.06298828125
    },
    {
        "color": 4294967295,
        "name": "Generic Point 61",
        "x": 3092.47998046875,
        "y": 444.4942626953125,
        "z": 4866.0947265625
    },
    {
        "color": 4294967295,
        "name": "Generic Point 62",
        "x": 3132.36962890625,
        "y": 360.38385009765625,
        "z": 4397.32177734375
    },
    {
        "color": 4294967295,
        "name": "Generic Point 63",
        "x": 2315.759521484375,
        "y": 493.2087097167969,
        "z": 4960.8408203125
    },
    {
        "color": 4294967295,
        "name": "Generic Point 64",
        "x": 3038.7197265625,
        "y": 414.43670654296875,
        "z": 4058.98779296875
    },
    {
        "color": 4294967295,
        "name": "Generic Point 65",
        "x": 2501.55810546875,
        "y": 249.39137268066406,
        "z": 4602.8994140625
    },
    {
        "color": 4294967295,
        "name": "Generic Point 66",
        "x": 1810.4927978515625,
        "y": 442.320556640625,
        "z": 4592.21142578125
    },
    {
        "color": 4294967295,
        "name": "Generic Point 67",
        "x": 2004.1693115234375,
        "y": 441.1614074707031,
        "z": 4539.01171875
    },
    {
        "color": 4294967295,
        "name": "Generic Point 68",
        "x": 2447.8779296875,
        "y": 440.8398742675781,
        "z": 4425.759765625
    },
    {
        "color": 4294967295,
        "name": "Generic Point 69",
        "x": 3928.58154296875,
        "y": 474.9245300292969,
        "z": 3986.001953125
    },
    {
        "color": 4294967295,
        "name": "Generic Point 7",
        "x": 2608.0673828125,
        "y": 464.9035339355469,
        "z": 5157.998046875
    },
    {
        "color": 4294967295,
        "name": "Generic Point 70",
        "x": 3925.71875,
        "y": 454.82513427734375,
        "z": 4606.884765625
    },
    {
        "color": 4294967295,
        "name": "Generic Point 71",
        "x": 2805.650634765625,
        "y": 447.0133361816406,
        "z": 5320.33349609375
    },
    {
        "color": 4294967295,
        "name": "Generic Point 72",
        "x": 2619.426513671875,
        "y": 471.0528259277344,
        "z": 4253.908203125
    },
    {
        "color": 4294967295,
        "name": "Generic Point 73",
        "x": 2846.4560546875,
        "y": 420.8164978027344,
        "z": 4295.0224609375
    },
    {
        "color": 4294967295,
        "name": "Generic Point 74",
        "x": 2333.564208984375,
        "y": 445.1723327636719,
        "z": 4515.1591796875
    },
    {
        "color": 4294967295,
        "name": "Generic Point 75",
        "x": 4012.164794921875,
        "y": 505.2742919921875,
        "z": 4839.27197265625
    },
    {
        "color": 4294967295,
        "name": "Generic Point 76",
        "x": 3142.26123046875,
        "y": 232.5922393798828,
        "z": 4263.93798828125
    },
    {
        "color": 4294967295,
        "name": "Generic Point 77",
        "x": 2197.086669921875,
        "y": 456.8729248046875,
        "z": 4564.6181640625
    },
    {
        "color": 4294967295,
        "name": "Generic Point 78",
        "x": 2816.331298828125,
        "y": 442.2823486328125,
        "z": 4343.6396484375
    },
    {
        "color": 4294967295,
        "name": "Generic Point 79",
        "x": 3504.545166015625,
        "y": 480.23724365234375,
        "z": 4579.7744140625
    },
    {
        "color": 4294967295,
        "name": "Generic Point 8",
        "x": 3156.275146484375,
        "y": 445.6251525878906,
        "z": 4077.74951171875
    },
    {
        "color": 4294967295,
        "name": "Generic Point 80",
        "x": 2384.05029296875,
        "y": 248.9089813232422,
        "z": 5008.92041015625
    },
    {
        "color": 4294967295,
        "name": "Generic Point 81",
        "x": 2949.8984375,
        "y": 464.7350769042969,
        "z": 4726.79345703125
    },
    {
        "color": 4294967295,
        "name": "Generic Point 82",
        "x": 2876.446044921875,
        "y": 496.6827392578125,
        "z": 4805.76318359375
    },
    {
        "color": 4294967295,
        "name": "Generic Point 83",
        "x": 3481.93798828125,
        "y": 407.6629638671875,
        "z": 4000.934814453125
    },
    {
        "color": 4294967295,
        "name": "Generic Point 84",
        "x": 3983.04052734375,
        "y": 440.98223876953125,
        "z": 4187.90283203125
    },
    {
        "color": 4294967295,
        "name": "Generic Point 85",
        "x": 3144.478271484375,
        "y": 252.55511474609375,
        "z": 4121.4873046875
    },
    {
        "color": 4294967295,
        "name": "Generic Point 86",
        "x": 3669.12548828125,
        "y": 611.5984497070312,
        "z": 4678.69677734375
    },
    {
        "color": 4294967295,
        "name": "Generic Point 87",
        "x": 2664.830322265625,
        "y": 252.48631286621094,
        "z": 5011.04833984375
    },
    {
        "color": 4294967295,
        "name": "Generic Point 88",
        "x": 3608.72314453125,
        "y": 428.53094482421875,
        "z": 4606.998046875
    },
    {
        "color": 4294967295,
        "name": "Generic Point 89",
        "x": 2470.016845703125,
        "y": 249.08499145507812,
        "z": 4841.326171875
    },
    {
        "color": 4294967295,
        "name": "Generic Point 9",
        "x": 2290.70068359375,
        "y": 523.7177124023438,
        "z": 4742.18798828125
    },
    {
        "color": 4294967295,
        "name": "Generic Point 90",
        "x": 3790.083251953125,
        "y": 526.335205078125,
        "z": 5000.70166015625
    },
    {
        "color": 4294967295,
        "name": "Generic Point 91",
        "x": 3501.1416015625,
        "y": 429.84967041015625,
        "z": 4627.55126953125
    },
    {
        "color": 4294967295,
        "name": "Generic Point 92",
        "x": 3236.48999,
        "y": 331.740967,
        "z": 4191.180176
    },
    {
        "color": 4294967295,
        "name": "Generic Point 93",
        "x": 3443.419434,
        "y": 431.488068,
        "z": 4185.838379
    }
]