[
    {
        "color": 4294967295,
        "name": "Generic Point 0",
        "x": -290.102,
        "y": 222.35,
        "z": 326.959
    },
    {
        "color": 4294967295,
        "name": "Generic Point 1",
        "x": 593.426,
        "y": 192.614,
        "z": 801.609
    },
    {
        "color": 4294967295,
        "name": "Generic Point 10",
        "x": 530.636,
        "y": 168.021,
        "z": -226.468
    },
    {
        "color": 4294967295,
        "name": "Generic Point 11",
        "x": -323.645,
        "y": 218.88,
        "z": 414.542
    },
    {
        "color": 4294967295,
        "name": "Generic Point 12",
        "x": 469.723,
        "y": 152.306,
        "z": -202.995
    },
    {
        "color": 4294967295,
        "name": "Generic Point 13",
        "x": 411.607,
        "y": 141.342,
        "z": -228.907
    },
    {
        "color": 4294967295,
        "name": "Generic Point 14",
        "x": 336.779,
        "y": 171.05,
        "z": -365.182
    },
    {
        "color": 4294967295,
        "name": "Generic Point 15",
        "x": -340.115,
        "y": 218.85,
        "z": 410.052
    },
    {
        "color": 4294967295,
        "name": "Generic Point 16",
        "x": -593.745,
        "y": 188.08,
        "z": 537.765
    },
    {
        "color": 4294967295,
        "name": "Generic Point 17",
        "x": -474.465,
        "y": 206.883,
        "z": 1438.5
    },
    {
        "color": 4294967295,
        "name": "Generic Point 18",
        "x": -439.076,
        "y": 192.8,
        "z": 1518.235
    },
    {
        "color": 4294967295,
        "name": "Generic Point 19",
        "x": -95.682,
        "y": 199.6,
        "z": 1504.954
    },
    {
        "color": 4294967295,
        "name": "Generic Point 2",
        "x": 540.537,
        "y": 195.3,
        "z": 675.129
    },
    {
        "color": 4294967295,
        "name": "Generic Point 20",
        "x": 87.513,
        "y": 202.438,
        "z": 1321.41
    },
    {
        "color": 4294967295,
        "name": "Generic Point 21",
        "x": 310.866,
        "y": 148.09,
        "z": 894.571
    },
    {
        "color": 4294967295,
        "name": "Generic Point 3",
        "x": 579.247,
        "y": 201.336,
        "z": 683.305
    },
    {
        "color": 4294967295,
        "name": "Generic Point 4",
        "x": 679.348,
        "y": 247.944,
        "z": 606.857
    },
    {
        "color": 4294967295,
        "name": "Generic Point 5",
        "x": 753.968,
        "y": 222.732,
        "z": 519.903
    },
    {
        "color": 4294967295,
        "name": "Generic Point 6",
        "x": 226.412,
        "y": 279.381,
        "z": 431.345
    },
    {
        "color": 4294967295,
        "name": "Generic Point 7",
        "x": 414.53,
        "y": 145.745,
        "z": -169.415
    },
    {
        "color": 4294967295,
        "name": "Generic Point 8",
        "x": 432.055,
        "y": 147.06,
        "z": -161.979
    },
    {
        "color": 4294967295,
        "name": "Generic Point 9",
        "x": 477.108,
        "y": 148.192,
        "z": -176.743
    }
]