[
    {
        "color": 4294967295,
        "name": "Generic Point 0",
        "x": 251.75450134277344,
        "y": 237.88821411132812,
        "z": 522.9918823242188
    },
    {
        "color": 4294967295,
        "name": "Generic Point 1",
        "x": 274.9070739746094,
        "y": 214.3229522705078,
        "z": 209.7921600341797
    },
    {
        "color": 4294967295,
        "name": "Generic Point 2",
        "x": 245.43019104003906,
        "y": 236.87933349609375,
        "z": 513.1114501953125
    },
    {
        "color": 4294967295,
        "name": "Generic Point 3",
        "x": 335.49151611328125,
        "y": 299.32562255859375,
        "z": 725.6333618164062
    }
]