[
    {
        "color": 4294967295,
        "name": "Generic Point 0",
        "x": -2095.069580078125,
        "y": 177.73394775390625,
        "z": 5020.849609375
    },
    {
        "color": 4294967295,
        "name": "Generic Point 1",
        "x": -2094.132568359375,
        "y": 153.65771484375,
        "z": 5153.7099609375
    },
    {
        "color": 4294967295,
        "name": "Generic Point 10",
        "x": -2121.023193359375,
        "y": 79.91586303710938,
        "z": 4536.349609375
    },
    {
        "color": 4294967295,
        "name": "Generic Point 100",
        "x": 676.401123046875,
        "y": 241.17332458496094,
        "z": 5993.72998046875
    },
    {
        "color": 4294967295,
        "name": "Generic Point 101",
        "x": 458.3329162597656,
        "y": 365.126220703125,
        "z": 5884.3203125
    },
    {
        "color": 4294967295,
        "name": "Generic Point 102",
        "x": 341.2148132324219,
        "y": 384.6287536621094,
        "z": 5899.138671875
    },
    {
        "color": 4294967295,
        "name": "Generic Point 103",
        "x": 593.91162109375,
        "y": 334.1483459472656,
        "z": 5517.984375
    },
    {
        "color": 4294967295,
        "name": "Generic Point 104",
        "x": -66.59591674804688,
        "y": 260.3867492675781,
        "z": 6043.3876953125
    },
    {
        "color": 4294967295,
        "name": "Generic Point 105",
        "x": 597.5203857421875,
        "y": 313.1995849609375,
        "z": 5917.9638671875
    },
    {
        "color": 4294967295,
        "name": "Generic Point 106",
        "x": -90.08364868164062,
        "y": 240.00181579589844,
        "z": 6093.01025390625
    },
    {
        "color": 4294967295,
        "name": "Generic Point 107",
        "x": 386.51611328125,
        "y": 220.07151794433594,
        "z": 6107.50048828125
    },
    {
        "color": 4294967295,
        "name": "Generic Point 108",
        "x": 221.37158203125,
        "y": 249.26815795898438,
        "z": 6116.376953125
    },
    {
        "color": 4294967295,
        "name": "Generic Point 109",
        "x": 551.9475708007812,
        "y": 287.06109619140625,
        "z": 6653.6748046875
    },
    {
        "color": 4294967295,
        "name": "Generic Point 11",
        "x": -2319.33251953125,
        "y": -34.75896072387695,
        "z": 5379.9521484375
    },
    {
        "color": 4294967295,
        "name": "Generic Point 110",
        "x": 669.5663452148438,
        "y": 342.96484375,
        "z": 6623.1416015625
    },
    {
        "color": 4294967295,
        "name": "Generic Point 111",
        "x": 738.66259765625,
        "y": 378.0672302246094,
        "z": 6463.58203125
    },
    {
        "color": 4294967295,
        "name": "Generic Point 112",
        "x": 717.74853515625,
        "y": 312.0812072753906,
        "z": 6785.078125
    },
    {
        "color": 4294967295,
        "name": "Generic Point 113",
        "x": -239.34390258789062,
        "y": 173.90078735351562,
        "z": 5622.7783203125
    },
    {
        "color": 4294967295,
        "name": "Generic Point 114",
        "x": -254.5617218017578,
        "y": 133.7733612060547,
        "z": 5514.10400390625
    },
    {
        "color": 4294967295,
        "name": "Generic Point 115",
        "x": -617.1455078125,
        "y": 187.35545349121094,
        "z": 5526.5185546875
    },
    {
        "color": 4294967295,
        "name": "Generic Point 116",
        "x": -1525.3564453125,
        "y": 63.456748962402344,
        "z": 5078.2109375
    },
    {
        "color": 4294967295,
        "name": "Generic Point 117",
        "x": -1391.593017578125,
        "y": 56.1571044921875,
        "z": 5074.21337890625
    },
    {
        "color": 4294967295,
        "name": "Generic Point 118",
        "x": -1537.984619140625,
        "y": 18.772554397583008,
        "z": 5193.50341796875
    },
    {
        "color": 4294967295,
        "name": "Generic Point 119",
        "x": -1234.014404296875,
        "y": -43.57456588745117,
        "z": 5453.39111328125
    },
    {
        "color": 4294967295,
        "name": "Generic Point 12",
        "x": -2584.077880859375,
        "y": -1.7234489917755127,
        "z": 5889.92578125
    },
    {
        "color": 4294967295,
        "name": "Generic Point 120",
        "x": -1304.458740234375,
        "y": 49.327022552490234,
        "z": 5355.857421875
    },
    {
        "color": 4294967295,
        "name": "Generic Point 121",
        "x": -1245.1553955078125,
        "y": 91.73197937011719,
        "z": 5156.41357421875
    },
    {
        "color": 4294967295,
        "name": "Generic Point 122",
        "x": -1284.3251953125,
        "y": 55.939735412597656,
        "z": 5483.8623046875
    },
    {
        "color": 4294967295,
        "name": "Generic Point 123",
        "x": -1641.7989501953125,
        "y": 28.809202194213867,
        "z": 5703.39404296875
    },
    {
        "color": 4294967295,
        "name": "Generic Point 124",
        "x": -1688.7105712890625,
        "y": -19.159027099609375,
        "z": 5844.8701171875
    },
    {
        "color": 4294967295,
        "name": "Generic Point 125",
        "x": -1515.9769287109375,
        "y": 27.65140151977539,
        "z": 5554.2705078125
    },
    {
        "color": 4294967295,
        "name": "Generic Point 126",
        "x": -984.9320678710938,
        "y": 39.84956741333008,
        "z": 4682.54931640625
    },
    {
        "color": 4294967295,
        "name": "Generic Point 127",
        "x": -1383.144287109375,
        "y": -27.41640853881836,
        "z": 5523.5849609375
    },
    {
        "color": 4294967295,
        "name": "Generic Point 128",
        "x": -1167.82275390625,
        "y": -64.80719757080078,
        "z": 5665.21240234375
    },
    {
        "color": 4294967295,
        "name": "Generic Point 129",
        "x": -1225.5303955078125,
        "y": 35.65512466430664,
        "z": 5737.79638671875
    },
    {
        "color": 4294967295,
        "name": "Generic Point 13",
        "x": -2538.351806640625,
        "y": 199.06549072265625,
        "z": 6060.39453125
    },
    {
        "color": 4294967295,
        "name": "Generic Point 130",
        "x": -1401.6968994140625,
        "y": 68.64364624023438,
        "z": 5470.9208984375
    },
    {
        "color": 4294967295,
        "name": "Generic Point 131",
        "x": -896.0521240234375,
        "y": -38.95842361450195,
        "z": 5824.55126953125
    },
    {
        "color": 4294967295,
        "name": "Generic Point 132",
        "x": -827.7000122070312,
        "y": -219.93441772460938,
        "z": 5864.3447265625
    },
    {
        "color": 4294967295,
        "name": "Generic Point 133",
        "x": -600.0401000976562,
        "y": 59.8567008972168,
        "z": 5880.10302734375
    },
    {
        "color": 4294967295,
        "name": "Generic Point 134",
        "x": -971.4716796875,
        "y": -22.291269302368164,
        "z": 4387.0126953125
    },
    {
        "color": 4294967295,
        "name": "Generic Point 135",
        "x": -886.519287109375,
        "y": -29.23834800720215,
        "z": 4508.91064453125
    },
    {
        "color": 4294967295,
        "name": "Generic Point 136",
        "x": -289.9691467285156,
        "y": -161.24635314941406,
        "z": 5447.50634765625
    },
    {
        "color": 4294967295,
        "name": "Generic Point 137",
        "x": -141.61622619628906,
        "y": 80.56781768798828,
        "z": 5609.64697265625
    },
    {
        "color": 4294967295,
        "name": "Generic Point 138",
        "x": -1368.886962890625,
        "y": 72.51261901855469,
        "z": 5842.40576171875
    },
    {
        "color": 4294967295,
        "name": "Generic Point 139",
        "x": -784.7415771484375,
        "y": 190.6656036376953,
        "z": 4924.62939453125
    },
    {
        "color": 4294967295,
        "name": "Generic Point 14",
        "x": -2493.932861328125,
        "y": 190.60662841796875,
        "z": 5961.93505859375
    },
    {
        "color": 4294967295,
        "name": "Generic Point 140",
        "x": -723.8779296875,
        "y": 152.20053100585938,
        "z": 4818.85888671875
    },
    {
        "color": 4294967295,
        "name": "Generic Point 141",
        "x": -1003.7239990234375,
        "y": 50.23700714111328,
        "z": 4878.07421875
    },
    {
        "color": 4294967295,
        "name": "Generic Point 142",
        "x": -327.0934143066406,
        "y": 317.0569763183594,
        "z": 4096.57470703125
    },
    {
        "color": 4294967295,
        "name": "Generic Point 143",
        "x": -161.00531005859375,
        "y": 243.24420166015625,
        "z": 4409.34716796875
    },
    {
        "color": 4294967295,
        "name": "Generic Point 144",
        "x": -284.93719482421875,
        "y": 65.76602172851562,
        "z": 4626.16796875
    },
    {
        "color": 4294967295,
        "name": "Generic Point 145",
        "x": -276.28900146484375,
        "y": -38.58815002441406,
        "z": 4649.60107421875
    },
    {
        "color": 4294967295,
        "name": "Generic Point 146",
        "x": -441.6732177734375,
        "y": 190.5768280029297,
        "z": 5523.8759765625
    },
    {
        "color": 4294967295,
        "name": "Generic Point 147",
        "x": -990.89453125,
        "y": 365.5693664550781,
        "z": 4033.37158203125
    },
    {
        "color": 4294967295,
        "name": "Generic Point 148",
        "x": -1309.4395751953125,
        "y": 95.10433197021484,
        "z": 4860.431640625
    },
    {
        "color": 4294967295,
        "name": "Generic Point 149",
        "x": -500.4643859863281,
        "y": 161.36619567871094,
        "z": 4295.14990234375
    },
    {
        "color": 4294967295,
        "name": "Generic Point 15",
        "x": -2836.498779296875,
        "y": 191.03318786621094,
        "z": 5817.35595703125
    },
    {
        "color": 4294967295,
        "name": "Generic Point 150",
        "x": -882.82177734375,
        "y": 61.91703796386719,
        "z": 4692.67529296875
    },
    {
        "color": 4294967295,
        "name": "Generic Point 151",
        "x": -398.82318115234375,
        "y": 105.19622039794922,
        "z": 2273.983154296875
    },
    {
        "color": 4294967295,
        "name": "Generic Point 152",
        "x": -768.3553466796875,
        "y": 202.96324157714844,
        "z": 2920.835693359375
    },
    {
        "color": 4294967295,
        "name": "Generic Point 153",
        "x": -1171.4591064453125,
        "y": 296.8427429199219,
        "z": 2854.478271484375
    },
    {
        "color": 4294967295,
        "name": "Generic Point 154",
        "x": -838.8014526367188,
        "y": 132.21749877929688,
        "z": 2463.358642578125
    },
    {
        "color": 4294967295,
        "name": "Generic Point 155",
        "x": -1334.3258056640625,
        "y": 199.67044067382812,
        "z": 2219.604736328125
    },
    {
        "color": 4294967295,
        "name": "Generic Point 156",
        "x": -1743.266845703125,
        "y": 377.3208923339844,
        "z": 2254.77978515625
    },
    {
        "color": 4294967295,
        "name": "Generic Point 157",
        "x": -1746.3023681640625,
        "y": 194.55563354492188,
        "z": 2237.793212890625
    },
    {
        "color": 4294967295,
        "name": "Generic Point 158",
        "x": -1498.6539306640625,
        "y": 223.38253784179688,
        "z": 2501.33251953125
    },
    {
        "color": 4294967295,
        "name": "Generic Point 159",
        "x": -1476.9490966796875,
        "y": 278.43853759765625,
        "z": 3046.765625
    },
    {
        "color": 4294967295,
        "name": "Generic Point 16",
        "x": -2769.176513671875,
        "y": 173.67141723632812,
        "z": 5187.15478515625
    },
    {
        "color": 4294967295,
        "name": "Generic Point 160",
        "x": -1455.222900390625,
        "y": 129.6197509765625,
        "z": 3336.1953125
    },
    {
        "color": 4294967295,
        "name": "Generic Point 161",
        "x": -1243.2791748046875,
        "y": 241.95770263671875,
        "z": 3339.947265625
    },
    {
        "color": 4294967295,
        "name": "Generic Point 162",
        "x": 96.38671112060547,
        "y": 302.2162170410156,
        "z": 2311.15625
    },
    {
        "color": 4294967295,
        "name": "Generic Point 163",
        "x": -1329.079833984375,
        "y": 194.186279296875,
        "z": 3484.81884765625
    },
    {
        "color": 4294967295,
        "name": "Generic Point 164",
        "x": -1202.1510009765625,
        "y": 232.53709411621094,
        "z": 3589.726806640625
    },
    {
        "color": 4294967295,
        "name": "Generic Point 165",
        "x": -1067.490966796875,
        "y": 200.80276489257812,
        "z": 3567.550537109375
    },
    {
        "color": 4294967295,
        "name": "Generic Point 166",
        "x": -1261.9423828125,
        "y": 210.34500122070312,
        "z": 3882.759765625
    },
    {
        "color": 4294967295,
        "name": "Generic Point 167",
        "x": -1320.0260009765625,
        "y": 283.2219543457031,
        "z": 3720.902587890625
    },
    {
        "color": 4294967295,
        "name": "Generic Point 168",
        "x": -1598.5194091796875,
        "y": 286.3407287597656,
        "z": 3735.65283203125
    },
    {
        "color": 4294967295,
        "name": "Generic Point 169",
        "x": -1839.85546875,
        "y": 134.1880340576172,
        "z": 3514.225341796875
    },
    {
        "color": 4294967295,
        "name": "Generic Point 17",
        "x": -2816.24365234375,
        "y": 172.73597717285156,
        "z": 5126.98828125
    },
    {
        "color": 4294967295,
        "name": "Generic Point 170",
        "x": -1503.55615234375,
        "y": 192.76132202148438,
        "z": 3466.613037109375
    },
    {
        "color": 4294967295,
        "name": "Generic Point 171",
        "x": -1580.9407958984375,
        "y": 171.68600463867188,
        "z": 3385.165771484375
    },
    {
        "color": 4294967295,
        "name": "Generic Point 172",
        "x": -1813.0513916015625,
        "y": 157.54989624023438,
        "z": 3376.067626953125
    },
    {
        "color": 4294967295,
        "name": "Generic Point 173",
        "x": -8.636635780334473,
        "y": 264.2643127441406,
        "z": 2368.572509765625
    },
    {
        "color": 4294967295,
        "name": "Generic Point 174",
        "x": -1895.818359375,
        "y": 19.773332595825195,
        "z": 3185.65185546875
    },
    {
        "color": 4294967295,
        "name": "Generic Point 175",
        "x": -840.1812133789062,
        "y": 299.06072998046875,
        "z": 3155.5126953125
    },
    {
        "color": 4294967295,
        "name": "Generic Point 176",
        "x": -696.5112915039062,
        "y": 262.0034484863281,
        "z": 3275.30126953125
    },
    {
        "color": 4294967295,
        "name": "Generic Point 177",
        "x": -581.6294555664062,
        "y": 204.15155029296875,
        "z": 3310.403564453125
    },
    {
        "color": 4294967295,
        "name": "Generic Point 178",
        "x": -683.6180419921875,
        "y": 214.23672485351562,
        "z": 3570.760986328125
    },
    {
        "color": 4294967295,
        "name": "Generic Point 179",
        "x": -288.33685302734375,
        "y": 283.6651611328125,
        "z": 3677.375
    },
    {
        "color": 4294967295,
        "name": "Generic Point 18",
        "x": -2104.530517578125,
        "y": 11.834020614624023,
        "z": 5590.32421875
    },
    {
        "color": 4294967295,
        "name": "Generic Point 180",
        "x": -239.62705993652344,
        "y": 97.60560607910156,
        "z": 3927.252197265625
    },
    {
        "color": 4294967295,
        "name": "Generic Point 181",
        "x": -217.39328002929688,
        "y": 256.2702941894531,
        "z": 3632.669677734375
    },
    {
        "color": 4294967295,
        "name": "Generic Point 182",
        "x": -1636.416748046875,
        "y": 203.09239196777344,
        "z": 2592.316162109375
    },
    {
        "color": 4294967295,
        "name": "Generic Point 183",
        "x": -1556.994140625,
        "y": 523.9102172851562,
        "z": 2158.64697265625
    },
    {
        "color": 4294967295,
        "name": "Generic Point 184",
        "x": -88.647705078125,
        "y": 307.7254638671875,
        "z": 2144.748046875
    },
    {
        "color": 4294967295,
        "name": "Generic Point 185",
        "x": -1893.6070556640625,
        "y": 296.4955139160156,
        "z": 3194.674560546875
    },
    {
        "color": 4294967295,
        "name": "Generic Point 186",
        "x": -361.6850891113281,
        "y": 215.78619384765625,
        "z": 3341.301513671875
    },
    {
        "color": 4294967295,
        "name": "Generic Point 187",
        "x": 533.389892578125,
        "y": 98.3288803100586,
        "z": 2494.750732421875
    },
    {
        "color": 4294967295,
        "name": "Generic Point 188",
        "x": -245.87814331054688,
        "y": 219.64256286621094,
        "z": 2334.302978515625
    },
    {
        "color": 4294967295,
        "name": "Generic Point 189",
        "x": -399.4251708984375,
        "y": 106.20479583740234,
        "z": 2274.876220703125
    },
    {
        "color": 4294967295,
        "name": "Generic Point 19",
        "x": -2366.39794921875,
        "y": 132.49295043945312,
        "z": 5592.43896484375
    },
    {
        "color": 4294967295,
        "name": "Generic Point 190",
        "x": 161.04869079589844,
        "y": 197.0568389892578,
        "z": 2790.17724609375
    },
    {
        "color": 4294967295,
        "name": "Generic Point 191",
        "x": -1.995722770690918,
        "y": 274.2111511230469,
        "z": 2745.15185546875
    },
    {
        "color": 4294967295,
        "name": "Generic Point 192",
        "x": -2.2189254760742188,
        "y": 254.11866760253906,
        "z": 3059.0947265625
    },
    {
        "color": 4294967295,
        "name": "Generic Point 2",
        "x": -1833.2041015625,
        "y": 141.44175720214844,
        "z": 4999.02783203125
    },
    {
        "color": 4294967295,
        "name": "Generic Point 20",
        "x": -2335.1640625,
        "y": -52.578102111816406,
        "z": 5732.50244140625
    },
    {
        "color": 4294967295,
        "name": "Generic Point 21",
        "x": -2264.478759765625,
        "y": 357.28717041015625,
        "z": 4160.8359375
    },
    {
        "color": 4294967295,
        "name": "Generic Point 22",
        "x": -2425.246337890625,
        "y": -4.467256546020508,
        "z": 5836.80126953125
    },
    {
        "color": 4294967295,
        "name": "Generic Point 23",
        "x": -2259.15576171875,
        "y": -102.93121337890625,
        "z": 5956.5029296875
    },
    {
        "color": 4294967295,
        "name": "Generic Point 24",
        "x": -2171.357666015625,
        "y": -34.64815902709961,
        "z": 5861.3896484375
    },
    {
        "color": 4294967295,
        "name": "Generic Point 25",
        "x": -2123.423583984375,
        "y": 124.36276245117188,
        "z": 5954.53271484375
    },
    {
        "color": 4294967295,
        "name": "Generic Point 26",
        "x": -1939.7447509765625,
        "y": 114.15013122558594,
        "z": 5924.74853515625
    },
    {
        "color": 4294967295,
        "name": "Generic Point 27",
        "x": -2681.2529296875,
        "y": 295.1359558105469,
        "z": 4799.0859375
    },
    {
        "color": 4294967295,
        "name": "Generic Point 28",
        "x": -2782.4375,
        "y": 233.0380401611328,
        "z": 4645.33837890625
    },
    {
        "color": 4294967295,
        "name": "Generic Point 29",
        "x": -3307.55859375,
        "y": 258.4312744140625,
        "z": 4605.76318359375
    },
    {
        "color": 4294967295,
        "name": "Generic Point 3",
        "x": -2086.700439453125,
        "y": 313.77325439453125,
        "z": 4263.69970703125
    },
    {
        "color": 4294967295,
        "name": "Generic Point 30",
        "x": -2816.700439453125,
        "y": 31.89156150817871,
        "z": 4340.11328125
    },
    {
        "color": 4294967295,
        "name": "Generic Point 31",
        "x": -3196.77685546875,
        "y": 30.08285903930664,
        "z": 4283.59521484375
    },
    {
        "color": 4294967295,
        "name": "Generic Point 32",
        "x": -3342.697509765625,
        "y": 388.4046630859375,
        "z": 4722.888671875
    },
    {
        "color": 4294967295,
        "name": "Generic Point 33",
        "x": -2940.66259765625,
        "y": 320.5491943359375,
        "z": 4790.58984375
    },
    {
        "color": 4294967295,
        "name": "Generic Point 34",
        "x": -3020.39111328125,
        "y": 337.1966552734375,
        "z": 4628.87646484375
    },
    {
        "color": 4294967295,
        "name": "Generic Point 35",
        "x": -3136.34130859375,
        "y": 338.8092346191406,
        "z": 4706.7607421875
    },
    {
        "color": 4294967295,
        "name": "Generic Point 36",
        "x": -3182.3740234375,
        "y": 158.6750030517578,
        "z": 4618.05126953125
    },
    {
        "color": 4294967295,
        "name": "Generic Point 37",
        "x": -3242.23388671875,
        "y": 280.4527893066406,
        "z": 4644.3046875
    },
    {
        "color": 4294967295,
        "name": "Generic Point 38",
        "x": -2986.7255859375,
        "y": 262.6806640625,
        "z": 4729.5703125
    },
    {
        "color": 4294967295,
        "name": "Generic Point 39",
        "x": -2954.144775390625,
        "y": 226.18417358398438,
        "z": 5117.91796875
    },
    {
        "color": 4294967295,
        "name": "Generic Point 4",
        "x": -2137.530517578125,
        "y": 161.06463623046875,
        "z": 4788.99853515625
    },
    {
        "color": 4294967295,
        "name": "Generic Point 40",
        "x": -2687.000732421875,
        "y": 308.8539123535156,
        "z": 4159.9775390625
    },
    {
        "color": 4294967295,
        "name": "Generic Point 41",
        "x": -1876.154296875,
        "y": 291.9141540527344,
        "z": 3956.591796875
    },
    {
        "color": 4294967295,
        "name": "Generic Point 42",
        "x": -2381.3046875,
        "y": 150.34588623046875,
        "z": 4541.98681640625
    },
    {
        "color": 4294967295,
        "name": "Generic Point 43",
        "x": -1875.81494140625,
        "y": 290.2933044433594,
        "z": 4434.81298828125
    },
    {
        "color": 4294967295,
        "name": "Generic Point 44",
        "x": -2136.083251953125,
        "y": 241.09803771972656,
        "z": 4398.25146484375
    },
    {
        "color": 4294967295,
        "name": "Generic Point 45",
        "x": -1892.133056640625,
        "y": 220.9942169189453,
        "z": 4623.45068359375
    },
    {
        "color": 4294967295,
        "name": "Generic Point 46",
        "x": -1929.9337158203125,
        "y": 291.3038635253906,
        "z": 4117.390625
    },
    {
        "color": 4294967295,
        "name": "Generic Point 47",
        "x": -1563.86181640625,
        "y": 247.1693115234375,
        "z": 4104.26953125
    },
    {
        "color": 4294967295,
        "name": "Generic Point 48",
        "x": -1396.213623046875,
        "y": 173.36337280273438,
        "z": 4255.7900390625
    },
    {
        "color": 4294967295,
        "name": "Generic Point 49",
        "x": -1427.82861328125,
        "y": 94.2659912109375,
        "z": 4276.3037109375
    },
    {
        "color": 4294967295,
        "name": "Generic Point 5",
        "x": -2349.5556640625,
        "y": 104.98081970214844,
        "z": 4889.91064453125
    },
    {
        "color": 4294967295,
        "name": "Generic Point 50",
        "x": -398.82318115234375,
        "y": 105.19622039794922,
        "z": 2273.983154296875
    },
    {
        "color": 4294967295,
        "name": "Generic Point 51",
        "x": -768.3553466796875,
        "y": 202.96324157714844,
        "z": 2920.835693359375
    },
    {
        "color": 4294967295,
        "name": "Generic Point 52",
        "x": -1171.4591064453125,
        "y": 296.8427429199219,
        "z": 2854.478271484375
    },
    {
        "color": 4294967295,
        "name": "Generic Point 53",
        "x": -838.8014526367188,
        "y": 132.21749877929688,
        "z": 2463.358642578125
    },
    {
        "color": 4294967295,
        "name": "Generic Point 54",
        "x": -1334.3258056640625,
        "y": 199.67044067382812,
        "z": 2219.604736328125
    },
    {
        "color": 4294967295,
        "name": "Generic Point 55",
        "x": -1743.266845703125,
        "y": 377.3208923339844,
        "z": 2254.77978515625
    },
    {
        "color": 4294967295,
        "name": "Generic Point 56",
        "x": -1746.3023681640625,
        "y": 194.55563354492188,
        "z": 2237.793212890625
    },
    {
        "color": 4294967295,
        "name": "Generic Point 57",
        "x": -1498.6539306640625,
        "y": 223.38253784179688,
        "z": 2501.33251953125
    },
    {
        "color": 4294967295,
        "name": "Generic Point 58",
        "x": -1476.9490966796875,
        "y": 278.43853759765625,
        "z": 3046.765625
    },
    {
        "color": 4294967295,
        "name": "Generic Point 59",
        "x": -1455.222900390625,
        "y": 129.6197509765625,
        "z": 3336.1953125
    },
    {
        "color": 4294967295,
        "name": "Generic Point 6",
        "x": -2351.830322265625,
        "y": 150.37806701660156,
        "z": 4997.82568359375
    },
    {
        "color": 4294967295,
        "name": "Generic Point 60",
        "x": -1243.2791748046875,
        "y": 241.95770263671875,
        "z": 3339.947265625
    },
    {
        "color": 4294967295,
        "name": "Generic Point 61",
        "x": 96.38671112060547,
        "y": 302.2162170410156,
        "z": 2311.15625
    },
    {
        "color": 4294967295,
        "name": "Generic Point 62",
        "x": -1329.079833984375,
        "y": 194.186279296875,
        "z": 3484.81884765625
    },
    {
        "color": 4294967295,
        "name": "Generic Point 63",
        "x": -1202.1510009765625,
        "y": 232.53709411621094,
        "z": 3589.726806640625
    },
    {
        "color": 4294967295,
        "name": "Generic Point 64",
        "x": -1067.490966796875,
        "y": 200.80276489257812,
        "z": 3567.550537109375
    },
    {
        "color": 4294967295,
        "name": "Generic Point 65",
        "x": -1261.9423828125,
        "y": 210.34500122070312,
        "z": 3882.759765625
    },
    {
        "color": 4294967295,
        "name": "Generic Point 66",
        "x": -1320.0260009765625,
        "y": 283.2219543457031,
        "z": 3720.902587890625
    },
    {
        "color": 4294967295,
        "name": "Generic Point 67",
        "x": -1598.5194091796875,
        "y": 286.3407287597656,
        "z": 3735.65283203125
    },
    {
        "color": 4294967295,
        "name": "Generic Point 68",
        "x": -1839.85546875,
        "y": 134.1880340576172,
        "z": 3514.225341796875
    },
    {
        "color": 4294967295,
        "name": "Generic Point 69",
        "x": -1503.55615234375,
        "y": 192.76132202148438,
        "z": 3466.613037109375
    },
    {
        "color": 4294967295,
        "name": "Generic Point 7",
        "x": -2350.14306640625,
        "y": 104.8792495727539,
        "z": 5280.0859375
    },
    {
        "color": 4294967295,
        "name": "Generic Point 70",
        "x": -1580.9407958984375,
        "y": 171.68600463867188,
        "z": 3385.165771484375
    },
    {
        "color": 4294967295,
        "name": "Generic Point 71",
        "x": -1813.0513916015625,
        "y": 157.54989624023438,
        "z": 3376.067626953125
    },
    {
        "color": 4294967295,
        "name": "Generic Point 72",
        "x": -8.636635780334473,
        "y": 264.2643127441406,
        "z": 2368.572509765625
    },
    {
        "color": 4294967295,
        "name": "Generic Point 73",
        "x": -1895.818359375,
        "y": 19.773332595825195,
        "z": 3185.65185546875
    },
    {
        "color": 4294967295,
        "name": "Generic Point 74",
        "x": -840.1812133789062,
        "y": 299.06072998046875,
        "z": 3155.5126953125
    },
    {
        "color": 4294967295,
        "name": "Generic Point 75",
        "x": -696.5112915039062,
        "y": 262.0034484863281,
        "z": 3275.30126953125
    },
    {
        "color": 4294967295,
        "name": "Generic Point 76",
        "x": -581.6294555664062,
        "y": 204.15155029296875,
        "z": 3310.403564453125
    },
    {
        "color": 4294967295,
        "name": "Generic Point 77",
        "x": -683.6180419921875,
        "y": 214.23672485351562,
        "z": 3570.760986328125
    },
    {
        "color": 4294967295,
        "name": "Generic Point 78",
        "x": -288.33685302734375,
        "y": 283.6651611328125,
        "z": 3677.375
    },
    {
        "color": 4294967295,
        "name": "Generic Point 79",
        "x": -239.62705993652344,
        "y": 97.60560607910156,
        "z": 3927.252197265625
    },
    {
        "color": 4294967295,
        "name": "Generic Point 8",
        "x": -2635.07568359375,
        "y": -68.10987091064453,
        "z": 5349.8115234375
    },
    {
        "color": 4294967295,
        "name": "Generic Point 80",
        "x": -217.39328002929688,
        "y": 256.2702941894531,
        "z": 3632.669677734375
    },
    {
        "color": 4294967295,
        "name": "Generic Point 81",
        "x": -1636.416748046875,
        "y": 203.09239196777344,
        "z": 2592.316162109375
    },
    {
        "color": 4294967295,
        "name": "Generic Point 82",
        "x": -1556.994140625,
        "y": 523.9102172851562,
        "z": 2158.64697265625
    },
    {
        "color": 4294967295,
        "name": "Generic Point 83",
        "x": -88.647705078125,
        "y": 307.7254638671875,
        "z": 2144.748046875
    },
    {
        "color": 4294967295,
        "name": "Generic Point 84",
        "x": -1893.6070556640625,
        "y": 296.4955139160156,
        "z": 3194.674560546875
    },
    {
        "color": 4294967295,
        "name": "Generic Point 85",
        "x": -361.6850891113281,
        "y": 215.78619384765625,
        "z": 3341.301513671875
    },
    {
        "color": 4294967295,
        "name": "Generic Point 86",
        "x": 533.389892578125,
        "y": 98.3288803100586,
        "z": 2494.750732421875
    },
    {
        "color": 4294967295,
        "name": "Generic Point 87",
        "x": 260.93817138671875,
        "y": 362.9593505859375,
        "z": 2071.4765625
    },
    {
        "color": 4294967295,
        "name": "Generic Point 88",
        "x": -245.87814331054688,
        "y": 219.64256286621094,
        "z": 2334.302978515625
    },
    {
        "color": 4294967295,
        "name": "Generic Point 89",
        "x": -399.4251708984375,
        "y": 106.20479583740234,
        "z": 2274.876220703125
    },
    {
        "color": 4294967295,
        "name": "Generic Point 9",
        "x": -2742.41015625,
        "y": -49.91514205932617,
        "z": 5372.5380859375
    },
    {
        "color": 4294967295,
        "name": "Generic Point 90",
        "x": 161.04869079589844,
        "y": 197.0568389892578,
        "z": 2790.17724609375
    },
    {
        "color": 4294967295,
        "name": "Generic Point 91",
        "x": -1.995722770690918,
        "y": 274.2111511230469,
        "z": 2745.15185546875
    },
    {
        "color": 4294967295,
        "name": "Generic Point 92",
        "x": -2.2189254760742188,
        "y": 254.11866760253906,
        "z": 3059.0947265625
    },
    {
        "color": 4294967295,
        "name": "Generic Point 93",
        "x": -448.5834655761719,
        "y": 66.45706176757812,
        "z": 5799.7548828125
    },
    {
        "color": 4294967295,
        "name": "Generic Point 94",
        "x": 384.4436340332031,
        "y": 228.76707458496094,
        "z": 6447.0390625
    },
    {
        "color": 4294967295,
        "name": "Generic Point 95",
        "x": 483.529296875,
        "y": 129.557861328125,
        "z": 6505.849609375
    },
    {
        "color": 4294967295,
        "name": "Generic Point 96",
        "x": 549.2742309570312,
        "y": 76.41310119628906,
        "z": 6292.15087890625
    },
    {
        "color": 4294967295,
        "name": "Generic Point 97",
        "x": 1054.4627685546875,
        "y": 122.92085266113281,
        "z": 6497.2822265625
    },
    {
        "color": 4294967295,
        "name": "Generic Point 98",
        "x": 727.653076171875,
        "y": 329.3015441894531,
        "z": 6542.8662109375
    },
    {
        "color": 4294967295,
        "name": "Generic Point 99",
        "x": 1104.599365234375,
        "y": 200.89295959472656,
        "z": 6409.9287109375
    }
]