[
    {
        "color": 4294967295,
        "name": "Generic Point 0",
        "x": -6190.44677734375,
        "y": 204.93930053710938,
        "z": -3251.633056640625
    },
    {
        "color": 4294967295,
        "name": "Generic Point 1",
        "x": -6253.5703125,
        "y": 204.2577362060547,
        "z": -2828.607666015625
    },
    {
        "color": 4294967295,
        "name": "Generic Point 10",
        "x": -6179.5576171875,
        "y": 221.39495849609375,
        "z": -2475.453125
    },
    {
        "color": 4294967295,
        "name": "Generic Point 11",
        "x": -6252.41650390625,
        "y": 202.2845916748047,
        "z": -3138.84375
    },
    {
        "color": 4294967295,
        "name": "Generic Point 12",
        "x": -6227.9072265625,
        "y": 232.6217041015625,
        "z": -2479.5478515625
    },
    {
        "color": 4294967295,
        "name": "Generic Point 13",
        "x": -6277.443359375,
        "y": 248.6339874267578,
        "z": -2529.826416015625
    },
    {
        "color": 4294967295,
        "name": "Generic Point 14",
        "x": -5785.8828125,
        "y": 211.24496459960938,
        "z": -2597.3369140625
    },
    {
        "color": 4294967295,
        "name": "Generic Point 15",
        "x": -6275.87451171875,
        "y": 218.2884521484375,
        "z": -2967.396728515625
    },
    {
        "color": 4294967295,
        "name": "Generic Point 16",
        "x": -6275.3798828125,
        "y": 229.68157958984375,
        "z": -2867.445556640625
    },
    {
        "color": 4294967295,
        "name": "Generic Point 17",
        "x": -6275.5439453125,
        "y": 231.2118377685547,
        "z": -2856.98388671875
    },
    {
        "color": 4294967295,
        "name": "Generic Point 18",
        "x": -6310.1416015625,
        "y": 246.63204956054688,
        "z": -2803.19921875
    },
    {
        "color": 4294967295,
        "name": "Generic Point 19",
        "x": -6424.484375,
        "y": 238.6818084716797,
        "z": -2809.46435546875
    },
    {
        "color": 4294967295,
        "name": "Generic Point 2",
        "x": -6201.21142578125,
        "y": 201.2267303466797,
        "z": -2814.34326171875
    },
    {
        "color": 4294967295,
        "name": "Generic Point 20",
        "x": -6422.83740234375,
        "y": 200.88882446289062,
        "z": -2845.97607421875
    },
    {
        "color": 4294967295,
        "name": "Generic Point 21",
        "x": -6488.81884765625,
        "y": 201.19674682617188,
        "z": -2682.253173828125
    },
    {
        "color": 4294967295,
        "name": "Generic Point 3",
        "x": -6054.7138671875,
        "y": 219.48545837402344,
        "z": -2885.229248046875
    },
    {
        "color": 4294967295,
        "name": "Generic Point 4",
        "x": -6048.51025390625,
        "y": 220.4526824951172,
        "z": -2887.45556640625
    },
    {
        "color": 4294967295,
        "name": "Generic Point 5",
        "x": -6079.61865234375,
        "y": 209.68617248535156,
        "z": -2878.3623046875
    },
    {
        "color": 4294967295,
        "name": "Generic Point 6",
        "x": -6182.59326171875,
        "y": 237.49124145507812,
        "z": -2610.270751953125
    },
    {
        "color": 4294967295,
        "name": "Generic Point 7",
        "x": -6112.5654296875,
        "y": 200.61483764648438,
        "z": -2635.203369140625
    },
    {
        "color": 4294967295,
        "name": "Generic Point 8",
        "x": -6082.46533203125,
        "y": 202.3453369140625,
        "z": -2555.30126953125
    },
    {
        "color": 4294967295,
        "name": "Generic Point 9",
        "x": -6086.5517578125,
        "y": 202.27330017089844,
        "z": -2479.968994140625
    }
]