[
    {
        "color": 4294967295,
        "name": "Generic Point 0",
        "x": -3290.839111328125,
        "y": 223.18875122070312,
        "z": -3403.371826171875
    },
    {
        "color": 4294967295,
        "name": "Generic Point 1",
        "x": -3785.606689453125,
        "y": 269.1801452636719,
        "z": -3196.958251953125
    },
    {
        "color": 4294967295,
        "name": "Generic Point 10",
        "x": -3712.208740234375,
        "y": 201.44561767578125,
        "z": -3137.946044921875
    },
    {
        "color": 4294967295,
        "name": "Generic Point 11",
        "x": -3279.30908203125,
        "y": 201.30899047851562,
        "z": -3648.386474609375
    },
    {
        "color": 4294967295,
        "name": "Generic Point 12",
        "x": -3673.928955078125,
        "y": 270.6251525878906,
        "z": -2999.668212890625
    },
    {
        "color": 4294967295,
        "name": "Generic Point 13",
        "x": -2945.43603515625,
        "y": 200.9210662841797,
        "z": -3312.23486328125
    },
    {
        "color": 4294967295,
        "name": "Generic Point 14",
        "x": -3769.33935546875,
        "y": 200.9774932861328,
        "z": -3485.29248046875
    },
    {
        "color": 4294967295,
        "name": "Generic Point 15",
        "x": -3448.52880859375,
        "y": 201.17124938964844,
        "z": -3406.30224609375
    },
    {
        "color": 4294967295,
        "name": "Generic Point 16",
        "x": -3456.85205078125,
        "y": 202.62953186035156,
        "z": -3330.307861328125
    },
    {
        "color": 4294967295,
        "name": "Generic Point 17",
        "x": -3588.480712890625,
        "y": 217.8568115234375,
        "z": -3302.399169921875
    },
    {
        "color": 4294967295,
        "name": "Generic Point 18",
        "x": -3426.049560546875,
        "y": 201.1741485595703,
        "z": -2941.417236328125
    },
    {
        "color": 4294967295,
        "name": "Generic Point 19",
        "x": -3488.9482421875,
        "y": 224.45068359375,
        "z": -3088.5439453125
    },
    {
        "color": 4294967295,
        "name": "Generic Point 2",
        "x": -3913.16845703125,
        "y": 274.2950134277344,
        "z": -3179.811279296875
    },
    {
        "color": 4294967295,
        "name": "Generic Point 20",
        "x": -3629.43505859375,
        "y": 280.9186706542969,
        "z": -3068.680908203125
    },
    {
        "color": 4294967295,
        "name": "Generic Point 3",
        "x": -3932.68798828125,
        "y": 225.98696899414062,
        "z": -3289.249267578125
    },
    {
        "color": 4294967295,
        "name": "Generic Point 4",
        "x": -4012.327392578125,
        "y": 201.88172912597656,
        "z": -3121.228271484375
    },
    {
        "color": 4294967295,
        "name": "Generic Point 5",
        "x": -3933.15380859375,
        "y": 213.6698455810547,
        "z": -2908.00146484375
    },
    {
        "color": 4294967295,
        "name": "Generic Point 6",
        "x": -3928.407958984375,
        "y": 261.0516662597656,
        "z": -3002.354736328125
    },
    {
        "color": 4294967295,
        "name": "Generic Point 7",
        "x": -3716.371337890625,
        "y": 274.9361572265625,
        "z": -3124.147216796875
    },
    {
        "color": 4294967295,
        "name": "Generic Point 8",
        "x": -3786.906982421875,
        "y": 258.92889404296875,
        "z": -3092.051025390625
    },
    {
        "color": 4294967295,
        "name": "Generic Point 9",
        "x": -3771.924560546875,
        "y": 201.16900634765625,
        "z": -3134.459228515625
    }
]