[
    {
        "color": 4294967295,
        "name": "Generic Point 0",
        "x": 2390.3779296875,
        "y": 477.4095153808594,
        "z": 4683.4912109375
    },
    {
        "color": 4294967295,
        "name": "Generic Point 1",
        "x": 3820.104736328125,
        "y": 455.0028076171875,
        "z": 4518.90673828125
    },
    {
        "color": 4294967295,
        "name": "Generic Point 10",
        "x": 4028.20947265625,
        "y": 451.7945556640625,
        "z": 4574.416015625
    },
    {
        "color": 4294967295,
        "name": "Generic Point 11",
        "x": 3874.8701171875,
        "y": 464.7773742675781,
        "z": 4569.3427734375
    },
    {
        "color": 4294967295,
        "name": "Generic Point 2",
        "x": 4013.06103515625,
        "y": 481.7405090332031,
        "z": 4705.205078125
    },
    {
        "color": 4294967295,
        "name": "Generic Point 3",
        "x": 3521.77978515625,
        "y": 456.03265380859375,
        "z": 3834.828369140625
    },
    {
        "color": 4294967295,
        "name": "Generic Point 4",
        "x": 2591.048828125,
        "y": 507.447998046875,
        "z": 4158.95556640625
    },
    {
        "color": 4294967295,
        "name": "Generic Point 5",
        "x": 2356.016357421875,
        "y": 478.73291015625,
        "z": 4157.0888671875
    },
    {
        "color": 4294967295,
        "name": "Generic Point 6",
        "x": 2559.588623046875,
        "y": 468.6392517089844,
        "z": 5091.212890625
    },
    {
        "color": 4294967295,
        "name": "Generic Point 7",
        "x": 2764.135986328125,
        "y": 456.5316467285156,
        "z": 4826.19189453125
    },
    {
        "color": 4294967295,
        "name": "Generic Point 8",
        "x": 2943.36474609375,
        "y": 471.21563720703125,
        "z": 4754.86767578125
    },
    {
        "color": 4294967295,
        "name": "Generic Point 9",
        "x": 2989.31884765625,
        "y": 440.8141784667969,
        "z": 5250.4228515625
    }
]