[
    {
        "color": 4294967295,
        "name": "Generic Point 0",
        "x": 378.9583740234375,
        "y": 253.41815185546875,
        "z": 2315.215087890625
    },
    {
        "color": 4294967295,
        "name": "Generic Point 1",
        "x": -1465.150390625,
        "y": 267.37542724609375,
        "z": 2876.702392578125
    },
    {
        "color": 4294967295,
        "name": "Generic Point 10",
        "x": 333.36810302734375,
        "y": 364.17828369140625,
        "z": 2529.348388671875
    },
    {
        "color": 4294967295,
        "name": "Generic Point 11",
        "x": -245.9093017578125,
        "y": 302.8616027832031,
        "z": 2116.761474609375
    },
    {
        "color": 4294967295,
        "name": "Generic Point 12",
        "x": 325.51239013671875,
        "y": 406.0985412597656,
        "z": 2457.90771484375
    },
    {
        "color": 4294967295,
        "name": "Generic Point 13",
        "x": -38.09053421020508,
        "y": 277.7641906738281,
        "z": 2761.23193359375
    },
    {
        "color": 4294967295,
        "name": "Generic Point 14",
        "x": -86.00114440917969,
        "y": 202.83746337890625,
        "z": 2587.05322265625
    },
    {
        "color": 4294967295,
        "name": "Generic Point 15",
        "x": -268.95733642578125,
        "y": 194.9643096923828,
        "z": 2519.681884765625
    },
    {
        "color": 4294967295,
        "name": "Generic Point 16",
        "x": -381.4456481933594,
        "y": 201.97889709472656,
        "z": 2982.44970703125
    },
    {
        "color": 4294967295,
        "name": "Generic Point 17",
        "x": -329.57806396484375,
        "y": 221.06002807617188,
        "z": 3118.2724609375
    },
    {
        "color": 4294967295,
        "name": "Generic Point 18",
        "x": -472.2371520996094,
        "y": 202.1920623779297,
        "z": 3160.578369140625
    },
    {
        "color": 4294967295,
        "name": "Generic Point 19",
        "x": -347.2206115722656,
        "y": 216.08216857910156,
        "z": 3367.38671875
    },
    {
        "color": 4294967295,
        "name": "Generic Point 2",
        "x": -1499.586669921875,
        "y": 201.29232788085938,
        "z": 2734.691162109375
    },
    {
        "color": 4294967295,
        "name": "Generic Point 20",
        "x": -394.81561279296875,
        "y": 124.16010284423828,
        "z": 3921.100341796875
    },
    {
        "color": 4294967295,
        "name": "Generic Point 21",
        "x": -616.6729125976562,
        "y": 146.4388885498047,
        "z": 3499.684326171875
    },
    {
        "color": 4294967295,
        "name": "Generic Point 22",
        "x": -299.9165954589844,
        "y": 251.3474578857422,
        "z": 3893.99267578125
    },
    {
        "color": 4294967295,
        "name": "Generic Point 23",
        "x": -737.2086181640625,
        "y": 256.2636413574219,
        "z": 3192.400390625
    },
    {
        "color": 4294967295,
        "name": "Generic Point 24",
        "x": -737.1156616210938,
        "y": 221.37255859375,
        "z": 3005.489990234375
    },
    {
        "color": 4294967295,
        "name": "Generic Point 25",
        "x": -755.5638427734375,
        "y": 203.14898681640625,
        "z": 2891.612548828125
    },
    {
        "color": 4294967295,
        "name": "Generic Point 26",
        "x": -623.4692993164062,
        "y": 159.0963592529297,
        "z": 2721.862548828125
    },
    {
        "color": 4294967295,
        "name": "Generic Point 27",
        "x": -996.8970947265625,
        "y": 201.306640625,
        "z": 2710.058837890625
    },
    {
        "color": 4294967295,
        "name": "Generic Point 28",
        "x": -1020.7379760742188,
        "y": 245.51463317871094,
        "z": 2517.69140625
    },
    {
        "color": 4294967295,
        "name": "Generic Point 29",
        "x": -1010.4765625,
        "y": 247.69784545898438,
        "z": 2331.176025390625
    },
    {
        "color": 4294967295,
        "name": "Generic Point 3",
        "x": -1665.8900146484375,
        "y": 333.2926940917969,
        "z": 2346.509033203125
    },
    {
        "color": 4294967295,
        "name": "Generic Point 30",
        "x": -1090.8583984375,
        "y": 272.9819030761719,
        "z": 2161.062255859375
    },
    {
        "color": 4294967295,
        "name": "Generic Point 31",
        "x": -1124.2999267578125,
        "y": 257.7464599609375,
        "z": 2228.0947265625
    },
    {
        "color": 4294967295,
        "name": "Generic Point 32",
        "x": -1211.8260498046875,
        "y": 141.35867309570312,
        "z": 2284.791748046875
    },
    {
        "color": 4294967295,
        "name": "Generic Point 33",
        "x": -536.3049926757812,
        "y": 227.28317260742188,
        "z": 3171.052978515625
    },
    {
        "color": 4294967295,
        "name": "Generic Point 34",
        "x": -1474.5489501953125,
        "y": 354.81768798828125,
        "z": 2119.578125
    },
    {
        "color": 4294967295,
        "name": "Generic Point 35",
        "x": -1727.2469482421875,
        "y": 322.7374267578125,
        "z": 2347.94287109375
    },
    {
        "color": 4294967295,
        "name": "Generic Point 36",
        "x": -1768.3006591796875,
        "y": 304.956787109375,
        "z": 2356.76416015625
    },
    {
        "color": 4294967295,
        "name": "Generic Point 37",
        "x": -1925.1839599609375,
        "y": 329.0755310058594,
        "z": 2592.17041015625
    },
    {
        "color": 4294967295,
        "name": "Generic Point 38",
        "x": -2002.921875,
        "y": 237.87379455566406,
        "z": 2718.506591796875
    },
    {
        "color": 4294967295,
        "name": "Generic Point 39",
        "x": -1953.597412109375,
        "y": 205.21449279785156,
        "z": 2941.0361328125
    },
    {
        "color": 4294967295,
        "name": "Generic Point 4",
        "x": -567.4701538085938,
        "y": 131.49755859375,
        "z": 2266.02783203125
    },
    {
        "color": 4294967295,
        "name": "Generic Point 40",
        "x": -1829.348388671875,
        "y": 137.98080444335938,
        "z": 3054.298583984375
    },
    {
        "color": 4294967295,
        "name": "Generic Point 41",
        "x": -1722.29931640625,
        "y": 224.63906860351562,
        "z": 3149.681884765625
    },
    {
        "color": 4294967295,
        "name": "Generic Point 42",
        "x": -1693.50634765625,
        "y": 181.24391174316406,
        "z": 3084.5380859375
    },
    {
        "color": 4294967295,
        "name": "Generic Point 43",
        "x": -1523.1981201171875,
        "y": 242.675048828125,
        "z": 2847.641845703125
    },
    {
        "color": 4294967295,
        "name": "Generic Point 44",
        "x": -768.7075805664062,
        "y": 223.64369201660156,
        "z": 3010.5283203125
    },
    {
        "color": 4294967295,
        "name": "Generic Point 45",
        "x": -1579.3721923828125,
        "y": 200.8011932373047,
        "z": 2536.142578125
    },
    {
        "color": 4294967295,
        "name": "Generic Point 46",
        "x": -1282.82470703125,
        "y": 275.02252197265625,
        "z": 2599.869873046875
    },
    {
        "color": 4294967295,
        "name": "Generic Point 47",
        "x": -1185.566162109375,
        "y": 285.4063720703125,
        "z": 2518.339599609375
    },
    {
        "color": 4294967295,
        "name": "Generic Point 48",
        "x": -1008.0001220703125,
        "y": 292.65582275390625,
        "z": 3811.740234375
    },
    {
        "color": 4294967295,
        "name": "Generic Point 49",
        "x": -1042.7353515625,
        "y": 170.72698974609375,
        "z": 3746.9306640625
    },
    {
        "color": 4294967295,
        "name": "Generic Point 5",
        "x": -580.89111328125,
        "y": 106.59590911865234,
        "z": 2226.676513671875
    },
    {
        "color": 4294967295,
        "name": "Generic Point 50",
        "x": -1320.435791015625,
        "y": 300.47161865234375,
        "z": 3871.294189453125
    },
    {
        "color": 4294967295,
        "name": "Generic Point 51",
        "x": -1283.966552734375,
        "y": 284.0008239746094,
        "z": 3562.3681640625
    },
    {
        "color": 4294967295,
        "name": "Generic Point 52",
        "x": -1191.4068603515625,
        "y": 235.5564422607422,
        "z": 3701.21435546875
    },
    {
        "color": 4294967295,
        "name": "Generic Point 53",
        "x": -1507.71044921875,
        "y": 246.4867401123047,
        "z": 3681.916748046875
    },
    {
        "color": 4294967295,
        "name": "Generic Point 54",
        "x": -1802.23046875,
        "y": 381.94317626953125,
        "z": 3742.0625
    },
    {
        "color": 4294967295,
        "name": "Generic Point 55",
        "x": -1152.6002197265625,
        "y": 236.37413024902344,
        "z": 3493.558349609375
    },
    {
        "color": 4294967295,
        "name": "Generic Point 56",
        "x": -1910.463623046875,
        "y": 364.98870849609375,
        "z": 3495.14501953125
    },
    {
        "color": 4294967295,
        "name": "Generic Point 57",
        "x": -1797.239013671875,
        "y": 156.38241577148438,
        "z": 3388.6103515625
    },
    {
        "color": 4294967295,
        "name": "Generic Point 58",
        "x": -1477.984619140625,
        "y": 202.4715118408203,
        "z": 3478.906982421875
    },
    {
        "color": 4294967295,
        "name": "Generic Point 59",
        "x": -1388.268798828125,
        "y": 199.79110717773438,
        "z": 3299.364013671875
    },
    {
        "color": 4294967295,
        "name": "Generic Point 6",
        "x": -579.8327026367188,
        "y": 104.24056243896484,
        "z": 2330.113525390625
    },
    {
        "color": 4294967295,
        "name": "Generic Point 60",
        "x": -1339.3272705078125,
        "y": 192.49522399902344,
        "z": 3331.32861328125
    },
    {
        "color": 4294967295,
        "name": "Generic Point 61",
        "x": -963.4708251953125,
        "y": 399.2926025390625,
        "z": 3188.620849609375
    },
    {
        "color": 4294967295,
        "name": "Generic Point 62",
        "x": -885.7416381835938,
        "y": 300.4614562988281,
        "z": 3124.73095703125
    },
    {
        "color": 4294967295,
        "name": "Generic Point 63",
        "x": -997.7153930664062,
        "y": 337.70556640625,
        "z": 3121.959228515625
    },
    {
        "color": 4294967295,
        "name": "Generic Point 64",
        "x": -1045.4996337890625,
        "y": 277.42156982421875,
        "z": 2993.3203125
    },
    {
        "color": 4294967295,
        "name": "Generic Point 65",
        "x": -1338.7935791015625,
        "y": 199.8607177734375,
        "z": 3210.403564453125
    },
    {
        "color": 4294967295,
        "name": "Generic Point 66",
        "x": -1122.8128662109375,
        "y": 291.4373474121094,
        "z": 3047.198486328125
    },
    {
        "color": 4294967295,
        "name": "Generic Point 67",
        "x": -1171.6876220703125,
        "y": 269.4990234375,
        "z": 3347.690185546875
    },
    {
        "color": 4294967295,
        "name": "Generic Point 68",
        "x": -1095.1778564453125,
        "y": 265.27276611328125,
        "z": 3304.049560546875
    },
    {
        "color": 4294967295,
        "name": "Generic Point 69",
        "x": -911.9708251953125,
        "y": 267.5108947753906,
        "z": 3433.966552734375
    },
    {
        "color": 4294967295,
        "name": "Generic Point 7",
        "x": -195.41961669921875,
        "y": 337.2953186035156,
        "z": 2074.915283203125
    },
    {
        "color": 4294967295,
        "name": "Generic Point 70",
        "x": -974.745361328125,
        "y": 239.927490234375,
        "z": 3457.1142578125
    },
    {
        "color": 4294967295,
        "name": "Generic Point 71",
        "x": -915.9559326171875,
        "y": 197.27333068847656,
        "z": 3608.500732421875
    },
    {
        "color": 4294967295,
        "name": "Generic Point 72",
        "x": -814.4375610351562,
        "y": 12.44267749786377,
        "z": 3187.10302734375
    },
    {
        "color": 4294967295,
        "name": "Generic Point 73",
        "x": -275.8847351074219,
        "y": 192.78399658203125,
        "z": 3252.5595703125
    },
    {
        "color": 4294967295,
        "name": "Generic Point 74",
        "x": -1913.15966796875,
        "y": 367.09136962890625,
        "z": 3503.8134765625
    },
    {
        "color": 4294967295,
        "name": "Generic Point 75",
        "x": -1864.1085205078125,
        "y": 254.5991973876953,
        "z": 2910.9619140625
    },
    {
        "color": 4294967295,
        "name": "Generic Point 76",
        "x": -297.95758056640625,
        "y": 251.49725341796875,
        "z": 3893.337646484375
    },
    {
        "color": 4294967295,
        "name": "Generic Point 8",
        "x": 37.076904296875,
        "y": 456.57012939453125,
        "z": 2069.17138671875
    },
    {
        "color": 4294967295,
        "name": "Generic Point 9",
        "x": 165.40664672851562,
        "y": 426.715576171875,
        "z": 2129.409423828125
    }
]