[
    {
        "color": 4294967295,
        "name": "Generic Point 0",
        "x": 2872.78,
        "y": 288.02,
        "z": -1187.95
    },
    {
        "color": 4294967295,
        "name": "Generic Point 1",
        "x": 1896.67,
        "y": 204.01,
        "z": -1259.54
    },
    {
        "color": 4294967295,
        "name": "Generic Point 10",
        "x": -613.78,
        "y": 185.28,
        "z": 1063.19
    },
    {
        "color": 4294967295,
        "name": "Generic Point 11",
        "x": 157.33,
        "y": 189.46,
        "z": 1326.21
    },
    {
        "color": 4294967295,
        "name": "Generic Point 12",
        "x": 406.23,
        "y": 182.15,
        "z": 863.71
    },
    {
        "color": 4294967295,
        "name": "Generic Point 13",
        "x": 845.5,
        "y": 390.16,
        "z": 1465.22
    },
    {
        "color": 4294967295,
        "name": "Generic Point 2",
        "x": 1462.36,
        "y": 273.11,
        "z": -1545.36
    },
    {
        "color": 4294967295,
        "name": "Generic Point 3",
        "x": 1634.33,
        "y": 346.25,
        "z": -2129.56
    },
    {
        "color": 4294967295,
        "name": "Generic Point 4",
        "x": 1980.06,
        "y": 265.66,
        "z": -310.22
    },
    {
        "color": 4294967295,
        "name": "Generic Point 5",
        "x": 2583.71,
        "y": 258.66,
        "z": 196.77
    },
    {
        "color": 4294967295,
        "name": "Generic Point 6",
        "x": 1572.63,
        "y": 301.07,
        "z": 174.87
    },
    {
        "color": 4294967295,
        "name": "Generic Point 7",
        "x": 1909.01,
        "y": 220.32,
        "z": 622.34
    },
    {
        "color": 4294967295,
        "name": "Generic Point 8",
        "x": 654.16,
        "y": 288.25,
        "z": -390.18
    },
    {
        "color": 4294967295,
        "name": "Generic Point 9",
        "x": -177.12,
        "y": 323.84,
        "z": 129.46
    }
]