[
    {
        "color": 4294967295,
        "name": "Generic Point 0",
        "x": -389.225,
        "y": 185.576,
        "z": 1432.871
    },
    {
        "color": 4294967295,
        "name": "Generic Point 1",
        "x": -196.013,
        "y": 207.951,
        "z": 1631.538
    },
    {
        "color": 4294967295,
        "name": "Generic Point 10",
        "x": 284.107,
        "y": 157.736,
        "z": 863.052
    },
    {
        "color": 4294967295,
        "name": "Generic Point 100",
        "x": 8.412,
        "y": 215.419,
        "z": 1625.309
    },
    {
        "color": 4294967295,
        "name": "Generic Point 101",
        "x": -93.069,
        "y": 243.682,
        "z": 144.231
    },
    {
        "color": 4294967295,
        "name": "Generic Point 102",
        "x": -84.337,
        "y": 216.273,
        "z": 171.681
    },
    {
        "color": 4294967295,
        "name": "Generic Point 103",
        "x": -85.982,
        "y": 234.861,
        "z": 204.073
    },
    {
        "color": 4294967295,
        "name": "Generic Point 104",
        "x": -100.224,
        "y": 240.122,
        "z": 175.269
    },
    {
        "color": 4294967295,
        "name": "Generic Point 105",
        "x": -115.702,
        "y": 241.263,
        "z": 141.853
    },
    {
        "color": 4294967295,
        "name": "Generic Point 106",
        "x": -152.237,
        "y": 242.769,
        "z": 149.933
    },
    {
        "color": 4294967295,
        "name": "Generic Point 107",
        "x": -149.739,
        "y": 246.447,
        "z": 183.204
    },
    {
        "color": 4294967295,
        "name": "Generic Point 108",
        "x": -196.76,
        "y": 180.918,
        "z": 121.33
    },
    {
        "color": 4294967295,
        "name": "Generic Point 109",
        "x": -235.441,
        "y": 193.975,
        "z": 117.4
    },
    {
        "color": 4294967295,
        "name": "Generic Point 11",
        "x": 282.342,
        "y": 162.14,
        "z": 832.167
    },
    {
        "color": 4294967295,
        "name": "Generic Point 110",
        "x": -280.232,
        "y": 207.358,
        "z": 115.427
    },
    {
        "color": 4294967295,
        "name": "Generic Point 111",
        "x": -368.183,
        "y": 185.748,
        "z": 1454.94
    },
    {
        "color": 4294967295,
        "name": "Generic Point 112",
        "x": 24.317,
        "y": 213.991,
        "z": 1613.866
    },
    {
        "color": 4294967295,
        "name": "Generic Point 113",
        "x": -294.636,
        "y": 215.613,
        "z": 152.321
    },
    {
        "color": 4294967295,
        "name": "Generic Point 114",
        "x": -220.876,
        "y": 237.484,
        "z": 132.769
    },
    {
        "color": 4294967295,
        "name": "Generic Point 115",
        "x": -226.712,
        "y": 247.295,
        "z": 165.84
    },
    {
        "color": 4294967295,
        "name": "Generic Point 116",
        "x": -249.962,
        "y": 220.233,
        "z": 191.963
    },
    {
        "color": 4294967295,
        "name": "Generic Point 117",
        "x": -209.344,
        "y": 198.783,
        "z": 228.914
    },
    {
        "color": 4294967295,
        "name": "Generic Point 118",
        "x": -143.986,
        "y": 231.68,
        "z": 256.375
    },
    {
        "color": 4294967295,
        "name": "Generic Point 119",
        "x": -113.269,
        "y": 229.559,
        "z": 257.611
    },
    {
        "color": 4294967295,
        "name": "Generic Point 12",
        "x": -149.249,
        "y": 209.619,
        "z": 1603.797
    },
    {
        "color": 4294967295,
        "name": "Generic Point 120",
        "x": -161.806,
        "y": 233.971,
        "z": 307.876
    },
    {
        "color": 4294967295,
        "name": "Generic Point 121",
        "x": -124.971,
        "y": 241.641,
        "z": 328.132
    },
    {
        "color": 4294967295,
        "name": "Generic Point 122",
        "x": -89.852,
        "y": 244.354,
        "z": 378.731
    },
    {
        "color": 4294967295,
        "name": "Generic Point 123",
        "x": 50.251,
        "y": 207.212,
        "z": 1357.771
    },
    {
        "color": 4294967295,
        "name": "Generic Point 124",
        "x": -181.84,
        "y": 257.65700000000004,
        "z": 468.696
    },
    {
        "color": 4294967295,
        "name": "Generic Point 125",
        "x": -213.854,
        "y": 246.599,
        "z": 439.356
    },
    {
        "color": 4294967295,
        "name": "Generic Point 126",
        "x": -224.819,
        "y": 241.162,
        "z": 356.565
    },
    {
        "color": 4294967295,
        "name": "Generic Point 127",
        "x": -263.296,
        "y": 230.222,
        "z": 322.458
    },
    {
        "color": 4294967295,
        "name": "Generic Point 128",
        "x": -282.125,
        "y": 257.515,
        "z": 316.986
    },
    {
        "color": 4294967295,
        "name": "Generic Point 129",
        "x": -252.491,
        "y": 238.388,
        "z": 354.085
    },
    {
        "color": 4294967295,
        "name": "Generic Point 13",
        "x": 260.769,
        "y": 163.989,
        "z": 824.941
    },
    {
        "color": 4294967295,
        "name": "Generic Point 130",
        "x": -277.649,
        "y": 254.791,
        "z": 346.906
    },
    {
        "color": 4294967295,
        "name": "Generic Point 131",
        "x": -317.33,
        "y": 263.516,
        "z": 303.116
    },
    {
        "color": 4294967295,
        "name": "Generic Point 132",
        "x": -338.354,
        "y": 269.634,
        "z": 352.467
    },
    {
        "color": 4294967295,
        "name": "Generic Point 133",
        "x": -368.385,
        "y": 217.15,
        "z": 383.809
    },
    {
        "color": 4294967295,
        "name": "Generic Point 134",
        "x": 121.068,
        "y": 208.764,
        "z": 1222.692
    },
    {
        "color": 4294967295,
        "name": "Generic Point 135",
        "x": -472.153,
        "y": 220.513,
        "z": 353.52
    },
    {
        "color": 4294967295,
        "name": "Generic Point 136",
        "x": -513.645,
        "y": 243.944,
        "z": 419.726
    },
    {
        "color": 4294967295,
        "name": "Generic Point 137",
        "x": -497.578,
        "y": 219.479,
        "z": 457.682
    },
    {
        "color": 4294967295,
        "name": "Generic Point 138",
        "x": -474.749,
        "y": 214.012,
        "z": 458.78
    },
    {
        "color": 4294967295,
        "name": "Generic Point 139",
        "x": -474.764,
        "y": 227.199,
        "z": 491.403
    },
    {
        "color": 4294967295,
        "name": "Generic Point 14",
        "x": 191.77,
        "y": 298.302,
        "z": 445.961
    },
    {
        "color": 4294967295,
        "name": "Generic Point 140",
        "x": -519.493,
        "y": 252.468,
        "z": 477.148
    },
    {
        "color": 4294967295,
        "name": "Generic Point 141",
        "x": -582.282,
        "y": 195.588,
        "z": 484.203
    },
    {
        "color": 4294967295,
        "name": "Generic Point 142",
        "x": -575.599,
        "y": 228.226,
        "z": 505.463
    },
    {
        "color": 4294967295,
        "name": "Generic Point 143",
        "x": -584.46,
        "y": 221.554,
        "z": 539.354
    },
    {
        "color": 4294967295,
        "name": "Generic Point 144",
        "x": -511.494,
        "y": 206.495,
        "z": 587.601
    },
    {
        "color": 4294967295,
        "name": "Generic Point 145",
        "x": 110.853,
        "y": 209.984,
        "z": 1205.274
    },
    {
        "color": 4294967295,
        "name": "Generic Point 146",
        "x": -479.877,
        "y": 220.142,
        "z": 559.849
    },
    {
        "color": 4294967295,
        "name": "Generic Point 147",
        "x": -333.68,
        "y": 257.142,
        "z": 424.965
    },
    {
        "color": 4294967295,
        "name": "Generic Point 148",
        "x": -289.48,
        "y": 256.856,
        "z": 390.532
    },
    {
        "color": 4294967295,
        "name": "Generic Point 149",
        "x": -227.556,
        "y": 243.545,
        "z": 419.318
    },
    {
        "color": 4294967295,
        "name": "Generic Point 15",
        "x": 224.246,
        "y": 295.373,
        "z": 422.58
    },
    {
        "color": 4294967295,
        "name": "Generic Point 150",
        "x": -235.419,
        "y": 239.69,
        "z": 492.405
    },
    {
        "color": 4294967295,
        "name": "Generic Point 151",
        "x": -127.35,
        "y": 253.067,
        "z": 499.82
    },
    {
        "color": 4294967295,
        "name": "Generic Point 152",
        "x": -107.179,
        "y": 205.099,
        "z": 508.654
    },
    {
        "color": 4294967295,
        "name": "Generic Point 153",
        "x": 308.244,
        "y": 160.253,
        "z": 931.29
    },
    {
        "color": 4294967295,
        "name": "Generic Point 154",
        "x": 308.728,
        "y": 158.923,
        "z": 907.812
    },
    {
        "color": 4294967295,
        "name": "Generic Point 155",
        "x": 288.83,
        "y": 148.615,
        "z": 896.44
    },
    {
        "color": 4294967295,
        "name": "Generic Point 156",
        "x": 310.526,
        "y": 149.607,
        "z": 870.971
    },
    {
        "color": 4294967295,
        "name": "Generic Point 157",
        "x": 332.751,
        "y": 147.692,
        "z": 882.302
    },
    {
        "color": 4294967295,
        "name": "Generic Point 158",
        "x": 331.439,
        "y": 159.013,
        "z": 898.413
    },
    {
        "color": 4294967295,
        "name": "Generic Point 159",
        "x": -354.117,
        "y": 184.229,
        "z": 1477.408
    },
    {
        "color": 4294967295,
        "name": "Generic Point 16",
        "x": 229.125,
        "y": 271.924,
        "z": 394.541
    },
    {
        "color": 4294967295,
        "name": "Generic Point 160",
        "x": 356.076,
        "y": 171.859,
        "z": 956.506
    },
    {
        "color": 4294967295,
        "name": "Generic Point 161",
        "x": 381.196,
        "y": 180.086,
        "z": 972.43
    },
    {
        "color": 4294967295,
        "name": "Generic Point 162",
        "x": 394.602,
        "y": 176.479,
        "z": 952.235
    },
    {
        "color": 4294967295,
        "name": "Generic Point 163",
        "x": 384.587,
        "y": 167.117,
        "z": 918.949
    },
    {
        "color": 4294967295,
        "name": "Generic Point 164",
        "x": 461.269,
        "y": 143.691,
        "z": 934.874
    },
    {
        "color": 4294967295,
        "name": "Generic Point 165",
        "x": 508.819,
        "y": 158.496,
        "z": 952.191
    },
    {
        "color": 4294967295,
        "name": "Generic Point 166",
        "x": 488.047,
        "y": 156.64,
        "z": 892.402
    },
    {
        "color": 4294967295,
        "name": "Generic Point 167",
        "x": 539.066,
        "y": 221.722,
        "z": 883.419
    },
    {
        "color": 4294967295,
        "name": "Generic Point 168",
        "x": 589.703,
        "y": 240.962,
        "z": 896.95
    },
    {
        "color": 4294967295,
        "name": "Generic Point 169",
        "x": 584.259,
        "y": 245.508,
        "z": 926.363
    },
    {
        "color": 4294967295,
        "name": "Generic Point 17",
        "x": 197.438,
        "y": 270.466,
        "z": 386.867
    },
    {
        "color": 4294967295,
        "name": "Generic Point 170",
        "x": -373.373,
        "y": 184.774,
        "z": 1501.284
    },
    {
        "color": 4294967295,
        "name": "Generic Point 171",
        "x": 569.589,
        "y": 235.187,
        "z": 907.275
    },
    {
        "color": 4294967295,
        "name": "Generic Point 172",
        "x": 593.255,
        "y": 240.618,
        "z": 886.763
    },
    {
        "color": 4294967295,
        "name": "Generic Point 173",
        "x": 589.543,
        "y": 234.738,
        "z": 853.597
    },
    {
        "color": 4294967295,
        "name": "Generic Point 174",
        "x": 596.02,
        "y": 232.284,
        "z": 820.306
    },
    {
        "color": 4294967295,
        "name": "Generic Point 175",
        "x": 587.703,
        "y": 223.158,
        "z": 800.017
    },
    {
        "color": 4294967295,
        "name": "Generic Point 176",
        "x": 619.275,
        "y": 176.479,
        "z": 811.915
    },
    {
        "color": 4294967295,
        "name": "Generic Point 177",
        "x": 646.664,
        "y": 252.03,
        "z": 808.546
    },
    {
        "color": 4294967295,
        "name": "Generic Point 178",
        "x": 687.82,
        "y": 275.243,
        "z": 673.501
    },
    {
        "color": 4294967295,
        "name": "Generic Point 179",
        "x": 751.023,
        "y": 212.337,
        "z": 648.404
    },
    {
        "color": 4294967295,
        "name": "Generic Point 18",
        "x": 172.181,
        "y": 268.295,
        "z": 385.975
    },
    {
        "color": 4294967295,
        "name": "Generic Point 180",
        "x": 725.212,
        "y": 210.056,
        "z": 636.309
    },
    {
        "color": 4294967295,
        "name": "Generic Point 181",
        "x": -337.386,
        "y": 190.38,
        "z": 1484.337
    },
    {
        "color": 4294967295,
        "name": "Generic Point 182",
        "x": 670.088,
        "y": 266.713,
        "z": 622.881
    },
    {
        "color": 4294967295,
        "name": "Generic Point 183",
        "x": 781.085,
        "y": 218.286,
        "z": 598.827
    },
    {
        "color": 4294967295,
        "name": "Generic Point 184",
        "x": 746.815,
        "y": 254.183,
        "z": 544.949
    },
    {
        "color": 4294967295,
        "name": "Generic Point 185",
        "x": 745.327,
        "y": 224.43,
        "z": 514.561
    },
    {
        "color": 4294967295,
        "name": "Generic Point 186",
        "x": 727.618,
        "y": 249.824,
        "z": 508.387
    },
    {
        "color": 4294967295,
        "name": "Generic Point 187",
        "x": 710.277,
        "y": 259.311,
        "z": 511.473
    },
    {
        "color": 4294967295,
        "name": "Generic Point 188",
        "x": 662.288,
        "y": 195.625,
        "z": 487.026
    },
    {
        "color": 4294967295,
        "name": "Generic Point 189",
        "x": 640.903,
        "y": 260.414,
        "z": 514.408
    },
    {
        "color": 4294967295,
        "name": "Generic Point 19",
        "x": 132.481,
        "y": 263.351,
        "z": 386.4
    },
    {
        "color": 4294967295,
        "name": "Generic Point 190",
        "x": 615.715,
        "y": 260.785,
        "z": 536.1
    },
    {
        "color": 4294967295,
        "name": "Generic Point 191",
        "x": 620.672,
        "y": 235.606,
        "z": 507.165
    },
    {
        "color": 4294967295,
        "name": "Generic Point 192",
        "x": -325.821,
        "y": 189.171,
        "z": 1493.542
    },
    {
        "color": 4294967295,
        "name": "Generic Point 193",
        "x": 588.498,
        "y": 232.779,
        "z": 495.267
    },
    {
        "color": 4294967295,
        "name": "Generic Point 194",
        "x": 880.43,
        "y": 218.911,
        "z": 232.73
    },
    {
        "color": 4294967295,
        "name": "Generic Point 195",
        "x": 896.441,
        "y": 223.345,
        "z": 210.762
    },
    {
        "color": 4294967295,
        "name": "Generic Point 196",
        "x": 904.508,
        "y": 215.969,
        "z": 172.455
    },
    {
        "color": 4294967295,
        "name": "Generic Point 197",
        "x": 932.645,
        "y": 248.417,
        "z": 161.446
    },
    {
        "color": 4294967295,
        "name": "Generic Point 198",
        "x": 886.525,
        "y": 247.835,
        "z": 134.602
    },
    {
        "color": 4294967295,
        "name": "Generic Point 199",
        "x": 880.173,
        "y": 251.712,
        "z": 93.449
    },
    {
        "color": 4294967295,
        "name": "Generic Point 2",
        "x": 468.188,
        "y": 191.438,
        "z": 743.367
    },
    {
        "color": 4294967295,
        "name": "Generic Point 20",
        "x": 103.815,
        "y": 261.134,
        "z": 371.174
    },
    {
        "color": 4294967295,
        "name": "Generic Point 200",
        "x": 871.964,
        "y": 229.147,
        "z": 110.511
    },
    {
        "color": 4294967295,
        "name": "Generic Point 201",
        "x": 854.926,
        "y": 230.341,
        "z": 149.284
    },
    {
        "color": 4294967295,
        "name": "Generic Point 202",
        "x": 843.594,
        "y": 230.258,
        "z": 142.174
    },
    {
        "color": 4294967295,
        "name": "Generic Point 203",
        "x": -316.588,
        "y": 186.61,
        "z": 1511.119
    },
    {
        "color": 4294967295,
        "name": "Generic Point 204",
        "x": 848.772,
        "y": 244.986,
        "z": 168.577
    },
    {
        "color": 4294967295,
        "name": "Generic Point 205",
        "x": 629.111,
        "y": 197.197,
        "z": 308.205
    },
    {
        "color": 4294967295,
        "name": "Generic Point 206",
        "x": 471.012,
        "y": 184.502,
        "z": 365.119
    },
    {
        "color": 4294967295,
        "name": "Generic Point 207",
        "x": 473.083,
        "y": 185.559,
        "z": 389.144
    },
    {
        "color": 4294967295,
        "name": "Generic Point 208",
        "x": 487.397,
        "y": 182.542,
        "z": 413.109
    },
    {
        "color": 4294967295,
        "name": "Generic Point 209",
        "x": 522.183,
        "y": 186.993,
        "z": 452.227
    },
    {
        "color": 4294967295,
        "name": "Generic Point 21",
        "x": 89.558,
        "y": 247.503,
        "z": 339.028
    },
    {
        "color": 4294967295,
        "name": "Generic Point 210",
        "x": 552.185,
        "y": 195.318,
        "z": 500.626
    },
    {
        "color": 4294967295,
        "name": "Generic Point 211",
        "x": 574.429,
        "y": 236.115,
        "z": 538.229
    },
    {
        "color": 4294967295,
        "name": "Generic Point 212",
        "x": 551.553,
        "y": 196.197,
        "z": 548.428
    },
    {
        "color": 4294967295,
        "name": "Generic Point 213",
        "x": 493.765,
        "y": 210.948,
        "z": 616.106
    },
    {
        "color": 4294967295,
        "name": "Generic Point 214",
        "x": -253.661,
        "y": 209.462,
        "z": 1609.978
    },
    {
        "color": 4294967295,
        "name": "Generic Point 215",
        "x": 550.697,
        "y": 200.253,
        "z": 630.744
    },
    {
        "color": 4294967295,
        "name": "Generic Point 216",
        "x": 580.958,
        "y": 221.173,
        "z": 598.821
    },
    {
        "color": 4294967295,
        "name": "Generic Point 217",
        "x": 595.166,
        "y": 251.586,
        "z": 584.438
    },
    {
        "color": 4294967295,
        "name": "Generic Point 218",
        "x": 619.542,
        "y": 258.6,
        "z": 576.489
    },
    {
        "color": 4294967295,
        "name": "Generic Point 219",
        "x": 612.326,
        "y": 259.155,
        "z": 616.558
    },
    {
        "color": 4294967295,
        "name": "Generic Point 22",
        "x": 147.185,
        "y": 306.947,
        "z": 315.992
    },
    {
        "color": 4294967295,
        "name": "Generic Point 220",
        "x": 605.431,
        "y": 223.337,
        "z": 641.443
    },
    {
        "color": 4294967295,
        "name": "Generic Point 221",
        "x": 623.608,
        "y": 234.528,
        "z": 667.909
    },
    {
        "color": 4294967295,
        "name": "Generic Point 222",
        "x": 662.775,
        "y": 243.774,
        "z": 693.047
    },
    {
        "color": 4294967295,
        "name": "Generic Point 223",
        "x": 589.614,
        "y": 244.068,
        "z": 772.825
    },
    {
        "color": 4294967295,
        "name": "Generic Point 224",
        "x": 562.854,
        "y": 222.831,
        "z": 711.983
    },
    {
        "color": 4294967295,
        "name": "Generic Point 225",
        "x": -220.914,
        "y": 207.504,
        "z": 1613.26
    },
    {
        "color": 4294967295,
        "name": "Generic Point 226",
        "x": 534.111,
        "y": 219.143,
        "z": 712.644
    },
    {
        "color": 4294967295,
        "name": "Generic Point 227",
        "x": 513.139,
        "y": 201.974,
        "z": 727.354
    },
    {
        "color": 4294967295,
        "name": "Generic Point 228",
        "x": 537.402,
        "y": 207.215,
        "z": 771.149
    },
    {
        "color": 4294967295,
        "name": "Generic Point 229",
        "x": 551.214,
        "y": 211.113,
        "z": 771.152
    },
    {
        "color": 4294967295,
        "name": "Generic Point 23",
        "x": -179.541,
        "y": 222.469,
        "z": 1491.406
    },
    {
        "color": 4294967295,
        "name": "Generic Point 230",
        "x": 539.65,
        "y": 194.294,
        "z": 792.457
    },
    {
        "color": 4294967295,
        "name": "Generic Point 231",
        "x": 548.371,
        "y": 219.91,
        "z": 832.073
    },
    {
        "color": 4294967295,
        "name": "Generic Point 232",
        "x": 560.293,
        "y": 221.204,
        "z": 820.627
    },
    {
        "color": 4294967295,
        "name": "Generic Point 233",
        "x": 546.84,
        "y": 220.78,
        "z": 809.705
    },
    {
        "color": 4294967295,
        "name": "Generic Point 234",
        "x": 493.1,
        "y": 204.085,
        "z": 827.568
    },
    {
        "color": 4294967295,
        "name": "Generic Point 235",
        "x": 483.744,
        "y": 195.402,
        "z": 790.597
    },
    {
        "color": 4294967295,
        "name": "Generic Point 24",
        "x": 118.694,
        "y": 307.34,
        "z": 286.597
    },
    {
        "color": 4294967295,
        "name": "Generic Point 25",
        "x": 136.033,
        "y": 307.378,
        "z": 258.394
    },
    {
        "color": 4294967295,
        "name": "Generic Point 26",
        "x": 149.63,
        "y": 315.382,
        "z": 261.985
    },
    {
        "color": 4294967295,
        "name": "Generic Point 27",
        "x": 168.296,
        "y": 318.866,
        "z": 225.299
    },
    {
        "color": 4294967295,
        "name": "Generic Point 28",
        "x": 136.488,
        "y": 305.481,
        "z": 186.675
    },
    {
        "color": 4294967295,
        "name": "Generic Point 29",
        "x": 175.976,
        "y": 326.75,
        "z": 194.715
    },
    {
        "color": 4294967295,
        "name": "Generic Point 3",
        "x": 453.766,
        "y": 186.913,
        "z": 721.631
    },
    {
        "color": 4294967295,
        "name": "Generic Point 30",
        "x": 220.218,
        "y": 344.031,
        "z": 155.443
    },
    {
        "color": 4294967295,
        "name": "Generic Point 31",
        "x": 232.778,
        "y": 348.684,
        "z": 117.52
    },
    {
        "color": 4294967295,
        "name": "Generic Point 32",
        "x": 255.065,
        "y": 349.133,
        "z": 129.305
    },
    {
        "color": 4294967295,
        "name": "Generic Point 33",
        "x": 283.853,
        "y": 346.132,
        "z": 125.469
    },
    {
        "color": 4294967295,
        "name": "Generic Point 34",
        "x": -164.561,
        "y": 223.184,
        "z": 1512.76
    },
    {
        "color": 4294967295,
        "name": "Generic Point 35",
        "x": 297.117,
        "y": 339.991,
        "z": 145.518
    },
    {
        "color": 4294967295,
        "name": "Generic Point 36",
        "x": 322.047,
        "y": 338.831,
        "z": 134.467
    },
    {
        "color": 4294967295,
        "name": "Generic Point 37",
        "x": 492.191,
        "y": 184.693,
        "z": -156.115
    },
    {
        "color": 4294967295,
        "name": "Generic Point 38",
        "x": 506.895,
        "y": 181.368,
        "z": -189.569
    },
    {
        "color": 4294967295,
        "name": "Generic Point 39",
        "x": 536.718,
        "y": 168.862,
        "z": -252.791
    },
    {
        "color": 4294967295,
        "name": "Generic Point 4",
        "x": 451.818,
        "y": 192.931,
        "z": 789.707
    },
    {
        "color": 4294967295,
        "name": "Generic Point 40",
        "x": 538.945,
        "y": 170.759,
        "z": -277.253
    },
    {
        "color": 4294967295,
        "name": "Generic Point 41",
        "x": 552.889,
        "y": 171.261,
        "z": -319.274
    },
    {
        "color": 4294967295,
        "name": "Generic Point 42",
        "x": 474.561,
        "y": 183.155,
        "z": -216.239
    },
    {
        "color": 4294967295,
        "name": "Generic Point 43",
        "x": 444.351,
        "y": 177.42,
        "z": -221.63
    },
    {
        "color": 4294967295,
        "name": "Generic Point 44",
        "x": 341.974,
        "y": 173.522,
        "z": -265.429
    },
    {
        "color": 4294967295,
        "name": "Generic Point 45",
        "x": -145.926,
        "y": 217.844,
        "z": 1494.933
    },
    {
        "color": 4294967295,
        "name": "Generic Point 46",
        "x": 309.193,
        "y": 166.817,
        "z": -222.711
    },
    {
        "color": 4294967295,
        "name": "Generic Point 47",
        "x": 288.223,
        "y": 184.225,
        "z": -240.487
    },
    {
        "color": 4294967295,
        "name": "Generic Point 48",
        "x": 319.396,
        "y": 172.788,
        "z": -266.865
    },
    {
        "color": 4294967295,
        "name": "Generic Point 49",
        "x": 220.12,
        "y": 212.117,
        "z": -296.002
    },
    {
        "color": 4294967295,
        "name": "Generic Point 5",
        "x": 459.417,
        "y": 199.671,
        "z": 832.605
    },
    {
        "color": 4294967295,
        "name": "Generic Point 50",
        "x": 200.854,
        "y": 237.197,
        "z": -343.508
    },
    {
        "color": 4294967295,
        "name": "Generic Point 51",
        "x": 196.094,
        "y": 253.918,
        "z": -391.318
    },
    {
        "color": 4294967295,
        "name": "Generic Point 52",
        "x": 206.2,
        "y": 202.152,
        "z": -417.708
    },
    {
        "color": 4294967295,
        "name": "Generic Point 53",
        "x": 136.664,
        "y": 196.478,
        "z": -379.81
    },
    {
        "color": 4294967295,
        "name": "Generic Point 54",
        "x": 141.58,
        "y": 200.087,
        "z": -440.257
    },
    {
        "color": 4294967295,
        "name": "Generic Point 55",
        "x": 189.267,
        "y": 200.913,
        "z": -460.214
    },
    {
        "color": 4294967295,
        "name": "Generic Point 56",
        "x": -140.798,
        "y": 215.393,
        "z": 1482.732
    },
    {
        "color": 4294967295,
        "name": "Generic Point 57",
        "x": 246.251,
        "y": 183.062,
        "z": -414.303
    },
    {
        "color": 4294967295,
        "name": "Generic Point 58",
        "x": 350.106,
        "y": 180.935,
        "z": -346.458
    },
    {
        "color": 4294967295,
        "name": "Generic Point 59",
        "x": 350.721,
        "y": 185.513,
        "z": -364.857
    },
    {
        "color": 4294967295,
        "name": "Generic Point 6",
        "x": 467.799,
        "y": 171.038,
        "z": 865.289
    },
    {
        "color": 4294967295,
        "name": "Generic Point 60",
        "x": 381.196,
        "y": 183.561,
        "z": -343.687
    },
    {
        "color": 4294967295,
        "name": "Generic Point 61",
        "x": 385.94,
        "y": 182.988,
        "z": -317.498
    },
    {
        "color": 4294967295,
        "name": "Generic Point 62",
        "x": 377.902,
        "y": 168.603,
        "z": -249.523
    },
    {
        "color": 4294967295,
        "name": "Generic Point 63",
        "x": 389.441,
        "y": 182.687,
        "z": -176.628
    },
    {
        "color": 4294967295,
        "name": "Generic Point 64",
        "x": 377.153,
        "y": 190.909,
        "z": -197.715
    },
    {
        "color": 4294967295,
        "name": "Generic Point 65",
        "x": 362.306,
        "y": 183.184,
        "z": -155.48
    },
    {
        "color": 4294967295,
        "name": "Generic Point 66",
        "x": 345.918,
        "y": 182.752,
        "z": 29.32
    },
    {
        "color": 4294967295,
        "name": "Generic Point 67",
        "x": -87.145,
        "y": 199.7,
        "z": 1554.255
    },
    {
        "color": 4294967295,
        "name": "Generic Point 68",
        "x": 374.306,
        "y": 186.42,
        "z": 21.256
    },
    {
        "color": 4294967295,
        "name": "Generic Point 69",
        "x": 349.111,
        "y": 235.041,
        "z": 125.803
    },
    {
        "color": 4294967295,
        "name": "Generic Point 7",
        "x": 469.435,
        "y": 172.262,
        "z": 895.413
    },
    {
        "color": 4294967295,
        "name": "Generic Point 70",
        "x": 361.326,
        "y": 253.12,
        "z": 142.028
    },
    {
        "color": 4294967295,
        "name": "Generic Point 71",
        "x": 375.504,
        "y": 231.956,
        "z": 172.955
    },
    {
        "color": 4294967295,
        "name": "Generic Point 72",
        "x": 368.138,
        "y": 196.029,
        "z": 202.343
    },
    {
        "color": 4294967295,
        "name": "Generic Point 73",
        "x": 376.316,
        "y": 183.915,
        "z": 209.457
    },
    {
        "color": 4294967295,
        "name": "Generic Point 74",
        "x": 399.178,
        "y": 245.46,
        "z": 215.699
    },
    {
        "color": 4294967295,
        "name": "Generic Point 75",
        "x": 454.112,
        "y": 211.004,
        "z": 200.111
    },
    {
        "color": 4294967295,
        "name": "Generic Point 76",
        "x": 410.121,
        "y": 247.81,
        "z": 239.862
    },
    {
        "color": 4294967295,
        "name": "Generic Point 77",
        "x": 419.564,
        "y": 238.05,
        "z": 264.693
    },
    {
        "color": 4294967295,
        "name": "Generic Point 78",
        "x": -44.106,
        "y": 199.6,
        "z": 1551.291
    },
    {
        "color": 4294967295,
        "name": "Generic Point 79",
        "x": 418.481,
        "y": 222.006,
        "z": 296.548
    },
    {
        "color": 4294967295,
        "name": "Generic Point 8",
        "x": 451.34,
        "y": 138.574,
        "z": 908.896
    },
    {
        "color": 4294967295,
        "name": "Generic Point 80",
        "x": 428.245,
        "y": 213.801,
        "z": 347.195
    },
    {
        "color": 4294967295,
        "name": "Generic Point 81",
        "x": 443.463,
        "y": 219.407,
        "z": 365.57
    },
    {
        "color": 4294967295,
        "name": "Generic Point 82",
        "x": 425.937,
        "y": 214.479,
        "z": 364.5
    },
    {
        "color": 4294967295,
        "name": "Generic Point 83",
        "x": 418.953,
        "y": 211.385,
        "z": 380.277
    },
    {
        "color": 4294967295,
        "name": "Generic Point 84",
        "x": 423.848,
        "y": 255.647,
        "z": 355.792
    },
    {
        "color": 4294967295,
        "name": "Generic Point 85",
        "x": 396.265,
        "y": 310.43,
        "z": 223.587
    },
    {
        "color": 4294967295,
        "name": "Generic Point 86",
        "x": 353.924,
        "y": 335.616,
        "z": 197.192
    },
    {
        "color": 4294967295,
        "name": "Generic Point 87",
        "x": 317.574,
        "y": 340.299,
        "z": 185.296
    },
    {
        "color": 4294967295,
        "name": "Generic Point 88",
        "x": 297.153,
        "y": 340.972,
        "z": 163.732
    },
    {
        "color": 4294967295,
        "name": "Generic Point 89",
        "x": -43.696,
        "y": 201.472,
        "z": 1573.594
    },
    {
        "color": 4294967295,
        "name": "Generic Point 9",
        "x": 403.353,
        "y": 143.917,
        "z": 863.248
    },
    {
        "color": 4294967295,
        "name": "Generic Point 90",
        "x": 276.981,
        "y": 342.745,
        "z": 147.767
    },
    {
        "color": 4294967295,
        "name": "Generic Point 91",
        "x": 248.812,
        "y": 344.424,
        "z": 160.927
    },
    {
        "color": 4294967295,
        "name": "Generic Point 92",
        "x": 196.979,
        "y": 333.243,
        "z": 197.51
    },
    {
        "color": 4294967295,
        "name": "Generic Point 93",
        "x": 182.376,
        "y": 320.684,
        "z": 263.965
    },
    {
        "color": 4294967295,
        "name": "Generic Point 94",
        "x": 190.329,
        "y": 317.975,
        "z": 301.354
    },
    {
        "color": 4294967295,
        "name": "Generic Point 95",
        "x": 184.296,
        "y": 306.715,
        "z": 322.602
    },
    {
        "color": 4294967295,
        "name": "Generic Point 96",
        "x": 230.948,
        "y": 328.934,
        "z": 306.854
    },
    {
        "color": 4294967295,
        "name": "Generic Point 97",
        "x": -17.802,
        "y": 174.126,
        "z": 21.373
    },
    {
        "color": 4294967295,
        "name": "Generic Point 98",
        "x": -78.51,
        "y": 182.599,
        "z": 9.913
    },
    {
        "color": 4294967295,
        "name": "Generic Point 99",
        "x": -81.528,
        "y": 172.746,
        "z": 49.996
    }
]