[
    {
        "color": 4294967295,
        "name": "Generic Point 1",
        "x": 1717.4599609375,
        "y": 566.166015625,
        "z": 4536.5
    },
    {
        "color": 4294967295,
        "name": "Generic Point 2",
        "x": 1210.9200439453125,
        "y": 615.7239990234375,
        "z": 4702.240234375
    },
    {
        "color": 4294967295,
        "name": "Generic Point 3",
        "x": 1481.050048828125,
        "y": 226.5449981689453,
        "z": 3533.010009765625
    }
]