[
    {
        "color": 4294967295,
        "name": "Generic Point 0",
        "x": 1741.3739013671875,
        "y": 443.9736022949219,
        "z": 4724.35595703125
    },
    {
        "color": 4294967295,
        "name": "Generic Point 1",
        "x": 1779.2586669921875,
        "y": 441.427001953125,
        "z": 4661.87890625
    },
    {
        "color": 4294967295,
        "name": "Generic Point 10",
        "x": 2641.047607421875,
        "y": 496.0976257324219,
        "z": 4921.650390625
    },
    {
        "color": 4294967295,
        "name": "Generic Point 2",
        "x": 1899.0098876953125,
        "y": 443.3140869140625,
        "z": 4993.02587890625
    },
    {
        "color": 4294967295,
        "name": "Generic Point 3",
        "x": 2119.771484375,
        "y": 481.1274719238281,
        "z": 4946.65966796875
    },
    {
        "color": 4294967295,
        "name": "Generic Point 4",
        "x": 2111.075439453125,
        "y": 523.8214721679688,
        "z": 4901.337890625
    },
    {
        "color": 4294967295,
        "name": "Generic Point 5",
        "x": 2039.259765625,
        "y": 442.582275390625,
        "z": 4531.18994140625
    },
    {
        "color": 4294967295,
        "name": "Generic Point 6",
        "x": 2062.328369140625,
        "y": 445.6388244628906,
        "z": 4585.5380859375
    },
    {
        "color": 4294967295,
        "name": "Generic Point 7",
        "x": 2140.031982421875,
        "y": 453.2425842285156,
        "z": 4555.361328125
    },
    {
        "color": 4294967295,
        "name": "Generic Point 8",
        "x": 2166.248046875,
        "y": 458.0805969238281,
        "z": 4575.46484375
    },
    {
        "color": 4294967295,
        "name": "Generic Point 9",
        "x": 2145.464111328125,
        "y": 494.3265075683594,
        "z": 4668.03076171875
    }
]