[
    {
        "color": 4294967295,
        "name": "Generic Point 0",
        "x": -2038.7620849609375,
        "y": 303.5673828125,
        "z": 4117.521484375
    },
    {
        "color": 4294967295,
        "name": "Generic Point 1",
        "x": -2124.437255859375,
        "y": 146.1713409423828,
        "z": 5172.82080078125
    },
    {
        "color": 4294967295,
        "name": "Generic Point 10",
        "x": -2925.150146484375,
        "y": 273.19708251953125,
        "z": 4830.68359375
    },
    {
        "color": 4294967295,
        "name": "Generic Point 11",
        "x": -2883.558837890625,
        "y": 269.69049072265625,
        "z": 4846.50439453125
    },
    {
        "color": 4294967295,
        "name": "Generic Point 12",
        "x": -2533.18603515625,
        "y": 141.43846130371094,
        "z": 5111.61328125
    },
    {
        "color": 4294967295,
        "name": "Generic Point 13",
        "x": -2889.93310546875,
        "y": 261.91998291015625,
        "z": 4914.8505859375
    },
    {
        "color": 4294967295,
        "name": "Generic Point 14",
        "x": -2904.169677734375,
        "y": 262.0199890136719,
        "z": 4927.60009765625
    },
    {
        "color": 4294967295,
        "name": "Generic Point 15",
        "x": -2927.82861328125,
        "y": 267.3754577636719,
        "z": 4849.0966796875
    },
    {
        "color": 4294967295,
        "name": "Generic Point 16",
        "x": -2953.214111328125,
        "y": 270.6543273925781,
        "z": 4842.275390625
    },
    {
        "color": 4294967295,
        "name": "Generic Point 17",
        "x": -3183.12109375,
        "y": 261.81427001953125,
        "z": 4763.60302734375
    },
    {
        "color": 4294967295,
        "name": "Generic Point 18",
        "x": -1901.892822265625,
        "y": 136.57159423828125,
        "z": 5219.96533203125
    },
    {
        "color": 4294967295,
        "name": "Generic Point 19",
        "x": -1905.8450927734375,
        "y": 136.27647399902344,
        "z": 5290.9697265625
    },
    {
        "color": 4294967295,
        "name": "Generic Point 2",
        "x": -2113.025146484375,
        "y": 145.83709716796875,
        "z": 5162.7978515625
    },
    {
        "color": 4294967295,
        "name": "Generic Point 20",
        "x": -1905.8082275390625,
        "y": 136.27952575683594,
        "z": 5290.98291015625
    },
    {
        "color": 4294967295,
        "name": "Generic Point 21",
        "x": -1905.9334716796875,
        "y": 130.12924194335938,
        "z": 5345.90478515625
    },
    {
        "color": 4294967295,
        "name": "Generic Point 22",
        "x": -1893.9129638671875,
        "y": 124.40418243408203,
        "z": 5359.70947265625
    },
    {
        "color": 4294967295,
        "name": "Generic Point 23",
        "x": -1905.9398193359375,
        "y": 136.3131103515625,
        "z": 5290.5302734375
    },
    {
        "color": 4294967295,
        "name": "Generic Point 24",
        "x": -2513.48974609375,
        "y": 139.53436279296875,
        "z": 5116.12109375
    },
    {
        "color": 4294967295,
        "name": "Generic Point 25",
        "x": -2513.48974609375,
        "y": 139.53439331054688,
        "z": 5116.12109375
    },
    {
        "color": 4294967295,
        "name": "Generic Point 26",
        "x": -1925.85595703125,
        "y": 126.04442596435547,
        "z": 5360.3505859375
    },
    {
        "color": 4294967295,
        "name": "Generic Point 27",
        "x": -1894.204345703125,
        "y": 124.36551666259766,
        "z": 5359.54052734375
    },
    {
        "color": 4294967295,
        "name": "Generic Point 28",
        "x": -1905.6812744140625,
        "y": 124.2785873413086,
        "z": 5380.26904296875
    },
    {
        "color": 4294967295,
        "name": "Generic Point 29",
        "x": -1904.94091796875,
        "y": 148.8455810546875,
        "z": 5308.93603515625
    },
    {
        "color": 4294967295,
        "name": "Generic Point 3",
        "x": -2093.32275390625,
        "y": 145.1805419921875,
        "z": 5161.71044921875
    },
    {
        "color": 4294967295,
        "name": "Generic Point 30",
        "x": -2038.46044921875,
        "y": 303.5726623535156,
        "z": 4117.53369140625
    },
    {
        "color": 4294967295,
        "name": "Generic Point 31",
        "x": -2519.321533203125,
        "y": 139.76901245117188,
        "z": 5126.42626953125
    },
    {
        "color": 4294967295,
        "name": "Generic Point 32",
        "x": -2500.237060546875,
        "y": 137.02493286132812,
        "z": 5119.05615234375
    },
    {
        "color": 4294967295,
        "name": "Generic Point 33",
        "x": -2601.039306640625,
        "y": 180.2778778076172,
        "z": 5446.8916015625
    },
    {
        "color": 4294967295,
        "name": "Generic Point 34",
        "x": -2591.529052734375,
        "y": 181.75572204589844,
        "z": 5456.27099609375
    },
    {
        "color": 4294967295,
        "name": "Generic Point 35",
        "x": -2600.71337890625,
        "y": 179.41290283203125,
        "z": 5437.83837890625
    },
    {
        "color": 4294967295,
        "name": "Generic Point 36",
        "x": -2132.91015625,
        "y": 146.80809020996094,
        "z": 5169.54638671875
    },
    {
        "color": 4294967295,
        "name": "Generic Point 4",
        "x": -2022.45947265625,
        "y": 161.29592895507812,
        "z": 5560.99853515625
    },
    {
        "color": 4294967295,
        "name": "Generic Point 5",
        "x": -2041.011474609375,
        "y": 161.24588012695312,
        "z": 5550.68603515625
    },
    {
        "color": 4294967295,
        "name": "Generic Point 6",
        "x": -2031.502197265625,
        "y": 161.1276092529297,
        "z": 5565.3212890625
    },
    {
        "color": 4294967295,
        "name": "Generic Point 7",
        "x": -2031.5023193359375,
        "y": 161.12777709960938,
        "z": 5565.3212890625
    },
    {
        "color": 4294967295,
        "name": "Generic Point 8",
        "x": -2021.291015625,
        "y": 161.3275604248047,
        "z": 5589.83544921875
    },
    {
        "color": 4294967295,
        "name": "Generic Point 9",
        "x": -2815.75146484375,
        "y": 286.5564270019531,
        "z": 4827.75927734375
    }
]