[
    {
        "color": 4294967295,
        "name": "Generic Point 0",
        "x": 843.25537109375,
        "y": 398.0465087890625,
        "z": 5412.70068359375
    },
    {
        "color": 4294967295,
        "name": "Generic Point 1",
        "x": 476.8272705078125,
        "y": 123.97174072265625,
        "z": 6344.0859375
    },
    {
        "color": 4294967295,
        "name": "Generic Point 10",
        "x": 527.2598876953125,
        "y": 294.89398193359375,
        "z": 6021.8046875
    },
    {
        "color": 4294967295,
        "name": "Generic Point 100",
        "x": 1145.249755859375,
        "y": 201.1980743408203,
        "z": 6436.80859375
    },
    {
        "color": 4294967295,
        "name": "Generic Point 101",
        "x": 859.31005859375,
        "y": 332.6351318359375,
        "z": 6120.5859375
    },
    {
        "color": 4294967295,
        "name": "Generic Point 102",
        "x": 955.9959106445312,
        "y": 328.8464050292969,
        "z": 6298.93701171875
    },
    {
        "color": 4294967295,
        "name": "Generic Point 103",
        "x": 654.7169799804688,
        "y": 254.66163635253906,
        "z": 6001.861328125
    },
    {
        "color": 4294967295,
        "name": "Generic Point 104",
        "x": 848.4791259765625,
        "y": 343.6587829589844,
        "z": 5800.703125
    },
    {
        "color": 4294967295,
        "name": "Generic Point 105",
        "x": 889.065673828125,
        "y": 351.12103271484375,
        "z": 5911.61181640625
    },
    {
        "color": 4294967295,
        "name": "Generic Point 106",
        "x": 878.19775390625,
        "y": 300.6529846191406,
        "z": 5874.28759765625
    },
    {
        "color": 4294967295,
        "name": "Generic Point 107",
        "x": 654.4254760742188,
        "y": 329.83245849609375,
        "z": 6128.95458984375
    },
    {
        "color": 4294967295,
        "name": "Generic Point 108",
        "x": 840.739990234375,
        "y": 317.3128967285156,
        "z": 6038.05517578125
    },
    {
        "color": 4294967295,
        "name": "Generic Point 109",
        "x": 805.180419921875,
        "y": 251.48257446289062,
        "z": 6111.53857421875
    },
    {
        "color": 4294967295,
        "name": "Generic Point 11",
        "x": 469.8598937988281,
        "y": 351.2498474121094,
        "z": 6041.869140625
    },
    {
        "color": 4294967295,
        "name": "Generic Point 110",
        "x": 785.1857299804688,
        "y": 261.16363525390625,
        "z": 6088.83154296875
    },
    {
        "color": 4294967295,
        "name": "Generic Point 111",
        "x": 690.0294189453125,
        "y": 226.54666137695312,
        "z": 6115.755859375
    },
    {
        "color": 4294967295,
        "name": "Generic Point 112",
        "x": 756.4598388671875,
        "y": 206.29063415527344,
        "z": 6108.49951171875
    },
    {
        "color": 4294967295,
        "name": "Generic Point 113",
        "x": 738.3912353515625,
        "y": 207.5143280029297,
        "z": 6151.54833984375
    },
    {
        "color": 4294967295,
        "name": "Generic Point 114",
        "x": 904.935791015625,
        "y": 192.3929443359375,
        "z": 6043.083984375
    },
    {
        "color": 4294967295,
        "name": "Generic Point 115",
        "x": 782.218017578125,
        "y": 225.00637817382812,
        "z": 5963.40771484375
    },
    {
        "color": 4294967295,
        "name": "Generic Point 116",
        "x": 779.4959716796875,
        "y": 233.08712768554688,
        "z": 5951.14990234375
    },
    {
        "color": 4294967295,
        "name": "Generic Point 117",
        "x": 798.4594116210938,
        "y": 205.92758178710938,
        "z": 5988.5908203125
    },
    {
        "color": 4294967295,
        "name": "Generic Point 118",
        "x": 885.9171752929688,
        "y": 325.8686218261719,
        "z": 5435.4873046875
    },
    {
        "color": 4294967295,
        "name": "Generic Point 119",
        "x": 689.9591674804688,
        "y": 259.3293151855469,
        "z": 6198.83984375
    },
    {
        "color": 4294967295,
        "name": "Generic Point 12",
        "x": 115.62863159179688,
        "y": 222.50216674804688,
        "z": 6099.48779296875
    },
    {
        "color": 4294967295,
        "name": "Generic Point 120",
        "x": 936.311279296875,
        "y": 323.6493835449219,
        "z": 5606.11572265625
    },
    {
        "color": 4294967295,
        "name": "Generic Point 121",
        "x": 804.9688110351562,
        "y": 301.92132568359375,
        "z": 5766.56884765625
    },
    {
        "color": 4294967295,
        "name": "Generic Point 122",
        "x": 951.9901733398438,
        "y": 426.1753234863281,
        "z": 6115.79296875
    },
    {
        "color": 4294967295,
        "name": "Generic Point 123",
        "x": 1029.3994140625,
        "y": 420.7062683105469,
        "z": 6042.7138671875
    },
    {
        "color": 4294967295,
        "name": "Generic Point 124",
        "x": 941.29345703125,
        "y": 390.6978759765625,
        "z": 5867.8076171875
    },
    {
        "color": 4294967295,
        "name": "Generic Point 125",
        "x": 707.4912109375,
        "y": 280.1350402832031,
        "z": 6402.63427734375
    },
    {
        "color": 4294967295,
        "name": "Generic Point 126",
        "x": 684.1376953125,
        "y": 242.85606384277344,
        "z": 6408.71484375
    },
    {
        "color": 4294967295,
        "name": "Generic Point 127",
        "x": 21.37159538269043,
        "y": 261.90277099609375,
        "z": 6221.51220703125
    },
    {
        "color": 4294967295,
        "name": "Generic Point 128",
        "x": 608.8402099609375,
        "y": 318.5659484863281,
        "z": 5581.71240234375
    },
    {
        "color": 4294967295,
        "name": "Generic Point 129",
        "x": 469.6752014160156,
        "y": 312.4234313964844,
        "z": 5622.64697265625
    },
    {
        "color": 4294967295,
        "name": "Generic Point 13",
        "x": 746.7915649414062,
        "y": 311.6720275878906,
        "z": 5736.6328125
    },
    {
        "color": 4294967295,
        "name": "Generic Point 130",
        "x": 789.1754150390625,
        "y": 250.5554656982422,
        "z": 6239.41650390625
    },
    {
        "color": 4294967295,
        "name": "Generic Point 131",
        "x": 496.12139892578125,
        "y": 310.36004638671875,
        "z": 5627.3388671875
    },
    {
        "color": 4294967295,
        "name": "Generic Point 132",
        "x": 495.5910949707031,
        "y": 310.5194091796875,
        "z": 5623.2138671875
    },
    {
        "color": 4294967295,
        "name": "Generic Point 133",
        "x": 407.4425048828125,
        "y": 313.2095642089844,
        "z": 5676.86767578125
    },
    {
        "color": 4294967295,
        "name": "Generic Point 134",
        "x": 643.817138671875,
        "y": 348.02899169921875,
        "z": 5870.89990234375
    },
    {
        "color": 4294967295,
        "name": "Generic Point 135",
        "x": 638.73291015625,
        "y": 311.8554992675781,
        "z": 5805.857421875
    },
    {
        "color": 4294967295,
        "name": "Generic Point 136",
        "x": 635.4562377929688,
        "y": 313.3703918457031,
        "z": 5791.14697265625
    },
    {
        "color": 4294967295,
        "name": "Generic Point 137",
        "x": 696.3026733398438,
        "y": 310.0709533691406,
        "z": 5783.15966796875
    },
    {
        "color": 4294967295,
        "name": "Generic Point 138",
        "x": 698.5005493164062,
        "y": 310.9889831542969,
        "z": 5782.46240234375
    },
    {
        "color": 4294967295,
        "name": "Generic Point 139",
        "x": 677.9393310546875,
        "y": 310.409912109375,
        "z": 5554.6455078125
    },
    {
        "color": 4294967295,
        "name": "Generic Point 14",
        "x": 295.96282958984375,
        "y": 304.60357666015625,
        "z": 6823.021484375
    },
    {
        "color": 4294967295,
        "name": "Generic Point 140",
        "x": 676.8001708984375,
        "y": 311.2358093261719,
        "z": 5555.8974609375
    },
    {
        "color": 4294967295,
        "name": "Generic Point 141",
        "x": 345.1034851074219,
        "y": 311.3432922363281,
        "z": 5691.693359375
    },
    {
        "color": 4294967295,
        "name": "Generic Point 142",
        "x": 645.9205322265625,
        "y": 305.0340576171875,
        "z": 6208.703125
    },
    {
        "color": 4294967295,
        "name": "Generic Point 143",
        "x": 344.8980712890625,
        "y": 312.7129821777344,
        "z": 5691.3583984375
    },
    {
        "color": 4294967295,
        "name": "Generic Point 144",
        "x": 546.9947509765625,
        "y": 310.77337646484375,
        "z": 5851.75341796875
    },
    {
        "color": 4294967295,
        "name": "Generic Point 145",
        "x": 523.1588134765625,
        "y": 310.9804382324219,
        "z": 5851.81396484375
    },
    {
        "color": 4294967295,
        "name": "Generic Point 146",
        "x": 522.2857055664062,
        "y": 310.74945068359375,
        "z": 5851.81298828125
    },
    {
        "color": 4294967295,
        "name": "Generic Point 147",
        "x": 544.2623291015625,
        "y": 311.12127685546875,
        "z": 5825.47607421875
    },
    {
        "color": 4294967295,
        "name": "Generic Point 148",
        "x": 544.2623901367188,
        "y": 311.15478515625,
        "z": 5825.47607421875
    },
    {
        "color": 4294967295,
        "name": "Generic Point 149",
        "x": 557.7568969726562,
        "y": 310.4416198730469,
        "z": 5827.09033203125
    },
    {
        "color": 4294967295,
        "name": "Generic Point 15",
        "x": 615.345458984375,
        "y": 281.2867431640625,
        "z": 6772.7265625
    },
    {
        "color": 4294967295,
        "name": "Generic Point 150",
        "x": 677.977294921875,
        "y": 309.5401916503906,
        "z": 5807.7421875
    },
    {
        "color": 4294967295,
        "name": "Generic Point 151",
        "x": 383.9849548339844,
        "y": 307.352783203125,
        "z": 5899.3828125
    },
    {
        "color": 4294967295,
        "name": "Generic Point 152",
        "x": 1057.203125,
        "y": 201.09877014160156,
        "z": 6633.115234375
    },
    {
        "color": 4294967295,
        "name": "Generic Point 16",
        "x": 587.8526611328125,
        "y": 286.4815368652344,
        "z": 6711.05029296875
    },
    {
        "color": 4294967295,
        "name": "Generic Point 17",
        "x": 539.9610595703125,
        "y": 276.1712341308594,
        "z": 6751.3232421875
    },
    {
        "color": 4294967295,
        "name": "Generic Point 18",
        "x": 498.1753234863281,
        "y": 265.5911560058594,
        "z": 6736.18701171875
    },
    {
        "color": 4294967295,
        "name": "Generic Point 19",
        "x": 327.4676208496094,
        "y": 302.1981201171875,
        "z": 6199.88720703125
    },
    {
        "color": 4294967295,
        "name": "Generic Point 2",
        "x": 623.3845825195312,
        "y": 111.27439880371094,
        "z": 6343.8154296875
    },
    {
        "color": 4294967295,
        "name": "Generic Point 20",
        "x": 544.4631958007812,
        "y": 240.8043212890625,
        "z": 6467.06884765625
    },
    {
        "color": 4294967295,
        "name": "Generic Point 21",
        "x": 462.76263427734375,
        "y": 85.53227233886719,
        "z": 6444.9873046875
    },
    {
        "color": 4294967295,
        "name": "Generic Point 22",
        "x": 593.4071044921875,
        "y": 103.81885528564453,
        "z": 6371.80078125
    },
    {
        "color": 4294967295,
        "name": "Generic Point 23",
        "x": 401.00335693359375,
        "y": 322.4201965332031,
        "z": 5536.72265625
    },
    {
        "color": 4294967295,
        "name": "Generic Point 24",
        "x": 679.1170654296875,
        "y": 283.7396545410156,
        "z": 6141.01708984375
    },
    {
        "color": 4294967295,
        "name": "Generic Point 25",
        "x": 884.0400390625,
        "y": 264.4770202636719,
        "z": 5635.0947265625
    },
    {
        "color": 4294967295,
        "name": "Generic Point 26",
        "x": 883.4041137695312,
        "y": 264.7395935058594,
        "z": 5638.85791015625
    },
    {
        "color": 4294967295,
        "name": "Generic Point 27",
        "x": 835.7680053710938,
        "y": 260.45233154296875,
        "z": 5592.87744140625
    },
    {
        "color": 4294967295,
        "name": "Generic Point 28",
        "x": 833.5784301757812,
        "y": 260.7953796386719,
        "z": 5602.796875
    },
    {
        "color": 4294967295,
        "name": "Generic Point 29",
        "x": 924.1823120117188,
        "y": 259.6528015136719,
        "z": 5535.65673828125
    },
    {
        "color": 4294967295,
        "name": "Generic Point 3",
        "x": 876.5836181640625,
        "y": 251.2051544189453,
        "z": 6020.90869140625
    },
    {
        "color": 4294967295,
        "name": "Generic Point 30",
        "x": 921.8912963867188,
        "y": 259.6400146484375,
        "z": 5534.03857421875
    },
    {
        "color": 4294967295,
        "name": "Generic Point 31",
        "x": 1016.0866088867188,
        "y": 375.3262023925781,
        "z": 5977.76220703125
    },
    {
        "color": 4294967295,
        "name": "Generic Point 32",
        "x": 965.4378051757812,
        "y": 364.0115051269531,
        "z": 5968.0263671875
    },
    {
        "color": 4294967295,
        "name": "Generic Point 33",
        "x": 282.61395263671875,
        "y": 269.2783508300781,
        "z": 6724.88427734375
    },
    {
        "color": 4294967295,
        "name": "Generic Point 34",
        "x": 423.9604797363281,
        "y": 237.4186553955078,
        "z": 6357.2978515625
    },
    {
        "color": 4294967295,
        "name": "Generic Point 35",
        "x": 1019.9874877929688,
        "y": 314.7738037109375,
        "z": 6426.73974609375
    },
    {
        "color": 4294967295,
        "name": "Generic Point 36",
        "x": 367.52734375,
        "y": 312.55120849609375,
        "z": 5627.33544921875
    },
    {
        "color": 4294967295,
        "name": "Generic Point 37",
        "x": 465.1778259277344,
        "y": 351.949951171875,
        "z": 5506.1767578125
    },
    {
        "color": 4294967295,
        "name": "Generic Point 38",
        "x": 730.0693359375,
        "y": 311.7378845214844,
        "z": 5509.57080078125
    },
    {
        "color": 4294967295,
        "name": "Generic Point 39",
        "x": 801.1919555664062,
        "y": 319.13360595703125,
        "z": 5668.9716796875
    },
    {
        "color": 4294967295,
        "name": "Generic Point 4",
        "x": 880.2823486328125,
        "y": 239.71202087402344,
        "z": 6064.99365234375
    },
    {
        "color": 4294967295,
        "name": "Generic Point 40",
        "x": 767.939697265625,
        "y": 319.9302062988281,
        "z": 5791.07275390625
    },
    {
        "color": 4294967295,
        "name": "Generic Point 41",
        "x": 363.6316223144531,
        "y": 310.36907958984375,
        "z": 5749.84130859375
    },
    {
        "color": 4294967295,
        "name": "Generic Point 42",
        "x": 559.5293579101562,
        "y": 252.66879272460938,
        "z": 5759.6748046875
    },
    {
        "color": 4294967295,
        "name": "Generic Point 43",
        "x": 301.03228759765625,
        "y": 284.4842224121094,
        "z": 6766.93701171875
    },
    {
        "color": 4294967295,
        "name": "Generic Point 44",
        "x": 585.6438598632812,
        "y": 318.9507141113281,
        "z": 6816.91455078125
    },
    {
        "color": 4294967295,
        "name": "Generic Point 45",
        "x": 699.808349609375,
        "y": 296.0086364746094,
        "z": 6658.41650390625
    },
    {
        "color": 4294967295,
        "name": "Generic Point 46",
        "x": 907.5839233398438,
        "y": 201.58592224121094,
        "z": 6636.8427734375
    },
    {
        "color": 4294967295,
        "name": "Generic Point 47",
        "x": 1100.1900634765625,
        "y": 202.46615600585938,
        "z": 6541.873046875
    },
    {
        "color": 4294967295,
        "name": "Generic Point 48",
        "x": 828.1798706054688,
        "y": 315.1211242675781,
        "z": 6122.5927734375
    },
    {
        "color": 4294967295,
        "name": "Generic Point 49",
        "x": 899.9744262695312,
        "y": 374.3188171386719,
        "z": 5970.0947265625
    },
    {
        "color": 4294967295,
        "name": "Generic Point 5",
        "x": 399.60858154296875,
        "y": 229.47653198242188,
        "z": 6382.48828125
    },
    {
        "color": 4294967295,
        "name": "Generic Point 50",
        "x": 489.84490966796875,
        "y": 343.30975341796875,
        "z": 5971.14306640625
    },
    {
        "color": 4294967295,
        "name": "Generic Point 51",
        "x": 470.59661865234375,
        "y": 312.3730773925781,
        "z": 5636.37890625
    },
    {
        "color": 4294967295,
        "name": "Generic Point 52",
        "x": 353.618896484375,
        "y": 315.9234619140625,
        "z": 6045.82373046875
    },
    {
        "color": 4294967295,
        "name": "Generic Point 53",
        "x": 417.8924865722656,
        "y": 290.1648864746094,
        "z": 6168.17822265625
    },
    {
        "color": 4294967295,
        "name": "Generic Point 54",
        "x": 502.8237609863281,
        "y": 272.619873046875,
        "z": 6308.37451171875
    },
    {
        "color": 4294967295,
        "name": "Generic Point 55",
        "x": 582.13671875,
        "y": 299.9571533203125,
        "z": 6367.6943359375
    },
    {
        "color": 4294967295,
        "name": "Generic Point 56",
        "x": 637.3817138671875,
        "y": 317.0174560546875,
        "z": 6460.958984375
    },
    {
        "color": 4294967295,
        "name": "Generic Point 57",
        "x": 623.9633178710938,
        "y": 333.82354736328125,
        "z": 6550.11572265625
    },
    {
        "color": 4294967295,
        "name": "Generic Point 58",
        "x": 585.7599487304688,
        "y": 222.72314453125,
        "z": 6681.560546875
    },
    {
        "color": 4294967295,
        "name": "Generic Point 59",
        "x": 658.4459838867188,
        "y": 189.5509033203125,
        "z": 6643.642578125
    },
    {
        "color": 4294967295,
        "name": "Generic Point 6",
        "x": 508.9644775390625,
        "y": 228.03582763671875,
        "z": 6463.89501953125
    },
    {
        "color": 4294967295,
        "name": "Generic Point 60",
        "x": 698.7240600585938,
        "y": 158.97711181640625,
        "z": 6675.81005859375
    },
    {
        "color": 4294967295,
        "name": "Generic Point 61",
        "x": 748.8580932617188,
        "y": 213.74310302734375,
        "z": 6517.21044921875
    },
    {
        "color": 4294967295,
        "name": "Generic Point 62",
        "x": 746.3912963867188,
        "y": 209.97720336914062,
        "z": 6506.404296875
    },
    {
        "color": 4294967295,
        "name": "Generic Point 63",
        "x": 397.82733154296875,
        "y": 361.024658203125,
        "z": 6033.71533203125
    },
    {
        "color": 4294967295,
        "name": "Generic Point 64",
        "x": 720.705322265625,
        "y": 336.7424011230469,
        "z": 6614.244140625
    },
    {
        "color": 4294967295,
        "name": "Generic Point 65",
        "x": 629.479736328125,
        "y": 439.2190856933594,
        "z": 6525.78173828125
    },
    {
        "color": 4294967295,
        "name": "Generic Point 66",
        "x": 661.8798217773438,
        "y": 395.3360290527344,
        "z": 6533.5224609375
    },
    {
        "color": 4294967295,
        "name": "Generic Point 67",
        "x": 626.9561767578125,
        "y": 363.7180480957031,
        "z": 6317.013671875
    },
    {
        "color": 4294967295,
        "name": "Generic Point 68",
        "x": 715.7000122070312,
        "y": 315.5943908691406,
        "z": 6312.462890625
    },
    {
        "color": 4294967295,
        "name": "Generic Point 69",
        "x": 679.6390991210938,
        "y": 318.5119323730469,
        "z": 6267.3017578125
    },
    {
        "color": 4294967295,
        "name": "Generic Point 7",
        "x": 691.8896484375,
        "y": 326.28369140625,
        "z": 5615.76025390625
    },
    {
        "color": 4294967295,
        "name": "Generic Point 70",
        "x": 305.3654479980469,
        "y": 271.580322265625,
        "z": 6722.95556640625
    },
    {
        "color": 4294967295,
        "name": "Generic Point 71",
        "x": 304.3160705566406,
        "y": 242.32000732421875,
        "z": 6655.1328125
    },
    {
        "color": 4294967295,
        "name": "Generic Point 72",
        "x": 240.51055908203125,
        "y": 348.256591796875,
        "z": 6942.55517578125
    },
    {
        "color": 4294967295,
        "name": "Generic Point 73",
        "x": 609.6514892578125,
        "y": 382.8044738769531,
        "z": 6872.8662109375
    },
    {
        "color": 4294967295,
        "name": "Generic Point 74",
        "x": 440.8409729003906,
        "y": 380.4593200683594,
        "z": 6017.57275390625
    },
    {
        "color": 4294967295,
        "name": "Generic Point 75",
        "x": 534.65234375,
        "y": 272.5859680175781,
        "z": 6746.48291015625
    },
    {
        "color": 4294967295,
        "name": "Generic Point 76",
        "x": 394.7584533691406,
        "y": 235.25839233398438,
        "z": 6636.818359375
    },
    {
        "color": 4294967295,
        "name": "Generic Point 77",
        "x": 380.37054443359375,
        "y": 238.83474731445312,
        "z": 6681.13134765625
    },
    {
        "color": 4294967295,
        "name": "Generic Point 78",
        "x": 411.9266357421875,
        "y": 221.70762634277344,
        "z": 6836.0732421875
    },
    {
        "color": 4294967295,
        "name": "Generic Point 79",
        "x": 559.3029174804688,
        "y": 164.39584350585938,
        "z": 6747.70947265625
    },
    {
        "color": 4294967295,
        "name": "Generic Point 8",
        "x": 612.2498168945312,
        "y": 310.07293701171875,
        "z": 5899.23876953125
    },
    {
        "color": 4294967295,
        "name": "Generic Point 80",
        "x": 251.84201049804688,
        "y": 333.84454345703125,
        "z": 6407.95654296875
    },
    {
        "color": 4294967295,
        "name": "Generic Point 81",
        "x": 308.7624206542969,
        "y": 271.54217529296875,
        "z": 6393.68896484375
    },
    {
        "color": 4294967295,
        "name": "Generic Point 82",
        "x": 281.3007507324219,
        "y": 282.09027099609375,
        "z": 6350.31787109375
    },
    {
        "color": 4294967295,
        "name": "Generic Point 83",
        "x": 253.11619567871094,
        "y": 282.37060546875,
        "z": 6251.7666015625
    },
    {
        "color": 4294967295,
        "name": "Generic Point 84",
        "x": 358.15667724609375,
        "y": 304.1704406738281,
        "z": 6231.73486328125
    },
    {
        "color": 4294967295,
        "name": "Generic Point 85",
        "x": 448.8091735839844,
        "y": 294.84368896484375,
        "z": 6244.30029296875
    },
    {
        "color": 4294967295,
        "name": "Generic Point 86",
        "x": 502.6194763183594,
        "y": 357.4813232421875,
        "z": 6091.39599609375
    },
    {
        "color": 4294967295,
        "name": "Generic Point 87",
        "x": 436.26324462890625,
        "y": 275.366455078125,
        "z": 6301.57421875
    },
    {
        "color": 4294967295,
        "name": "Generic Point 88",
        "x": 494.38873291015625,
        "y": 235.2070770263672,
        "z": 6378.96337890625
    },
    {
        "color": 4294967295,
        "name": "Generic Point 89",
        "x": 431.2607116699219,
        "y": 254.35418701171875,
        "z": 6552.01220703125
    },
    {
        "color": 4294967295,
        "name": "Generic Point 9",
        "x": 615.4133911132812,
        "y": 311.5108947753906,
        "z": 5771.75146484375
    },
    {
        "color": 4294967295,
        "name": "Generic Point 90",
        "x": 485.3028259277344,
        "y": 263.3733215332031,
        "z": 6530.943359375
    },
    {
        "color": 4294967295,
        "name": "Generic Point 91",
        "x": 554.2125244140625,
        "y": 147.27151489257812,
        "z": 6578.18017578125
    },
    {
        "color": 4294967295,
        "name": "Generic Point 92",
        "x": 567.0354614257812,
        "y": 107.36577606201172,
        "z": 6591.53955078125
    },
    {
        "color": 4294967295,
        "name": "Generic Point 93",
        "x": 322.849609375,
        "y": 131.65017700195312,
        "z": 6229.6640625
    },
    {
        "color": 4294967295,
        "name": "Generic Point 94",
        "x": 881.9044799804688,
        "y": 155.01712036132812,
        "z": 6322.505859375
    },
    {
        "color": 4294967295,
        "name": "Generic Point 95",
        "x": 1152.625,
        "y": 121.52333068847656,
        "z": 6490.04296875
    },
    {
        "color": 4294967295,
        "name": "Generic Point 96",
        "x": 695.1599731445312,
        "y": 286.75262451171875,
        "z": 6699.4365234375
    },
    {
        "color": 4294967295,
        "name": "Generic Point 97",
        "x": 593.4775390625,
        "y": 333.0711975097656,
        "z": 6143.62255859375
    },
    {
        "color": 4294967295,
        "name": "Generic Point 98",
        "x": 814.3280029296875,
        "y": 350.2488708496094,
        "z": 6458.43212890625
    },
    {
        "color": 4294967295,
        "name": "Generic Point 99",
        "x": 1034.987060546875,
        "y": 229.54669189453125,
        "z": 6540.06005859375
    }
]