[
    {
        "color": 4294967295,
        "name": "Generic Point 0",
        "x": -2000.8101806640625,
        "y": 287.76806640625,
        "z": 4078.464111328125
    },
    {
        "color": 4294967295,
        "name": "Generic Point 1",
        "x": -2081.454833984375,
        "y": 48.55184555053711,
        "z": 4438.51806640625
    },
    {
        "color": 4294967295,
        "name": "Generic Point 10",
        "x": -2472.380126953125,
        "y": 75.7572250366211,
        "z": 4357.3720703125
    },
    {
        "color": 4294967295,
        "name": "Generic Point 11",
        "x": -1993.699462890625,
        "y": 283.6818542480469,
        "z": 3994.635986328125
    },
    {
        "color": 4294967295,
        "name": "Generic Point 12",
        "x": -2485.509521484375,
        "y": 25.931961059570312,
        "z": 4333.79638671875
    },
    {
        "color": 4294967295,
        "name": "Generic Point 13",
        "x": -2472.935546875,
        "y": 25.98974609375,
        "z": 4350.6943359375
    },
    {
        "color": 4294967295,
        "name": "Generic Point 14",
        "x": -2467.015625,
        "y": 75.76332092285156,
        "z": 4368.82275390625
    },
    {
        "color": 4294967295,
        "name": "Generic Point 15",
        "x": -2311.340576171875,
        "y": 58.12633514404297,
        "z": 4486.66943359375
    },
    {
        "color": 4294967295,
        "name": "Generic Point 16",
        "x": -2310.180419921875,
        "y": 58.377471923828125,
        "z": 4477.07568359375
    },
    {
        "color": 4294967295,
        "name": "Generic Point 17",
        "x": -2280.19140625,
        "y": 60.098670959472656,
        "z": 4453.54736328125
    },
    {
        "color": 4294967295,
        "name": "Generic Point 18",
        "x": -2277.3935546875,
        "y": 60.153526306152344,
        "z": 4469.48193359375
    },
    {
        "color": 4294967295,
        "name": "Generic Point 19",
        "x": -2268.0732421875,
        "y": 60.2591667175293,
        "z": 4464.248046875
    },
    {
        "color": 4294967295,
        "name": "Generic Point 2",
        "x": -2058.340576171875,
        "y": 55.450862884521484,
        "z": 4492.591796875
    },
    {
        "color": 4294967295,
        "name": "Generic Point 20",
        "x": -2253.971435546875,
        "y": 64.33342742919922,
        "z": 4490.8193359375
    },
    {
        "color": 4294967295,
        "name": "Generic Point 21",
        "x": -2034.5894775390625,
        "y": 300.28265380859375,
        "z": 3946.894775390625
    },
    {
        "color": 4294967295,
        "name": "Generic Point 22",
        "x": -2296.12646484375,
        "y": 77.30595397949219,
        "z": 4582.3837890625
    },
    {
        "color": 4294967295,
        "name": "Generic Point 23",
        "x": -2337.79638671875,
        "y": 109.96346282958984,
        "z": 4676.6591796875
    },
    {
        "color": 4294967295,
        "name": "Generic Point 24",
        "x": -2165.675048828125,
        "y": 281.26116943359375,
        "z": 4103.40234375
    },
    {
        "color": 4294967295,
        "name": "Generic Point 25",
        "x": -2075.640869140625,
        "y": 169.32485961914062,
        "z": 4380.17529296875
    },
    {
        "color": 4294967295,
        "name": "Generic Point 26",
        "x": -2052.6064453125,
        "y": 56.356346130371094,
        "z": 4493.22119140625
    },
    {
        "color": 4294967295,
        "name": "Generic Point 27",
        "x": -2062.0,
        "y": 50.62172317504883,
        "z": 4472.54345703125
    },
    {
        "color": 4294967295,
        "name": "Generic Point 28",
        "x": -2062.903564453125,
        "y": 59.360076904296875,
        "z": 4503.91650390625
    },
    {
        "color": 4294967295,
        "name": "Generic Point 29",
        "x": -2052.802490234375,
        "y": 63.1285400390625,
        "z": 4508.85888671875
    },
    {
        "color": 4294967295,
        "name": "Generic Point 3",
        "x": -2073.68603515625,
        "y": 49.42683029174805,
        "z": 4401.75
    },
    {
        "color": 4294967295,
        "name": "Generic Point 4",
        "x": -2183.97412109375,
        "y": 61.810813903808594,
        "z": 4298.8310546875
    },
    {
        "color": 4294967295,
        "name": "Generic Point 5",
        "x": -2219.765625,
        "y": 64.73772430419922,
        "z": 4253.36376953125
    },
    {
        "color": 4294967295,
        "name": "Generic Point 6",
        "x": -2238.763671875,
        "y": 65.07559204101562,
        "z": 4240.28369140625
    },
    {
        "color": 4294967295,
        "name": "Generic Point 7",
        "x": -2393.111328125,
        "y": 77.52684020996094,
        "z": 4258.25341796875
    },
    {
        "color": 4294967295,
        "name": "Generic Point 8",
        "x": -2358.03955078125,
        "y": 48.54772186279297,
        "z": 4244.62451171875
    },
    {
        "color": 4294967295,
        "name": "Generic Point 9",
        "x": -2475.072998046875,
        "y": 25.797298431396484,
        "z": 4331.1767578125
    }
]