[
    {
        "color": 4294967295,
        "name": "Generic Point 0",
        "x": 274.632,
        "y": 148.113,
        "z": 921.82
    },
    {
        "color": 4294967295,
        "name": "Generic Point 1",
        "x": 523.875,
        "y": 199.419,
        "z": 534.716
    },
    {
        "color": 4294967295,
        "name": "Generic Point 10",
        "x": 360.29,
        "y": 333.377,
        "z": 262.817
    },
    {
        "color": 4294967295,
        "name": "Generic Point 11",
        "x": 369.409,
        "y": 148.85,
        "z": 925.211
    },
    {
        "color": 4294967295,
        "name": "Generic Point 12",
        "x": 353.891,
        "y": 334.879,
        "z": 182.572
    },
    {
        "color": 4294967295,
        "name": "Generic Point 13",
        "x": 251.992,
        "y": 344.152,
        "z": 164.369
    },
    {
        "color": 4294967295,
        "name": "Generic Point 14",
        "x": 237.447,
        "y": 344.965,
        "z": 146.224
    },
    {
        "color": 4294967295,
        "name": "Generic Point 15",
        "x": 124.062,
        "y": 262.167,
        "z": 228.96
    },
    {
        "color": 4294967295,
        "name": "Generic Point 16",
        "x": 141.717,
        "y": 312.624,
        "z": 296.172
    },
    {
        "color": 4294967295,
        "name": "Generic Point 17",
        "x": 158.052,
        "y": 309.159,
        "z": 302.821
    },
    {
        "color": 4294967295,
        "name": "Generic Point 18",
        "x": 146.249,
        "y": 307.456,
        "z": 310.212
    },
    {
        "color": 4294967295,
        "name": "Generic Point 19",
        "x": 145.204,
        "y": 264.258,
        "z": 366.164
    },
    {
        "color": 4294967295,
        "name": "Generic Point 2",
        "x": 539.226,
        "y": 204.266,
        "z": 474.337
    },
    {
        "color": 4294967295,
        "name": "Generic Point 20",
        "x": 363.233,
        "y": 149.19,
        "z": 909.65
    },
    {
        "color": 4294967295,
        "name": "Generic Point 21",
        "x": 440.822,
        "y": 137.975,
        "z": 913.668
    },
    {
        "color": 4294967295,
        "name": "Generic Point 22",
        "x": 581.153,
        "y": 245.521,
        "z": 932.354
    },
    {
        "color": 4294967295,
        "name": "Generic Point 23",
        "x": 513.871,
        "y": 195.505,
        "z": 778.437
    },
    {
        "color": 4294967295,
        "name": "Generic Point 24",
        "x": 583.025,
        "y": 229.055,
        "z": 728.919
    },
    {
        "color": 4294967295,
        "name": "Generic Point 25",
        "x": 670.179,
        "y": 262.387,
        "z": 527.335
    },
    {
        "color": 4294967295,
        "name": "Generic Point 26",
        "x": 607.968,
        "y": 257.83799999999997,
        "z": 550.174
    },
    {
        "color": 4294967295,
        "name": "Generic Point 3",
        "x": 607.776,
        "y": 197.156,
        "z": 272.099
    },
    {
        "color": 4294967295,
        "name": "Generic Point 4",
        "x": 363.969,
        "y": 193.584,
        "z": 53.617
    },
    {
        "color": 4294967295,
        "name": "Generic Point 5",
        "x": 296.479,
        "y": 200.416,
        "z": -205.403
    },
    {
        "color": 4294967295,
        "name": "Generic Point 6",
        "x": 233.103,
        "y": 202.024,
        "z": -459.516
    },
    {
        "color": 4294967295,
        "name": "Generic Point 7",
        "x": 251.705,
        "y": 198.441,
        "z": -442.557
    },
    {
        "color": 4294967295,
        "name": "Generic Point 8",
        "x": 383.288,
        "y": 141.237,
        "z": -250.435
    },
    {
        "color": 4294967295,
        "name": "Generic Point 9",
        "x": 290.764,
        "y": 201.784,
        "z": -187.004
    }
]