[
    {
        "color": 4294967295,
        "name": "Generic Point 0",
        "x": -2735.702880859375,
        "y": 200.66424560546875,
        "z": -4007.299072265625
    },
    {
        "color": 4294967295,
        "name": "Generic Point 1",
        "x": -2229.4658203125,
        "y": 201.15919494628906,
        "z": -4915.10009765625
    },
    {
        "color": 4294967295,
        "name": "Generic Point 2",
        "x": -2254.865478515625,
        "y": 202.65614318847656,
        "z": -4821.033203125
    },
    {
        "color": 4294967295,
        "name": "Generic Point 3",
        "x": -2141.10498046875,
        "y": 200.8049774169922,
        "z": -4280.8203125
    },
    {
        "color": 4294967295,
        "name": "Generic Point 4",
        "x": -2140.709716796875,
        "y": 162.81639099121094,
        "z": -4376.3544921875
    }
]