[
    {
        "color": 4294967295,
        "name": "Generic Point 0",
        "x": -1988.445556640625,
        "y": 283.33648681640625,
        "z": 3993.977294921875
    },
    {
        "color": 4294967295,
        "name": "Generic Point 1",
        "x": -2383.17724609375,
        "y": 16.174007415771484,
        "z": 5568.44482421875
    },
    {
        "color": 4294967295,
        "name": "Generic Point 10",
        "x": -2345.79833984375,
        "y": -264.03857421875,
        "z": 5545.92431640625
    },
    {
        "color": 4294967295,
        "name": "Generic Point 11",
        "x": -1987.255859375,
        "y": 291.41937255859375,
        "z": 4101.29345703125
    },
    {
        "color": 4294967295,
        "name": "Generic Point 12",
        "x": -2349.168212890625,
        "y": 463.0423278808594,
        "z": 5529.375
    },
    {
        "color": 4294967295,
        "name": "Generic Point 13",
        "x": -1981.38525390625,
        "y": 291.419677734375,
        "z": 4100.05078125
    },
    {
        "color": 4294967295,
        "name": "Generic Point 14",
        "x": -1981.0155029296875,
        "y": 291.4196472167969,
        "z": 4101.2841796875
    },
    {
        "color": 4294967295,
        "name": "Generic Point 15",
        "x": -2612.81005859375,
        "y": 44.7839469909668,
        "z": 5562.96337890625
    },
    {
        "color": 4294967295,
        "name": "Generic Point 16",
        "x": -2603.327880859375,
        "y": 45.66114044189453,
        "z": 5568.1025390625
    },
    {
        "color": 4294967295,
        "name": "Generic Point 17",
        "x": -2579.384521484375,
        "y": 34.35389709472656,
        "z": 5600.39013671875
    },
    {
        "color": 4294967295,
        "name": "Generic Point 18",
        "x": -2579.173095703125,
        "y": 28.477283477783203,
        "z": 5567.1064453125
    },
    {
        "color": 4294967295,
        "name": "Generic Point 19",
        "x": -2579.04931640625,
        "y": 34.47398376464844,
        "z": 5537.4228515625
    },
    {
        "color": 4294967295,
        "name": "Generic Point 2",
        "x": -2399.4140625,
        "y": 22.475797653198242,
        "z": 5539.03466796875
    },
    {
        "color": 4294967295,
        "name": "Generic Point 20",
        "x": -2425.298828125,
        "y": 22.464298248291016,
        "z": 5568.28759765625
    },
    {
        "color": 4294967295,
        "name": "Generic Point 3",
        "x": -2319.843017578125,
        "y": 22.470022201538086,
        "z": 5539.40966796875
    },
    {
        "color": 4294967295,
        "name": "Generic Point 4",
        "x": -2319.169677734375,
        "y": 22.474231719970703,
        "z": 5596.66552734375
    },
    {
        "color": 4294967295,
        "name": "Generic Point 5",
        "x": -2398.917724609375,
        "y": 22.473949432373047,
        "z": 5596.8330078125
    },
    {
        "color": 4294967295,
        "name": "Generic Point 6",
        "x": -2374.601318359375,
        "y": 18.95424461364746,
        "z": 5568.4453125
    },
    {
        "color": 4294967295,
        "name": "Generic Point 7",
        "x": -2289.88671875,
        "y": -263.8260498046875,
        "z": 5533.01806640625
    },
    {
        "color": 4294967295,
        "name": "Generic Point 8",
        "x": -2402.910888671875,
        "y": -263.8260192871094,
        "z": 5533.07666015625
    },
    {
        "color": 4294967295,
        "name": "Generic Point 9",
        "x": -2345.30126953125,
        "y": -263.5257568359375,
        "z": 5483.13671875
    }
]