[
    {
        "color": 4294967295,
        "name": "Generic Point 0",
        "x": -6269.2958984375,
        "y": 206.09521484375,
        "z": -3058.392333984375
    },
    {
        "color": 4294967295,
        "name": "Generic Point 1",
        "x": -6264.37744140625,
        "y": 211.5185546875,
        "z": -3011.732666015625
    },
    {
        "color": 4294967295,
        "name": "Generic Point 10",
        "x": -6132.677734375,
        "y": 201.41619873046875,
        "z": -2590.75927734375
    },
    {
        "color": 4294967295,
        "name": "Generic Point 11",
        "x": -6144.859375,
        "y": 201.3161163330078,
        "z": -2586.259765625
    },
    {
        "color": 4294967295,
        "name": "Generic Point 12",
        "x": -6150.09033203125,
        "y": 201.13485717773438,
        "z": -2591.28076171875
    },
    {
        "color": 4294967295,
        "name": "Generic Point 13",
        "x": -6130.154296875,
        "y": 201.62115478515625,
        "z": -2576.01953125
    },
    {
        "color": 4294967295,
        "name": "Generic Point 14",
        "x": -6127.7119140625,
        "y": 201.2426300048828,
        "z": -2596.118408203125
    },
    {
        "color": 4294967295,
        "name": "Generic Point 15",
        "x": -6312.18310546875,
        "y": 252.87826538085938,
        "z": -2535.204345703125
    },
    {
        "color": 4294967295,
        "name": "Generic Point 16",
        "x": -6330.23193359375,
        "y": 254.8603515625,
        "z": -2535.681884765625
    },
    {
        "color": 4294967295,
        "name": "Generic Point 17",
        "x": -6262.66650390625,
        "y": 213.05703735351562,
        "z": -3002.465087890625
    },
    {
        "color": 4294967295,
        "name": "Generic Point 18",
        "x": -6332.44287109375,
        "y": 253.814453125,
        "z": -2543.61279296875
    },
    {
        "color": 4294967295,
        "name": "Generic Point 19",
        "x": -6337.72119140625,
        "y": 261.2727966308594,
        "z": -2582.95751953125
    },
    {
        "color": 4294967295,
        "name": "Generic Point 2",
        "x": -3110.181884765625,
        "y": 246.9845733642578,
        "z": -4507.0615234375
    },
    {
        "color": 4294967295,
        "name": "Generic Point 20",
        "x": -6420.923828125,
        "y": 257.7337341308594,
        "z": -2562.324462890625
    },
    {
        "color": 4294967295,
        "name": "Generic Point 21",
        "x": -6334.51123046875,
        "y": 259.2367858886719,
        "z": -2488.413818359375
    },
    {
        "color": 4294967295,
        "name": "Generic Point 22",
        "x": -6332.40380859375,
        "y": 255.09414672851562,
        "z": -2537.159423828125
    },
    {
        "color": 4294967295,
        "name": "Generic Point 23",
        "x": -6327.63330078125,
        "y": 254.07530212402344,
        "z": -2534.876708984375
    },
    {
        "color": 4294967295,
        "name": "Generic Point 24",
        "x": -6330.51708984375,
        "y": 254.72885131835938,
        "z": -2531.54541015625
    },
    {
        "color": 4294967295,
        "name": "Generic Point 25",
        "x": -6328.7265625,
        "y": 254.0960693359375,
        "z": -2538.3447265625
    },
    {
        "color": 4294967295,
        "name": "Generic Point 26",
        "x": -6334.71484375,
        "y": 255.35379028320312,
        "z": -2529.90771484375
    },
    {
        "color": 4294967295,
        "name": "Generic Point 27",
        "x": -6331.37451171875,
        "y": 253.6749267578125,
        "z": -2543.57958984375
    },
    {
        "color": 4294967295,
        "name": "Generic Point 28",
        "x": -6343.17578125,
        "y": 249.80813598632812,
        "z": -2787.7919921875
    },
    {
        "color": 4294967295,
        "name": "Generic Point 29",
        "x": -3108.52490234375,
        "y": 249.86781311035156,
        "z": -4484.44921875
    },
    {
        "color": 4294967295,
        "name": "Generic Point 3",
        "x": -6407.8720703125,
        "y": 203.05972290039062,
        "z": -2776.140869140625
    },
    {
        "color": 4294967295,
        "name": "Generic Point 30",
        "x": -3109.963623046875,
        "y": 246.9923095703125,
        "z": -4507.6806640625
    },
    {
        "color": 4294967295,
        "name": "Generic Point 31",
        "x": -6276.2314453125,
        "y": 214.54771423339844,
        "z": -2994.048095703125
    },
    {
        "color": 4294967295,
        "name": "Generic Point 32",
        "x": -6283.486328125,
        "y": 211.8563232421875,
        "z": -2998.78173828125
    },
    {
        "color": 4294967295,
        "name": "Generic Point 33",
        "x": -6348.4306640625,
        "y": 249.7177276611328,
        "z": -2785.596923828125
    },
    {
        "color": 4294967295,
        "name": "Generic Point 34",
        "x": -6351.32275390625,
        "y": 249.87521362304688,
        "z": -2795.253662109375
    },
    {
        "color": 4294967295,
        "name": "Generic Point 35",
        "x": -6362.8837890625,
        "y": 249.97276306152344,
        "z": -2784.19189453125
    },
    {
        "color": 4294967295,
        "name": "Generic Point 36",
        "x": -6346.69091796875,
        "y": 249.89627075195312,
        "z": -2777.2060546875
    },
    {
        "color": 4294967295,
        "name": "Generic Point 37",
        "x": -6400.50927734375,
        "y": 201.5454559326172,
        "z": -2791.62841796875
    },
    {
        "color": 4294967295,
        "name": "Generic Point 4",
        "x": -6405.94140625,
        "y": 202.0994873046875,
        "z": -2779.995849609375
    },
    {
        "color": 4294967295,
        "name": "Generic Point 5",
        "x": -6414.47021484375,
        "y": 203.93392944335938,
        "z": -2773.546142578125
    },
    {
        "color": 4294967295,
        "name": "Generic Point 6",
        "x": -6411.24658203125,
        "y": 203.95773315429688,
        "z": -2773.6064453125
    },
    {
        "color": 4294967295,
        "name": "Generic Point 7",
        "x": -6419.59716796875,
        "y": 203.18565368652344,
        "z": -2774.4287109375
    },
    {
        "color": 4294967295,
        "name": "Generic Point 8",
        "x": -6141.7509765625,
        "y": 202.3568572998047,
        "z": -2597.759765625
    },
    {
        "color": 4294967295,
        "name": "Generic Point 9",
        "x": -6132.2646484375,
        "y": 201.68910217285156,
        "z": -2582.16748046875
    }
]