[
    {
        "color": 4294967295,
        "name": "Generic Point 0",
        "x": -1245.60107421875,
        "y": 211.9516143798828,
        "z": 3093.040771484375
    },
    {
        "color": 4294967295,
        "name": "Generic Point 1",
        "x": -2015.8248291015625,
        "y": 470.7413635253906,
        "z": 3651.914306640625
    },
    {
        "color": 4294967295,
        "name": "Generic Point 10",
        "x": -1182.6119384765625,
        "y": 216.07467651367188,
        "z": 3789.2353515625
    },
    {
        "color": 4294967295,
        "name": "Generic Point 11",
        "x": -1245.60107421875,
        "y": 211.95159912109375,
        "z": 3093.040771484375
    },
    {
        "color": 4294967295,
        "name": "Generic Point 2",
        "x": -1088.2646484375,
        "y": 265.5823974609375,
        "z": 3322.052490234375
    },
    {
        "color": 4294967295,
        "name": "Generic Point 3",
        "x": -1311.25146484375,
        "y": 202.5416259765625,
        "z": 3207.559326171875
    },
    {
        "color": 4294967295,
        "name": "Generic Point 4",
        "x": -1234.8914794921875,
        "y": 188.22874450683594,
        "z": 3445.22998046875
    },
    {
        "color": 4294967295,
        "name": "Generic Point 5",
        "x": -1079.431640625,
        "y": 208.3682403564453,
        "z": 3493.13623046875
    },
    {
        "color": 4294967295,
        "name": "Generic Point 6",
        "x": -1939.205810546875,
        "y": 440.8204650878906,
        "z": 3557.45166015625
    },
    {
        "color": 4294967295,
        "name": "Generic Point 7",
        "x": -1826.632080078125,
        "y": 356.8714904785156,
        "z": 3559.30029296875
    },
    {
        "color": 4294967295,
        "name": "Generic Point 8",
        "x": -1587.0609130859375,
        "y": 279.3398132324219,
        "z": 3649.713134765625
    },
    {
        "color": 4294967295,
        "name": "Generic Point 9",
        "x": -1438.3739013671875,
        "y": 248.40603637695312,
        "z": 3810.696044921875
    }
]