[
    {
        "color": 4294967295,
        "name": "Generic Point 0",
        "x": -3014.5297851562,
        "y": 200.9747467041,
        "z": 10879.250976562
    },
    {
        "color": 4294967295,
        "name": "Generic Point 1",
        "x": -2303.4282226562,
        "y": 201.31275939941,
        "z": 10818.3125
    },
    {
        "color": 4294967295,
        "name": "Generic Point 10",
        "x": -3164.2875976562,
        "y": 201.13305664062,
        "z": 9998.85546875
    },
    {
        "color": 4294967295,
        "name": "Generic Point 11",
        "x": -3241.4741210938,
        "y": 204.06066894531,
        "z": 10662.42578125
    },
    {
        "color": 4294967295,
        "name": "Generic Point 12",
        "x": -2985.1416015625,
        "y": 284.1496887207,
        "z": 9966.341796875
    },
    {
        "color": 4294967295,
        "name": "Generic Point 13",
        "x": -2606.9416503906,
        "y": 253.52793884277,
        "z": 9930.884765625
    },
    {
        "color": 4294967295,
        "name": "Generic Point 14",
        "x": -3378.0522460938,
        "y": 201.07958984375,
        "z": 10624.744140625
    },
    {
        "color": 4294967295,
        "name": "Generic Point 15",
        "x": -2382.3005371094,
        "y": 205.20715332031,
        "z": 10691.58203125
    },
    {
        "color": 4294967295,
        "name": "Generic Point 16",
        "x": -2330.5634765625,
        "y": 201.18026733398,
        "z": 10704.416992188
    },
    {
        "color": 4294967295,
        "name": "Generic Point 17",
        "x": -2476.34765625,
        "y": 266.56140136719,
        "z": 10842.600585938
    },
    {
        "color": 4294967295,
        "name": "Generic Point 18",
        "x": -2620.3391113281,
        "y": 208.49548339844,
        "z": 10794.659179688
    },
    {
        "color": 4294967295,
        "name": "Generic Point 19",
        "x": -2302.2583007812,
        "y": 201.72621154785,
        "z": 10808.1796875
    },
    {
        "color": 4294967295,
        "name": "Generic Point 2",
        "x": -2512.4724121094,
        "y": 273.65686035156,
        "z": 10342.006835938
    },
    {
        "color": 4294967295,
        "name": "Generic Point 3",
        "x": -2195.6083984375,
        "y": 206.18821716309,
        "z": 9647.4052734375
    },
    {
        "color": 4294967295,
        "name": "Generic Point 4",
        "x": -2393.7543945312,
        "y": 206.73399353027,
        "z": 9313.875
    },
    {
        "color": 4294967295,
        "name": "Generic Point 5",
        "x": -2244.1291503906,
        "y": 130.35305786133,
        "z": 9208.8935546875
    },
    {
        "color": 4294967295,
        "name": "Generic Point 6",
        "x": -2176.9445800781,
        "y": 250.86892700195,
        "z": 9489.306640625
    },
    {
        "color": 4294967295,
        "name": "Generic Point 7",
        "x": -2262.1267089844,
        "y": 201.07978820801,
        "z": 9808.791015625
    },
    {
        "color": 4294967295,
        "name": "Generic Point 8",
        "x": -2395.1936035156,
        "y": 224.23664855957,
        "z": 9737.5244140625
    },
    {
        "color": 4294967295,
        "name": "Generic Point 9",
        "x": -2855.7126464844,
        "y": 115.90040588379,
        "z": 9669.2255859375
    }
]