[
    {
        "color": 4294967295,
        "name": "Generic Point 0",
        "x": -631.31,
        "y": 209.83,
        "z": -150.08
    },
    {
        "color": 4294967295,
        "name": "Generic Point 1",
        "x": -621.48,
        "y": 213.18,
        "z": -131.94
    },
    {
        "color": 4294967295,
        "name": "Generic Point 10",
        "x": 1265.23,
        "y": 201.19,
        "z": -215.8
    },
    {
        "color": 4294967295,
        "name": "Generic Point 11",
        "x": 1377.39,
        "y": 200.18,
        "z": -179.41
    },
    {
        "color": 4294967295,
        "name": "Generic Point 12",
        "x": 1389.66,
        "y": 163.85,
        "z": -205.65
    },
    {
        "color": 4294967295,
        "name": "Generic Point 13",
        "x": 1384.62,
        "y": 164.52,
        "z": -309.79
    },
    {
        "color": 4294967295,
        "name": "Generic Point 14",
        "x": -1.33,
        "y": -10.85,
        "z": 57.84
    },
    {
        "color": 4294967295,
        "name": "Generic Point 15",
        "x": 48.63,
        "y": -0.54,
        "z": 69.99
    },
    {
        "color": 4294967295,
        "name": "Generic Point 16",
        "x": 16.77,
        "y": 4.69,
        "z": 99.26
    },
    {
        "color": 4294967295,
        "name": "Generic Point 17",
        "x": -47.9,
        "y": 1.04,
        "z": 81.59
    },
    {
        "color": 4294967295,
        "name": "Generic Point 18",
        "x": -48.18,
        "y": 0.27,
        "z": 62.96
    },
    {
        "color": 4294967295,
        "name": "Generic Point 19",
        "x": -2.21,
        "y": 16.76,
        "z": -31.08
    },
    {
        "color": 4294967295,
        "name": "Generic Point 2",
        "x": -95.71,
        "y": 200.84,
        "z": -684.95
    },
    {
        "color": 4294967295,
        "name": "Generic Point 20",
        "x": -287.17,
        "y": 212.53,
        "z": -963.38
    },
    {
        "color": 4294967295,
        "name": "Generic Point 3",
        "x": -128.23,
        "y": 201.16,
        "z": -846.87
    },
    {
        "color": 4294967295,
        "name": "Generic Point 4",
        "x": -186.89,
        "y": 199.86,
        "z": -929.09
    },
    {
        "color": 4294967295,
        "name": "Generic Point 5",
        "x": -248.42,
        "y": 202.04,
        "z": -885.69
    },
    {
        "color": 4294967295,
        "name": "Generic Point 6",
        "x": -267.0,
        "y": 201.45,
        "z": -829.56
    },
    {
        "color": 4294967295,
        "name": "Generic Point 7",
        "x": 1368.81,
        "y": 201.15,
        "z": -182.83
    },
    {
        "color": 4294967295,
        "name": "Generic Point 8",
        "x": 1254.16,
        "y": 201.97,
        "z": -95.27
    },
    {
        "color": 4294967295,
        "name": "Generic Point 9",
        "x": 1233.65,
        "y": 200.0,
        "z": -185.66
    }
]