[
    {
        "color": 4294967295,
        "name": "Generic Point 0",
        "x": -4262.26220703125,
        "y": 200.92042541503906,
        "z": -3631.414794921875
    },
    {
        "color": 4294967295,
        "name": "Generic Point 1",
        "x": -4638.38916015625,
        "y": 203.05801391601562,
        "z": -4107.8505859375
    },
    {
        "color": 4294967295,
        "name": "Generic Point 10",
        "x": -4271.98681640625,
        "y": 212.0742645263672,
        "z": -4250.203125
    },
    {
        "color": 4294967295,
        "name": "Generic Point 11",
        "x": -4270.44677734375,
        "y": 199.13385009765625,
        "z": -4274.27685546875
    },
    {
        "color": 4294967295,
        "name": "Generic Point 12",
        "x": -4491.0751953125,
        "y": 201.43910217285156,
        "z": -4415.4443359375
    },
    {
        "color": 4294967295,
        "name": "Generic Point 13",
        "x": -4950.59765625,
        "y": 201.0470428466797,
        "z": -4597.0146484375
    },
    {
        "color": 4294967295,
        "name": "Generic Point 14",
        "x": -4711.39111328125,
        "y": 445.5316467285156,
        "z": -4128.4501953125
    },
    {
        "color": 4294967295,
        "name": "Generic Point 2",
        "x": -4927.00146484375,
        "y": 203.8029327392578,
        "z": -3803.9775390625
    },
    {
        "color": 4294967295,
        "name": "Generic Point 3",
        "x": -4493.25732421875,
        "y": 368.48095703125,
        "z": -4248.634765625
    },
    {
        "color": 4294967295,
        "name": "Generic Point 4",
        "x": -3753.889892578125,
        "y": 171.68521118164062,
        "z": -721.1639404296875
    },
    {
        "color": 4294967295,
        "name": "Generic Point 5",
        "x": -3624.342041015625,
        "y": 134.72789001464844,
        "z": -647.170166015625
    },
    {
        "color": 4294967295,
        "name": "Generic Point 6",
        "x": -3881.658935546875,
        "y": 255.7738800048828,
        "z": -499.66961669921875
    },
    {
        "color": 4294967295,
        "name": "Generic Point 7",
        "x": -4521.333984375,
        "y": 204.7617950439453,
        "z": -3743.79248046875
    },
    {
        "color": 4294967295,
        "name": "Generic Point 8",
        "x": -4396.85009765625,
        "y": 238.13385009765625,
        "z": -3864.727783203125
    },
    {
        "color": 4294967295,
        "name": "Generic Point 9",
        "x": -4627.76123046875,
        "y": 204.3454132080078,
        "z": -3793.76025390625
    }
]